gc,kind,pause_us,suspend_us,fixctx_us,roots_us,freach_us,handles_us,dep_us,after_us,weak_us,cards_us,card_regions,sweep_us,zero_us,zero_mb,marked_n,marked_mb,live_mb,committed_mb,win_n,win_ms,wait_ms,carve_ms,wzero_ms,blk_n,span_n,hole_n,clean_n,pause_a_us,window_us,pause_b_us,window_marked_n,bsusp_us,rescan_us,drain2_us,predrain_us,predrain_cards,predrain_passes,csweep_us,trim_us,pool_mb,bfresh_n,breo_n,bold_n,holes_mb,tail_mb,cls_n,clsfree_mb,spanreg_n,budget_mb,reason,cold_n,fitdisc_n,disc_mb,req_mb
0,young,9901,20,4,8431,0,116,1,0,276,2,0,966,0,0.0,228248,15.5,15.5,96.0,506,0.6,0.0,0.5,0.0,11,0,0,506,0,0,0,0,0,0,0,0,0,0,0,0,2.0,0,0,42,10.2,20.7,5,9.2,0,64.0,,38,0,0.2,0.4
1,young,11729,15,4,5648,0,660,1,1,264,3857,42,1228,814,9.7,223989,25.0,40.5,148.0,956,1.1,0.1,0.8,0.1,145,0,106,925,0,0,0,0,0,0,0,0,0,0,0,0,0.0,0,0,63,9.6,17.1,11,12.8,0,64.0,,78,0,0.4,0.8
2,young,17921,18,5,10723,0,14,1,1,215,5468,47,1436,1131,18.8,186894,23.8,64.3,200.0,1407,1.9,0.1,1.2,0.3,311,0,185,1295,0,0,0,0,0,0,0,0,0,0,0,0,0.0,0,0,83,3.9,12.1,17,14.9,0,64.3,,107,0,0.5,1.0
3,full-cycle,36397,62,7502,0,0,0,2,0,391,2945,108,415,1405,22.5,597079,61.3,61.3,294.0,2171,3.2,0.2,2.0,0.6,311,0,228,2021,7563,22376,4928,550000,21,1515,27,0,0,0,1523,0,0.0,1,0,129,165.6,1.9,17,15.0,0,64.0,promoted,167,0,0.7,1.4
4,young,14475,56,5,4618,0,8,1,1,241,8122,114,1390,7257,188.2,251242,22.4,83.7,294.0,3733,4.0,0.3,2.4,0.7,344,0,1849,3481,0,0,0,0,0,0,0,0,0,0,0,0,0.0,0,0,130,104.0,1.9,17,12.5,0,83.7,,203,0,1.2,2.4
5,full-cycle,46818,100,10218,0,0,0,1,1,429,2677,134,450,7858,197.6,543988,57.0,57.0,330.0,7325,6.3,0.4,3.7,1.2,352,0,5323,7035,10317,20173,14217,471430,18,10223,844,0,0,0,2097,0,4.0,1,12,133,198.8,1.9,17,14.5,0,64.0,starved,276,0,1.9,4.1
6,young,13206,125,4,7687,0,8,1,0,238,4156,133,936,14400,369.5,145595,14.1,71.1,330.0,8343,9.1,0.4,4.0,3.5,377,0,6348,7213,0,0,0,0,0,0,0,0,0,0,0,0,6.0,0,0,145,157.0,0.0,17,12.5,0,71.1,,292,0,2.2,4.7
7,young,17206,99,4,12457,0,6,2,0,282,2538,128,1772,15586,409.9,230311,17.9,89.1,330.0,9924,10.2,0.5,4.4,4.0,378,0,7975,8555,0,0,0,0,0,0,0,0,0,0,0,0,6.0,0,0,145,94.6,0.0,17,12.5,0,89.1,,324,0,2.6,5.4
8,full-cycle,54782,75,5870,0,0,0,2,1,546,6653,141,576,16868,436.5,670049,66.5,66.5,408.0,12980,12.8,0.6,5.8,4.6,430,0,10577,11466,5945,28325,17438,474455,37,7813,2354,0,0,0,2996,1,10.0,8,14,158,226.7,14.7,19,18.1,0,66.5,starved,411,0,3.3,6.9
9,young,12532,21,5,5803,0,12,1,0,249,5441,152,941,24419,641.5,212373,18.6,85.1,408.0,13655,15.7,0.7,6.1,7.1,445,0,11263,11747,0,0,0,0,0,0,0,0,0,0,0,0,12.0,0,0,179,186.6,12.9,19,17.0,0,85.1,,419,0,3.5,7.4
10,young,18275,51,4,11748,0,6,1,1,312,3621,140,2471,26136,681.4,251320,22.3,107.4,408.0,16057,16.9,0.7,6.6,7.4,487,0,13707,14055,0,0,0,0,0,0,0,0,0,0,0,1,12.0,0,0,179,110.6,12.9,19,14.5,0,107.4,,453,0,4.0,8.5
11,full-cycle,33021,84,7184,0,0,0,2,1,476,1111,126,495,27134,717.2,517531,55.5,55.5,418.0,19173,19.1,0.8,7.5,8.2,502,0,16685,16904,7268,17961,5731,476832,20,2987,1112,0,0,0,2046,0,18.0,1,12,168,272.2,1.7,19,17.4,0,64.0,starved,531,0,4.7,9.9
12,young,14873,21,4,5931,0,7,1,1,249,7224,133,1383,33942,979.6,217300,19.0,74.5,418.0,20161,20.5,0.9,7.8,9.1,521,0,17680,17323,0,0,0,0,0,0,0,0,0,0,0,0,18.0,0,0,181,223.0,1.7,19,15.9,0,74.5,,540,0,5.0,10.5
13,young,11117,51,4,3876,0,9,1,2,309,5459,127,1329,34707,1012.7,160782,12.5,87.0,418.0,21692,21.4,0.9,8.2,9.4,521,0,19265,18788,0,0,0,0,0,0,0,0,0,0,0,0,18.0,0,0,181,164.2,1.7,19,15.9,0,87.0,,575,0,5.3,11.2
14,young,13747,121,3,6390,0,6,1,0,295,4790,149,2072,35274,1037.3,228459,17.9,104.9,418.0,23669,22.5,1.0,8.7,9.7,521,0,21293,20703,0,0,0,0,0,0,0,0,0,0,0,0,18.0,0,0,181,91.4,1.7,19,15.9,0,104.9,,611,0,5.8,12.3
15,full-cycle,45247,601,6782,0,0,0,1,1,648,4281,171,675,36427,1069.1,566624,57.8,57.8,472.0,25299,25.7,1.8,10.1,10.4,543,0,22505,22137,7382,22742,12307,456503,54,6273,1017,0,0,0,2737,0,0.0,5,16,196,323.8,9.2,19,19.0,0,64.0,starved,706,0,6.2,13.0
16,young,10959,67,6,6074,0,10,1,1,272,3755,172,676,45128,1351.6,152913,15.0,72.8,472.0,26242,28.1,1.8,10.4,12.3,564,0,23446,22444,0,0,0,0,0,0,0,0,0,0,0,0,0.0,0,0,217,290.7,9.2,19,17.3,0,72.8,,714,0,6.4,13.5
17,young,11961,186,5,6408,0,6,1,1,254,4133,164,896,47078,1407.4,177295,15.7,88.5,472.0,26949,28.6,1.8,10.6,12.5,599,0,24235,23166,0,0,0,0,0,0,0,0,0,0,0,0,0.0,0,0,217,243.2,9.2,19,15.2,0,88.5,,757,0,6.6,13.8
18,young,13571,47,6,6569,0,8,2,0,319,4526,170,2020,47709,1439.5,162284,12.3,100.8,472.0,28489,29.6,1.9,11.1,12.8,599,0,25823,24622,0,0,0,0,0,0,0,0,0,0,0,0,0.0,0,0,217,191.0,9.2,19,15.2,0,100.8,,788,0,6.9,14.5
19,full-cycle,29190,53,3032,0,0,0,1,0,535,2652,146,543,48757,1483.1,533009,55.8,55.8,472.0,31254,31.0,2.0,11.8,13.0,599,0,28650,27391,3086,19809,4566,469952,20,1246,98,0,0,0,1723,0,20.0,1,4,202,329.4,1.9,19,18.6,0,64.0,starved,854,0,7.5,15.7
20,young,12176,98,6,5240,0,8,1,1,279,5164,157,1312,55781,1813.9,212693,19.7,75.5,472.0,32244,31.9,2.0,12.0,13.4,631,0,29681,27947,0,0,0,0,0,0,0,0,0,0,0,0,22.0,0,0,206,272.7,0.0,19,16.1,0,75.5,,882,0,7.8,16.3
21,young,15710,87,3,10484,0,7,1,0,296,2896,152,1895,56605,1830.0,270013,24.7,100.2,472.0,33786,32.8,2.1,12.4,13.7,705,0,31271,29416,0,0,0,0,0,0,0,0,0,0,0,0,22.0,0,0,206,200.2,0.0,19,11.8,0,100.2,,918,0,8.1,17.0
22,young,19047,47,5,10665,0,8,2,1,321,6348,167,1579,56724,1835.7,205237,15.4,115.6,472.0,35785,33.8,2.2,12.9,13.8,705,0,33328,31447,0,0,0,0,0,0,0,0,0,0,0,0,22.0,0,0,206,136.8,0.0,19,11.8,0,115.6,,950,0,8.6,18.0
23,full-cycle,47921,36,7322,0,0,0,1,1,590,3211,162,610,58158,1888.3,576578,59.3,59.3,488.0,37440,35.4,2.2,13.6,14.4,724,0,34860,32910,7358,21942,16089,498250,41,11390,830,0,0,0,2437,0,4.0,6,15,202,334.6,11.2,19,17.6,0,64.0,starved,1036,0,8.9,18.7
24,young,10298,19,5,5578,0,10,1,0,216,3587,169,849,67434,2179.4,204457,18.1,77.4,488.0,38232,36.8,2.3,13.8,15.4,737,0,35654,33249,0,0,0,0,0,0,0,0,0,0,0,0,4.0,0,0,223,290.4,11.2,19,16.6,0,77.4,,1043,0,9.1,19.1
25,young,18834,93,4,7423,0,13,1,2,271,9393,161,1562,68695,2230.4,245955,20.1,97.5,488.0,39432,37.8,2.3,14.2,15.8,763,0,36910,34356,0,0,0,0,0,0,0,0,0,0,0,0,4.0,0,0,223,223.4,11.2,19,15.0,0,97.5,,1076,0,9.4,19.6
26,young,24194,22,6,13196,0,7,1,1,364,7930,178,2596,69154,2246.5,291009,24.1,121.6,488.0,42144,39.1,2.4,14.9,15.9,781,0,39672,37089,0,0,0,0,0,0,0,0,0,0,0,0,4.0,0,0,223,135.4,11.2,19,14.0,0,121.6,,1108,0,10.0,20.9
27,full-cycle,49059,47,6216,0,0,0,1,1,549,5498,180,575,71334,2315.9,622984,64.7,64.7,526.0,44862,42.6,2.7,16.2,17.5,841,0,42127,38970,6263,22822,10856,504604,32,3802,941,0,0,0,9032,0,0.0,10,32,202,331.2,18.4,19,14.5,0,64.7,starved,1238,0,10.7,22.4
28,young,16349,110,5,8512,0,8,2,0,240,6536,167,863,78651,2590.6,197076,19.0,83.7,526.0,45153,43.6,2.7,16.3,18.3,854,0,42439,38970,0,0,0,0,0,0,0,0,0,0,0,1,0.0,0,0,244,319.0,18.4,19,13.5,0,83.7,,1249,0,10.8,22.5
29,young,15015,30,5,8890,0,9,1,1,341,3858,180,1796,80170,2649.9,238105,18.9,102.5,526.0,46645,45.0,2.8,16.7,19.0,855,0,43984,40160,0,0,0,0,0,0,0,0,0,0,0,0,0.0,0,0,244,246.6,18.4,19,13.4,0,102.5,,1282,0,11.1,23.3
30,young,13895,33,6,5260,0,8,2,0,308,6226,199,1997,80693,2669.6,178912,13.6,116.2,526.0,48200,45.9,2.8,17.2,19.2,865,0,45601,41704,0,0,0,0,0,0,0,0,0,0,0,0,0.0,0,0,244,196.2,18.4,19,12.9,0,116.2,,1315,0,11.5,23.9
31,full-cycle,75365,103,8713,0,0,0,2,1,822,4053,187,847,84529,2809.9,615090,63.6,63.6,548.0,53275,50.7,3.0,18.7,21.7,941,0,50570,45223,8816,32085,16720,483783,38,9745,2031,0,0,0,17623,0,4.0,10,50,191,312.2,18.6,21,18.8,0,64.0,starved,1417,0,12.7,26.4
32,young,16188,64,9,12283,0,11,1,1,315,1792,183,1674,84563,2810.4,200843,19.5,83.0,548.0,53278,50.7,3.0,18.7,21.7,941,0,50582,45223,0,0,0,0,0,0,0,0,0,0,0,0,4.0,0,1,250,325.7,18.6,21,18.8,0,83.0,,1420,0,12.7,26.4
33,young,14971,84,5,8425,0,6,1,1,241,4226,190,1878,93866,3127.4,239641,20.1,103.1,548.0,54953,52.7,3.1,19.2,22.8,974,0,52347,45910,0,0,0,0,0,0,0,0,0,0,0,0,4.0,0,0,251,262.4,18.6,21,16.6,0,103.1,,1472,0,13.1,27.2
34,young,20222,47,7,9971,0,6,2,0,323,7172,182,2600,94607,3156.1,312472,25.5,128.6,548.0,56943,53.8,3.1,19.7,23.0,995,0,54409,47902,0,0,0,0,0,0,0,0,0,0,0,0,4.0,0,0,251,172.5,18.6,21,15.4,0,128.6,,1513,0,13.5,28.0
35,full-cycle,43534,126,7217,0,0,0,1,1,682,5374,209,705,95890,3205.8,693292,72.2,72.2,568.0,59457,56.1,3.3,20.7,23.9,1050,0,56749,50103,7343,22917,10496,554588,20,4020,373,0,0,0,2748,0,2.0,4,14,244,395.2,7.2,21,17.5,0,72.2,promoted,1627,0,14.0,29.1
36,young,12574,149,8,6473,1,10,2,1,267,4862,198,750,111943,3497.7,165645,16.2,88.3,568.0,60458,58.0,3.3,20.9,25.3,1069,0,57787,50244,0,0,0,0,0,0,0,0,0,0,0,0,2.0,0,0,262,361.7,7.2,21,16.0,0,88.3,,1647,0,14.2,29.7
37,young,12275,34,8,3255,0,8,1,1,288,7295,167,1299,114660,3613.1,205155,16.6,105.0,568.0,61826,59.5,3.4,21.3,26.1,1079,0,59235,51303,0,0,0,0,0,0,0,0,0,0,0,0,2.0,0,0,262,297.2,7.2,21,15.2,0,105.0,,1699,0,14.5,30.3
38,young,16135,26,8,9720,0,7,2,0,354,3937,175,2006,115437,3646.7,166184,13.9,118.8,568.0,63849,60.8,3.5,21.9,26.5,1097,0,61321,53220,0,0,0,0,0,0,0,0,0,0,0,0,2.0,0,0,262,219.7,7.2,21,14.2,0,118.8,,1746,0,14.9,31.1
39,full-cycle,28334,39,4958,0,0,0,2,0,460,857,142,469,116701,3689.2,480299,54.1,54.1,568.0,66419,62.6,3.5,22.6,27.2,1124,0,64001,55664,4997,16762,4418,479013,23,3019,46,0,0,0,2148,0,36.0,2,15,228,401.8,3.7,21,18.2,0,64.0,starved,1843,0,15.7,32.5
40,young,9409,22,5,1341,0,8,1,1,223,7041,203,700,125324,4055.8,181087,18.4,72.5,568.0,67059,64.2,3.6,22.8,28.4,1149,0,64644,55717,0,0,0,0,0,0,0,0,0,0,0,0,36.0,0,0,245,360.6,3.7,21,16.7,0,72.5,,1848,0,15.8,32.8
41,young,14292,96,4,8678,0,8,1,1,273,4158,171,1002,126273,4108.2,242795,18.8,91.2,568.0,67772,64.8,3.6,23.0,28.6,1149,0,65426,56391,0,0,0,0,0,0,0,0,0,0,0,0,36.0,0,0,245,293.3,3.7,21,16.7,0,91.2,,1884,0,15.9,33.1
42,young,14616,55,7,6818,0,7,1,1,316,5896,185,1434,126659,4126.4,246002,19.0,110.2,568.0,69237,65.6,3.7,23.4,28.8,1149,0,66938,57823,0,0,0,0,0,0,0,0,0,0,0,0,36.0,0,0,245,220.5,3.7,21,16.7,0,110.2,,1917,0,16.3,33.7
43,young,17473,51,6,9365,0,8,2,1,354,5995,198,1597,127263,4152.3,217531,17.1,127.3,568.0,70442,66.5,3.7,23.8,29.1,1156,0,68202,58998,0,0,0,0,0,0,0,0,0,0,0,0,36.0,0,0,245,158.1,3.7,21,16.1,0,127.3,,1954,0,16.5,34.3
44,full-cycle,33930,117,6865,0,0,0,1,0,535,1914,159,544,128501,4209.9,577473,61.2,61.2,568.0,73202,68.1,3.8,24.6,29.4,1168,0,70991,61680,6983,21067,4094,538530,18,1566,43,0,0,0,1782,0,40.0,0,1,242,396.2,0.0,21,21.7,0,64.0,promoted,2031,0,17.1,35.5
45,young,11576,45,5,3632,0,6,1,1,240,5756,186,1814,138878,4621.5,250695,22.4,83.5,568.0,74839,69.1,3.9,25.0,29.7,1200,0,72689,63212,0,0,0,0,0,0,0,0,0,0,0,0,40.0,0,0,243,333.5,0.0,21,19.2,0,83.5,,2068,0,17.6,36.4
46,young,14922,34,6,8035,0,7,1,0,239,4808,196,1699,139044,4629.8,215329,16.3,99.9,568.0,76597,69.9,3.9,25.4,29.7,1202,0,74483,64989,0,0,0,0,0,0,0,0,0,0,0,0,40.0,0,0,243,275.6,0.0,21,19.1,0,99.9,,2101,0,17.9,37.2
47,young,15608,96,4,9184,0,7,1,1,310,4063,196,1862,139880,4662.5,253192,21.3,121.2,568.0,77648,70.7,4.0,25.8,30.0,1226,0,75588,65980,0,0,0,0,0,0,0,0,0,0,0,0,40.0,0,0,243,201.9,0.0,21,17.4,0,121.2,,2146,0,18.1,37.8
48,full-cycle,49288,34,9149,0,0,0,1,1,671,3196,199,682,140910,4704.0,656410,68.4,68.4,568.0,79844,72.3,4.0,26.5,30.5,1257,0,77877,68091,9184,23472,13652,522629,55,7004,2706,0,0,0,2874,0,36.0,7,14,223,357.9,12.6,22,20.9,0,68.4,starved,2275,0,18.6,38.8
49,young,7224,31,7,2032,0,7,1,0,254,4002,191,819,153198,5042.3,126489,12.6,81.1,568.0,80622,77.1,4.1,27.0,34.6,1276,0,78671,68164,0,0,0,0,0,0,0,0,0,0,0,0,38.0,0,0,243,325.0,10.7,22,19.5,0,81.1,,2282,0,18.8,39.2
50,young,21294,50,4,13886,0,8,1,1,297,5427,184,1528,154432,5093.7,220179,19.6,100.7,568.0,82075,78.1,4.1,27.3,35.0,1322,0,80153,69456,0,0,0,0,0,0,0,0,0,0,0,0,38.0,0,0,243,251.6,10.7,22,16.8,0,100.7,,2311,0,19.2,39.9
51,young,8261,53,5,4627,0,7,2,0,309,1302,200,1882,154702,5105.2,83994,6.8,107.4,568.0,84630,79.2,4.2,28.0,35.1,1324,0,82772,72051,0,0,0,0,0,0,0,0,0,0,0,0,38.0,0,0,243,207.1,10.7,22,16.6,0,171.4,,2348,0,19.7,41.1
52,full-cycle,53100,136,8186,0,0,0,1,1,772,2542,212,789,156822,5190.4,664860,69.4,69.4,572.0,87958,82.3,4.4,29.3,36.1,1384,0,85852,74993,8322,24123,17768,466098,82,6732,7617,0,0,0,2803,0,0.0,8,16,240,394.7,15.0,22,20.3,0,133.4,starved,2470,0,20.5,42.8
53,young,9819,34,5,5909,0,9,1,0,395,2764,210,653,165685,5573.7,168935,16.7,86.0,572.0,89586,85.3,4.5,29.7,38.3,1411,0,87500,75362,0,0,0,0,0,0,0,0,0,0,0,0,0.0,0,1,263,351.3,15.0,22,18.4,0,86.0,,2481,0,20.9,43.6
54,young,12657,40,6,5109,0,12,2,1,346,5359,194,1705,167414,5655.5,242434,19.0,105.0,572.0,90735,86.1,4.5,30.1,38.6,1411,0,88692,76451,0,0,0,0,0,0,0,0,0,0,0,0,0.0,0,0,264,277.7,15.0,22,18.4,0,105.0,,2511,0,21.2,44.2
55,young,14334,31,5,7967,0,8,1,0,355,3997,209,1896,167925,5678.8,271165,21.2,126.2,572.0,92027,87.0,4.6,30.5,38.8,1411,0,90037,77727,0,0,0,0,0,0,0,0,0,0,0,0,0.0,0,0,264,194.6,15.0,22,18.4,0,126.2,,2542,0,21.5,44.8
56,full-cycle,43785,30,2873,0,0,0,2,0,606,2146,173,616,168908,5719.1,581963,61.6,61.6,572.0,96347,89.4,4.7,31.6,39.3,1437,0,94429,81919,2902,21736,16237,538302,26,12962,479,0,0,0,2827,0,8.0,9,14,236,398.5,16.6,23,23.6,0,64.0,starved,2629,0,22.5,46.7
57,young,8877,33,6,5208,0,8,2,0,227,2815,186,515,177897,6067.2,161587,14.7,76.3,572.0,96913,91.0,4.7,31.8,40.7,1443,0,95015,81942,0,0,0,0,0,0,0,0,0,0,0,0,8.0,0,0,259,371.7,16.6,23,23.1,0,76.3,,2639,0,22.6,47.0
58,young,10764,100,5,4925,0,9,1,1,280,4117,198,1252,179294,6131.9,218473,17.7,94.0,572.0,97566,92.0,4.8,32.0,41.3,1451,0,95704,82390,0,0,0,0,0,0,0,0,0,0,0,0,8.0,0,0,259,311.9,16.6,23,22.7,0,94.0,,2671,0,22.7,47.3
59,young,16879,109,4,9387,0,9,1,1,271,4918,202,2110,179817,6155.8,224948,16.4,110.4,572.0,99166,92.9,4.8,32.4,41.6,1451,0,97347,83940,0,0,0,0,0,0,0,0,0,0,0,0,8.0,0,0,259,249.7,16.6,23,22.7,0,110.4,,2702,0,23.1,48.0
60,young,19011,34,7,10439,0,9,1,1,367,5771,204,2254,180618,6196.6,281584,23.8,134.1,572.0,100275,93.8,4.9,32.8,41.9,1468,0,98534,84981,0,0,0,0,0,0,0,0,0,0,0,0,8.0,0,0,259,161.5,16.6,23,21.3,0,134.1,,2748,0,23.4,48.5
61,full-cycle,37831,33,6483,0,0,0,1,0,627,2023,191,650,181784,6247.0,603472,64.9,64.9,588.0,103503,96.1,5.0,33.8,42.6,1498,0,101611,88007,6516,23179,6314,559342,17,3552,68,0,0,0,1815,0,12.0,0,1,264,435.3,0.0,23,23.9,0,64.9,promoted,2841,0,24.1,50.1
62,young,8811,35,7,4652,0,8,1,1,214,3140,204,680,192592,6679.0,137923,13.5,78.4,588.0,104509,97.0,5.0,34.1,42.9,1536,0,102673,88796,0,0,0,0,0,0,0,0,0,0,0,0,12.0,0,0,265,397.9,0.0,23,20.9,0,78.4,,2880,0,24.3,50.7
63,young,19528,34,7,12038,0,8,1,1,286,5735,207,1353,193181,6708.3,253428,20.8,99.2,588.0,105324,97.5,5.1,34.4,43.0,1545,0,103571,89642,0,0,0,0,0,0,0,0,0,0,0,0,12.0,0,0,265,330.3,0.0,23,20.2,0,99.2,,2930,0,24.5,51.0
64,young,13380,48,6,8025,0,8,1,1,288,3830,232,1067,193524,6725.5,188948,14.2,113.4,588.0,106543,98.3,5.1,34.7,43.2,1547,0,104849,90887,0,0,0,0,0,0,0,0,0,0,0,0,12.0,0,0,265,280.9,0.0,23,20.1,0,113.4,,2972,0,24.7,51.5
65,young,18129,53,6,9911,0,8,2,1,366,5303,213,2388,194824,6780.7,245067,20.4,133.9,588.0,108697,99.7,5.2,35.3,43.6,1561,0,107082,92941,0,0,0,0,0,0,0,0,0,0,0,0,12.0,0,0,265,193.4,0.0,23,19.2,0,133.9,,3025,0,25.2,52.5
66,full-cycle,44995,39,8604,0,0,0,1,0,654,5103,202,681,196133,6837.7,653120,67.1,67.1,612.0,111762,101.9,5.3,36.3,44.3,1590,0,110039,95767,8643,22826,10987,521717,14,5133,52,0,0,0,2525,0,18.0,3,14,257,427.4,5.6,23,22.5,0,67.1,promoted,3114,0,25.9,54.0
67,young,12252,32,6,4545,0,10,1,0,309,6267,206,996,208769,7260.0,206451,22.1,89.2,612.0,112556,103.1,5.4,36.5,45.1,1649,0,110871,96225,0,0,0,0,0,0,0,0,0,0,0,0,20.0,0,2,271,381.8,3.7,23,19.0,0,89.2,,3126,0,26.1,54.4
68,young,15230,36,6,10053,0,10,1,1,302,2947,213,1772,209432,7290.4,118173,8.9,98.0,612.0,114135,104.0,5.4,36.9,45.3,1649,0,112481,97769,0,0,0,0,0,0,0,0,0,0,0,0,20.0,0,0,273,337.9,3.7,23,19.0,0,98.0,,3153,0,26.4,55.1
69,young,17135,46,4,13357,0,7,2,1,378,1460,199,1827,210820,7339.4,208384,16.7,114.7,612.0,116015,105.1,5.5,37.4,45.6,1649,0,114423,99606,0,0,0,0,0,0,0,0,0,0,0,0,20.0,0,0,273,275.5,3.7,23,19.0,0,114.7,,3186,0,26.8,55.9
70,young,16151,38,5,10068,0,10,2,1,357,3656,224,1921,211768,7382.8,256400,19.9,134.6,612.0,117370,106.0,5.5,37.8,45.8,1655,0,115822,100936,0,0,0,0,0,0,0,0,0,0,0,0,20.0,0,0,273,209.0,3.7,23,18.6,0,134.6,,3221,0,27.1,56.5
71,full-cycle,56995,36,8766,0,0,0,2,1,681,3892,214,692,214772,7496.8,613551,64.6,64.6,612.0,120843,109.7,5.6,38.8,47.9,1747,0,119400,103474,8802,22405,12259,469315,36,4354,3278,0,0,0,13416,0,14.0,9,40,227,381.0,16.5,23,20.0,0,64.6,promoted,3355,0,27.8,58.1
72,young,12877,100,6,9075,0,11,1,1,267,2492,187,885,215134,7505.0,226338,22.8,87.4,612.0,120873,109.7,5.6,38.9,47.9,1749,0,119452,103474,0,0,0,0,0,0,0,0,0,0,0,0,14.0,0,1,275,383.6,16.5,23,19.9,0,87.4,,3359,0,27.8,58.1
73,young,12358,33,7,6379,0,8,1,2,253,3705,208,1860,223833,7858.3,174576,13.8,101.2,612.0,122839,111.9,5.7,39.5,49.1,1755,0,121483,104835,0,0,0,0,0,0,0,0,0,0,0,0,14.0,0,1,275,332.1,16.5,23,19.5,0,101.2,,3401,0,28.2,59.0
74,young,19623,30,6,12359,0,10,2,1,382,4444,186,2326,225071,7911.7,330710,26.2,127.4,612.0,124372,113.2,5.8,39.9,49.7,1761,0,123087,106145,0,0,0,0,0,0,0,0,0,0,0,0,14.0,0,0,276,239.0,16.5,23,19.1,0,127.4,,3444,0,28.5,59.6
75,full-cycle,56015,108,9860,0,0,0,1,1,736,5367,219,748,225785,7937.5,601811,62.7,62.7,612.0,127158,115.1,5.9,40.7,50.2,1773,0,125970,108840,9967,27582,15571,453389,98,8274,1075,0,0,0,2806,0,22.0,7,13,252,421.0,12.7,23,24.5,0,64.0,starved,3540,0,29.1,60.8
76,young,16896,43,6,11640,0,13,10,1,271,4149,198,671,235365,8316.6,134472,13.4,76.1,612.0,127959,117.0,5.9,41.0,51.7,1793,0,126758,108843,0,0,0,0,0,0,0,0,0,0,0,0,22.0,0,1,271,394.2,12.7,23,22.9,0,76.1,,3546,0,29.4,61.3
77,young,14752,38,5,6974,0,9,1,1,280,5829,187,1535,237122,8384.4,193230,14.7,90.7,612.0,129538,118.1,6.0,41.4,52.1,1793,0,128389,110238,0,0,0,0,0,0,0,0,0,0,0,0,22.0,0,0,272,335.4,12.7,23,22.9,0,90.7,,3578,0,29.8,62.1
78,young,15572,60,7,6821,0,9,2,1,312,6709,197,1571,237784,8410.8,215364,18.4,109.1,612.0,130686,118.9,6.0,41.7,52.3,1827,0,129591,111341,0,0,0,0,0,0,0,0,0,0,0,0,22.0,0,0,272,273.7,12.7,23,20.9,0,109.1,,3613,0,30.0,62.6
79,young,17435,103,9,6003,0,11,2,1,397,8567,208,2250,238477,8443.1,264896,20.7,129.8,612.0,131731,119.7,6.0,42.1,52.6,1829,0,130684,112336,0,0,0,0,0,0,0,0,0,0,0,0,22.0,0,0,272,197.0,12.7,23,20.8,0,129.8,,3642,0,30.3,63.1
80,full-cycle,40907,16,1848,0,0,0,2,1,764,3350,229,774,240385,8519.5,599549,62.2,62.2,612.0,136325,122.9,6.2,43.4,53.7,1874,0,135250,116448,1864,22947,8793,449703,49,3458,1156,0,0,0,7201,0,0.0,10,26,247,419.0,18.4,23,23.4,0,64.0,promoted,3756,0,31.2,65.2
81,young,14256,224,8,9372,0,9,1,1,229,3318,205,996,241170,8550.0,228860,21.2,83.4,612.0,136791,123.8,6.2,43.5,54.4,1875,0,135720,116449,0,0,0,0,0,0,0,0,0,0,0,0,0.0,0,1,282,395.9,18.4,23,23.3,0,83.4,,3760,0,31.4,65.5
82,young,15144,97,7,8311,0,8,1,1,278,4661,227,1670,250709,8919.2,178167,15.7,99.1,612.0,138441,126.2,6.3,44.0,56.1,1916,0,137448,116925,0,0,0,0,0,0,0,0,0,0,0,0,0.0,0,0,283,343.6,18.4,23,20.7,0,99.1,,3815,0,31.8,66.4
83,young,21462,31,7,12329,0,11,1,1,376,5754,203,2890,251943,8968.4,336605,26.6,125.7,612.0,140495,127.8,6.4,44.6,56.7,1924,0,139573,118752,0,0,0,0,0,0,0,0,0,0,0,0,0.0,0,0,283,249.1,18.4,23,20.2,0,125.7,,3865,0,32.3,67.4
84,full-cycle,42796,31,8749,0,0,0,2,1,610,1925,211,621,252887,8997.6,577859,62.3,62.3,612.0,142898,131.2,7.4,45.9,57.4,1989,0,142133,121006,8780,21383,9890,490697,32,4819,2486,0,0,0,2660,0,0.0,2,17,264,454.2,3.6,23,20.9,0,64.0,starved,3987,0,32.9,68.7
85,young,13750,105,7,6514,0,12,2,1,267,6006,215,700,266934,9385.4,180128,18.4,80.7,612.0,143694,132.8,7.4,46.2,58.6,2000,0,142919,121208,0,0,0,0,0,0,0,0,0,0,0,0,0.0,0,0,283,418.4,3.6,23,20.1,0,80.7,,3993,0,33.1,69.2
86,young,14895,42,8,4870,0,10,1,1,269,8251,214,1372,268137,9435.9,209912,17.8,98.5,612.0,144607,133.6,7.5,46.5,58.9,2024,0,143922,122094,0,0,0,0,0,0,0,0,0,0,0,0,0.0,0,0,283,360.2,3.6,23,18.7,0,98.5,,4040,0,33.3,69.5
87,young,17845,172,5,6698,0,10,2,1,360,8761,213,1745,268719,9465.8,270966,20.4,118.9,612.0,145672,134.3,7.5,46.8,59.0,2024,0,145030,123157,0,0,0,0,0,0,0,0,0,0,0,0,0.0,0,0,283,288.2,3.6,23,18.7,0,118.9,,4076,0,33.5,70.0
88,young,20166,41,6,12651,0,10,1,1,443,4649,232,2267,269511,9498.2,261352,20.4,139.3,612.0,147616,135.3,7.6,47.3,59.1,2024,0,147021,125111,0,0,0,0,0,0,0,0,0,0,0,0,0.0,0,0,283,206.8,3.6,23,18.7,0,139.3,,4106,0,34.0,70.9
89,full-cycle,43607,32,4496,0,0,0,2,0,579,1723,185,590,271310,9570.6,558418,61.0,61.0,612.0,150884,137.9,7.7,48.3,60.1,2060,0,150416,128065,4529,22222,11065,516586,104,8059,584,0,0,0,5705,0,0.0,5,24,254,441.8,9.2,23,21.6,0,64.0,promoted,4213,0,34.6,72.3
90,young,10368,35,5,5786,0,8,2,1,227,3498,203,711,279538,9942.2,177176,17.0,78.0,612.0,151341,138.9,7.7,48.4,60.9,2065,0,150884,128066,0,0,0,0,0,0,0,0,0,0,0,0,0.0,0,0,283,423.2,9.2,23,21.2,0,78.0,,4217,0,34.7,72.5
91,young,14661,30,6,7405,0,13,2,1,292,5032,207,1804,281164,10005.4,266366,20.3,98.3,612.0,153167,140.2,7.8,48.8,61.5,2065,0,152759,129703,0,0,0,0,0,0,0,0,0,0,0,0,0.0,0,0,283,343.9,9.2,23,21.2,0,98.3,,4258,0,35.1,73.2
92,young,20654,61,8,13197,0,8,1,1,324,4900,226,2060,281440,10016.8,290117,23.7,122.1,612.0,154705,141.2,7.8,49.3,61.7,2076,0,154371,131233,0,0,0,0,0,0,0,0,0,0,0,0,0.0,0,0,283,262.4,9.2,23,20.3,0,122.1,,4308,0,35.5,74.0
93,young,13243,42,6,7690,0,14,2,1,417,3092,231,1886,282025,10044.0,137294,11.7,133.8,612.0,156225,142.1,7.9,49.7,61.9,2110,0,155947,132776,0,0,0,0,0,0,0,0,0,0,0,0,0.0,0,0,283,217.5,9.2,23,18.3,0,133.8,,4344,0,35.8,74.7
94,full-cycle,29682,22,1810,0,0,0,1,0,530,1961,177,539,284238,10136.9,513968,57.3,57.3,612.0,158135,143.8,7.9,50.4,62.6,2144,0,157993,134505,1832,12286,12909,440006,48,9587,765,0,0,0,2575,0,10.0,9,16,253,442.5,16.7,23,22.5,0,64.0,promoted,4456,0,36.3,75.6
95,young,14987,64,7,10091,0,10,1,1,280,3676,201,775,296876,10411.3,142638,17.2,74.6,612.0,158966,151.3,8.0,50.6,63.6,2200,0,158817,134768,0,0,0,0,0,0,0,0,0,0,0,0,12.0,0,2,275,412.2,14.9,23,18.6,0,74.6,,4463,0,36.5,76.1
96,young,8749,98,7,5550,0,8,1,1,252,1768,195,986,301056,10566.9,94742,7.2,81.8,612.0,160137,152.8,8.0,51.0,64.5,2201,0,160063,135602,0,0,0,0,0,0,0,0,0,0,0,0,12.0,0,2,275,378.7,14.9,23,18.5,0,145.8,,4508,0,36.8,76.6
97,young,20367,99,8,13265,0,11,1,1,466,3846,215,2461,302216,10616.5,186945,16.3,98.2,612.0,162663,154.5,8.1,51.7,65.0,2232,0,162651,137976,0,0,0,0,0,0,0,0,0,0,0,0,12.0,0,0,277,309.4,14.9,23,16.7,0,98.2,,4556,0,37.4,77.9
98,young,19266,26,8,13355,0,12,2,1,382,2928,208,2480,312615,10697.9,263263,21.7,119.9,612.0,163481,156.0,8.2,52.0,66.1,2254,0,163537,138458,0,0,0,0,0,0,0,0,0,0,0,0,12.0,0,0,277,243.1,14.9,23,15.4,0,119.9,,4601,0,37.5,78.3
99,young,13912,26,6,8619,0,8,1,0,358,2889,227,1921,313482,10735.1,136091,10.2,130.1,612.0,164917,157.0,8.2,52.4,66.4,2254,0,165018,139833,0,0,0,0,0,0,0,0,0,0,0,0,12.0,0,0,277,200.7,14.9,23,15.4,0,130.1,,4635,0,37.8,78.9
100,full-cycle,54240,59,8972,0,0,0,2,1,699,4023,222,712,315834,10827.2,619893,66.9,66.9,612.0,166991,159.1,8.3,53.4,67.0,2274,0,167194,141702,9032,23627,18424,485426,173,9732,3776,0,0,0,3040,0,0.0,8,15,260,442.1,14.5,23,21.3,0,66.9,promoted,4732,0,38.3,79.9
101,young,14839,42,6,7968,0,12,1,1,232,5600,216,889,324968,11235.6,216890,19.7,86.6,612.0,168212,161.1,8.3,53.7,68.5,2289,0,168414,141977,0,0,0,0,0,0,0,0,0,0,0,1,0.0,0,0,283,394.9,14.5,23,20.1,0,86.6,,4739,0,38.6,80.5
102,young,13754,41,7,6923,0,9,1,1,269,4569,217,1821,325774,11270.3,244955,19.7,106.4,612.0,169996,162.1,8.4,54.3,68.7,2299,0,170260,143764,0,0,0,0,0,0,0,0,0,0,0,0,0.0,0,0,283,318.9,14.5,23,19.3,0,106.4,,4780,0,39.1,81.5
103,young,13362,34,7,7054,0,8,1,1,320,4498,224,1336,326257,11290.0,225647,17.6,124.0,612.0,171287,163.0,8.4,54.7,68.9,2300,0,171631,145029,0,0,0,0,0,0,0,0,0,0,0,0,0.0,0,0,283,248.6,14.5,23,19.3,0,124.0,,4826,0,39.3,82.1
104,young,17887,52,7,8590,0,8,1,1,428,6085,236,2631,337641,11333.1,261004,20.7,144.7,612.0,173270,164.2,8.5,55.2,69.3,2306,0,173701,146974,0,0,0,0,0,0,0,0,0,0,0,0,0.0,0,0,283,161.2,14.5,23,18.8,0,144.7,,4880,0,39.8,83.0
105,full-cycle,48053,130,12926,0,0,0,1,1,594,2465,213,616,339818,11417.4,553740,60.0,60.0,640.0,175791,167.5,8.8,56.2,70.8,2352,0,176077,148914,13055,19395,9720,475299,102,5617,912,0,0,0,5802,0,20.0,7,24,256,443.2,12.6,23,21.4,0,64.0,promoted,5032,0,40.4,84.3
106,young,9349,110,7,2586,0,10,1,1,273,5467,209,819,348659,11792.5,197205,21.7,81.7,640.0,176092,168.2,8.8,56.3,71.5,2390,0,176383,148914,0,0,0,0,0,0,0,0,0,0,0,0,20.0,0,1,286,424.6,12.6,23,19.1,0,81.7,,5041,0,40.5,84.5
107,young,16088,31,6,8226,0,10,2,1,273,6370,219,1076,350617,11879.8,243954,18.5,100.2,640.0,176955,169.2,8.8,56.5,72.0,2391,0,177296,149612,0,0,0,0,0,0,0,0,0,0,0,0,20.0,0,0,287,363.4,12.6,23,19.0,0,100.2,,5075,0,40.7,84.9
108,young,21938,36,6,13428,0,10,1,1,326,6662,216,1374,351256,11907.4,201696,15.9,116.1,640.0,177997,170.0,8.9,56.9,72.3,2395,0,178396,150591,0,0,0,0,0,0,0,0,0,0,0,0,20.0,0,0,287,302.8,12.6,23,18.8,0,116.1,,5110,0,40.9,85.4
109,young,19995,30,6,13940,0,8,1,1,439,2626,218,2882,352303,11957.5,267439,21.0,137.1,640.0,180762,171.4,9.0,57.5,72.5,2395,0,181193,153306,0,0,0,0,0,0,0,0,0,0,0,0,20.0,0,0,287,225.0,12.6,23,18.8,0,137.1,,5139,0,41.7,86.8
110,full-cycle,31220,70,5614,0,0,0,1,0,541,3886,208,552,353763,12014.9,541485,58.3,58.3,640.0,182916,173.2,9.1,58.2,73.2,2431,0,183513,155313,5684,17635,5621,462093,23,1102,51,0,0,0,2269,0,30.0,1,16,265,462.3,1.9,23,22.1,0,64.0,promoted,5263,0,42.1,87.8
111,young,11470,80,24,5187,0,9,2,0,254,5226,215,552,367518,12231.9,164087,17.4,75.7,640.0,183452,174.6,9.1,58.4,74.4,2447,0,184054,155336,0,0,0,0,0,0,0,0,0,0,0,1,30.0,0,2,280,427.7,1.9,23,20.7,0,75.7,,5276,0,42.3,88.1
112,young,11346,74,8,5545,0,10,1,1,268,4509,224,840,377352,12446.5,165947,16.7,92.4,640.0,184012,176.3,9.1,58.6,75.7,2508,0,184693,155429,0,0,0,0,0,0,0,0,0,0,0,0,30.0,0,0,282,378.9,1.9,23,17.1,0,92.4,,5328,0,42.4,88.3
113,young,12450,107,5,4517,0,10,1,1,285,5993,223,1415,383514,12498.6,202652,15.5,107.9,640.0,185304,177.2,9.1,59.0,76.0,2516,0,186048,156696,0,0,0,0,0,0,0,0,0,0,0,0,30.0,0,0,282,314.3,1.9,23,16.7,0,107.9,,5371,0,42.6,88.9
114,young,19754,40,7,10371,0,12,1,1,392,6044,215,2808,384357,12533.7,316384,24.7,132.5,640.0,187519,178.5,9.2,59.5,76.4,2516,0,188337,158852,0,0,0,0,0,0,0,0,0,0,0,0,30.0,0,0,282,215.0,1.9,23,16.7,0,132.5,,5422,0,43.2,90.0
115,full-cycle,74858,43,9373,0,0,0,1,1,904,9120,264,931,385533,12575.7,708456,72.4,72.4,684.0,190950,181.6,9.4,61.0,77.3,2556,0,191322,161961,9416,38982,20441,488226,130,8630,1624,0,0,0,5932,0,0.0,7,22,290,484.9,12.9,23,21.8,0,72.4,promoted,5537,0,43.9,91.6
116,young,18261,112,8,6869,0,14,2,1,293,9970,215,902,398721,13012.0,244125,22.2,94.6,684.0,191510,183.2,9.4,61.2,78.7,2560,0,191909,161966,0,0,0,0,0,0,0,0,0,0,0,0,0.0,0,0,319,448.0,12.9,23,21.4,0,94.6,,5546,0,44.0,91.8
117,young,13660,20,5,7819,0,11,2,1,343,4076,236,1350,400969,13056.8,236648,19.5,114.1,684.0,192746,184.6,9.5,61.6,79.3,2576,0,193232,163073,0,0,0,0,0,0,0,0,0,0,0,0,0.0,0,3,316,378.8,12.9,23,20.2,0,114.1,,5598,0,44.3,92.4
118,young,17092,35,7,11053,0,10,1,2,381,3504,229,2033,401690,13091.8,279085,23.1,137.2,684.0,194159,185.5,9.5,62.0,79.6,2600,0,194714,164465,0,0,0,0,0,0,0,0,0,0,0,0,0.0,0,0,319,301.2,12.9,23,18.8,0,137.2,,5636,0,44.7,93.1
119,young,9014,32,6,3114,0,7,2,1,406,2953,248,2400,402521,13133.1,131805,9.8,147.1,684.0,196232,186.7,9.6,62.6,79.9,2602,0,196843,166498,0,0,0,0,0,0,0,0,0,0,0,0,0.0,0,0,319,254.9,12.9,23,18.7,0,147.1,,5669,0,45.1,94.0
120,full-cycle,38715,34,2612,0,0,0,2,1,680,3227,214,692,405415,13252.5,577723,62.7,62.7,684.0,199713,189.5,9.7,63.5,81.1,2639,0,200436,169610,2646,19002,12678,448135,27,6464,2258,0,0,0,4289,0,20.0,8,18,283,489.5,14.9,23,20.9,0,64.0,promoted,5788,0,45.8,95.5
121,young,14530,210,7,9506,0,8,1,0,241,3706,226,744,408638,13380.9,179759,18.3,81.0,684.0,200187,190.7,9.7,63.7,82.0,2654,0,200917,169611,0,0,0,0,0,0,0,0,0,0,0,0,22.0,0,0,308,463.7,12.9,23,19.7,0,81.0,,5795,0,46.0,95.8
122,young,16690,65,4,11358,0,8,1,1,264,3137,226,1749,417889,13755.9,265628,21.5,102.5,684.0,201803,192.0,9.8,64.1,82.5,2666,0,202628,171101,0,0,0,0,0,0,0,0,0,0,0,0,22.0,0,2,306,390.9,12.9,23,19.0,0,102.5,,5849,0,46.4,96.6
123,young,10613,32,6,4735,0,7,1,1,294,3184,239,2211,418399,13778.0,175133,13.4,115.9,684.0,203715,193.0,9.8,64.7,82.7,2674,0,204628,173059,0,0,0,0,0,0,0,0,0,0,0,0,22.0,0,1,307,337.4,12.9,23,18.6,0,115.9,,5901,0,46.7,97.4
124,young,17579,44,4,10726,0,10,1,0,375,4326,238,2005,419594,13831.4,328827,25.3,141.3,684.0,204830,193.9,9.9,65.0,83.0,2674,0,205818,174127,0,0,0,0,0,0,0,0,0,0,0,0,22.0,0,0,308,245.4,12.9,23,18.6,0,141.3,,5939,0,47.0,97.8
125,full-cycle,30434,104,5299,0,0,0,1,0,675,1726,216,687,420726,13875.9,540999,60.6,60.6,684.0,207064,195.7,10.0,65.7,83.6,2719,0,208148,176179,5403,17905,4524,520814,16,2007,82,0,0,0,2590,0,40.0,2,15,282,497.8,3.7,23,21.3,0,64.0,promoted,6030,0,47.5,99.0
126,young,11777,41,5,6736,0,8,2,1,249,4049,224,596,431471,14317.8,199003,18.1,78.7,684.0,207631,197.5,10.0,66.0,85.1,2724,0,208714,176202,0,0,0,0,0,0,0,0,0,0,0,0,40.0,0,2,297,460.1,3.7,23,20.9,0,78.7,,6034,0,47.7,99.3
127,young,10654,34,5,4975,0,7,2,1,258,4010,229,1267,433065,14379.2,205125,15.6,94.3,684.0,208345,198.4,10.0,66.2,85.7,2724,0,209467,176769,0,0,0,0,0,0,0,0,0,0,0,0,40.0,0,0,299,402.5,3.7,23,20.9,0,94.3,,6066,0,47.8,99.5
128,young,14900,92,4,8468,0,9,1,1,321,4281,214,1626,433683,14406.6,244587,19.1,113.4,684.0,209273,199.0,10.1,66.4,85.8,2724,0,210442,177707,0,0,0,0,0,0,0,0,0,0,0,0,40.0,0,0,299,333.1,3.7,23,20.9,0,113.4,,6097,0,48.0,99.9
129,young,11816,30,6,5696,0,7,2,1,367,3138,216,2481,434371,14439.8,166216,12.4,125.8,684.0,211422,200.2,10.1,67.0,86.0,2724,0,212642,179829,0,0,0,0,0,0,0,0,0,0,0,0,40.0,0,0,299,272.1,3.7,23,20.9,0,125.8,,6130,0,48.5,101.0
130,full-cycle,32649,38,5957,0,0,0,2,1,516,344,129,528,435820,14501.2,449538,49.7,49.7,684.0,213675,201.8,10.2,67.6,86.7,2738,0,214934,181893,5995,16064,8800,441722,21,7509,392,0,0,0,1778,0,90.0,0,1,273,481.5,0.0,23,27.0,0,64.0,promoted,6186,0,49.0,102.0
131,young,5920,37,7,967,0,8,2,0,251,4000,204,573,444650,14991.0,137962,13.5,63.1,684.0,214481,202.4,10.3,67.8,86.8,2770,0,215808,182652,0,0,0,0,0,0,0,0,0,0,0,0,90.0,0,0,274,429.7,0.0,23,24.5,0,64.0,,6224,0,49.2,102.4
132,young,12599,99,4,8711,0,7,2,1,235,1934,185,1514,444977,15006.4,185728,14.5,77.6,684.0,216187,203.3,10.3,68.3,87.0,2770,0,217552,184321,0,0,0,0,0,0,0,0,0,0,0,1,90.0,0,0,274,375.6,0.0,23,24.5,0,77.6,,6253,0,49.5,103.3
133,young,12717,171,4,7519,0,8,1,0,275,3295,210,1345,445334,15022.8,218371,16.8,94.4,684.0,217198,204.0,10.4,68.6,87.3,2770,0,218612,185267,0,0,0,0,0,0,0,0,0,0,0,0,90.0,0,0,274,315.7,0.0,23,24.5,0,94.4,,6286,0,49.8,103.7
134,young,14483,56,6,7912,0,10,1,1,311,4433,220,1663,445908,15048.7,234655,18.0,112.4,684.0,218308,204.9,10.4,68.9,87.6,2770,0,219768,186318,0,0,0,0,0,0,0,0,0,0,0,0,90.0,0,0,274,248.8,0.0,23,24.5,0,112.4,,6316,0,50.0,104.3
135,young,13147,45,6,6676,0,11,1,1,386,4362,233,1571,446709,15085.1,202802,15.5,127.9,684.0,219282,205.7,10.4,69.2,87.9,2770,0,220785,187202,0,0,0,0,0,0,0,0,0,0,0,0,90.0,0,0,274,188.2,0.0,23,24.5,0,127.9,,6348,0,50.2,104.6
136,full-cycle,52782,107,7551,0,0,0,1,1,730,2480,234,741,448452,15154.4,698381,69.1,69.1,684.0,221301,207.6,10.5,69.9,88.7,2800,0,222653,188961,7658,24575,17467,481400,93,8024,6125,0,0,0,2986,0,54.0,12,14,266,435.1,22.4,23,24.6,0,69.1,promoted,6442,0,50.7,105.6
137,young,9404,56,5,5266,0,7,2,1,232,2966,212,794,456836,15541.9,196478,17.4,86.5,684.0,221932,209.2,10.6,70.0,90.0,2802,0,223300,188982,0,0,0,0,0,0,0,0,0,0,0,1,56.0,0,0,291,398.5,20.5,23,24.5,0,86.5,,6448,0,50.8,105.9
138,young,15084,34,6,9114,0,10,1,0,318,3737,212,1780,458256,15605.6,290290,23.3,109.8,684.0,223643,210.4,10.6,70.5,90.5,2804,0,225058,190540,0,0,0,0,0,0,0,0,0,0,0,0,56.0,0,0,291,310.6,20.5,23,24.4,0,109.8,,6481,0,51.2,106.7
139,young,14842,38,6,9230,0,10,1,1,311,3323,229,1818,458405,15612.8,191414,14.3,124.1,684.0,225491,211.3,10.7,71.0,90.6,2811,0,226959,192408,0,0,0,0,0,0,0,0,0,0,0,0,56.0,0,0,291,258.7,20.5,23,23.8,0,124.1,,6518,0,51.6,107.5
140,young,12488,38,7,6772,0,8,1,1,403,3614,250,1542,459731,15674.7,149521,12.8,136.9,684.0,226672,212.6,10.7,71.3,91.3,2821,0,228196,193392,0,0,0,0,0,0,0,0,0,0,0,0,56.0,0,0,291,200.3,20.5,23,23.0,0,136.9,,6566,0,51.8,108.0
141,full-cycle,52110,84,12392,0,0,0,1,1,698,2969,242,710,462046,15771.6,662121,68.4,68.4,684.0,230374,215.7,10.9,72.5,92.6,2858,0,231866,196625,12477,22807,13854,514845,44,7203,2922,0,0,0,2880,0,42.0,10,16,272,456.0,18.2,23,23.0,0,68.4,starved,6713,0,52.7,109.8
142,young,17075,33,8,12340,0,9,1,1,242,3552,222,788,472247,16162.9,206578,20.6,89.0,684.0,230977,217.4,10.9,72.7,93.9,2888,0,232485,196626,0,0,0,0,0,0,0,0,0,0,0,0,42.0,0,0,298,417.8,18.2,23,20.7,0,89.0,,6719,0,52.9,110.1
143,young,13352,48,7,2239,0,10,2,1,324,8334,225,2292,473816,16227.1,213899,17.8,106.8,684.0,233073,218.9,11.0,73.3,94.5,2902,0,234682,198582,0,0,0,0,0,0,0,0,0,0,0,0,42.0,0,0,298,345.0,18.2,23,19.8,0,106.8,,6774,0,53.3,111.1
144,young,13178,54,7,6778,0,6,2,1,318,4176,234,1688,474390,16249.7,178674,13.5,120.3,684.0,234721,220.0,11.0,73.7,94.9,2906,0,236385,200152,0,0,0,0,0,0,0,0,0,0,0,0,42.0,0,0,298,284.2,18.2,23,19.6,0,120.3,,6817,0,53.7,111.9
145,young,18524,70,7,12103,0,8,2,1,408,3293,239,2509,475678,16304.0,242240,19.0,139.3,684.0,236741,221.3,11.1,74.3,95.3,2906,0,238485,202086,0,0,0,0,0,0,0,0,0,0,0,0,42.0,0,0,298,208.3,18.2,23,19.6,0,139.3,,6866,0,54.1,112.8
146,full-cycle,37218,28,1765,0,0,0,1,1,739,3958,235,750,477784,16367.5,615559,65.3,65.3,684.0,239534,223.6,11.2,75.3,96.1,2934,0,241320,204673,1793,20054,12770,455443,76,7289,692,0,0,0,2510,0,44.0,9,15,273,466.9,16.6,23,22.4,0,65.3,promoted,6975,0,54.7,114.0
147,young,15426,161,6,7803,0,9,2,1,198,6406,238,762,488411,16787.7,208840,18.6,83.9,684.0,240218,225.5,11.2,75.5,97.6,2946,0,242013,204682,0,0,0,0,0,0,0,0,0,0,0,0,44.0,0,0,297,432.9,16.6,23,21.5,0,83.9,,6984,0,54.9,114.4
148,young,10378,91,5,4092,0,8,1,1,300,4385,227,1380,489866,16852.6,197596,16.7,100.6,684.0,241440,226.8,11.3,75.8,98.3,2957,0,243309,205681,0,0,0,0,0,0,0,0,0,0,0,0,44.0,0,1,296,362.3,16.6,23,20.6,0,100.6,,7035,0,55.2,115.0
149,young,14954,37,6,7505,0,6,2,1,332,5094,233,1873,490425,16876.8,241653,19.7,120.3,684.0,243518,227.9,11.4,76.4,98.5,2973,0,245473,207770,0,0,0,0,0,0,0,0,0,0,0,0,44.0,0,0,297,281.1,16.6,23,19.7,0,120.3,,7084,0,55.7,116.0
150,young,13280,43,8,7973,0,8,1,1,348,3027,230,1761,491038,16901.3,222010,16.9,137.2,684.0,244903,228.9,11.4,76.8,98.9,2973,0,246932,209118,0,0,0,0,0,0,0,0,0,0,0,0,44.0,0,0,297,216.1,16.6,23,19.7,0,137.2,,7131,0,56.0,116.6
151,full-cycle,39771,39,8746,0,0,0,1,1,685,1621,235,696,492678,16971.5,605414,65.1,65.1,684.0,247482,231.3,11.5,77.7,99.8,2999,0,249606,211388,8784,19632,8946,476996,13,1421,5189,0,0,0,2394,0,48.0,3,15,277,477.1,5.6,23,22.2,0,65.1,promoted,7225,0,56.6,117.8
152,young,12654,41,7,8598,0,8,1,0,231,3120,219,564,503625,17393.5,179945,16.1,81.3,684.0,248285,233.2,11.5,78.0,101.3,3005,0,250418,211444,0,0,0,0,0,0,0,0,0,0,0,0,48.0,0,0,295,442.1,5.6,23,21.7,0,81.3,,7231,0,56.8,118.3
153,young,16298,41,6,9049,0,12,2,1,298,5459,233,1343,505175,17459.7,270065,21.2,102.5,684.0,249409,234.1,11.6,78.3,101.7,3005,0,251605,212486,0,0,0,0,0,0,0,0,0,0,0,0,48.0,0,0,295,366.9,5.6,23,21.7,0,102.5,,7267,0,57.0,118.8
154,young,15226,104,6,9251,0,11,1,1,351,3805,230,1620,507362,17476.1,201136,15.0,117.4,684.0,250720,234.9,11.6,78.7,101.8,3005,0,252950,213804,0,0,0,0,0,0,0,0,0,0,0,0,48.0,0,0,295,311.0,5.6,23,21.7,0,117.4,,7297,0,57.3,119.4
155,young,13974,33,7,4703,1,10,1,1,404,6226,224,2451,508440,17530.2,265191,20.8,138.2,684.0,252455,235.9,11.7,79.2,102.0,3005,0,254720,215522,0,0,0,0,0,0,0,0,0,0,0,1,48.0,0,0,295,219.9,5.6,23,21.7,0,138.2,,7327,0,57.7,120.2
156,full-cycle,49865,32,6702,0,0,0,2,0,657,5436,235,669,509912,17586.2,643183,64.7,64.7,684.0,256042,238.2,11.8,80.2,102.6,3033,0,258384,218903,6734,23316,14872,490386,42,7812,908,0,0,0,4847,0,46.0,8,18,270,455.1,14.2,23,24.5,0,64.7,promoted,7418,0,58.6,121.9
157,young,17906,30,6,12957,0,8,1,0,274,3535,231,996,520148,17973.0,206081,20.8,85.5,684.0,256576,239.8,11.8,80.4,104.0,3073,0,258928,218907,0,0,0,0,0,0,0,0,0,0,0,0,46.0,0,0,296,421.1,14.2,23,22.0,0,85.5,,7421,0,58.7,122.2
158,young,15737,68,4,11565,0,8,2,0,292,2223,235,1523,521627,18032.7,260569,20.7,106.3,684.0,258246,241.1,11.9,80.8,104.5,3081,0,260659,220363,0,0,0,0,0,0,0,0,0,0,0,0,46.0,0,1,295,352.4,14.2,23,21.6,0,106.3,,7457,0,59.1,123.1
159,young,10922,32,6,5276,0,8,1,0,284,3691,210,1536,522153,18057.5,175030,12.9,119.2,684.0,259469,242.0,11.9,81.2,104.8,3085,0,261929,221514,0,0,0,0,0,0,0,0,0,0,0,0,46.0,0,0,296,308.7,14.2,23,21.3,0,119.2,,7488,0,59.4,123.6
160,young,11138,33,7,2070,0,8,2,1,411,6124,222,2384,523756,18126.2,233957,18.4,137.6,684.0,261395,243.3,12.0,81.7,105.2,3085,0,263916,223350,0,0,0,0,0,0,0,0,0,0,0,0,46.0,0,0,296,225.1,14.2,23,21.3,0,137.6,,7519,0,59.9,124.6
161,full-cycle,38414,24,2349,0,0,0,1,1,665,4205,228,675,525200,18182.2,590376,60.8,60.8,684.0,264816,245.8,12.1,82.7,106.0,3105,0,267452,226519,2373,20171,12969,423470,27,5839,2216,0,0,0,2812,1,48.0,4,16,275,469.6,7.5,23,25.3,0,64.0,promoted,7634,0,60.7,126.2
162,young,12169,171,5,7997,0,8,1,1,225,3059,222,586,535720,18323.1,174327,18.4,79.2,684.0,265287,247.1,12.2,82.9,107.1,3142,0,267932,226520,0,0,0,0,0,0,0,0,0,0,0,0,50.0,0,0,294,440.6,5.6,23,22.4,0,79.2,,7641,0,60.8,126.5
163,young,18785,30,6,13264,0,8,1,1,254,3288,225,1831,543049,18645.6,242077,21.0,100.2,684.0,266469,248.8,12.2,83.2,108.2,3182,0,269201,227310,0,0,0,0,0,0,0,0,0,0,0,0,50.0,0,0,294,372.3,5.6,23,20.1,0,100.2,,7691,0,61.1,127.1
164,young,14236,100,4,8969,0,7,1,0,346,2827,228,1895,543771,18676.1,249468,18.9,119.0,684.0,268342,249.7,12.3,83.7,108.3,3182,0,271155,229236,0,0,0,0,0,0,0,0,0,0,0,1,50.0,0,0,294,301.9,5.6,23,20.1,0,119.0,,7734,0,61.4,127.9
165,young,16589,34,9,7382,0,8,1,1,408,6256,236,2403,544658,18714.2,289179,22.6,141.7,684.0,269836,250.6,12.3,84.2,108.5,3182,0,272715,230743,0,0,0,0,0,0,0,0,0,0,0,0,50.0,0,0,294,217.9,5.6,23,20.1,0,141.7,,7783,0,61.8,128.6
166,full-cycle,40937,35,9597,0,0,0,1,1,497,599,187,509,545604,18758.5,492939,56.1,56.1,684.0,272257,252.0,12.4,84.9,108.7,3204,0,275215,233175,9632,17630,12063,472919,17,10348,584,0,0,0,1599,0,88.0,0,1,274,476.0,0.0,23,23.8,0,64.0,promoted,7871,0,62.3,129.7
167,young,15080,47,13,9086,0,8,1,1,269,3477,225,2003,560188,19213.0,181854,19.5,75.6,684.0,274406,254.3,12.5,85.6,109.8,3256,0,277454,234194,0,0,0,0,0,0,0,0,0,0,0,0,86.0,0,0,275,418.0,0.0,23,19.7,0,75.6,,7925,0,63.0,131.2
168,young,16178,46,6,11436,0,10,2,0,290,3036,229,1268,561001,19244.0,210942,16.3,91.9,684.0,275453,255.1,12.6,85.9,110.2,3256,0,278552,235015,0,0,0,0,0,0,0,0,0,0,0,0,88.0,0,0,275,363.0,0.0,23,19.7,0,91.9,,7961,0,63.2,131.7
169,young,13999,101,4,8563,0,9,1,1,305,3275,203,1654,561646,19272.7,252836,19.1,111.0,684.0,276334,255.9,12.6,86.1,110.5,3256,0,279486,235816,0,0,0,0,0,0,0,0,0,0,0,0,88.0,0,0,275,299.9,0.0,23,19.7,0,111.0,,7994,0,63.4,132.1
170,young,14698,33,5,8081,0,9,1,0,378,3923,220,2179,562447,19307.2,294163,23.1,134.1,684.0,277411,256.7,12.6,86.5,110.7,3256,0,280619,236880,0,0,0,0,0,0,0,0,0,0,0,0,88.0,0,0,275,216.6,0.0,23,19.7,0,134.1,,8028,0,63.7,132.7
171,full-cycle,43550,34,12182,0,0,0,1,1,626,1324,226,636,563449,19347.6,578503,62.9,62.9,684.0,279525,258.4,12.7,87.2,111.2,3278,0,282788,238837,12216,19442,9696,481171,31,4849,2848,0,0,0,2135,0,88.0,5,13,257,441.1,9.2,23,22.1,0,64.0,promoted,8110,0,64.2,133.7
172,young,13208,62,5,9012,0,8,2,1,265,3054,202,724,573779,19738.8,222738,20.6,83.5,684.0,280217,259.9,12.7,87.4,112.5,3288,0,283500,239026,0,0,0,0,0,0,0,0,0,0,0,0,90.0,0,0,274,391.5,7.4,23,21.3,0,83.5,,8124,0,64.4,134.1
173,young,11418,29,6,6635,0,9,1,1,243,3130,215,1279,574543,19776.7,212498,15.8,99.3,684.0,281358,260.9,12.8,87.7,112.8,3289,0,284696,240072,0,0,0,0,0,0,0,0,0,0,0,0,90.0,0,0,274,335.3,7.4,23,21.2,0,99.3,,8157,0,64.6,134.6
174,young,15275,54,7,7422,0,8,2,1,316,5151,216,2212,575626,19820.1,255430,20.1,119.4,684.0,283369,262.0,12.9,88.2,113.1,3295,0,286749,242063,0,0,0,0,0,0,0,0,0,0,0,0,90.0,0,0,274,255.5,7.4,23,20.7,0,119.4,,8194,0,65.1,135.6
175,young,14127,30,6,7481,0,8,1,0,364,4348,239,1779,576294,19847.1,221800,17.6,137.0,684.0,285118,263.0,12.9,88.8,113.2,3300,0,288551,243826,0,0,0,0,0,0,0,0,0,0,0,0,90.0,0,0,274,178.4,7.4,23,20.4,0,137.0,,8237,0,65.4,136.4
176,full-cycle,49242,31,4415,0,0,0,1,1,795,3640,257,807,578458,19928.9,785609,77.8,77.8,684.0,288451,266.0,13.1,89.8,114.5,3362,0,291440,246665,4446,27378,12871,547318,19,485,7916,0,0,0,4525,0,30.0,3,22,279,447.5,5.6,23,21.0,0,77.8,promoted,8362,0,66.2,138.0
177,young,9402,84,10,4402,0,8,1,1,251,3744,233,788,588748,20314.8,200204,20.9,98.7,684.0,288958,267.9,13.1,90.0,116.0,3392,0,291961,246679,0,0,0,0,0,0,0,0,0,0,0,0,30.0,0,0,304,421.7,5.6,23,19.1,0,98.7,,8368,0,66.3,138.3
178,young,18306,46,5,9836,0,13,1,1,338,5910,214,2046,590798,20399.8,218828,16.9,115.6,684.0,290945,269.9,13.2,90.5,117.0,3392,0,294021,248331,0,0,0,0,0,0,0,0,0,0,0,0,30.0,0,2,302,349.0,5.6,23,19.1,0,115.6,,8418,0,66.8,139.2
179,young,16009,23,6,8057,0,8,1,1,346,5468,211,2023,591687,20435.6,244201,18.7,134.3,684.0,292633,270.8,13.3,91.0,117.2,3392,0,295798,250047,0,0,0,0,0,0,0,0,0,0,0,0,30.0,0,0,304,273.4,5.6,23,19.1,0,134.3,,8459,0,67.2,140.0
180,young,13971,32,5,7580,0,9,1,1,471,3749,231,2032,592654,20482.4,179866,14.1,148.4,684.0,294938,272.5,13.3,91.6,117.9,3392,0,298144,252151,0,0,0,0,0,0,0,0,0,0,0,0,30.0,0,0,304,192.3,5.6,23,19.1,0,148.4,,8491,0,67.7,141.1
181,full-cycle,35955,38,6866,0,0,0,2,0,672,1878,232,684,596498,20547.1,582455,60.9,60.9,684.0,297843,276.9,13.5,92.5,120.9,3392,0,300937,254813,6904,18860,8535,480898,18,3483,2467,0,0,0,1647,0,50.0,0,1,293,497.1,0.0,23,24.9,0,64.0,starved,8550,0,68.3,142.4
182,young,11104,58,7,3994,0,10,1,0,284,5191,231,1464,609832,20958.0,187810,20.4,81.3,684.0,299175,277.9,13.5,92.9,121.1,3468,0,302314,256012,0,0,0,0,0,0,0,0,0,0,0,0,50.0,0,0,294,440.8,0.0,23,19.8,0,81.3,,8584,0,68.7,143.3
183,young,14566,112,7,9373,0,8,1,1,288,3170,233,1456,613016,21094.5,235190,17.8,99.1,684.0,300657,278.7,13.6,93.4,121.2,3468,0,303836,257497,0,0,0,0,0,0,0,0,0,0,0,0,50.0,0,0,294,376.7,0.0,23,19.8,0,99.1,,8618,0,69.1,144.0
184,young,13083,30,6,5306,0,9,1,1,299,5602,228,1741,613544,21118.7,199161,15.5,114.5,684.0,301531,279.3,13.6,93.6,121.5,3472,0,304761,258349,0,0,0,0,0,0,0,0,0,0,0,0,50.0,0,0,294,321.1,0.0,23,19.6,0,114.5,,8651,0,69.2,144.4
185,young,16815,67,4,6386,0,11,1,1,378,7698,237,2184,614607,21168.2,258398,19.6,134.2,684.0,302597,280.3,13.7,94.0,121.8,3472,0,305872,259344,0,0,0,0,0,0,0,0,0,0,0,0,50.0,0,0,294,246.5,0.0,23,19.6,0,134.2,,8679,0,69.5,144.8
186,full-cycle,40411,33,6729,0,0,0,2,1,722,2030,219,734,616714,21242.1,613453,64.4,64.4,684.0,305610,283.0,13.8,94.8,123.1,3530,0,309007,261757,6762,18959,9660,485515,16,2250,4624,0,0,0,5009,0,72.0,2,24,257,436.9,3.7,23,22.7,0,64.4,promoted,8789,0,70.2,146.3
187,young,16686,68,8,10359,0,8,2,1,204,4274,212,1634,621674,21290.8,213709,19.9,84.3,684.0,306427,284.1,13.8,95.1,123.8,3542,0,309876,262007,0,0,0,0,0,0,0,0,0,0,0,0,72.0,0,3,280,411.9,3.7,23,21.8,0,84.3,,8812,0,70.4,146.9
188,young,15331,34,13,8328,0,7,1,1,258,4939,223,1628,631478,21674.1,233518,18.5,102.8,684.0,308231,286.2,13.9,95.7,125.0,3549,0,311770,263236,0,0,0,0,0,0,0,0,0,0,0,0,72.0,0,0,283,344.1,3.7,23,21.2,0,102.8,,8863,0,70.9,147.8
189,young,9957,29,6,3671,1,9,2,1,341,4166,238,1633,632147,21700.2,182772,15.0,117.8,684.0,309484,287.2,13.9,96.1,125.3,3569,0,313099,264465,0,0,0,0,0,0,0,0,0,0,0,0,72.0,0,0,283,287.0,3.7,23,20.1,0,117.8,,8914,0,71.2,148.3
190,young,14496,31,6,7837,0,9,1,0,429,4048,245,2026,633335,21750.3,189391,15.0,132.8,684.0,310493,288.2,14.0,96.4,125.8,3569,0,314176,265373,0,0,0,0,0,0,0,0,0,0,0,0,72.0,0,0,283,216.4,3.7,23,20.1,0,132.8,,8957,0,71.4,148.7
191,full-cycle,21244,22,2647,0,0,0,1,0,510,803,167,520,634592,21803.8,421721,50.2,50.2,684.0,312075,289.3,14.0,96.9,126.1,3569,0,315824,266915,2669,15402,1701,404105,19,328,25,0,0,0,1465,0,96.0,1,0,270,477.8,1.9,23,24.3,0,64.0,promoted,9028,0,71.8,149.6
192,young,10985,33,7,6243,0,10,1,1,261,3643,234,678,647364,22259.2,191165,20.6,70.8,684.0,312744,289.9,14.0,97.2,126.3,3633,0,316578,267467,0,0,0,0,0,0,0,0,0,0,0,0,96.0,0,0,271,429.1,1.9,23,19.5,0,70.8,,9083,0,72.0,149.9
193,young,16013,30,6,7804,0,12,1,1,261,5995,237,1750,651537,22298.3,221759,19.1,89.8,684.0,314094,290.6,14.1,97.6,126.3,3669,0,317989,268874,0,0,0,0,0,0,0,0,0,0,0,0,96.0,0,0,271,368.7,1.9,23,17.4,0,89.8,,9127,0,72.3,150.6
194,young,16425,32,9,5040,0,11,1,0,281,8387,239,2576,651999,22315.9,267828,22.4,112.2,684.0,315520,291.4,14.1,98.0,126.5,3703,0,319500,270322,0,0,0,0,0,0,0,0,0,0,0,0,96.0,0,0,271,300.6,1.9,23,15.4,0,112.2,,9180,0,72.6,151.3
195,young,14000,34,6,6725,0,26,2,2,514,4458,231,2156,652646,22343.8,175205,12.6,124.8,684.0,316613,292.3,14.2,98.3,126.8,3703,0,320638,271353,0,0,0,0,0,0,0,0,0,0,0,0,96.0,0,0,271,257.9,1.9,23,15.4,0,124.8,,9213,0,72.9,151.8
196,full-cycle,33035,32,3574,0,0,0,1,0,595,1852,197,608,660870,22430.9,512371,57.9,57.9,684.0,318421,293.7,14.2,98.9,127.3,3737,0,322532,273067,3606,19570,6927,480817,29,4336,97,0,0,0,2885,0,90.0,11,15,248,435.5,20.4,23,20.7,0,64.0,promoted,9295,0,73.3,152.7
197,young,11016,21,6,4722,0,15,1,1,250,5106,218,813,669787,22767.8,210308,20.9,78.7,684.0,319095,295.5,14.3,99.1,128.8,3769,0,323192,273090,0,0,0,0,0,0,0,0,0,0,0,0,92.0,0,2,271,392.7,18.5,23,18.8,0,78.7,,9301,0,73.5,153.0
198,young,9003,37,6,3057,0,9,1,1,256,4380,227,1185,671246,22824.1,211503,16.1,94.8,684.0,319975,297.1,14.3,99.4,129.3,3770,0,324126,273821,0,0,0,0,0,0,0,0,0,0,0,0,92.0,0,3,270,331.4,18.5,23,18.8,0,94.8,,9335,0,73.7,153.5
199,young,12464,30,6,4370,0,9,1,1,318,5298,231,2343,673306,22846.8,221158,17.2,112.1,684.0,322376,298.3,14.4,100.0,129.4,3770,0,326575,276252,0,0,0,0,0,0,0,0,0,0,0,0,92.0,0,0,273,255.0,18.5,23,18.8,0,112.1,,9367,0,74.3,154.7
200,young,14881,28,6,7558,0,8,1,1,360,5321,224,1506,673880,22872.5,273303,20.7,132.8,684.0,323762,299.0,14.4,100.5,129.5,3770,0,328006,277648,0,0,0,0,0,0,0,0,0,0,0,0,92.0,0,0,273,172.8,18.5,23,18.8,0,132.8,,9399,0,74.6,155.3
201,full-cycle,53075,31,8578,0,0,0,1,1,806,2742,260,818,675711,22942.6,717850,70.8,70.8,684.0,326299,301.6,14.6,101.3,130.7,3804,0,330050,279751,8608,22377,17792,503298,29,6920,7276,0,0,0,4216,0,24.0,10,18,279,458.0,18.5,23,24.3,0,70.8,promoted,9489,0,75.2,156.5
202,young,11060,28,6,6633,0,10,1,1,275,2975,229,1035,685151,23358.1,196813,17.6,88.4,684.0,326837,303.2,14.6,101.5,132.0,3806,0,330593,279771,0,0,0,0,0,0,0,0,0,0,0,0,24.0,0,0,307,426.1,18.5,23,24.2,0,88.4,,9495,0,75.3,156.7
203,young,8256,24,5,4397,0,8,1,0,328,1889,209,1536,686321,23408.3,115566,8.8,97.2,684.0,328688,304.6,14.7,102.0,132.6,3806,0,332506,281442,0,0,0,0,0,0,0,0,0,0,0,0,24.0,0,0,307,376.0,18.5,23,24.2,0,97.2,,9530,0,75.8,157.7
204,young,17644,34,6,6544,0,8,2,1,316,8253,224,2393,687401,23456.8,259155,20.3,117.5,684.0,330558,305.8,14.7,102.5,133.0,3808,0,334410,283200,0,0,0,0,0,0,0,0,0,0,0,0,24.0,0,0,307,295.3,18.5,23,24.1,0,117.5,,9558,0,76.2,158.6
205,young,15445,31,6,8281,0,8,1,1,395,4140,233,2490,687980,23481.3,250105,18.7,136.2,684.0,331992,306.8,14.8,102.9,133.3,3808,0,335902,284596,0,0,0,0,0,0,0,0,0,0,0,0,24.0,0,0,307,224.8,18.5,23,24.1,0,136.2,,9592,0,76.5,159.2
206,full-cycle,41936,26,7780,0,0,0,1,1,770,2050,266,781,691073,23555.5,647618,66.9,66.9,684.0,335456,309.9,14.9,103.9,134.7,3854,0,339384,287625,7806,19843,11141,478481,25,2453,5826,0,0,0,3132,0,30.0,2,16,286,481.3,3.7,23,23.7,0,66.9,starved,9691,0,77.3,160.8
207,young,11631,68,8,6842,0,18,1,0,307,3427,239,814,700871,23868.7,152590,14.2,81.2,684.0,335965,311.7,14.9,104.1,136.2,3861,0,339892,287639,0,0,0,0,0,0,0,0,0,0,0,1,30.0,0,0,304,459.7,3.7,23,23.1,0,81.2,,9699,0,77.4,161.1
208,young,13140,36,6,7936,0,9,1,1,258,3179,242,1619,709821,24061.2,147084,11.2,92.4,684.0,338003,313.2,15.0,104.6,136.9,3863,0,341983,289418,0,0,0,0,0,0,0,0,0,0,0,0,30.0,0,0,304,406.7,3.7,23,23.0,0,92.4,,9733,0,77.9,162.1
209,young,14974,29,5,7749,0,8,1,1,304,4892,215,1889,710684,24098.1,202065,15.5,107.9,684.0,339654,314.4,15.1,105.1,137.3,3864,0,343684,290971,0,0,0,0,0,0,0,0,0,0,0,0,30.0,0,0,304,336.9,3.7,23,22.9,0,107.9,,9764,0,78.3,163.0
210,young,16481,34,6,9414,0,8,1,1,340,4764,223,1810,711625,24131.8,222232,17.7,125.6,684.0,340849,315.3,15.1,105.5,137.6,3866,0,344940,292092,0,0,0,0,0,0,0,0,0,0,0,0,30.0,0,0,304,267.2,3.7,23,22.8,0,125.6,,9794,0,78.6,163.5
211,young,19867,30,6,10051,0,9,1,1,453,6622,253,2612,712755,24177.8,307371,25.8,151.4,684.0,342726,316.7,15.2,106.0,138.1,3885,0,346908,293881,0,0,0,0,0,0,0,0,0,0,0,0,30.0,0,0,304,175.9,3.7,23,21.3,0,151.4,,9852,0,79.1,164.5
212,full-cycle,42986,51,8560,0,0,0,2,1,492,1036,199,505,713973,24221.4,514647,56.9,56.9,684.0,344744,318.5,15.3,106.7,138.8,3889,0,348986,295796,8611,18908,13834,479628,17,11498,772,0,0,0,1615,0,64.0,0,1,286,495.5,0.0,23,25.0,0,64.0,promoted,9945,0,79.5,165.5
213,young,10790,44,6,6400,0,11,1,0,303,3226,221,738,723926,24751.2,180966,19.0,75.9,684.0,345540,319.1,15.3,106.9,139.0,3941,0,349872,296480,0,0,0,0,0,0,0,0,0,0,0,0,64.0,0,0,287,445.5,0.0,23,20.9,0,75.9,,10000,0,79.8,166.1
214,young,10824,41,6,5248,0,7,1,1,216,4042,229,1186,724279,24766.0,197288,15.2,91.1,684.0,346985,320.0,15.3,107.3,139.3,3941,0,351373,297873,0,0,0,0,0,0,0,0,0,0,0,0,64.0,0,0,287,388.2,0.0,23,20.9,0,91.1,,10040,0,80.1,166.8
215,young,12445,28,6,5246,0,10,1,1,317,5054,221,1684,724848,24792.5,262470,20.0,111.2,684.0,348270,320.9,15.4,107.7,139.6,3941,0,352697,299049,0,0,0,0,0,0,0,0,0,0,0,0,64.0,0,0,287,306.4,0.0,23,20.9,0,111.2,,10072,0,80.4,167.4
216,young,10742,38,5,5804,0,8,1,1,336,2882,242,1584,725232,24810.6,192209,14.5,125.7,684.0,349654,321.8,15.4,108.1,139.8,3941,0,354122,300416,0,0,0,0,0,0,0,0,0,0,0,0,64.0,0,0,287,256.0,0.0,23,20.9,0,125.7,,10100,0,80.7,168.1
217,full-cycle,45305,34,7553,0,0,0,1,1,729,2205,238,741,727164,24890.9,638081,67.0,67.0,684.0,352045,324.1,15.5,108.9,140.9,3965,0,356608,302507,7586,20478,14128,488905,49,6064,5062,0,0,0,3032,1,68.0,9,16,260,433.2,16.4,23,23.1,0,67.0,promoted,10188,0,81.3,169.3
218,young,13979,27,6,10007,0,10,1,0,246,2598,219,1016,736435,25260.3,269865,23.7,90.6,684.0,352641,325.9,15.6,109.1,142.3,3973,0,357212,302589,0,0,0,0,0,0,0,0,0,0,0,1,68.0,0,1,284,390.4,16.4,23,22.5,0,90.6,,10196,0,81.5,169.6
219,young,11831,30,6,5278,0,8,1,1,278,4618,228,1523,737504,25303.3,173979,12.9,103.6,684.0,354689,327.2,15.6,109.6,142.7,3973,0,359303,304503,0,0,0,0,0,0,0,0,0,0,0,0,68.0,0,1,284,328.1,16.4,23,22.5,0,103.6,,10228,0,81.9,170.6
220,young,11660,35,6,4927,0,8,1,1,315,4754,229,1514,738410,25341.6,235960,17.8,121.3,684.0,355868,328.2,15.7,109.9,143.1,3973,0,360522,305557,0,0,0,0,0,0,0,0,0,0,0,0,68.0,0,0,285,257.8,16.4,23,22.5,0,121.3,,10260,0,82.2,171.1
221,young,14838,44,5,6487,0,7,2,1,398,5246,244,2558,739397,25383.1,251471,20.0,141.3,684.0,357585,329.2,15.7,110.4,143.4,3973,0,362280,307232,0,0,0,0,0,0,0,0,0,0,0,0,68.0,0,0,285,178.6,16.4,23,22.5,0,141.3,,10295,0,82.6,171.9
222,full-cycle,36556,31,6126,0,0,0,1,0,750,3453,249,760,741455,25464.6,660711,66.6,66.6,684.0,361020,332.0,15.9,111.5,144.5,3996,0,365343,310185,6156,21047,6360,557119,17,2072,50,0,0,0,2979,0,34.0,1,19,282,478.5,1.9,23,25.1,0,66.6,promoted,10382,0,83.3,173.6
223,young,14685,40,10,10171,0,11,1,0,229,3457,247,596,752991,25910.7,152923,14.2,80.9,684.0,361603,333.9,15.9,111.7,146.0,4007,0,365934,310193,0,0,0,0,0,0,0,0,0,0,0,1,32.0,0,2,300,452.4,1.9,23,24.3,0,80.9,,10387,0,83.5,174.0
224,young,8003,22,6,4037,0,8,1,0,258,2316,224,1277,754549,25974.8,102405,7.9,88.8,684.0,362885,334.8,16.0,112.0,146.4,4007,0,367278,311397,0,0,0,0,0,0,0,0,0,0,0,0,34.0,0,0,302,417.1,1.9,23,24.3,0,152.8,,10422,0,83.8,174.6
225,young,14272,33,7,4784,0,9,1,1,468,6297,250,2579,755658,26026.4,344165,26.8,115.6,684.0,364803,336.2,16.0,112.6,146.8,4007,0,369247,313211,0,0,0,0,0,0,0,0,0,0,0,0,34.0,0,0,302,316.4,1.9,23,24.3,0,115.6,,10453,0,84.2,175.5
226,young,12655,29,6,5486,0,8,1,1,307,4816,243,1905,757046,26087.4,199300,14.9,130.5,684.0,366208,337.0,16.1,113.0,147.0,4008,0,370688,314611,0,0,0,0,0,0,0,0,0,0,0,0,34.0,0,0,302,265.0,1.9,23,24.2,0,130.5,,10483,0,84.6,176.3
227,young,14420,33,5,6153,0,10,1,1,432,5011,249,2687,758786,26158.3,264726,20.4,150.9,684.0,367561,338.2,16.1,113.4,147.5,4008,0,372102,315810,0,0,0,0,0,0,0,0,0,0,0,0,34.0,0,0,302,188.5,1.9,23,24.2,0,150.9,,10516,0,84.9,176.8
228,full-cycle,25453,87,5639,0,0,0,1,0,554,1656,198,564,760205,26223.1,494692,53.3,53.3,684.0,370565,339.8,16.2,114.2,147.8,4008,0,375140,318787,5726,15319,2930,456078,18,649,38,0,0,0,1472,0,78.0,0,1,279,485.5,0.0,23,26.8,0,64.0,promoted,10577,0,85.6,178.2
229,young,10690,26,6,4652,0,8,2,1,285,4695,226,949,771847,26747.8,219281,22.8,76.1,684.0,371284,340.5,16.3,114.5,148.1,4092,0,375925,319355,0,0,0,0,0,0,0,0,0,0,0,0,78.0,0,0,280,431.6,0.0,23,21.2,0,76.1,,10613,0,85.7,178.6
230,young,14558,34,6,8278,0,9,2,1,266,4704,233,1161,772096,26760.0,216664,16.6,92.6,684.0,372045,341.0,16.3,114.7,148.2,4092,0,376732,320135,0,0,0,0,0,0,0,0,0,0,0,0,78.0,0,0,280,378.4,0.0,23,21.2,0,92.6,,10643,0,85.9,179.0
231,young,12667,45,6,6738,0,13,2,1,328,3780,236,1651,772732,26788.0,228216,17.4,110.1,684.0,372850,341.7,16.3,115.0,148.4,4093,0,377593,320899,0,0,0,0,0,0,0,0,0,0,0,0,78.0,0,0,280,316.2,0.0,23,21.2,0,110.1,,10678,0,86.1,179.3
232,young,11606,35,6,6380,0,8,1,1,313,2948,236,1812,774005,26827.0,186739,15.0,125.1,684.0,373973,342.4,16.4,115.3,148.6,4099,0,378768,322034,0,0,0,0,0,0,0,0,0,0,0,0,78.0,0,0,280,264.4,0.0,23,20.7,0,125.1,,10715,0,86.3,179.9
233,full-cycle,22221,30,1656,0,0,0,2,0,578,1193,207,588,775558,26890.5,552800,59.8,59.8,684.0,376965,344.8,16.5,116.2,149.6,4114,0,381833,324756,1686,15920,2730,545401,22,875,45,0,0,0,1879,0,96.0,0,1,270,455.1,0.0,23,25.3,0,64.0,promoted,10801,0,87.1,181.4
234,young,7607,23,6,2299,0,7,1,0,196,2997,214,1974,785502,27306.2,137886,13.9,73.7,684.0,379085,346.4,16.6,116.7,150.1,4158,0,384012,326402,0,0,0,0,0,0,0,0,0,0,0,0,96.0,0,0,271,407.1,0.0,23,22.1,0,73.7,,10837,0,87.7,182.8
235,young,15939,36,5,7348,0,9,1,0,249,6964,212,1235,786052,27332.7,252044,19.1,92.8,684.0,379942,347.0,16.6,117.0,150.3,4159,0,384916,327224,0,0,0,0,0,0,0,0,0,0,0,0,96.0,0,0,271,338.4,0.0,23,22.0,0,92.8,,10872,0,87.9,183.2
236,young,13654,29,6,7747,0,15,1,1,354,4116,226,1285,786290,27343.0,224858,17.5,110.3,684.0,380941,347.6,16.6,117.3,150.4,4159,0,385950,328236,0,0,0,0,0,0,0,0,0,0,0,0,96.0,0,0,271,268.1,0.0,23,22.0,0,110.3,,10903,0,88.1,183.7
237,young,19287,28,6,13046,0,8,2,1,354,4099,233,1651,786940,27371.4,266030,21.6,131.9,684.0,381931,348.2,16.7,117.6,150.5,4173,0,386997,329227,0,0,0,0,0,0,0,0,0,0,0,0,96.0,0,0,271,194.9,0.0,23,21.2,0,131.9,,10938,0,88.3,184.1
238,full-cycle,28021,37,5827,0,0,0,1,1,563,1200,211,575,788324,27427.1,479088,52.4,52.4,684.0,383870,350.0,16.7,118.3,151.3,4198,0,388988,330965,5864,16878,3023,461098,23,1168,49,0,0,0,2241,0,106.0,3,14,249,440.8,5.6,23,24.7,0,64.0,promoted,11027,0,88.8,185.0
239,young,8813,23,6,3165,0,8,1,1,265,4636,218,641,798986,27824.6,205624,18.5,70.9,684.0,384368,352.0,16.8,118.5,152.9,4204,0,389520,330984,0,0,0,0,0,0,0,0,0,0,0,0,108.0,0,1,264,398.7,3.7,23,24.3,0,70.9,,11035,0,88.9,185.2
240,young,13570,28,6,4669,0,10,1,1,264,6766,224,1736,800167,27875.4,232456,17.6,88.5,684.0,385468,353.0,16.8,118.9,153.4,4205,0,390659,331956,0,0,0,0,0,0,0,0,0,0,0,0,108.0,0,0,265,339.1,3.7,23,24.2,0,88.5,,11067,0,89.1,185.7
241,young,13808,46,7,7806,0,10,1,2,281,4018,223,1540,800705,27895.0,190022,14.9,103.3,684.0,386356,353.7,16.8,119.2,153.5,4205,0,391589,332853,0,0,0,0,0,0,0,0,0,0,0,0,108.0,0,0,265,279.6,3.7,23,24.2,0,103.3,,11096,0,89.4,186.1
242,young,14055,28,6,10199,0,8,1,1,334,2232,211,1172,801556,27930.3,221174,18.0,121.3,684.0,387590,354.4,16.9,119.5,153.7,4219,0,392887,334118,0,0,0,0,0,0,0,0,0,0,0,0,108.0,0,0,265,215.0,3.7,23,23.4,0,121.3,,11128,0,89.6,186.7
243,full-cycle,44102,58,7788,0,0,0,1,1,573,4390,223,585,803267,27999.8,670801,66.6,66.6,684.0,390864,356.8,17.0,120.5,154.6,4288,0,396224,337132,7845,23458,9439,544567,29,3604,825,0,0,0,3264,0,98.0,8,18,244,398.4,14.7,23,24.5,0,66.6,promoted,11220,0,90.4,188.2
244,young,15881,33,6,6462,0,9,2,1,293,8098,217,917,811065,28336.3,215483,21.9,88.5,684.0,391284,358.1,17.0,120.6,155.7,4334,0,396674,337141,0,0,0,0,0,0,0,0,0,0,0,0,98.0,0,2,268,365.6,14.7,23,21.7,0,88.5,,11225,0,90.4,188.3
245,young,12591,31,6,7192,0,8,2,1,278,4040,227,930,812385,28391.3,196222,15.3,103.8,684.0,392280,359.2,17.1,120.9,156.2,4334,0,397727,337994,0,0,0,0,0,0,0,0,0,0,0,0,98.0,0,0,270,309.6,14.7,23,21.7,0,103.8,,11258,0,90.7,188.8
246,young,13181,42,6,7194,0,7,1,1,322,3395,216,2120,813325,28429.9,169258,12.9,116.8,684.0,394269,360.4,17.1,121.4,156.6,4334,0,399765,339893,0,0,0,0,0,0,0,0,0,0,0,0,98.0,0,0,270,253.9,14.7,23,21.7,0,116.8,,11290,0,91.1,189.8
247,young,13647,34,6,7031,0,8,1,0,322,3920,228,2237,814842,28484.3,200043,15.3,132.1,684.0,396534,361.9,17.2,122.0,157.1,4335,0,402086,342058,0,0,0,0,0,0,0,0,0,0,0,0,98.0,0,0,270,184.8,14.7,23,21.6,0,132.1,,11325,0,91.6,190.8
248,young,13099,38,6,5797,0,9,1,1,419,3993,240,2751,816162,28541.9,168746,13.1,145.2,684.0,398537,363.1,17.3,122.6,157.4,4335,0,404122,343986,0,0,0,0,0,0,0,0,0,0,0,0,98.0,0,0,270,112.4,14.7,23,21.6,0,145.2,,11354,0,92.0,191.8
249,full-cycle,35049,23,4950,0,0,0,1,0,622,4993,247,633,818776,28635.4,687069,67.7,67.7,684.0,400488,365.8,17.4,123.4,158.9,4366,0,405372,345436,4974,14657,11851,514301,34,4881,1305,0,0,0,3483,0,8.0,11,18,286,478.6,20.4,23,24.4,0,67.7,promoted,11449,0,92.5,192.7
250,young,10772,27,6,5938,0,8,2,0,262,3387,231,1059,827856,29068.5,228298,20.8,88.5,684.0,401051,367.3,17.5,123.5,160.1,4367,0,405949,345472,0,0,0,0,0,0,0,0,0,0,0,0,10.0,0,0,314,441.9,18.5,23,24.3,0,88.5,,11454,0,92.6,193.0
251,young,9540,25,6,4521,0,9,2,1,275,3313,227,1302,828984,29114.2,177389,14.0,102.5,684.0,402626,370.8,19.7,124.1,160.6,4382,0,407565,346921,0,0,0,0,0,0,0,0,0,0,0,0,10.0,0,1,313,384.9,18.5,23,23.4,0,102.5,,11486,0,93.0,193.8
252,young,16581,29,5,8898,0,8,1,1,344,4900,222,2296,829804,29152.5,306610,23.8,126.3,684.0,404752,372.0,19.8,124.7,160.8,4382,0,409747,349002,0,0,0,0,0,0,0,0,0,0,0,0,10.0,0,0,314,292.7,18.5,23,23.4,0,126.3,,11524,0,93.5,194.8
253,young,16549,26,8,8645,0,16,2,0,341,4988,253,2423,830320,29174.6,221977,18.4,144.7,684.0,406539,373.2,19.8,125.2,161.1,4401,0,411599,350764,0,0,0,0,0,0,0,0,0,0,0,0,10.0,0,0,314,225.7,18.5,23,21.9,0,144.7,,11575,0,93.9,195.7
254,full-cycle,35921,46,8888,0,0,0,1,0,704,1382,249,714,834242,29266.4,530631,58.3,58.3,684.0,409216,376.2,19.9,126.2,162.7,4440,0,414374,352979,8934,18842,5112,475055,22,1250,1739,0,0,0,3017,0,20.0,2,22,285,505.3,3.7,23,22.2,0,64.0,promoted,11696,0,94.5,196.9
255,young,12399,81,7,8740,0,8,1,1,246,2479,231,746,839009,29395.9,186002,19.3,77.7,684.0,409685,377.4,19.9,126.3,163.7,4454,0,414847,352979,0,0,0,0,0,0,0,0,0,0,0,0,20.0,0,0,309,481.9,3.7,23,21.1,0,77.7,,11702,0,94.6,197.2
256,young,7592,19,7,4250,0,8,1,1,217,2097,218,909,847249,29777.0,121787,10.3,88.0,684.0,410666,379.3,20.0,126.7,165.0,4479,0,415908,353518,0,0,0,0,0,0,0,0,0,0,0,0,20.0,0,0,309,441.4,3.7,23,19.6,0,88.0,,11755,0,94.8,197.6
257,young,12992,21,6,5387,0,9,1,1,330,5277,218,1875,848404,29831.4,241635,19.0,107.0,684.0,412364,380.4,20.0,127.1,165.4,4479,0,417645,355103,0,0,0,0,0,0,0,0,0,0,0,0,20.0,0,0,309,374.1,3.7,23,19.6,0,107.0,,11794,0,95.3,198.5
258,young,11900,24,6,5076,0,8,1,1,330,4468,238,1894,849168,29861.9,197719,14.6,121.6,684.0,413771,381.4,20.1,127.5,165.7,4479,0,419102,356445,0,0,0,0,0,0,0,0,0,0,0,0,20.0,0,0,309,318.9,3.7,23,19.6,0,121.6,,11827,0,95.6,199.2
259,young,11137,29,6,4716,0,7,2,0,374,3662,248,2245,850716,29920.4,205521,16.5,138.1,684.0,414964,382.4,20.1,127.9,166.1,4481,0,420347,357584,0,0,0,0,0,0,0,0,0,0,0,0,20.0,0,0,309,245.6,3.7,23,19.5,0,138.1,,11858,0,95.9,199.7
260,full-cycle,43266,31,6083,0,0,0,1,1,926,2914,265,944,852825,30000.1,716983,73.2,73.2,692.0,418380,385.5,20.3,129.1,167.3,4509,0,423692,360551,6114,18975,14789,478919,16,1640,9270,0,0,0,3371,0,18.0,1,19,294,486.6,1.9,23,23.1,0,73.2,promoted,11946,0,96.7,201.4
261,young,12690,103,6,8450,0,9,1,1,244,2882,257,907,859846,30224.9,258563,22.3,95.5,692.0,419075,387.4,20.3,129.4,168.9,4516,0,424398,360583,0,0,0,0,0,0,0,0,0,0,0,1,18.0,0,0,314,448.0,1.9,23,22.5,0,95.5,,11953,0,96.9,201.7
262,young,10838,25,6,4238,0,12,2,0,381,4265,246,1817,867058,30503.5,224216,16.6,112.0,692.0,421272,389.8,20.4,130.1,170.1,4517,0,426653,362101,0,0,0,0,0,0,0,0,0,0,0,0,18.0,0,0,314,379.2,1.9,23,22.5,0,112.0,,11988,0,97.3,202.8
263,young,13854,27,6,4674,0,8,2,0,358,6062,255,2625,867876,30538.9,268873,20.7,132.7,692.0,423018,391.1,20.5,130.6,170.6,4517,0,428440,363683,0,0,0,0,0,0,0,0,0,0,0,0,18.0,0,0,314,297.9,1.9,23,22.5,0,132.7,,12018,0,97.7,203.6
264,young,18347,36,6,9605,0,9,2,1,449,5373,260,2781,868862,30578.1,278167,21.6,154.4,692.0,425242,392.4,20.5,131.2,170.8,4517,0,430709,365868,0,0,0,0,0,0,0,0,0,0,0,0,18.0,0,0,314,207.8,1.9,23,22.5,0,154.4,,12050,0,98.3,204.6
265,full-cycle,33450,30,4646,0,0,0,1,1,692,2754,243,704,870161,30633.1,577086,60.2,60.2,692.0,427865,394.3,20.6,132.1,171.4,4532,0,433401,368319,4676,20328,6363,509592,20,1839,1040,0,0,0,2068,0,34.0,3,15,288,509.3,5.6,23,25.7,0,64.0,promoted,12128,0,98.9,205.9
266,young,13244,31,5,8179,0,12,2,1,246,3804,262,912,879808,31097.3,247357,21.8,82.0,692.0,428445,395.9,20.7,132.3,172.7,4554,0,434009,368375,0,0,0,0,0,0,0,0,0,0,0,0,34.0,0,0,306,461.0,5.6,23,24.0,0,82.0,,12144,0,99.0,206.2
267,young,11351,19,5,2682,0,11,1,1,280,6325,249,1942,881214,31160.0,188834,14.8,96.8,692.0,429941,397.1,20.7,132.7,173.2,4556,0,435548,369739,0,0,0,0,0,0,0,0,0,0,0,1,34.0,0,3,303,405.1,5.6,23,23.8,0,96.8,,12178,0,99.4,207.0
268,young,16217,30,6,6655,0,12,1,1,352,7494,237,1556,884452,31192.6,272174,20.7,117.4,692.0,431234,399.0,20.8,133.1,173.4,4557,0,436878,371014,0,0,0,0,0,0,0,0,0,0,0,0,34.0,0,0,306,324.2,5.6,23,23.8,0,117.4,,12208,0,99.7,207.6
269,young,13191,30,6,5175,0,9,2,0,370,5769,250,1739,885140,31217.9,233785,18.2,135.7,692.0,433081,400.0,20.8,133.6,173.6,4563,0,438797,372881,0,0,0,0,0,0,0,0,0,0,0,0,34.0,0,0,306,249.0,5.6,23,23.4,0,135.7,,12249,0,100.1,208.5
270,full-cycle,33196,34,9462,0,0,0,1,0,605,1676,241,616,887132,31284.7,516920,56.0,56.0,692.0,435728,402.3,20.9,134.5,174.3,4624,0,441585,375356,9496,16696,4724,459373,18,820,1587,0,0,0,2270,1,56.0,2,16,277,487.3,3.9,23,21.8,0,64.0,promoted,12375,0,100.7,209.8
271,young,9990,23,7,5318,0,10,1,0,219,3737,253,595,896058,31709.6,197123,20.6,76.6,692.0,436226,403.7,20.9,134.7,175.4,4634,0,442073,375380,0,0,0,0,0,0,0,0,0,0,0,0,58.0,0,0,294,457.8,1.9,23,21.2,0,76.6,,12380,0,100.9,210.0
272,young,9086,26,7,1601,0,10,1,0,242,5613,256,1509,897608,31772.7,152280,11.7,88.3,692.0,437431,404.8,21.0,135.1,175.9,4634,0,443353,376489,0,0,0,0,0,0,0,0,0,0,0,0,58.0,0,0,294,406.8,1.9,23,21.2,0,88.3,,12417,0,101.2,210.7
273,young,15892,93,5,6854,0,9,1,0,298,6651,236,1902,898425,31808.8,296463,22.6,110.9,692.0,438774,405.7,21.0,135.4,176.2,4634,0,444728,377729,0,0,0,0,0,0,0,0,0,0,0,0,58.0,0,0,294,321.3,1.9,23,21.2,0,110.9,,12444,0,101.5,211.3
274,young,11173,29,6,3346,0,8,2,0,362,5357,246,1969,898731,31821.7,181258,14.2,125.1,692.0,440562,406.6,21.1,135.9,176.3,4638,0,446565,379561,0,0,0,0,0,0,0,0,0,0,0,0,58.0,0,0,294,251.5,1.9,23,20.9,0,125.1,,12476,0,101.9,212.1
275,full-cycle,36204,23,4675,0,0,0,2,0,678,2905,254,689,900745,31889.5,634630,66.5,66.5,692.0,442889,409.3,21.2,136.7,177.7,4663,0,448977,381442,4699,17261,10978,485445,12,2327,5041,0,0,0,3258,0,68.0,3,16,270,449.7,5.6,23,23.3,0,66.5,promoted,12565,0,102.5,213.3
276,young,11998,33,6,5076,0,9,1,0,242,5376,258,1168,909571,32274.5,198226,17.4,83.9,692.0,443747,411.2,21.2,137.0,179.1,4670,0,449851,381477,0,0,0,0,0,0,0,0,0,0,0,0,68.0,0,0,289,422.5,5.6,23,22.7,0,83.9,,12577,0,102.7,213.8
277,young,12907,30,7,5002,0,9,1,1,252,6076,236,1446,910994,32333.1,215073,15.9,99.8,692.0,444872,412.3,21.3,137.4,179.7,4670,0,451025,382443,0,0,0,0,0,0,0,0,0,0,0,0,68.0,0,4,285,362.2,5.6,23,22.7,0,99.8,,12611,0,103.0,214.4
278,young,17108,29,6,4490,0,8,1,0,365,9170,254,2952,911817,32368.2,328827,26.1,125.9,692.0,447025,413.5,21.3,138.0,179.9,4670,0,453237,384592,0,0,0,0,0,0,0,0,0,0,0,0,68.0,0,0,289,267.3,5.6,23,22.7,0,125.9,,12640,0,103.5,215.5
279,young,15953,26,7,7137,0,8,2,0,386,5994,266,2308,912096,32380.4,315150,24.4,150.4,692.0,449000,414.6,21.4,138.6,180.1,4670,0,455248,386561,0,0,0,0,0,0,0,0,0,0,0,0,68.0,0,2,287,181.0,5.6,23,22.7,0,150.4,,12669,0,104.1,216.6
280,full-cycle,42515,32,6983,0,0,0,1,1,902,2137,292,927,914193,32453.7,689351,68.9,68.9,724.0,452025,417.7,21.6,139.8,181.2,4696,0,457592,389250,7015,20226,11902,483555,17,398,8417,0,0,0,3356,0,22.0,1,19,308,521.9,1.9,23,24.7,0,68.9,promoted,12764,0,104.7,218.0
281,young,10502,114,6,6762,0,8,1,0,227,2598,262,697,921422,32671.4,203091,18.1,87.0,724.0,452566,420.0,21.6,140.1,183.2,4703,0,458144,389281,0,0,0,0,0,0,0,0,0,0,0,0,22.0,0,0,328,494.9,1.9,23,24.2,0,87.0,,12767,0,104.9,218.3
282,young,10577,152,7,5097,0,8,1,0,321,3448,247,1448,929667,33002.7,172933,13.4,100.4,724.0,454034,421.9,21.7,140.5,184.3,4704,0,459663,390390,0,0,0,0,0,0,0,0,0,0,0,0,22.0,0,0,328,435.9,1.9,23,24.1,0,100.4,,12801,0,105.3,219.1
283,young,17599,19,4,10031,0,10,2,1,362,4470,251,2648,930685,33045.7,304409,23.7,124.1,724.0,456000,423.1,21.8,141.0,184.7,4704,0,461689,392261,0,0,0,0,0,0,0,0,0,0,0,0,22.0,0,0,328,347.7,1.9,23,24.1,0,124.1,,12834,0,105.8,220.1
284,young,14070,160,7,4832,0,10,1,1,376,5808,252,2781,931134,33067.4,203224,17.5,141.6,724.0,457457,424.0,21.8,141.4,184.9,4718,0,463212,393742,0,0,0,0,0,0,0,0,0,0,0,0,22.0,0,0,328,277.7,1.9,23,23.0,0,141.6,,12881,0,106.1,220.8
285,full-cycle,39251,34,6578,0,0,0,2,1,739,1161,227,754,932809,33130.4,523777,57.6,57.6,724.0,459787,425.9,21.9,142.2,185.6,4724,0,465620,395936,6612,18805,11479,486651,30,8788,734,0,0,0,2337,0,74.0,3,2,297,515.9,5.6,23,25.2,0,64.0,promoted,12967,0,106.6,221.9
286,young,12419,192,11,6221,0,8,2,0,246,4096,254,1490,941893,33400.9,163710,16.8,74.4,724.0,460956,426.6,21.9,142.5,185.8,4772,0,466875,396983,0,0,0,0,0,0,0,0,0,0,0,1,76.0,0,0,301,468.6,3.7,23,21.5,0,74.4,,13021,0,107.0,222.6
287,young,11459,53,7,4705,0,8,1,0,264,5203,253,1129,948318,33650.4,236222,18.5,92.9,724.0,461780,428.0,22.0,143.0,186.5,4774,0,467771,397596,0,0,0,0,0,0,0,0,0,0,0,1,76.0,0,3,298,401.1,3.7,23,21.3,0,92.9,,13066,0,107.2,223.0
288,young,13664,29,7,5840,0,11,1,0,307,6156,245,1194,949255,33684.9,245150,19.0,111.9,724.0,462646,428.6,22.0,143.3,186.6,4774,0,468710,398479,0,0,0,0,0,0,0,0,0,0,0,0,76.0,0,0,301,329.7,3.7,23,21.3,0,111.9,,13118,0,107.4,223.4
289,young,12743,43,7,4552,0,12,2,0,328,5738,261,1941,950255,33714.0,219367,16.8,128.7,724.0,463799,429.7,22.0,143.7,186.9,4774,0,469950,399628,0,0,0,0,0,0,0,0,0,0,0,0,76.0,0,0,301,263.2,3.7,23,21.3,0,128.7,,13171,0,107.6,224.0
290,full-cycle,30575,31,4475,0,0,0,1,0,506,2000,143,518,952399,33783.2,575002,62.5,62.5,724.0,465748,431.3,22.1,144.3,187.6,4812,0,471996,401454,4506,19772,3377,540553,16,815,23,0,0,0,2909,0,98.0,1,17,272,470.3,1.9,23,22.8,0,64.0,promoted,13263,0,108.1,224.8
291,young,9132,41,6,2871,0,9,1,0,230,5057,234,849,959859,34054.4,175646,15.6,78.1,724.0,466647,433.0,22.2,144.6,188.8,4819,0,472895,401881,0,0,0,0,0,0,0,0,0,0,0,0,98.0,0,0,290,443.6,1.9,23,22.2,0,78.1,,13268,0,108.3,225.3
292,young,12351,17,4,6366,0,9,1,0,272,3983,236,1645,963628,34228.8,293400,22.8,100.9,724.0,468524,434.2,22.2,145.1,189.1,4822,0,474836,403698,0,0,0,0,0,0,0,0,0,0,0,0,98.0,0,0,290,363.9,1.9,23,22.0,0,100.9,,13302,0,108.7,226.2
293,young,14517,35,8,6480,0,7,1,0,325,6006,244,1556,963807,34236.6,305762,24.0,124.9,724.0,470080,435.0,22.3,145.5,189.3,4822,0,476425,405243,0,0,0,0,0,0,0,0,0,0,0,0,98.0,0,0,290,277.8,1.9,23,22.0,0,124.9,,13329,0,109.1,227.0
294,young,11628,26,7,6203,0,10,1,1,376,3130,253,1778,964427,34261.0,185928,14.1,139.0,724.0,471458,435.8,22.3,146.0,189.4,4822,0,477865,406653,0,0,0,0,0,0,0,0,0,0,0,1,98.0,0,0,290,225.0,1.9,23,22.0,0,139.0,,13364,0,109.4,227.6
295,full-cycle,34183,39,2453,0,0,0,2,0,665,3645,251,676,968370,34354.1,624619,64.5,64.5,724.0,473470,438.1,22.4,146.6,190.5,4860,0,479960,408427,2492,18218,10806,443199,17,476,5987,0,0,0,2648,0,100.0,3,14,272,461.2,5.6,23,24.2,0,64.5,promoted,13458,0,109.8,228.5
296,young,13243,108,8,7878,0,9,2,1,274,3646,249,1219,975744,34582.5,238034,20.9,85.4,724.0,474387,439.9,22.5,146.9,191.9,4870,0,480904,408537,0,0,0,0,0,0,0,0,0,0,0,0,100.0,0,0,289,420.6,5.6,23,23.4,0,85.4,,13472,0,110.1,229.0
297,young,11285,69,8,6071,0,11,1,0,292,3368,240,1364,982716,34798.9,202230,16.2,101.6,724.0,475658,441.9,22.5,147.4,193.2,4879,0,482242,409384,0,0,0,0,0,0,0,0,0,0,0,1,100.0,0,2,287,358.4,5.6,23,22.7,0,101.6,,13515,0,110.4,229.6
298,young,8460,21,6,2786,0,8,1,0,316,3925,248,1295,983616,34837.2,162315,12.8,114.3,724.0,476805,443.0,22.6,147.7,193.7,4879,0,483457,410412,0,0,0,0,0,0,0,0,0,0,0,0,100.0,0,0,289,303.1,5.6,23,22.7,0,114.3,,13554,0,110.6,230.1
299,young,10166,30,14,4892,0,7,1,0,326,3086,249,1672,984918,34890.9,145395,12.1,126.4,724.0,478660,444.4,22.6,148.3,194.2,4894,0,485393,412171,0,0,0,0,0,0,0,0,0,0,0,0,100.0,0,0,289,250.4,5.6,23,21.7,0,126.4,,13602,0,111.1,231.2
300,young,14423,23,5,7364,0,8,1,0,408,4156,263,2309,986507,34958.5,258477,20.7,147.2,724.0,480001,446.0,22.7,148.9,194.9,4899,0,486812,413337,0,0,0,0,0,0,0,0,0,0,0,0,100.0,0,0,289,167.2,5.6,23,21.3,0,147.2,,13655,0,111.4,231.8
301,full-cycle,28602,35,4257,0,0,0,2,0,621,1295,264,633,988731,35030.2,482425,54.9,54.9,724.0,482981,448.5,22.8,149.8,195.9,4933,0,489604,416000,4292,17013,4772,443129,19,1690,1130,0,0,0,2512,0,62.0,2,18,288,515.0,3.7,23,22.2,0,64.0,promoted,13800,0,112.2,233.2
302,young,9093,29,6,3278,0,9,2,0,242,4896,261,537,999541,35488.8,184207,17.9,72.8,724.0,483425,450.0,22.8,150.0,197.1,4941,0,490063,416000,0,0,0,0,0,0,0,0,0,0,0,0,62.0,0,0,308,486.6,3.7,23,21.6,0,72.8,,13804,0,112.3,233.4
303,young,10402,27,6,5039,0,11,1,0,268,3710,259,1251,1001891,35560.2,225540,17.2,90.1,724.0,484298,450.9,22.9,150.3,197.6,4941,0,490979,416760,0,0,0,0,0,0,0,0,0,0,0,0,62.0,0,0,308,425.5,3.7,23,21.6,0,90.1,,13837,0,112.5,233.8
304,young,18524,21,5,11327,0,9,1,0,312,4449,246,2343,1003552,35580.8,319546,26.5,116.5,724.0,485951,451.8,22.9,150.7,197.7,4971,0,492670,418414,0,0,0,0,0,0,0,0,0,0,0,0,62.0,0,0,308,341.2,3.7,23,19.8,0,116.5,,13870,0,112.8,234.6
305,young,13284,31,5,5310,0,9,2,0,346,5541,257,1944,1003810,35592.6,214536,16.1,132.6,724.0,487766,452.7,23.0,151.2,197.8,4975,0,494526,420259,0,0,0,0,0,0,0,0,0,0,0,0,62.0,0,0,308,277.8,3.7,23,19.6,0,132.6,,13900,0,113.3,235.5
306,full-cycle,32810,32,6126,0,0,0,1,1,480,520,187,491,1005192,35651.1,472175,52.5,52.5,724.0,489409,454.2,23.0,151.8,198.5,4979,0,496223,421728,6158,17329,7768,458023,28,6162,560,0,0,0,1541,0,92.0,0,1,292,515.3,0.0,23,26.2,0,64.0,promoted,13963,0,113.7,236.3
307,young,6860,30,7,1642,0,9,1,1,281,4080,240,734,1014685,36147.8,180627,17.2,69.7,724.0,490216,454.7,23.1,152.0,198.6,5013,0,497087,422413,0,0,0,0,0,0,0,0,0,0,0,0,92.0,0,0,293,459.6,0.0,23,23.6,0,69.7,,13998,0,113.9,236.8
308,young,11163,27,7,4798,0,8,1,0,251,4133,242,1844,1015022,36161.8,230492,17.7,87.4,724.0,491681,455.6,23.1,152.4,198.9,5013,0,498605,423836,0,0,0,0,0,0,0,0,0,0,0,0,92.0,0,0,293,393.7,0.0,23,23.6,0,87.4,,14031,0,114.2,237.5
309,young,10003,20,6,4034,0,8,1,0,257,4336,263,1258,1015250,36171.6,176431,13.1,100.5,724.0,492709,456.3,23.2,152.7,199.1,5013,0,499685,424833,0,0,0,0,0,0,0,0,0,0,0,0,92.0,0,0,293,349.6,0.0,23,23.6,0,100.5,,14064,0,114.5,238.1
310,young,12188,30,7,3378,0,9,1,0,346,6290,264,2034,1016411,36221.3,264538,20.6,121.1,724.0,493724,457.6,23.2,153.0,199.9,5013,0,500740,425602,0,0,0,0,0,0,0,0,0,0,0,0,92.0,0,1,292,274.0,0.0,23,23.6,0,121.1,,14097,0,114.8,238.6
311,full-cycle,39187,32,3724,0,0,0,2,1,644,3891,243,655,1018351,36284.0,695791,68.8,68.8,724.0,496671,460.5,23.3,154.0,201.2,5054,0,503799,428188,3756,23567,8036,579686,22,2998,464,0,0,0,3741,0,96.0,10,25,256,419.9,18.6,23,23.7,0,68.8,promoted,14196,0,115.5,240.0
312,young,10270,46,7,4102,0,11,1,0,245,5130,240,618,1022734,36372.8,166518,18.8,87.5,724.0,497062,461.6,23.3,154.1,202.1,5100,0,504181,428258,0,0,0,0,0,0,0,0,0,0,0,0,98.0,0,0,290,403.1,16.7,23,20.9,0,87.5,,14204,0,115.6,240.2
313,young,14380,28,6,8475,0,9,1,1,297,4014,237,1457,1031931,36680.4,278151,22.3,109.8,724.0,498236,466.4,24.0,156.5,203.6,5108,0,505437,428944,0,0,0,0,0,0,0,0,0,0,0,0,98.0,0,0,290,324.9,16.7,23,20.4,0,109.8,,14253,0,115.9,240.8
314,young,10357,28,6,4633,0,8,1,1,296,3433,253,1848,1032601,36706.7,180774,13.8,123.6,724.0,500373,467.4,24.1,157.0,203.7,5118,0,507626,431113,0,0,0,0,0,0,0,0,0,0,0,0,98.0,0,0,290,263.9,16.7,23,19.8,0,123.6,,14289,0,116.3,241.7
315,young,18202,20,5,9652,0,10,2,1,403,5670,246,2351,1033743,36760.2,341206,26.9,150.5,724.0,502090,468.8,24.2,157.6,204.3,5124,0,509418,432688,0,0,0,0,0,0,0,0,0,0,0,0,98.0,0,0,290,164.8,16.7,23,19.4,0,150.5,,14328,0,116.7,242.6
316,full-cycle,30859,45,2983,0,0,0,1,0,756,3281,275,769,1036064,36834.2,608656,64.6,64.6,724.0,505569,472.1,24.3,158.7,205.8,5174,0,512490,435708,3028,15387,9015,427581,29,2498,2431,0,0,0,3340,0,32.0,4,22,297,511.2,7.4,23,20.7,0,64.6,promoted,14470,0,117.5,244.2
317,young,7119,21,7,1788,0,8,1,0,257,4422,263,552,1045815,37277.1,202497,21.5,86.1,724.0,505893,473.2,24.4,158.8,206.7,5198,0,512838,435708,0,0,0,0,0,0,0,0,0,0,0,0,32.0,0,2,321,491.8,7.4,23,19.2,0,86.1,,14476,0,117.6,244.3
318,young,10634,36,5,4321,0,8,2,0,242,4374,262,1540,1047599,37345.7,175847,13.9,100.0,724.0,507408,474.5,24.4,159.2,207.3,5217,0,514422,437074,0,0,0,0,0,0,0,0,0,0,0,0,32.0,0,0,323,441.5,7.4,23,18.1,0,100.0,,14511,0,117.9,245.0
319,young,11479,30,5,4588,0,8,1,0,332,4509,245,1894,1048775,37393.6,200616,15.5,115.6,724.0,509027,475.7,24.5,159.7,207.7,5217,0,516112,438586,0,0,0,0,0,0,0,0,0,0,0,0,32.0,0,0,323,373.8,7.4,23,18.1,0,115.6,,14562,0,118.2,245.7
320,young,11842,42,6,3147,0,8,1,1,377,6214,250,1941,1051885,37436.1,233642,18.5,134.1,724.0,510380,476.8,24.5,160.1,208.1,5217,0,517544,439884,0,0,0,0,0,0,0,0,0,0,0,0,32.0,0,0,323,299.9,7.4,23,18.1,0,134.1,,14611,0,118.5,246.4
321,full-cycle,34555,31,4679,0,0,0,1,0,773,3115,295,783,1053773,37506.8,629030,66.2,66.2,724.0,514531,495.5,39.2,162.4,209.3,5250,0,521796,443619,4710,19129,7518,458007,18,1584,2012,0,0,0,3185,0,34.0,2,19,301,513.6,3.7,23,22.0,0,66.2,promoted,14720,0,119.5,248.3
322,young,10006,21,6,4131,0,10,1,0,222,4633,254,926,1063921,37950.0,223879,19.5,85.7,724.0,515077,497.0,39.2,162.5,210.6,5251,0,522336,443620,0,0,0,0,0,0,0,0,0,0,0,0,34.0,0,0,322,480.5,3.7,23,21.9,0,85.7,,14722,0,119.6,248.5
323,young,6204,90,5,448,0,9,1,0,296,4173,242,1121,1065189,38012.5,134193,13.1,98.8,724.0,516449,498.0,39.3,162.9,210.9,5299,0,523758,444883,0,0,0,0,0,0,0,0,0,0,0,0,34.0,0,0,322,415.2,3.7,23,19.1,0,98.8,,14757,0,119.8,249.0
324,young,7425,27,6,4208,0,7,1,0,322,1343,244,1456,1065815,38041.4,150337,11.2,110.1,724.0,518259,499.0,39.3,163.4,211.1,5299,0,525619,446690,0,0,0,0,0,0,0,0,0,0,0,0,34.0,0,0,322,366.9,3.7,23,19.1,0,110.1,,14789,0,120.2,249.8
325,young,13460,23,6,6418,0,8,1,0,374,4265,253,2300,1067113,38100.4,291597,22.9,132.9,724.0,519350,500.3,39.4,163.7,211.9,5299,0,526780,447537,0,0,0,0,0,0,0,0,0,0,0,0,34.0,0,0,322,282.6,3.7,23,19.1,0,132.9,,14823,0,120.5,250.4
326,full-cycle,30862,26,3756,0,0,0,1,0,611,1557,270,621,1068370,38147.5,579500,60.7,60.7,724.0,522179,502.5,39.5,164.6,212.8,5334,0,529680,450137,3781,22033,2537,533356,16,264,74,0,0,0,2502,0,66.0,0,15,291,505.2,0.0,23,24.5,0,64.0,promoted,14909,0,121.2,251.8
327,young,8306,28,7,2697,0,9,1,1,236,4512,265,727,1078016,38595.1,167756,15.5,76.2,724.0,522829,504.1,39.5,164.8,214.1,5345,0,530333,450218,0,0,0,0,0,0,0,0,0,0,0,0,66.0,0,2,304,476.5,0.0,23,23.7,0,76.2,,14916,0,121.3,252.1
328,young,12773,25,6,9293,0,7,1,0,258,1734,244,1377,1079483,38649.8,235201,18.6,94.8,724.0,523945,505.5,39.5,165.1,214.9,5345,0,531516,451067,0,0,0,0,0,0,0,0,0,0,0,0,66.0,0,0,306,418.1,0.0,23,23.7,0,94.8,,14950,0,121.6,252.6
329,young,9399,22,8,4202,0,9,1,1,265,2890,262,1912,1080066,38679.8,177121,13.3,108.1,724.0,525669,506.5,39.6,165.6,215.1,5345,0,533285,452786,0,0,0,0,0,0,0,0,0,0,0,0,66.0,0,0,306,357.8,0.0,23,23.7,0,108.1,,14980,0,122.0,253.4
330,young,9145,22,4,3919,0,8,1,0,330,3085,257,1724,1081079,38722.8,198522,14.7,122.8,724.0,526969,507.5,39.7,166.0,215.5,5345,0,534634,453992,0,0,0,0,0,0,0,0,0,0,0,0,66.0,0,0,306,294.3,0.0,23,23.7,0,122.8,,15013,0,122.2,254.0
331,young,12081,28,7,4489,0,8,2,0,404,4767,269,2286,1082042,38776.0,242193,18.8,141.6,724.0,528480,508.5,39.7,166.5,215.8,5345,0,536208,455469,0,0,0,0,0,0,0,0,0,0,0,0,66.0,0,0,306,211.6,0.0,23,23.7,0,141.6,,15047,0,122.6,254.9
332,full-cycle,36127,26,5303,0,0,0,1,0,846,4020,302,865,1084138,38851.0,708601,70.5,70.5,728.0,531821,511.4,39.9,167.6,216.8,5371,0,539179,458508,5329,21618,5266,573879,17,245,115,0,0,0,3895,0,10.0,2,21,313,527.4,3.7,23,24.9,0,70.5,promoted,15139,0,123.4,256.4
333,young,11732,39,5,2026,0,10,2,0,252,7998,283,1333,1093829,39197.0,284947,24.4,95.0,728.0,532515,513.1,39.9,167.8,218.2,5380,0,539878,458593,0,0,0,0,0,0,0,0,0,0,0,0,12.0,0,1,334,486.9,1.9,23,24.2,0,95.0,,15147,0,123.6,256.7
334,young,8355,22,7,2613,0,8,1,0,279,3685,271,1642,1098413,39374.4,178455,13.9,108.8,728.0,534646,514.7,40.0,168.5,218.7,5381,0,542062,460602,0,0,0,0,0,0,0,0,0,0,0,0,12.0,0,0,335,422.6,1.9,23,24.1,0,108.8,,15175,0,124.1,257.7
335,young,10205,50,7,4005,0,8,1,0,323,4057,257,1673,1100965,39414.7,221107,17.6,126.4,728.0,536181,515.8,40.0,169.0,219.0,5386,0,543667,462087,0,0,0,0,0,0,0,0,0,0,0,1,12.0,0,1,334,357.5,1.9,23,23.8,0,126.4,,15214,0,124.4,258.5
336,young,9175,27,10,3228,0,8,1,0,340,3313,275,2168,1102316,39466.9,168582,14.3,140.8,728.0,537746,518.0,40.1,169.5,219.7,5407,0,545302,463464,0,0,0,0,0,0,0,0,0,0,0,0,12.0,0,0,335,303.0,1.9,23,22.2,0,140.8,,15265,0,124.8,259.3
337,young,12463,24,6,3709,0,10,1,1,443,5423,293,2755,1104240,39546.8,217573,17.2,157.9,728.0,539368,519.3,40.2,170.0,220.2,5409,0,546975,464980,0,0,0,0,0,0,0,0,0,0,0,0,12.0,0,0,335,227.6,1.9,23,22.1,0,157.9,,15298,0,125.1,260.0
338,full-cycle,42138,31,4776,0,0,0,1,1,944,2921,286,986,1107216,39657.8,703706,72.2,72.2,762.0,542780,523.5,40.4,171.3,222.2,5436,0,550117,467650,4807,22217,11278,523837,20,836,6510,0,0,0,3812,0,56.0,1,24,305,517.5,1.9,23,22.9,0,72.2,promoted,15390,0,125.9,261.7
339,young,16792,76,8,11764,0,9,1,0,291,3524,268,1016,1113589,39791.2,279367,24.9,97.1,762.0,543364,526.8,40.4,171.7,225.1,5450,0,550723,467651,0,0,0,0,0,0,0,0,0,0,0,0,56.0,0,2,328,480.3,1.9,23,21.8,0,97.1,,15408,0,126.1,262.1
340,young,9040,46,6,3161,0,9,1,0,254,4542,281,948,1123076,40225.4,173241,13.5,110.6,762.0,544466,528.6,40.5,172.1,226.3,5461,0,551900,468396,0,0,0,0,0,0,0,0,0,0,0,0,56.0,0,0,330,438.3,1.9,23,20.9,0,110.6,,15460,0,126.4,262.6
341,young,16460,28,9,5400,0,10,1,1,381,8492,273,2052,1124883,40291.5,360225,29.6,140.2,762.0,545406,529.7,40.5,172.4,226.8,5487,0,552903,469210,0,0,0,0,0,0,0,0,0,0,0,0,56.0,0,0,330,336.2,1.9,23,19.4,0,140.2,,15500,0,126.6,263.1
342,young,15589,29,7,10028,0,24,1,1,416,2972,281,2036,1126264,40304.4,268987,20.8,161.0,762.0,547448,530.7,40.6,173.0,226.9,5487,0,555013,471307,0,0,0,0,0,0,0,0,0,0,0,0,56.0,0,0,330,262.3,1.9,23,19.4,0,161.0,,15544,0,127.1,264.1
343,full-cycle,34288,27,4287,0,0,0,1,1,622,1876,239,634,1128928,40405.0,577766,62.5,62.5,762.0,551694,537.6,40.8,175.2,228.1,5530,0,559390,475271,4314,18869,7975,478172,17,3046,2393,0,0,0,3109,0,102.0,2,23,282,491.3,3.6,23,20.5,0,64.0,promoted,15668,0,128.1,266.1
344,young,9226,28,7,1430,0,12,1,0,218,6868,256,605,1138220,40854.1,188375,18.9,81.4,762.0,552051,538.7,40.8,175.3,229.0,5538,0,559782,475290,0,0,0,0,0,0,0,0,0,0,0,0,102.0,0,0,307,469.7,3.6,23,19.9,0,81.4,,15677,0,128.2,266.3
345,young,16432,26,7,5480,0,13,1,0,301,8770,243,1723,1140009,40926.2,280289,21.7,103.1,762.0,552904,539.6,40.8,175.6,229.4,5538,0,560691,476053,0,0,0,0,0,0,0,0,0,0,0,0,102.0,0,0,307,391.1,3.6,23,19.9,0,103.1,,15719,0,128.3,266.7
346,young,12760,21,7,3721,0,8,1,1,286,6442,260,2187,1140953,40936.1,217535,16.5,119.6,762.0,555201,540.8,40.9,176.2,229.5,5539,0,563076,478403,0,0,0,0,0,0,0,0,0,0,0,0,102.0,0,0,307,322.5,3.6,23,19.8,0,119.6,,15773,0,128.8,267.8
347,young,10894,29,6,3255,0,8,1,1,383,5198,270,1914,1141922,40976.4,251441,19.9,139.5,762.0,556407,541.8,40.9,176.6,229.9,5539,0,564336,479545,0,0,0,0,0,0,0,0,0,0,0,0,102.0,0,0,307,242.4,3.6,23,19.8,0,139.5,,15815,0,129.2,268.5
348,full-cycle,38165,28,4186,0,0,0,2,0,846,2970,267,858,1143099,41025.1,715709,73.2,73.2,762.0,559314,543.7,41.0,177.6,230.3,5539,0,567159,482329,4213,26351,5658,659880,18,1744,63,0,0,0,1929,0,94.0,1,0,310,503.3,1.9,23,25.0,0,73.2,promoted,15876,0,129.8,269.8
349,young,9111,27,6,3527,0,10,1,0,236,3953,262,1268,1156197,41540.6,220493,19.1,92.3,762.0,560392,544.5,41.1,178.0,230.5,5570,0,568284,483366,0,0,0,0,0,0,0,0,0,0,0,0,94.0,0,0,311,450.6,1.9,23,22.5,0,92.3,,15911,0,130.1,270.4
350,young,13447,35,5,7508,0,8,2,1,296,3861,263,1637,1156697,41564.0,247808,19.3,111.6,762.0,561725,545.2,41.1,178.4,230.5,5571,0,569652,484724,0,0,0,0,0,0,0,0,0,0,0,0,94.0,0,0,311,373.6,1.9,23,22.5,0,111.6,,15942,0,130.4,271.1
351,young,9771,33,6,3058,0,8,1,0,342,4636,261,1596,1157277,41586.5,180317,13.9,125.5,762.0,562987,545.9,41.2,178.7,230.6,5571,0,570971,486026,0,0,0,0,0,0,0,0,0,0,0,0,94.0,0,0,311,312.8,1.9,23,22.5,0,125.5,,15977,0,130.7,271.8
352,young,14274,30,6,7340,0,8,2,0,385,4177,263,2226,1159476,41645.7,163271,12.5,138.0,762.0,564528,547.2,41.2,179.3,231.1,5572,0,572555,487474,0,0,0,0,0,0,0,0,0,0,0,0,94.0,0,0,311,254.5,1.9,23,22.4,0,138.0,,16006,0,131.1,272.5
353,young,13185,26,6,6168,0,8,1,0,421,3565,272,2879,1162714,41719.4,212097,17.0,155.0,762.0,566919,548.8,41.3,180.0,231.6,5572,0,575009,489758,0,0,0,0,0,0,0,0,0,0,0,0,94.0,0,0,311,178.0,1.9,23,22.4,0,155.0,,16042,0,131.6,273.6
354,full-cycle,25302,25,5335,0,0,0,1,0,488,574,192,498,1165889,41789.7,485900,52.6,52.6,762.0,569450,550.4,41.4,180.7,232.0,5573,0,577578,492216,5360,11789,6439,468758,20,5087,255,0,0,0,1704,0,114.0,1,1,299,526.8,1.9,23,26.7,0,64.0,promoted,16101,0,132.2,274.7
355,young,7542,65,4,1058,0,8,2,0,272,4469,255,1627,1178255,42305.1,144585,14.0,66.6,762.0,571447,553.1,41.5,181.4,233.6,5604,0,579637,493024,0,0,0,0,0,0,0,0,0,0,0,0,114.0,0,0,301,472.4,1.9,23,24.3,0,66.6,,16137,0,132.8,276.1
356,young,10231,18,5,2406,0,10,1,0,251,6072,260,1391,1178949,42333.5,228852,18.0,84.6,762.0,572366,554.0,41.5,181.7,234.0,5605,0,580623,493697,0,0,0,0,0,0,0,0,0,0,0,0,114.0,0,2,299,409.5,1.9,23,24.2,0,84.6,,16173,0,133.0,276.5
357,young,10582,22,4,1503,0,8,2,0,300,7467,267,1223,1179230,42344.6,301127,23.3,107.9,762.0,573099,554.5,41.6,181.9,234.1,5605,0,581401,494444,0,0,0,0,0,0,0,0,0,0,0,0,114.0,0,0,301,332.3,1.9,23,24.2,0,107.9,,16205,0,133.1,276.8
358,young,5189,32,8,500,0,10,1,0,326,3340,259,906,1179519,42359.5,90329,6.5,114.4,762.0,574169,555.1,41.6,182.3,234.1,5605,0,582511,495539,0,0,0,0,0,0,0,0,0,0,0,0,114.0,0,0,301,298.4,1.9,23,24.2,0,178.4,,16232,0,133.3,277.2
359,young,9631,26,6,6306,0,8,1,0,511,1599,266,1098,1181206,42439.8,163163,13.0,127.4,762.0,575830,556.4,41.7,182.8,234.6,5605,0,584240,497094,0,0,0,0,0,0,0,0,0,0,0,0,114.0,0,0,301,252.0,1.9,23,24.2,0,191.4,,16267,0,133.8,278.1
360,full-cycle,30554,27,4666,0,0,0,1,0,591,774,196,602,1184244,42583.4,522622,55.8,55.8,762.0,577758,558.4,41.7,183.4,235.6,5608,0,586210,498834,4693,17807,6354,493592,20,4648,305,0,0,0,1690,0,134.0,2,1,288,497.3,3.7,23,26.6,0,128.0,promoted,16324,0,134.2,279.0
361,young,8715,31,18,4252,0,8,1,0,406,2335,258,1576,1195473,43078.9,147879,14.5,70.2,762.0,580930,562.3,41.9,184.4,237.8,5639,0,589445,500187,0,0,0,0,0,0,0,0,0,0,0,0,136.0,0,1,289,425.5,1.9,23,24.2,0,134.2,,16360,0,135.0,280.7
362,young,16833,26,6,11073,0,8,2,1,407,3223,263,2006,1196868,43141.6,326433,25.3,95.5,762.0,582509,563.5,41.9,184.8,238.3,5639,0,591072,501593,0,0,0,0,0,0,0,0,0,0,0,0,136.0,0,1,289,334.2,1.9,23,24.2,0,95.5,,16392,0,135.4,281.5
363,young,11927,20,6,6984,0,8,1,0,286,2736,261,1810,1197968,43193.6,208389,15.8,111.4,762.0,583502,564.4,42.0,185.1,238.7,5640,0,592113,502474,0,0,0,0,0,0,0,0,0,0,0,0,136.0,0,0,290,282.4,1.9,23,24.1,0,111.4,,16426,0,135.6,281.9
364,young,7648,28,7,1087,0,8,1,0,328,4094,270,1981,1199085,43243.6,171342,13.8,125.2,762.0,584475,565.5,42.0,185.4,239.3,5649,0,593150,503328,0,0,0,0,0,0,0,0,0,0,0,0,136.0,0,0,290,229.0,1.9,23,23.4,0,125.2,,16467,0,135.8,282.4
365,full-cycle,18540,29,2601,0,0,0,1,0,464,517,213,476,1200686,43308.5,438612,51.2,51.2,750.0,585833,566.7,42.0,185.9,239.8,5661,0,594577,504597,2630,11946,1837,438379,16,785,38,0,0,0,1545,576,128.0,1,0,287,508.0,1.9,23,25.3,0,64.0,promoted,16547,0,136.2,283.1
366,young,10954,27,7,3434,0,11,1,1,278,5194,239,1925,1211255,43749.0,210222,18.9,70.1,750.0,587906,569.6,42.1,186.5,241.6,5693,0,596718,505388,0,0,0,0,0,0,0,0,0,0,0,0,130.0,0,0,287,441.5,0.0,23,22.8,0,70.1,,16586,0,136.7,284.2
367,young,9414,18,6,3743,0,8,2,0,234,4333,242,994,1211826,43771.2,190506,14.4,84.5,750.0,588932,570.6,42.2,186.8,242.1,5693,0,597771,506102,0,0,0,0,0,0,0,0,0,0,0,0,130.0,0,1,286,385.1,0.0,23,22.8,0,84.5,,16616,0,136.9,284.7
368,young,9914,28,7,4772,0,8,1,1,286,3594,244,1127,1212371,43794.8,186752,17.5,102.0,750.0,589720,571.1,42.2,187.0,242.2,5757,0,598599,506891,0,0,0,0,0,0,0,0,0,0,0,0,130.0,0,0,287,324.2,0.0,23,19.1,0,102.0,,16647,0,137.1,284.9
369,young,7933,26,7,3936,0,7,2,0,294,2322,241,1258,1212926,43820.4,147078,11.6,113.6,750.0,590782,571.7,42.2,187.3,242.3,5761,0,599703,507968,0,0,0,0,0,0,0,0,0,0,0,0,130.0,0,0,287,282.9,0.0,23,18.8,0,113.6,,16677,0,137.3,285.4
370,young,15219,32,6,4805,0,9,1,1,384,7603,244,2279,1214345,43887.2,313182,24.4,138.0,750.0,591847,572.7,42.3,187.7,242.7,5761,0,600815,508934,0,0,0,0,0,0,0,0,0,0,0,0,130.0,0,0,287,195.0,0.0,23,18.8,0,138.0,,16710,0,137.6,285.9
371,full-cycle,24655,29,2675,0,0,0,1,0,663,1724,257,673,1215131,43921.0,594405,61.4,61.4,750.0,593844,574.0,42.4,188.4,243.0,5761,0,602627,510842,2704,16971,3307,579320,18,841,44,0,0,0,1668,0,100.0,0,1,301,511.4,0.0,23,26.8,0,64.0,promoted,16772,0,138.0,286.8
372,young,7788,33,8,3354,0,9,1,1,219,3218,265,864,1226250,44432.6,139717,13.3,74.6,750.0,594943,575.0,42.4,188.8,243.3,5793,0,603791,511761,0,0,0,0,0,0,0,0,0,0,0,0,100.0,0,0,302,471.1,0.0,23,24.3,0,74.6,,16809,0,138.3,287.4
373,young,6910,27,5,2192,0,8,1,0,238,3511,245,848,1226812,44457.2,163534,12.5,87.1,750.0,595614,575.6,42.5,189.0,243.5,5795,0,604494,512390,0,0,0,0,0,0,0,0,0,0,0,0,100.0,0,1,301,422.7,0.0,23,24.1,0,87.1,,16838,0,138.4,287.7
374,young,10744,33,7,4062,0,8,1,0,265,4725,247,1554,1227593,44492.5,244088,18.7,105.8,750.0,596610,576.5,42.5,189.3,244.0,5795,0,605551,513280,0,0,0,0,0,0,0,0,0,0,0,0,100.0,0,0,302,349.7,0.0,23,24.1,0,105.8,,16874,0,138.7,288.2
375,young,15006,26,7,7079,0,8,2,0,333,5282,248,2191,1228064,44513.9,271383,20.5,126.3,750.0,598003,577.3,42.6,189.7,244.1,5795,0,606987,514692,0,0,0,0,0,0,0,0,0,0,0,0,100.0,0,0,302,267.0,0.0,23,24.1,0,126.3,,16905,0,139.0,288.9
376,full-cycle,30589,26,4190,0,0,0,1,0,582,2993,197,594,1229605,44567.6,591186,61.1,61.1,750.0,600850,579.6,42.7,190.6,245.0,5820,0,609913,517285,4216,17526,5774,534757,19,2140,22,0,0,0,3062,0,126.0,6,17,266,452.2,11.0,23,24.9,0,64.0,promoted,16991,0,139.7,290.3
377,young,10169,100,8,6366,0,8,1,1,238,2650,239,764,1235815,44794.5,191773,17.3,78.4,750.0,601307,581.2,42.7,190.8,246.3,5824,0,610382,517309,0,0,0,0,0,0,0,0,0,0,0,0,126.0,0,0,289,428.2,11.0,23,24.5,0,78.4,,16996,0,139.8,290.5
378,young,13986,20,6,6521,0,8,1,1,244,5676,237,1434,1240490,45005.5,217628,17.4,95.8,750.0,602125,582.6,42.7,191.0,247.3,5829,0,611265,517744,0,0,0,0,0,0,0,0,0,0,0,0,126.0,0,0,289,367.6,11.0,23,24.1,0,95.8,,17032,0,140.0,290.9
379,young,14723,26,6,5662,0,8,1,1,325,6809,246,1800,1241269,45036.6,259048,20.2,116.0,750.0,603588,583.7,42.8,191.5,247.7,5829,0,612759,519093,0,0,0,0,0,0,0,0,0,0,0,0,126.0,0,0,289,294.0,11.0,23,24.1,0,116.0,,17057,0,140.3,291.7
380,young,14323,25,7,8023,0,8,2,0,377,2923,255,2881,1242050,45067.1,230766,17.6,133.6,750.0,605912,585.1,42.8,192.1,248.1,5829,0,615144,521320,0,0,0,0,0,0,0,0,0,0,0,0,126.0,0,0,289,223.1,11.0,23,24.1,0,133.6,,17093,0,140.9,292.8
381,full-cycle,38706,133,6716,0,0,0,2,0,669,2727,253,680,1244108,45140.7,624737,64.2,64.2,750.0,608240,587.6,42.9,192.9,249.4,5855,0,617549,523276,6848,18658,10183,482788,18,2920,3832,0,0,0,3004,0,122.0,2,20,269,455.6,3.7,23,24.8,0,64.2,promoted,17177,0,141.4,293.8
382,young,10987,56,70,6458,0,8,2,0,234,3337,241,755,1250323,45352.4,237823,20.3,84.5,750.0,608823,589.3,43.0,193.1,250.8,5858,0,618145,523285,0,0,0,0,0,0,0,0,0,0,0,0,124.0,0,0,290,425.5,1.9,23,24.6,0,84.5,,17183,0,141.6,294.2
383,young,13596,27,8,6438,0,9,1,0,282,4877,252,1868,1255059,45588.4,260835,20.0,104.5,750.0,610318,590.9,43.0,193.5,251.7,5862,0,619675,524489,0,0,0,0,0,0,0,0,0,0,0,1,124.0,0,2,288,356.7,1.9,23,24.3,0,104.5,,17215,0,142.0,294.9
384,young,12833,36,9,2971,0,8,1,0,323,7608,251,1787,1256066,45620.8,251025,21.1,125.6,750.0,611762,591.7,43.1,193.9,251.8,5881,0,621176,525968,0,0,0,0,0,0,0,0,0,0,0,0,124.0,0,0,290,279.9,1.9,23,22.9,0,125.6,,17259,0,142.3,295.7
385,young,13087,32,6,5492,0,8,1,1,382,4804,255,2267,1258564,45653.2,243413,19.8,145.4,750.0,614048,593.1,43.2,194.6,252.1,5903,0,623537,528206,0,0,0,0,0,0,0,0,0,0,0,0,124.0,0,0,290,197.5,1.9,23,21.6,0,145.4,,17305,0,142.9,296.8
386,full-cycle,33364,22,3534,0,0,0,1,1,742,3199,261,755,1260643,45725.4,613503,65.4,65.4,750.0,617004,595.9,43.3,195.6,253.4,5931,0,626349,530778,3556,16612,9944,430065,20,1091,4873,0,0,0,3238,0,96.0,3,18,283,481.1,5.6,23,22.1,0,65.4,promoted,17394,0,143.6,298.3
387,young,11885,36,7,5631,0,8,2,1,221,5191,253,717,1270132,46159.4,254321,21.8,87.2,750.0,617431,597.2,43.3,195.7,254.5,5935,0,626768,530785,0,0,0,0,0,0,0,0,0,0,0,0,96.0,0,0,304,449.0,5.6,23,21.8,0,87.2,,17397,0,143.8,298.5
388,young,15589,27,7,7927,0,8,2,1,321,5114,244,2101,1271513,46213.4,275092,21.2,108.4,750.0,619228,598.7,43.4,196.2,255.1,5935,0,628634,532412,0,0,0,0,0,0,0,0,0,0,0,0,96.0,0,0,304,373.1,5.6,23,21.8,0,108.4,,17434,0,144.2,299.3
389,young,13138,26,6,4782,0,9,1,1,318,6021,244,1899,1272035,46236.5,235092,18.1,126.5,750.0,620929,599.7,43.4,196.7,255.4,5943,0,630376,534061,0,0,0,0,0,0,0,0,0,0,0,0,96.0,0,0,304,305.9,5.6,23,21.3,0,126.5,,17463,0,144.6,300.1
390,young,8946,34,7,2194,0,7,2,0,392,4076,257,2176,1273144,46283.6,177652,13.8,140.2,750.0,622636,601.0,43.5,197.2,255.9,5943,0,632131,535648,0,0,0,0,0,0,0,0,0,0,0,0,96.0,0,0,304,241.3,5.6,23,21.3,0,140.2,,17496,0,145.0,301.0
391,full-cycle,38944,21,3758,0,0,0,1,2,828,2652,249,841,1275466,46378.5,756068,73.8,73.8,750.0,625871,603.9,43.6,198.2,257.1,5970,0,635448,538529,3779,17188,14238,505025,21,1688,9030,0,0,0,3712,0,112.0,5,19,272,435.0,9.2,23,24.8,0,73.8,promoted,17582,0,145.7,302.5
392,young,15426,64,5,11152,0,8,2,0,247,2876,230,1004,1281519,46582.2,298195,25.3,99.0,750.0,626335,605.7,43.6,198.4,258.6,5973,0,635927,538552,0,0,0,0,0,0,0,0,0,0,0,0,112.0,0,0,296,395.1,9.2,23,24.5,0,99.0,,17588,0,145.9,302.8
393,young,8892,31,6,3501,0,7,1,0,306,3836,246,1116,1287851,46814.3,198405,15.3,114.3,750.0,627748,608.0,43.7,198.9,260.2,5976,0,637399,539398,0,0,0,0,0,0,0,0,0,0,0,0,112.0,0,1,295,334.0,9.2,23,24.3,0,114.3,,17622,0,146.2,303.4
394,young,6817,21,6,1856,0,7,1,1,350,2552,244,1943,1289111,46871.4,112981,8.8,123.1,750.0,630600,609.7,43.8,199.6,260.7,5978,0,640305,542127,0,0,0,0,0,0,0,0,0,0,0,0,112.0,0,0,296,268.3,9.2,23,24.2,0,123.1,,17654,0,146.8,304.7
395,young,16819,26,6,10829,0,9,1,0,444,3263,257,2163,1290285,46930.1,268841,21.2,144.3,750.0,632083,610.8,43.9,200.0,261.1,5978,0,641837,543538,0,0,0,0,0,0,0,0,0,0,0,1,112.0,0,0,296,188.9,9.2,23,24.2,0,144.3,,17688,0,147.1,305.5
396,young,12183,26,7,4167,0,9,1,1,357,4770,275,2768,1291817,46983.7,199783,16.0,160.3,750.0,634305,612.4,43.9,200.7,261.7,5995,0,644119,545678,0,0,0,0,0,0,0,0,0,0,0,0,112.0,0,0,296,126.1,9.2,23,22.9,0,160.3,,17736,0,147.7,306.6
397,full-cycle,33692,26,2870,0,0,0,1,2,1075,4968,307,1110,1295402,47103.0,655059,66.7,66.7,774.0,636995,616.2,44.2,201.9,263.6,6026,0,645810,547927,2896,17687,8590,509236,20,590,1895,0,0,0,4498,0,12.0,0,21,337,587.5,0.0,23,23.0,0,66.7,promoted,17838,0,148.4,308.0
398,young,10575,22,5,5438,0,8,2,0,276,3472,264,1278,1308083,47632.1,233867,21.0,87.8,774.0,637514,618.4,44.2,202.1,265.5,6027,0,646328,547966,0,0,0,0,0,0,0,0,0,0,0,0,12.0,0,0,358,551.7,0.0,23,22.9,0,87.8,,17844,0,148.5,308.2
399,young,15331,19,5,9841,0,9,1,0,298,3772,261,1317,1309804,47690.7,298611,25.7,113.5,774.0,638453,619.0,44.2,202.4,265.6,6071,0,647319,548927,0,0,0,0,0,0,0,0,0,0,0,0,12.0,0,1,357,474.0,0.0,23,20.4,0,113.5,,17877,0,148.7,308.7
400,young,14619,15,4,9424,0,9,1,1,372,3136,258,1611,1310243,47709.2,284611,22.1,135.6,774.0,639692,619.8,44.3,202.8,265.8,6071,0,648609,550162,0,0,0,0,0,0,0,0,0,0,0,0,12.0,0,0,358,400.7,0.0,23,20.4,0,135.6,,17908,0,149.0,309.3
401,full-cycle,40430,22,8127,0,0,0,2,1,684,2115,279,696,1312164,47781.7,643867,65.7,65.7,774.0,644340,623.0,44.4,204.3,266.7,6103,0,653350,554588,8149,18586,10078,528452,18,2738,4506,0,0,0,3602,0,54.0,7,21,309,530.1,12.7,23,24.6,0,65.7,promoted,17999,0,150.0,311.5
402,young,11438,80,8,7357,0,9,2,0,231,2866,261,814,1316935,47924.1,261703,22.3,87.9,774.0,644750,624.4,44.4,204.4,267.9,6108,0,653774,554621,0,0,0,0,0,0,0,0,0,0,0,0,54.0,0,0,337,502.3,12.7,23,24.2,0,87.9,,18007,0,150.1,311.7
403,young,16705,22,6,9391,0,13,1,1,319,4881,248,1968,1326465,48273.7,292689,22.3,110.2,774.0,646193,628.0,44.5,205.0,270.6,6108,0,655267,555700,0,0,0,0,0,0,0,0,0,0,0,0,54.0,0,3,334,423.8,12.7,23,24.2,0,110.2,,18040,0,150.4,312.3
404,young,16692,95,9,5612,0,12,2,0,373,7902,261,2622,1327268,48306.6,226868,17.7,127.9,774.0,648003,629.0,44.6,205.5,270.9,6110,0,657113,557482,0,0,0,0,0,0,0,0,0,0,0,0,54.0,0,0,337,355.9,12.7,23,24.1,0,127.9,,18069,0,150.8,313.3
405,young,12897,25,7,5607,0,10,2,1,384,4674,268,2114,1329218,48354.9,201203,14.8,142.8,774.0,649832,630.5,44.6,206.0,271.5,6112,0,658978,559145,0,0,0,0,0,0,0,0,0,0,0,0,54.0,0,0,337,287.8,12.7,23,23.9,0,142.8,,18097,0,151.2,314.1
406,full-cycle,27935,30,3395,0,0,0,1,0,569,2134,211,580,1331502,48443.6,499819,53.2,53.2,774.0,651695,632.6,44.7,206.6,272.6,6143,0,660916,560639,3425,17365,4212,468685,18,1439,36,0,0,0,2834,0,116.0,2,18,286,513.9,3.7,23,24.2,0,64.0,promoted,18192,0,151.7,315.0
407,young,14209,26,6,8855,0,8,1,0,273,4124,230,828,1341492,48920.9,198572,21.9,75.1,774.0,652113,634.1,44.7,206.8,273.8,6202,0,661352,560647,0,0,0,0,0,0,0,0,0,0,0,0,116.0,0,0,306,479.4,3.7,23,20.7,0,75.1,,18195,0,151.8,315.2
408,young,10134,58,6,5534,0,8,1,0,235,2759,241,1450,1343089,48979.7,197020,14.8,89.9,774.0,653311,635.2,44.7,207.1,274.4,6202,0,662604,561699,0,0,0,0,0,0,0,0,0,0,0,0,116.0,0,1,305,426.6,3.7,23,20.7,0,89.9,,18232,0,152.0,315.7
409,young,13257,26,6,6032,0,7,2,0,293,4799,241,1999,1343947,49015.7,245745,20.2,110.1,774.0,655176,636.2,44.8,207.7,274.5,6215,0,664548,563615,0,0,0,0,0,0,0,0,0,0,0,0,116.0,0,0,306,355.1,3.7,23,19.7,0,110.1,,18275,0,152.6,316.7
410,young,11327,22,6,5714,0,7,1,1,315,3196,256,1984,1344469,49039.4,179653,13.5,123.5,774.0,656612,637.3,44.9,208.1,274.7,6216,0,666046,565031,0,0,0,0,0,0,0,0,0,0,0,0,116.0,0,0,306,302.9,3.7,23,19.6,0,123.5,,18315,0,152.9,317.3
411,full-cycle,28952,27,4831,0,0,0,2,0,489,989,219,501,1346187,49106.4,585009,62.2,62.2,774.0,657847,638.9,45.1,208.5,275.5,6223,0,667345,566065,4858,14398,7619,548271,20,5642,462,0,0,0,2064,0,122.0,2,1,300,511.2,3.7,23,24.9,0,64.0,promoted,18409,0,153.2,317.9
412,young,7764,22,5,3148,0,8,1,0,232,2612,260,1672,1355966,49532.4,138773,15.2,77.5,774.0,659849,641.1,45.2,209.0,276.8,6274,0,669440,566827,0,0,0,0,0,0,0,0,0,0,0,0,124.0,0,2,300,462.5,1.9,23,20.9,0,77.5,,18464,0,153.9,319.5
413,young,14183,19,5,6690,0,8,2,0,269,5253,247,1843,1356584,49556.0,265370,21.0,98.4,774.0,661025,641.9,45.3,209.4,277.0,6274,0,670708,567922,0,0,0,0,0,0,0,0,0,0,0,0,124.0,0,0,302,392.3,1.9,23,20.9,0,98.4,,18511,0,154.1,320.1
414,young,6041,26,7,1747,0,8,1,0,280,2856,273,1050,1356890,49569.8,92994,6.9,105.4,774.0,662331,642.7,45.3,209.7,277.1,6274,0,672074,569256,0,0,0,0,0,0,0,0,0,0,0,0,124.0,0,0,302,354.9,1.9,23,20.9,0,169.4,,18547,0,154.4,320.7
415,young,7310,28,6,4158,0,8,1,0,475,1442,263,1112,1359428,49634.4,128971,10.1,115.5,774.0,664039,644.5,45.4,210.6,277.7,6274,0,673879,570862,0,0,0,0,0,0,0,0,0,0,0,0,124.0,0,0,302,312.6,1.9,23,20.9,0,179.5,,18599,0,154.9,321.6
416,young,11888,28,7,5285,0,8,1,0,492,4184,262,1770,1362929,49773.5,239724,18.5,134.0,774.0,665613,645.6,45.4,211.2,277.9,6274,0,675501,572416,0,0,0,0,0,0,0,0,0,0,0,0,124.0,0,0,302,232.3,1.9,23,20.9,0,134.0,,18638,0,155.2,322.3
417,full-cycle,30179,22,3767,0,0,0,1,0,463,736,192,475,1367329,49883.1,521932,57.3,57.3,760.0,667007,647.8,45.5,211.7,279.4,6275,0,676984,573690,3789,16394,7546,493338,21,5853,456,0,0,0,1675,763,128.0,2,1,290,501.8,3.7,23,25.0,0,64.0,promoted,18738,0,155.5,322.9
418,young,10133,44,8,2329,0,7,1,0,265,5454,251,1936,1378642,50360.3,187618,19.5,76.8,760.0,669091,650.4,45.6,212.3,280.9,6326,0,679156,574284,0,0,0,0,0,0,0,0,0,0,0,0,128.0,0,0,293,444.5,3.7,23,21.0,0,76.8,,18792,0,156.2,324.4
419,young,11660,35,4,918,0,9,1,0,266,9129,259,1264,1379216,50380.0,253604,19.8,96.6,760.0,670076,651.4,45.6,212.6,281.4,6326,0,680230,574980,0,0,0,0,0,0,0,0,0,0,0,0,128.0,0,0,293,377.3,3.7,23,21.0,0,96.6,,18844,0,156.4,324.9
420,young,15586,156,4,7580,0,11,2,0,303,6120,269,1308,1379522,50394.4,258499,19.9,116.5,760.0,670952,652.1,45.7,212.9,281.6,6326,0,681160,575836,0,0,0,0,0,0,0,0,0,0,0,0,128.0,0,0,293,309.1,3.7,23,21.0,0,116.5,,18882,0,156.6,325.3
421,young,10336,28,7,4869,0,8,1,0,331,3678,263,1322,1380416,50432.1,189570,14.1,130.6,760.0,672115,652.8,45.7,213.3,281.8,6326,0,682383,577014,0,0,0,0,0,0,0,0,0,0,0,0,128.0,0,0,293,257.0,3.7,23,21.0,0,130.6,,18927,0,156.9,325.8
422,full-cycle,21129,24,1602,0,0,0,1,0,425,230,87,436,1382416,50512.3,447149,51.6,51.6,760.0,673465,654.2,45.8,213.7,282.4,6366,0,683828,578263,1625,13134,4432,440277,27,3579,152,0,0,0,1879,0,120.0,8,14,275,500.5,14.4,23,22.3,0,64.0,promoted,19016,0,157.2,326.4
423,young,10198,28,6,5912,0,12,2,0,264,3277,237,625,1391179,50923.8,148634,17.0,68.7,760.0,674200,655.5,45.8,214.0,283.3,6420,0,684572,578723,0,0,0,0,0,0,0,0,0,0,0,0,122.0,0,2,294,460.0,12.4,23,19.1,0,68.7,,19025,0,157.3,326.7
424,young,7266,29,5,4680,0,7,1,1,227,1136,238,1081,1392137,50961.1,68030,5.2,73.9,760.0,675342,656.5,45.8,214.3,283.8,6420,0,685755,579737,0,0,0,0,0,0,0,0,0,0,0,0,122.0,0,0,296,428.1,12.4,23,19.1,0,137.9,,19054,0,157.6,327.3
425,young,10864,30,7,5156,0,8,1,0,390,3866,254,1321,1393253,51008.4,173544,13.6,87.5,760.0,677561,657.8,45.9,215.0,284.0,6422,0,688035,581958,0,0,0,0,0,0,0,0,0,0,0,0,122.0,0,0,296,363.3,12.4,23,18.9,0,151.5,,19087,0,158.2,328.4
426,young,13454,25,6,5622,0,9,1,1,516,5229,259,1963,1395541,51091.2,255537,20.0,107.5,760.0,678965,659.4,46.0,215.4,284.8,6424,0,689472,583133,0,0,0,0,0,0,0,0,0,0,0,0,122.0,0,0,296,286.2,12.4,23,18.8,0,107.5,,19116,0,158.5,329.1
427,young,13170,122,7,2647,0,10,1,1,377,7448,259,2488,1397626,51178.1,325378,26.2,133.7,760.0,679899,660.6,46.0,215.7,285.6,6432,0,690461,583876,0,0,0,0,0,0,0,0,0,0,0,0,122.0,0,3,293,195.5,12.4,23,18.4,0,133.7,,19152,0,158.7,329.6
428,full-cycle,27930,37,5300,0,0,0,1,0,585,1423,270,595,1398367,51209.6,592348,60.9,60.9,760.0,681971,662.2,46.1,216.5,286.0,6433,0,692312,585827,5337,14467,6326,475923,18,479,3806,0,0,0,1795,0,96.0,0,1,308,525.0,0.0,23,26.3,0,64.0,promoted,19213,0,159.2,330.5
429,young,7604,67,8,1532,0,8,1,0,267,3968,258,1665,1407256,51559.2,184382,17.3,78.2,760.0,683895,663.7,46.2,217.0,286.5,6465,0,694294,587494,0,0,0,0,0,0,0,0,0,0,0,1,96.0,0,0,309,464.8,0.0,23,23.8,0,78.2,,19249,0,159.7,331.7
430,young,11173,20,6,3529,0,9,1,1,282,5761,249,1485,1412667,51736.7,226282,17.5,95.8,760.0,685167,664.6,46.3,217.5,286.7,6466,0,695625,588712,0,0,0,0,0,0,0,0,0,0,0,0,96.0,0,0,309,397.9,0.0,23,23.8,0,95.8,,19281,0,160.0,332.2
431,young,14158,28,7,8618,0,9,1,0,318,3348,249,1739,1413134,51756.7,267337,22.5,118.3,760.0,686384,665.4,46.3,217.8,286.9,6506,0,696887,589930,0,0,0,0,0,0,0,0,0,0,0,0,96.0,0,0,309,323.5,0.0,23,21.4,0,118.3,,19313,0,160.3,332.8
432,young,13804,30,7,7660,0,10,1,1,389,3421,255,2195,1413687,51781.8,251899,19.2,137.5,760.0,687640,666.2,46.4,218.2,287.0,6506,0,698185,591180,0,0,0,0,0,0,0,0,0,0,0,0,96.0,0,0,309,254.1,0.0,23,21.4,0,137.5,,19344,0,160.6,333.4
433,full-cycle,41543,46,6346,0,0,0,1,1,806,1921,280,818,1415937,51859.4,633314,65.0,65.0,760.0,690689,669.1,46.5,219.3,288.3,6544,0,701193,593849,6391,18269,13830,475459,15,4977,6094,0,0,0,3037,0,82.0,3,18,295,504.2,5.6,23,24.4,0,65.0,promoted,19435,0,161.4,334.9
434,young,9286,67,9,5056,0,9,1,0,230,3082,265,747,1421983,52059.8,150132,13.7,78.7,760.0,691250,670.7,46.5,219.5,289.7,6548,0,701767,593908,0,0,0,0,0,0,0,0,0,0,0,0,84.0,0,0,315,484.8,3.7,23,24.1,0,78.7,,19439,0,161.5,335.2
435,young,9277,24,6,5248,0,7,2,0,250,2813,239,857,1430160,52373.2,187969,14.3,93.0,760.0,692050,673.0,46.5,219.7,291.5,6548,0,702621,594122,0,0,0,0,0,0,0,0,0,0,0,0,84.0,0,1,314,437.8,3.7,23,24.1,0,93.0,,19476,0,161.7,335.5
436,young,12086,46,6,6528,0,6,2,0,283,3182,252,1933,1431466,52427.7,193370,16.6,109.5,760.0,693592,674.4,46.6,220.2,292.0,6568,0,704238,595556,0,0,0,0,0,0,0,0,0,0,0,0,84.0,0,3,312,367.5,3.7,23,22.5,0,109.5,,19528,0,162.0,336.2
437,young,12544,20,5,3655,0,10,1,1,364,6789,243,1620,1432184,52457.3,204559,15.5,125.1,760.0,694716,675.3,46.7,220.6,292.4,6568,0,705400,596607,0,0,0,0,0,0,0,0,0,0,0,0,84.0,0,0,315,307.3,3.7,23,22.5,0,125.1,,19557,0,162.3,336.8
438,young,14690,24,7,5226,0,10,1,0,426,6671,248,2236,1433647,52515.3,244416,20.6,145.7,760.0,696473,676.6,46.7,221.1,292.9,6598,0,707204,598252,0,0,0,0,0,0,0,0,0,0,0,0,84.0,0,0,315,224.0,3.7,23,20.7,0,145.7,,19589,0,162.7,337.6
439,full-cycle,20613,27,3277,0,0,0,1,0,560,1170,218,571,1435182,52560.7,470241,54.5,54.5,760.0,699171,678.6,46.8,221.9,293.5,6598,0,709935,600815,3304,12058,3787,442294,15,1998,25,0,0,0,1459,0,112.0,1,0,300,528.8,1.9,23,23.7,0,64.0,promoted,19648,0,163.4,339.0
440,young,8778,22,4,1162,0,11,1,0,277,6386,219,885,1446513,53097.3,211693,21.3,75.8,760.0,699877,679.2,46.8,222.2,293.7,6662,0,710724,601436,0,0,0,0,0,0,0,0,0,0,0,0,114.0,0,0,300,476.9,0.0,23,19.3,0,75.8,,19688,0,163.5,339.3
441,young,11182,20,6,3739,0,9,1,0,221,5733,243,1372,1446748,53110.0,190135,14.0,89.8,760.0,701375,679.9,46.9,222.6,293.7,6662,0,712269,602980,0,0,0,0,0,0,0,0,0,0,0,1,114.0,0,0,300,423.6,0.0,23,19.3,0,89.8,,19714,0,163.8,340.0
442,young,12081,27,7,5960,0,11,1,1,313,3940,234,1747,1447413,53141.6,263268,20.1,109.9,760.0,702703,680.8,47.0,223.0,293.9,6662,0,713647,604274,0,0,0,0,0,0,0,0,0,0,0,0,114.0,0,0,300,350.1,0.0,23,19.3,0,109.9,,19749,0,164.2,340.7
443,young,13711,21,7,7939,0,9,2,0,362,3253,233,2033,1447943,53165.2,275564,21.4,131.2,760.0,703857,681.6,47.0,223.4,294.2,6662,0,714855,605408,0,0,0,0,0,0,0,0,0,0,0,0,114.0,0,0,300,271.3,0.0,23,19.3,0,131.2,,19781,0,164.5,341.3
444,full-cycle,27403,23,6235,0,0,0,1,1,459,580,165,470,1448915,53204.2,541844,57.3,57.3,760.0,705651,682.8,47.1,223.9,294.5,6665,0,716688,607135,6258,12942,6481,522480,20,5205,199,0,0,0,1709,0,128.0,2,1,290,497.7,3.7,23,26.8,0,64.0,promoted,19831,0,164.9,342.1
445,young,7803,27,6,4298,0,7,1,0,227,2499,246,658,1458040,53668.1,164940,14.8,72.1,760.0,706397,683.3,47.1,224.2,294.7,6696,0,717485,607802,0,0,0,0,0,0,0,0,0,0,0,0,130.0,0,0,292,455.1,1.9,23,24.4,0,72.1,,19865,0,165.1,342.6
446,young,10933,49,6,5100,0,7,1,0,247,4150,234,1290,1458515,53689.8,187394,14.8,86.9,760.0,707579,684.1,47.1,224.5,294.9,6698,0,718723,608952,0,0,0,0,0,0,0,0,0,0,0,0,130.0,0,2,290,391.4,1.9,23,24.3,0,86.9,,19900,0,165.3,343.1
447,young,12496,30,5,4201,0,7,2,0,266,5919,244,1987,1458904,53705.7,223121,16.9,103.8,760.0,709708,685.3,47.2,225.0,295.2,6698,0,720894,611031,0,0,0,0,0,0,0,0,0,0,0,0,130.0,0,0,292,320.5,1.9,23,24.3,0,103.8,,19932,0,165.8,344.1
448,young,15682,46,6,3027,0,10,1,1,339,10067,260,2083,1459520,53727.7,327432,25.7,129.5,760.0,710826,686.1,47.3,225.4,295.4,6698,0,722046,612120,0,0,0,0,0,0,0,0,0,0,0,0,130.0,0,0,292,227.6,1.9,23,24.3,0,129.5,,19959,0,166.1,344.6
449,full-cycle,36993,28,1964,0,0,0,2,1,773,2688,259,785,1460895,53772.1,678992,68.2,68.2,760.0,713779,688.8,47.4,226.4,296.5,6726,0,724904,614780,1991,20165,11540,478447,19,1335,6705,0,0,0,3285,0,114.0,2,18,280,461.4,3.7,23,24.8,0,68.2,promoted,20052,0,166.7,345.9
450,young,11971,26,7,6504,0,9,1,1,228,3963,251,1140,1469880,54207.3,206070,17.9,86.1,760.0,714338,690.2,47.4,226.6,297.6,6733,0,725471,614782,0,0,0,0,0,0,0,0,0,0,0,0,114.0,0,0,300,436.5,3.7,23,24.3,0,86.1,,20059,0,166.9,346.2
451,young,15294,30,6,9125,0,8,1,1,285,3711,245,2043,1471451,54250.4,297964,22.9,109.0,760.0,716219,691.8,47.5,227.1,298.4,6733,0,727416,616450,0,0,0,0,0,0,0,0,0,0,0,0,114.0,0,0,300,356.6,3.7,23,24.3,0,109.0,,20095,0,167.3,347.1
452,young,16350,28,6,10467,0,9,2,0,347,3119,271,2294,1471745,54264.2,301271,23.4,132.4,760.0,718322,692.8,47.6,227.7,298.5,6734,0,729577,618556,0,0,0,0,0,0,0,0,0,0,0,0,114.0,0,0,300,274.2,3.7,23,24.2,0,132.4,,20127,0,167.7,348.0
453,young,9194,167,6,4263,0,9,2,0,380,2672,272,1588,1474051,54298.0,131883,10.8,143.1,760.0,719896,694.1,47.6,228.1,299.0,6746,0,731204,620025,0,0,0,0,0,0,0,0,0,0,0,0,114.0,0,0,300,228.1,3.7,23,23.3,0,143.1,,20169,0,168.1,348.7
454,full-cycle,31217,22,3284,0,0,0,1,0,705,4521,253,716,1476198,54393.4,688987,69.4,69.4,760.0,722967,696.3,47.7,229.1,299.7,6752,0,734233,622929,3307,18408,7600,485877,16,421,1920,0,0,0,1894,0,104.0,1,8,296,494.0,1.9,23,25.6,0,69.4,promoted,20259,0,168.8,350.2
455,young,11088,35,8,3981,0,9,1,1,266,4956,251,1741,1487382,54881.3,216609,21.1,90.5,760.0,724642,698.9,47.8,229.6,301.5,6814,0,735947,623194,0,0,0,0,0,0,0,0,0,0,0,0,106.0,0,0,304,433.5,0.0,23,21.4,0,90.5,,20285,0,169.2,351.1
456,young,7132,31,7,3215,0,7,2,0,277,2532,268,980,1487951,54904.4,126494,9.8,100.3,760.0,725701,699.9,47.8,230.0,301.9,6816,0,737067,624037,0,0,0,0,0,0,0,0,0,0,0,0,106.0,0,1,303,389.0,0.0,23,21.2,0,100.3,,20319,0,169.5,351.6
457,young,11907,29,5,6432,0,8,1,0,327,3646,260,1371,1489252,54957.7,225003,17.3,117.6,760.0,726656,700.6,47.9,230.3,302.1,6816,0,738071,624959,0,0,0,0,0,0,0,0,0,0,0,0,106.0,0,3,301,326.9,0.0,23,21.2,0,117.6,,20352,0,169.7,352.0
458,young,9681,37,6,2720,0,8,1,0,333,4755,268,1750,1490268,55001.5,183130,14.1,131.7,760.0,727995,701.7,47.9,230.7,302.6,6816,0,739455,626215,0,0,0,0,0,0,0,0,0,0,0,0,106.0,0,0,304,269.0,0.0,23,21.2,0,131.7,,20383,0,170.0,352.6
459,young,13919,29,6,4460,0,10,2,0,414,6318,268,2585,1491615,55068.3,313122,24.3,156.0,760.0,729487,703.0,48.0,231.2,303.2,6817,0,740995,627525,0,0,0,0,0,0,0,0,0,0,0,0,106.0,0,0,304,171.9,0.0,23,21.2,0,156.0,,20414,0,170.3,353.3
460,full-cycle,35916,28,5941,0,0,0,2,1,734,4497,272,747,1493621,55133.7,599572,62.4,62.4,760.0,733935,706.4,48.2,232.6,304.3,6843,0,745004,631647,5969,13960,12982,412309,21,6623,1089,0,0,0,2893,0,46.0,4,19,311,536.3,7.4,23,24.8,0,64.0,promoted,20535,0,171.5,355.8
461,young,10687,29,7,8755,0,7,1,1,227,1078,254,500,1503655,55625.9,181248,19.1,81.5,760.0,734380,707.7,48.2,232.7,305.4,6881,0,745458,631651,0,0,0,0,0,0,0,0,0,0,0,0,46.0,0,1,333,515.5,7.4,23,21.9,0,81.5,,20541,0,171.7,356.1
462,young,13295,51,6,8066,0,8,2,0,264,3053,247,1746,1505544,55699.2,276810,22.4,103.9,760.0,735675,709.2,48.3,233.1,306.2,6909,0,746848,632763,0,0,0,0,0,0,0,0,0,0,0,0,46.0,0,4,330,440.5,7.4,23,20.2,0,103.9,,20594,0,172.0,356.7
463,young,10825,33,8,6295,0,7,1,0,286,2311,256,1804,1505898,55714.5,171304,13.4,117.4,760.0,737800,710.2,48.3,233.7,306.3,6926,0,749064,634935,0,0,0,0,0,0,0,0,0,0,0,0,46.0,0,0,334,384.5,7.4,23,19.3,0,117.4,,20648,0,172.5,357.8
464,young,10898,45,6,5964,0,8,1,0,369,2866,248,1559,1507291,55769.9,170218,13.2,130.6,760.0,739047,711.3,48.4,234.1,306.9,6926,0,750342,636035,0,0,0,0,0,0,0,0,0,0,0,0,46.0,0,0,334,329.2,7.4,23,19.3,0,130.6,,20675,0,172.8,358.4
465,full-cycle,29249,32,5642,0,0,0,1,0,593,1614,249,604,1509221,55851.2,589238,62.7,62.7,760.0,741621,713.7,48.5,234.9,307.9,6971,0,753001,638295,5674,17998,2889,555038,17,400,248,0,0,0,2684,0,82.0,1,15,300,522.3,1.9,23,23.0,0,64.0,promoted,20769,0,173.4,359.6
466,young,10380,43,5,4641,0,8,1,0,190,4194,271,1224,1519478,56312.7,203759,17.7,80.4,760.0,742331,715.1,48.5,235.2,308.9,6973,0,753733,638439,0,0,0,0,0,0,0,0,0,0,0,0,82.0,0,0,316,489.3,1.9,23,22.8,0,80.4,,20774,0,173.5,360.0
467,young,9331,18,6,3339,0,8,1,1,316,3819,259,1757,1520749,56365.5,211219,17.9,98.4,760.0,743859,716.0,48.5,235.6,309.1,6997,0,755314,639948,0,0,0,0,0,0,0,0,0,0,0,0,82.0,0,0,316,419.1,1.9,23,21.4,0,98.4,,20808,0,173.9,360.7
468,young,11269,28,6,5252,0,8,2,0,312,4085,249,1467,1521091,56383.3,254410,19.8,118.1,760.0,745317,716.7,48.6,236.0,309.2,7005,0,756832,641458,0,0,0,0,0,0,0,0,0,0,0,0,82.0,0,0,316,343.8,1.9,23,20.7,0,118.1,,20851,0,174.3,361.4
469,young,16103,49,9,3809,0,10,1,1,380,8931,279,2841,1521829,56414.5,320970,26.3,144.4,760.0,747399,717.9,48.7,236.6,309.3,7015,0,758992,643574,0,0,0,0,0,0,0,0,0,0,0,0,82.0,0,0,316,249.1,1.9,23,20.0,0,144.4,,20901,0,174.8,362.5
470,full-cycle,23760,28,3916,0,0,0,2,0,519,1076,195,530,1522596,56446.0,532393,58.0,58.0,760.0,749227,719.2,48.8,237.1,309.7,7021,0,760852,645337,3944,15722,2532,513177,18,866,37,0,0,0,1557,0,102.0,1,0,305,528.9,1.9,23,25.2,0,64.0,promoted,20962,0,175.2,363.4
471,young,12171,33,7,6778,0,7,2,0,246,2950,244,2047,1532431,56811.3,219361,20.2,78.2,760.0,751489,721.6,48.8,237.8,310.9,7053,0,763172,646562,0,0,0,0,0,0,0,0,0,0,0,0,102.0,0,0,306,468.7,1.9,23,22.7,0,78.2,,20998,0,175.9,364.7
472,young,14542,30,7,7589,0,7,2,0,249,5459,252,1102,1535657,56928.8,260005,20.1,98.3,760.0,752493,723.5,48.9,238.2,312.3,7053,0,764248,646965,0,0,0,0,0,0,0,0,0,0,0,0,102.0,0,0,306,401.7,1.9,23,22.7,0,98.3,,21039,0,176.1,365.2
473,young,6208,21,6,1924,0,8,1,0,261,2829,254,1103,1537121,56966.0,132441,9.6,107.9,760.0,753644,724.6,48.9,238.5,312.8,7053,0,765424,647912,0,0,0,0,0,0,0,0,0,0,0,0,102.0,0,0,306,365.4,1.9,23,22.7,0,107.9,,21065,0,176.4,365.8
474,young,13218,20,5,5274,0,8,2,0,358,5492,246,1958,1538464,57034.2,292830,22.5,130.4,760.0,754662,725.7,49.0,238.8,313.4,7053,0,766500,648742,0,0,0,0,0,0,0,0,0,0,0,0,102.0,0,0,306,278.8,1.9,23,22.7,0,130.4,,21096,0,176.6,366.3
475,full-cycle,35875,21,982,0,0,0,1,1,832,2568,276,845,1543401,57092.0,659616,67.2,67.2,760.0,757773,728.6,49.1,239.9,314.7,7109,0,769711,651571,1003,19248,12004,474428,23,4044,4516,0,0,0,3527,0,86.0,8,22,284,477.2,14.7,23,22.5,0,67.2,promoted,21211,0,177.4,367.8
476,young,10238,85,8,4554,0,8,1,0,224,4556,254,713,1552741,57488.3,228281,21.1,88.4,760.0,758218,729.9,49.1,240.1,315.7,7111,0,770158,651672,0,0,0,0,0,0,0,0,0,0,0,0,90.0,0,0,312,452.2,10.9,23,22.3,0,88.4,,21214,0,177.5,368.1
477,young,13273,20,5,5426,0,8,1,1,296,5804,252,1614,1555008,57578.3,281612,23.2,111.5,760.0,759706,730.9,49.1,240.5,316.1,7121,0,771725,653144,0,0,0,0,0,0,0,0,0,0,0,0,90.0,0,0,312,369.6,10.9,23,21.7,0,111.5,,21260,0,177.8,368.7
478,young,7424,21,6,1743,0,7,1,0,303,3707,271,1545,1555975,57594.3,112555,9.5,121.0,760.0,761988,732.1,49.2,241.1,316.2,7141,0,774088,655473,0,0,0,0,0,0,0,0,0,0,0,0,90.0,0,0,312,317.0,10.9,23,20.4,0,121.0,,21313,0,178.3,369.7
479,young,14486,27,8,7327,0,8,1,1,373,4245,264,2396,1558646,57659.4,278275,21.4,142.5,760.0,763270,733.7,49.3,241.5,317.1,7141,0,775448,656513,0,0,0,0,0,0,0,0,0,0,0,0,90.0,0,0,312,231.4,10.9,23,20.4,0,142.5,,21366,0,178.5,370.3
480,full-cycle,36558,26,5403,0,0,0,2,0,794,2039,284,806,1560620,57728.1,656967,69.5,69.5,760.0,766912,736.5,49.4,242.7,318.1,7166,0,778954,659895,5430,19363,8729,498603,17,656,5206,0,0,0,3026,0,72.0,2,17,302,510.9,3.7,23,22.0,0,69.5,promoted,21478,0,179.4,372.1
481,young,12171,26,7,6998,0,10,2,0,232,3952,254,848,1569909,58192.6,219930,19.7,89.2,760.0,767454,737.9,49.4,242.9,319.3,7179,0,779555,659956,0,0,0,0,0,0,0,0,0,0,0,0,72.0,0,0,321,478.6,3.7,23,20.9,0,89.2,,21504,0,179.6,372.4
482,young,9066,49,7,1529,0,9,2,1,324,5586,258,1483,1571283,58248.1,159084,12.6,101.8,760.0,768901,739.7,49.5,243.3,320.3,7179,0,781049,661019,0,0,0,0,0,0,0,0,0,0,0,0,72.0,0,1,320,418.0,3.7,23,20.9,0,101.8,,21537,0,179.9,373.1
483,young,17948,28,8,5237,0,30,3,1,620,9634,265,2288,1572193,58286.0,259848,20.4,122.2,760.0,770380,740.7,49.6,243.8,320.7,7179,0,782576,662430,0,0,0,0,0,0,0,0,0,0,0,0,72.0,0,0,321,337.2,3.7,23,20.9,0,122.2,,21568,0,180.2,373.8
484,young,7251,31,6,1907,0,9,1,0,348,3093,290,1795,1574277,58313.1,108938,8.3,130.4,760.0,772280,741.9,49.6,244.3,321.0,7180,0,784527,664284,0,0,0,0,0,0,0,0,0,0,0,0,72.0,0,0,321,296.7,3.7,23,20.9,0,130.4,,21603,0,180.7,374.8
485,young,15309,45,6,4020,0,10,1,0,418,8066,292,2610,1576149,58404.9,260554,21.6,152.0,760.0,773592,743.4,49.7,244.7,321.8,7195,0,785908,665337,0,0,0,0,0,0,0,0,0,0,0,0,72.0,0,3,318,203.6,3.7,23,19.8,0,152.0,,21647,0,181.0,375.4
486,full-cycle,37577,35,5812,0,0,0,1,1,827,7085,281,839,1581348,58468.9,696503,72.7,72.7,760.0,777209,746.5,49.8,245.9,323.0,7231,0,789170,668594,5847,17750,10826,540303,21,2814,61,0,0,0,3143,0,16.0,4,16,329,557.0,7.6,23,21.6,0,72.7,promoted,21775,0,181.7,377.0
487,young,12378,46,7,7205,0,10,1,1,217,3956,262,852,1585885,58623.4,213298,20.3,93.0,760.0,777768,748.4,49.9,246.1,324.6,7255,0,789742,668596,0,0,0,0,0,0,0,0,0,0,0,0,18.0,0,1,347,527.4,5.6,23,19.8,0,93.0,,21787,0,181.9,377.4
488,young,11508,30,7,4028,0,9,1,0,272,4577,254,2511,1597206,59052.8,184213,14.2,107.2,760.0,779666,750.7,49.9,246.8,325.8,7259,0,791713,670206,0,0,0,0,0,0,0,0,0,0,0,0,18.0,0,0,348,463.9,5.6,23,19.5,0,107.2,,21839,0,182.3,378.2
489,young,19388,34,8,10425,0,10,1,1,365,6099,260,2355,1598080,59088.3,315493,25.4,132.6,760.0,781164,751.9,50.0,247.3,326.2,7271,0,793262,671627,0,0,0,0,0,0,0,0,0,0,0,0,18.0,0,0,348,372.5,5.6,23,18.8,0,132.6,,21881,0,182.7,379.0
490,young,13950,29,6,5426,0,10,1,0,375,5812,267,2190,1598768,59113.0,230157,17.7,150.4,760.0,782913,753.2,50.0,247.9,326.7,7281,0,795092,673320,0,0,0,0,0,0,0,0,0,0,0,0,18.0,0,0,348,305.1,5.6,23,18.2,0,150.4,,21934,0,183.1,379.7
491,full-cycle,29055,32,3870,0,0,0,1,0,710,2165,281,722,1600619,59182.3,595311,64.4,64.4,760.0,786002,756.0,50.1,248.9,327.9,7285,0,798236,676078,3901,18592,4827,501460,17,236,1683,0,0,0,1730,0,58.0,1,0,327,559.8,1.9,23,23.8,0,64.4,promoted,22002,0,183.9,381.4
492,young,9694,34,7,2724,0,8,1,0,234,4748,275,1866,1613840,59756.5,224607,19.6,84.0,760.0,788196,757.3,50.2,249.5,328.1,7317,0,800502,678149,0,0,0,0,0,0,0,0,0,0,0,0,58.0,0,0,328,497.7,1.9,23,21.3,0,84.0,,22040,0,184.4,382.6
493,young,13419,31,7,3576,0,9,1,1,284,7823,292,1595,1614088,59766.1,260925,22.6,106.6,760.0,789583,758.0,50.3,249.9,328.2,7363,0,801939,679566,0,0,0,0,0,0,0,0,0,0,0,0,58.0,0,0,328,423.5,1.9,23,18.6,0,106.6,,22070,0,184.6,383.2
494,young,10633,155,6,4112,0,9,2,0,339,4601,273,1321,1614446,59780.1,187630,14.2,120.8,760.0,790900,758.8,50.3,250.3,328.3,7363,0,803310,680892,0,0,0,0,0,0,0,0,0,0,0,0,58.0,0,0,328,362.8,1.9,23,18.6,0,120.8,,22102,0,184.9,383.8
495,young,11381,21,6,4674,0,9,2,0,381,4192,266,1993,1615844,59836.3,198980,15.3,136.1,760.0,792219,760.0,50.4,250.7,328.9,7363,0,804676,682085,0,0,0,0,0,0,0,0,0,0,0,0,58.0,0,0,328,299.9,1.9,23,18.6,0,136.1,,22136,0,185.2,384.4
496,full-cycle,34575,33,3297,0,0,0,2,1,877,2818,259,892,1618439,59921.3,649497,65.5,65.5,760.0,795063,762.5,50.5,251.8,329.8,7398,0,807602,684716,3330,19278,8842,482352,18,653,4454,0,0,0,3110,0,90.0,3,17,292,495.0,5.6,23,24.5,0,65.5,promoted,22226,0,185.8,385.7
497,young,8303,28,6,2199,0,13,1,0,259,5111,249,606,1628564,60363.0,148799,14.7,80.3,760.0,795541,764.1,50.5,251.9,331.1,7406,0,808086,684718,0,0,0,0,0,0,0,0,0,0,0,0,90.0,0,0,312,468.5,5.6,23,23.8,0,80.3,,22233,0,185.9,385.9
498,young,5803,22,6,1000,0,8,1,0,233,2981,252,1462,1631254,60437.9,78914,8.3,88.5,760.0,797024,765.6,50.5,252.4,332.0,7440,0,809649,685977,0,0,0,0,0,0,0,0,0,0,0,0,90.0,0,0,312,428.1,5.6,23,21.6,0,88.5,,22281,0,186.3,386.8
499,young,12589,25,6,5884,0,10,1,1,306,4629,248,1604,1632483,60482.5,181100,13.8,102.3,760.0,798365,766.8,50.6,252.8,332.5,7440,0,811048,687184,0,0,0,0,0,0,0,0,0,0,0,0,90.0,0,0,312,373.9,5.6,23,21.6,0,102.3,,22319,0,186.6,387.4
500,young,13958,51,8,5878,0,8,1,1,314,5160,265,2375,1633485,60523.4,221392,17.6,119.9,760.0,799932,767.7,50.6,253.2,332.7,7445,0,812695,688769,0,0,0,0,0,0,0,0,0,0,0,0,90.0,0,0,312,300.2,5.6,23,21.2,0,119.9,,22370,0,187.0,388.2
501,young,16769,30,6,8071,0,9,1,1,382,5566,285,2606,1634555,60561.2,273085,21.4,141.4,760.0,801237,769.1,51.0,253.6,333.1,7445,0,814069,690013,0,0,0,0,0,0,0,0,0,0,0,0,90.0,0,0,312,215.0,5.6,23,21.2,0,141.4,,22420,0,187.3,388.8
502,full-cycle,24380,22,4394,0,0,0,2,0,529,2062,219,540,1636688,60604.3,594121,63.6,63.6,760.0,803621,772.6,52.6,254.8,333.5,7445,0,816517,692308,4417,13323,4984,515511,17,1481,878,0,0,0,1651,0,96.0,1,0,308,522.6,1.9,23,25.1,0,64.0,promoted,22511,0,187.8,389.9
503,young,8176,51,6,2731,0,9,2,0,249,4017,258,1096,1644519,60921.4,172309,17.7,81.3,760.0,804627,773.2,52.6,255.1,333.7,7496,0,817598,693228,0,0,0,0,0,0,0,0,0,0,0,0,98.0,0,0,308,475.3,0.0,23,21.1,0,81.3,,22563,0,188.1,390.5
504,young,9220,29,6,4103,0,9,1,0,277,3561,263,1149,1649518,61139.2,190505,14.3,95.6,760.0,805904,773.9,52.7,255.5,333.7,7496,0,818938,694562,0,0,0,0,0,0,0,0,0,0,0,0,98.0,0,1,307,408.6,0.0,23,21.1,0,95.6,,22601,0,188.3,391.0
505,young,10657,26,7,6155,0,7,1,0,292,2649,273,1423,1650678,61162.2,169897,15.9,111.5,760.0,807446,774.9,52.7,256.0,333.9,7542,0,820531,696082,0,0,0,0,0,0,0,0,0,0,0,0,98.0,0,0,308,354.2,0.0,23,18.4,0,111.5,,22643,0,188.7,391.7
506,young,7337,26,8,2615,0,8,2,0,321,2498,272,1801,1651808,61209.1,132346,10.9,122.4,760.0,808755,775.8,52.8,256.4,334.1,7564,0,821910,697386,0,0,0,0,0,0,0,0,0,0,0,0,98.0,0,0,308,316.9,0.0,23,17.1,0,122.4,,22688,0,189.0,392.3
507,young,12527,23,7,4519,0,9,1,1,380,5002,275,2487,1653527,61288.4,259860,19.8,142.3,760.0,810010,792.2,67.1,257.9,334.5,7564,0,823216,698579,0,0,0,0,0,0,0,0,0,0,0,0,98.0,0,0,308,236.8,0.0,23,17.1,0,142.3,,22723,0,189.2,392.9
508,full-cycle,27176,18,4052,0,0,0,1,1,551,1417,234,562,1654665,61338.9,571405,62.7,62.7,760.0,812404,794.1,67.2,259.1,334.8,7565,0,825675,700959,4070,12962,8268,496999,21,5292,972,0,0,0,1865,0,108.0,2,1,300,512.9,3.7,23,23.4,0,64.0,promoted,22803,0,189.8,393.9
509,young,9874,19,5,3549,0,7,1,0,247,4148,254,1810,1666405,61820.5,214531,19.0,81.7,760.0,814613,796.7,67.3,259.8,336.2,7596,0,827954,701823,0,0,0,0,0,0,0,0,0,0,0,0,110.0,0,1,301,454.9,1.9,23,21.0,0,81.7,,22841,0,190.5,395.4
510,young,5671,24,7,614,0,8,1,0,278,3702,255,963,1666944,61842.1,124950,9.6,91.3,760.0,815729,797.7,67.4,260.1,336.6,7596,0,829103,702648,0,0,0,0,0,0,0,0,0,0,0,0,110.0,0,1,301,402.3,1.9,23,21.0,0,91.3,,22872,0,190.7,395.8
511,young,8794,21,5,4947,0,7,1,0,305,2337,245,1087,1667720,61878.0,153715,12.2,103.5,760.0,816589,798.5,67.4,260.4,337.0,7596,0,830011,703408,0,0,0,0,0,0,0,0,0,0,0,0,110.0,0,0,302,360.5,1.9,23,21.0,0,103.5,,22902,0,190.9,396.3
512,young,12370,28,5,4892,0,9,2,1,320,5542,251,1483,1669094,61933.8,194627,14.9,118.4,760.0,817623,799.8,67.4,260.7,337.8,7596,0,831109,704237,0,0,0,0,0,0,0,0,0,0,0,0,110.0,0,0,302,303.9,1.9,23,21.0,0,118.4,,22936,0,191.1,396.8
513,young,17404,22,6,8797,0,9,1,1,389,5768,252,2315,1670447,61987.6,249264,19.4,137.8,760.0,818750,801.3,67.5,261.1,338.7,7596,0,832276,705185,0,0,0,0,0,0,0,0,0,0,0,0,110.0,0,0,302,224.1,1.9,23,21.0,0,137.8,,22967,0,191.3,397.3
514,full-cycle,29861,35,5967,0,0,0,2,0,727,1872,251,738,1671510,62035.3,624709,64.9,64.9,760.0,821093,803.0,67.6,261.8,339.2,7598,0,834651,707428,6002,18724,3428,564226,18,741,55,0,0,0,1702,0,110.0,1,0,301,504.7,1.9,23,25.5,0,64.9,promoted,23027,0,191.9,398.3
515,young,9915,90,10,4114,0,8,1,0,236,3789,261,1546,1680200,62365.5,185157,18.6,83.5,760.0,822883,804.3,67.6,262.4,339.6,7649,0,836532,709037,0,0,0,0,0,0,0,0,0,0,0,0,112.0,0,1,300,449.6,0.0,23,21.6,0,83.5,,23080,0,192.4,399.4
516,young,6764,19,7,3205,0,7,1,0,245,2114,259,1077,1684442,62552.2,131277,9.8,93.3,760.0,824411,805.2,67.7,262.9,339.7,7649,0,838155,710601,0,0,0,0,0,0,0,0,0,0,0,0,112.0,0,0,301,403.9,0.0,23,21.6,0,93.3,,23132,0,192.8,400.3
517,young,14904,21,6,4468,0,12,1,1,369,8025,248,1892,1685462,62597.0,261921,20.0,113.3,760.0,825521,806.0,67.7,263.2,340.0,7649,0,839306,711670,0,0,0,0,0,0,0,0,0,0,0,0,112.0,0,0,301,326.2,0.0,23,21.6,0,113.3,,23164,0,193.0,400.8
518,young,17769,38,7,8406,0,15,2,0,478,6283,263,2424,1686004,62618.6,240144,18.5,131.8,760.0,826878,806.8,67.8,263.6,340.1,7649,0,840708,713043,0,0,0,0,0,0,0,0,0,0,0,1,112.0,0,0,301,249.9,0.0,23,21.6,0,131.8,,23195,0,193.3,401.4
519,full-cycle,36860,34,6407,0,0,0,1,0,634,1892,226,646,1689652,62664.8,578822,62.8,62.8,760.0,828890,808.2,67.9,264.2,340.6,7649,0,842761,714987,6441,23538,4677,566554,18,2088,27,0,0,0,2198,0,116.0,1,0,298,504.6,1.9,23,24.8,0,64.0,promoted,23250,0,193.8,402.4
520,young,13047,64,8,5840,0,11,1,1,234,5120,238,1675,1702249,62979.0,201333,17.3,80.1,760.0,831026,810.3,67.9,264.8,341.7,7676,0,844955,715910,0,0,0,0,0,0,0,0,0,0,0,0,116.0,0,0,299,453.0,1.9,23,22.7,0,80.1,,23282,0,194.3,403.5
521,young,11882,30,5,6210,0,8,1,0,277,3931,243,1332,1705846,63147.0,214715,16.9,97.0,760.0,832477,811.5,68.0,265.2,342.2,7681,0,846457,717178,0,0,0,0,0,0,0,0,0,0,0,0,116.0,0,2,297,386.1,1.9,23,22.3,0,97.0,,23315,0,194.6,404.2
522,young,9245,26,5,3882,0,9,1,0,299,3278,249,1710,1706561,63168.6,207807,15.2,112.2,760.0,833464,812.5,68.1,265.5,342.6,7681,0,847489,718113,0,0,0,0,0,0,0,0,0,0,0,0,116.0,0,0,299,328.9,1.9,23,22.3,0,112.2,,23347,0,194.8,404.6
523,young,12025,30,6,4254,0,9,1,1,344,5825,260,1455,1707427,63214.1,273461,21.3,133.5,760.0,834543,813.5,68.1,265.9,343.1,7681,0,848597,719058,0,0,0,0,0,0,0,0,0,0,0,0,116.0,0,0,299,243.6,1.9,23,22.3,0,133.5,,23376,0,195.1,405.2
524,full-cycle,32702,23,4941,0,0,0,1,0,652,2065,245,664,1709331,63277.1,621332,63.3,63.3,760.0,836962,816.2,68.2,266.7,344.5,7734,0,851104,721089,4964,12435,11910,436913,26,4590,4558,0,0,0,3310,0,106.0,9,23,272,463.1,16.5,23,23.0,0,64.0,promoted,23484,0,195.7,406.4
525,young,11346,30,7,5112,0,9,1,1,214,5188,254,702,1717350,63679.5,193998,18.9,82.2,760.0,837265,817.1,68.2,266.8,345.2,7738,0,851421,721111,0,0,0,0,0,0,0,0,0,0,0,0,108.0,0,0,303,444.2,14.6,23,22.7,0,82.2,,23489,0,195.8,406.6
526,young,8976,21,5,2884,0,8,1,1,304,3558,246,2098,1719147,63737.2,195759,15.0,97.2,760.0,839052,818.5,68.3,267.3,345.9,7738,0,853270,722750,0,0,0,0,0,0,0,0,0,0,0,0,108.0,0,0,303,373.5,14.6,23,22.7,0,97.2,,23524,0,196.3,407.5
527,young,15700,27,5,8320,0,12,2,1,275,5323,253,1642,1719594,63755.0,234109,19.4,116.5,760.0,840561,819.5,68.3,267.7,346.1,7756,0,854844,724237,0,0,0,0,0,0,0,0,0,0,0,0,108.0,0,0,303,298.7,14.6,23,21.6,0,116.5,,23558,0,196.6,408.2
528,young,12650,34,5,4922,0,8,2,0,337,4576,272,2684,1720578,63783.4,233587,18.0,134.6,760.0,842819,821.1,68.4,268.4,346.5,7756,0,857140,726426,0,0,0,0,0,0,0,0,0,0,0,0,108.0,0,0,303,218.7,14.6,23,21.6,0,134.6,,23588,0,197.2,409.4
529,full-cycle,26746,29,5986,0,0,0,1,0,500,742,187,512,1721545,63828.4,480340,55.0,55.0,760.0,844369,822.2,68.5,268.9,346.8,7756,0,858717,727925,6015,11871,7344,446681,17,5370,695,0,0,0,1508,0,114.0,1,0,299,525.8,1.9,23,24.1,0,64.0,promoted,23647,0,197.6,410.2
530,young,10349,30,6,2026,0,9,2,0,310,6030,245,1837,1733189,64303.8,195348,18.5,73.5,760.0,846386,824.8,68.6,269.6,348.2,7788,0,860800,728790,0,0,0,0,0,0,0,0,0,0,0,0,116.0,0,0,299,466.7,0.0,23,21.6,0,73.5,,23685,0,198.2,411.5
531,young,12153,44,4,2860,0,8,2,1,243,7660,249,1238,1733770,64325.7,224461,17.2,90.7,760.0,847252,825.6,68.6,269.9,348.6,7788,0,861710,729379,0,0,0,0,0,0,0,0,0,0,0,0,116.0,0,2,297,408.1,0.0,23,21.6,0,90.7,,23714,0,198.4,411.9
532,young,8151,22,8,3860,0,8,1,0,259,2453,253,1455,1734290,64347.5,152953,11.2,102.0,760.0,848129,826.2,68.6,270.2,348.7,7788,0,862627,730245,0,0,0,0,0,0,0,0,0,0,0,0,116.0,0,0,299,369.3,0.0,23,21.6,0,102.0,,23747,0,198.6,412.3
533,young,13734,69,7,7488,0,9,1,1,332,3646,258,2064,1735646,64403.7,274577,21.9,123.8,760.0,849080,827.5,68.7,270.5,349.5,7793,0,863643,731012,0,0,0,0,0,0,0,0,0,0,0,0,116.0,0,0,299,287.6,0.0,23,21.2,0,123.8,,23789,0,198.8,412.8
534,full-cycle,20984,26,3388,0,0,0,2,0,379,552,147,391,1736656,64432.2,468307,52.5,52.5,746.0,850407,828.4,68.7,270.9,349.7,7808,0,865037,732322,3414,12417,2858,457788,20,1779,110,0,0,0,1577,714,128.0,1,0,285,500.5,1.9,23,25.5,0,64.0,promoted,23874,0,199.1,413.4
535,young,12686,162,5,5538,0,7,2,0,244,4728,249,1914,1748088,64877.4,179854,19.0,71.5,746.0,852348,830.7,68.8,271.6,350.9,7858,0,867078,733059,0,0,0,0,0,0,0,0,0,0,0,0,128.0,0,0,286,444.4,1.9,23,21.6,0,71.5,,23927,0,199.7,414.7
536,young,17074,24,8,7361,0,9,2,1,263,7916,251,1381,1748639,64897.0,249440,23.0,94.5,746.0,853182,831.4,68.8,271.8,351.2,7924,0,867984,733693,0,0,0,0,0,0,0,0,0,0,0,0,128.0,0,0,286,381.7,1.9,23,17.7,0,94.5,,23977,0,199.9,415.1
537,young,8050,32,7,4016,0,8,1,0,276,2310,252,1288,1748941,64909.0,117502,9.0,103.5,746.0,854261,832.2,68.9,272.2,351.5,7924,0,869125,734744,0,0,0,0,0,0,0,0,0,0,0,0,128.0,0,0,286,346.9,1.9,23,17.7,0,103.5,,24021,0,200.1,415.6
538,young,13520,22,5,4705,0,9,1,0,311,6881,248,1503,1750280,64973.4,257334,19.1,122.6,746.0,855161,833.3,68.9,272.5,352.0,7924,0,870095,735505,0,0,0,0,0,0,0,0,0,0,0,0,128.0,0,0,286,275.0,1.9,23,17.7,0,122.6,,24061,0,200.3,416.0
539,full-cycle,33046,32,4635,0,0,0,2,0,655,2326,242,666,1751780,65029.1,622007,66.1,66.1,746.0,857006,835.3,69.0,273.1,353.0,7954,0,872003,737093,4666,13450,11791,466223,27,5019,3746,0,0,0,3054,0,110.0,10,17,268,451.1,18.2,23,22.1,0,66.1,promoted,24149,0,200.7,416.8
540,young,7849,23,5,3500,0,8,1,0,245,3389,236,590,1759122,65383.4,157100,14.4,80.5,746.0,857432,836.4,69.0,273.3,353.9,7956,0,872443,737171,0,0,0,0,0,0,0,0,0,0,0,0,110.0,0,0,295,428.7,18.2,23,21.9,0,80.5,,24153,0,200.8,417.0
541,young,10427,28,5,6239,0,8,1,0,274,2692,243,1109,1760507,65438.1,210020,16.2,96.6,746.0,858182,837.7,69.0,273.5,354.8,7956,0,873241,737654,0,0,0,0,0,0,0,0,0,0,0,0,110.0,0,1,294,373.4,18.2,23,21.9,0,96.6,,24189,0,201.0,417.4
542,young,13509,20,4,6780,0,8,1,0,308,3963,259,2342,1761313,65474.7,250296,19.2,115.8,746.0,859970,838.9,69.1,274.0,355.2,7956,0,875068,739343,0,0,0,0,0,0,0,0,0,0,0,0,110.0,0,0,295,297.3,18.2,23,21.9,0,115.8,,24222,0,201.4,418.4
543,young,13324,30,6,7038,0,8,1,1,324,3897,264,1914,1761991,65506.0,257688,20.8,136.6,746.0,861827,840.0,69.2,274.5,355.4,7968,0,876991,741207,0,0,0,0,0,0,0,0,0,0,0,0,110.0,0,0,295,220.8,18.2,23,21.0,0,136.6,,24266,0,201.9,419.2
544,full-cycle,17176,29,1998,0,0,0,1,0,479,445,211,490,1763667,65569.6,429963,50.3,50.3,746.0,864213,841.9,69.3,275.2,356.2,8008,0,879513,743431,2027,11683,1269,429635,23,284,18,0,0,0,2187,0,108.0,3,17,276,500.8,5.6,23,22.9,0,64.0,promoted,24399,0,202.4,420.4
545,young,9015,18,5,5417,0,9,1,0,272,2586,214,678,1772574,65980.0,197757,23.2,73.5,746.0,864583,843.1,69.3,275.4,357.1,8086,0,879901,743495,0,0,0,0,0,0,0,0,0,0,0,0,108.0,0,3,293,471.5,5.6,23,17.9,0,73.5,,24405,0,202.5,420.6
546,young,13186,19,5,9097,0,8,2,0,229,2547,249,1188,1773840,66045.9,256222,19.6,93.1,746.0,865449,843.7,69.3,275.6,357.3,8086,0,880831,744357,0,0,0,0,0,0,0,0,0,0,0,0,108.0,0,0,296,411.3,5.6,23,17.9,0,93.1,,24443,0,202.7,421.0
547,young,8024,42,8,3567,0,8,1,0,254,2838,260,1212,1774296,66064.7,190092,14.6,107.7,746.0,866302,844.4,69.3,275.9,357.6,8090,0,881746,745203,0,0,0,0,0,0,0,0,0,0,0,0,108.0,0,0,296,361.0,5.6,23,17.7,0,107.7,,24486,0,202.9,421.4
548,young,15262,29,6,9267,0,8,2,0,331,3419,266,2082,1775482,66115.4,295897,22.6,130.3,746.0,867817,845.3,69.4,276.4,357.7,8090,0,883341,746737,0,0,0,0,0,0,0,0,0,0,0,0,108.0,0,0,296,274.3,5.6,23,17.7,0,130.3,,24534,0,203.2,422.0
549,full-cycle,26756,25,5922,0,0,0,1,0,490,1211,243,501,1776130,66146.7,496477,55.4,55.4,746.0,870124,846.6,69.5,277.1,357.9,8090,0,885725,749103,5948,14989,4256,465619,19,2497,23,0,0,0,1558,0,114.0,1,0,292,507.7,1.9,23,25.4,0,64.0,promoted,24624,0,203.7,423.1
550,young,7156,25,6,1381,0,9,1,0,253,4727,212,727,1786439,66612.0,196192,22.8,78.2,746.0,870843,847.1,69.5,277.3,357.9,8198,0,886532,749803,0,0,0,0,0,0,0,0,0,0,0,0,116.0,0,0,292,459.6,0.0,23,18.0,0,78.2,,24678,0,204.0,423.6
551,young,9715,29,7,2974,0,8,1,0,255,5135,252,1220,1786750,66628.3,269205,21.0,99.1,746.0,871838,847.6,69.6,277.7,358.0,8198,0,887601,750853,0,0,0,0,0,0,0,0,0,0,0,0,116.0,0,0,292,390.8,0.0,23,18.0,0,99.1,,24726,0,204.2,424.1
552,young,7065,22,6,3158,0,8,1,0,248,2372,255,1165,1787229,66646.2,149010,10.9,110.1,746.0,873003,848.4,69.6,278.0,358.2,8200,0,888813,752002,0,0,0,0,0,0,0,0,0,0,0,0,116.0,0,0,292,352.8,0.0,23,17.9,0,110.1,,24768,0,204.4,424.6
553,young,12137,30,6,4790,0,8,2,1,331,4118,270,2718,1788962,66714.9,237858,18.5,128.5,746.0,874832,850.8,69.7,278.6,358.6,8202,0,890699,753778,0,0,0,0,0,0,0,0,0,0,0,0,116.0,0,0,292,272.6,0.0,23,17.8,0,128.5,,24817,0,204.8,425.5
554,full-cycle,32756,31,3985,0,0,0,2,1,788,2022,255,800,1790553,66768.2,593199,62.4,62.4,746.0,877955,853.2,69.8,279.6,359.3,8238,0,893929,756734,4016,19261,6624,542146,17,3206,575,0,0,0,2835,0,108.0,4,16,276,473.7,7.5,23,22.7,0,64.0,promoted,24926,0,205.6,426.9
555,young,11863,150,6,6710,0,8,1,1,264,3436,249,1202,1799756,67140.9,163772,17.4,79.8,746.0,879095,854.9,69.8,280.1,360.5,8264,0,895101,757327,0,0,0,0,0,0,0,0,0,0,0,0,110.0,0,0,295,438.1,5.6,23,21.1,0,79.8,,24931,0,205.8,427.4
556,young,8488,21,5,4601,0,7,2,0,241,2281,258,1242,1802157,67238.3,150102,11.5,91.3,746.0,880788,856.4,69.9,280.6,361.0,8264,0,896851,758701,0,0,0,0,0,0,0,0,0,0,0,0,110.0,0,2,293,383.8,5.6,23,21.1,0,91.3,,24965,0,206.2,428.3
557,young,8611,19,6,4060,0,8,2,0,269,2832,257,1330,1803061,67275.8,157943,11.9,103.2,746.0,881802,857.1,69.9,280.9,361.2,8264,0,897905,759674,0,0,0,0,0,0,0,0,0,0,0,0,110.0,0,0,295,337.3,5.6,23,21.1,0,103.2,,24996,0,206.5,428.8
558,young,16909,23,6,4056,0,8,2,0,387,9573,254,2771,1804161,67324.9,323550,25.7,128.9,746.0,883235,858.2,70.0,281.3,361.7,8267,0,899374,760993,0,0,0,0,0,0,0,0,0,0,0,0,110.0,0,0,295,242.6,5.6,23,20.9,0,128.9,,25026,0,206.8,429.5
559,full-cycle,36214,28,5415,0,0,0,2,1,596,1513,237,609,1805475,67366.0,597835,62.1,62.1,746.0,885494,860.5,70.1,282.1,362.7,8296,0,901708,762964,5442,21693,5533,553684,21,817,2568,0,0,0,3531,0,114.0,2,18,273,464.6,3.7,23,24.6,0,64.0,promoted,25119,0,207.3,430.6
560,young,13889,70,6,8118,0,10,1,1,254,4418,243,918,1810747,67517.4,238966,20.7,82.7,746.0,885982,861.9,70.1,282.2,363.9,8301,0,902213,762969,0,0,0,0,0,0,0,0,0,0,0,0,116.0,0,0,292,434.7,1.9,23,24.2,0,82.7,,25124,0,207.5,430.9
561,young,11372,25,7,3366,0,10,1,1,288,5901,261,1676,1817818,67811.2,195279,14.7,97.4,746.0,887410,863.6,70.2,282.7,364.9,8301,0,903707,764175,0,0,0,0,0,0,0,0,0,0,0,0,116.0,0,0,292,375.1,1.9,23,24.2,0,97.4,,25159,0,207.8,431.6
562,young,15050,36,7,7454,0,8,1,0,333,4746,249,2360,1818711,67846.6,280753,22.0,119.4,746.0,889053,864.5,70.2,283.2,365.0,8305,0,905397,765819,0,0,0,0,0,0,0,0,0,0,0,0,116.0,0,0,292,290.3,1.9,23,23.9,0,119.4,,25191,0,208.2,432.4
563,young,16085,31,7,5611,0,8,2,0,475,7954,269,1909,1819251,67867.9,242264,19.7,139.1,746.0,890241,865.2,70.3,283.5,365.1,8315,0,906659,767062,0,0,0,0,0,0,0,0,0,0,0,0,116.0,0,0,292,216.4,1.9,23,23.2,0,139.1,,25235,0,208.4,432.9
564,full-cycle,39707,41,4790,0,0,0,2,0,805,2062,281,817,1823772,67947.9,659557,67.9,67.9,746.0,894037,868.9,70.4,284.8,366.8,8348,0,910195,770344,4831,22285,8879,541378,20,985,4988,0,0,0,3698,0,66.0,2,18,297,499.4,3.7,23,23.4,0,67.9,promoted,25343,0,209.4,434.7
565,young,12130,34,6,8566,0,8,1,0,213,2398,273,812,1827968,68081.6,202405,19.7,87.7,746.0,894714,870.3,70.5,285.0,367.8,8368,0,910918,770606,0,0,0,0,0,0,0,0,0,0,0,0,66.0,0,2,315,475.3,3.7,23,21.9,0,87.7,,25365,0,209.6,435.2
566,young,9659,18,4,3416,0,11,1,1,270,4429,265,1463,1836662,68437.7,160423,12.8,100.5,746.0,896497,872.8,70.5,285.6,369.4,8374,0,912795,771516,0,0,0,0,0,0,0,0,0,0,0,1,66.0,0,5,312,414.1,3.7,23,21.5,0,100.5,,25420,0,210.0,436.1
567,young,16761,38,6,5815,0,11,1,0,336,8399,257,2047,1837535,68483.3,291932,22.3,122.8,746.0,898122,873.9,70.6,286.0,369.8,8374,0,914467,773022,0,0,0,0,0,0,0,0,0,0,0,0,66.0,0,0,317,324.5,3.7,23,21.5,0,122.8,,25455,0,210.4,436.8
568,young,9848,23,6,3863,0,8,1,0,344,3684,258,1864,1838055,68501.6,193245,14.6,137.4,746.0,899415,874.6,70.6,286.4,369.9,8376,0,915840,774360,0,0,0,0,0,0,0,0,0,0,0,0,66.0,0,0,317,264.5,3.7,23,21.4,0,137.4,,25499,0,210.7,437.4
569,full-cycle,50992,30,6040,0,0,0,1,1,965,5990,330,978,1840352,68595.2,747839,75.2,75.2,764.0,903811,880.2,70.8,289.8,371.3,8419,0,919865,778384,6070,26519,14793,514854,34,5073,2709,0,0,0,3512,0,0.0,11,20,327,547.5,20.4,24,24.2,0,75.2,promoted,25605,0,211.7,439.5
570,young,9719,74,5,2832,0,9,1,0,280,5334,286,1098,1852597,69096.9,189753,17.7,92.9,764.0,904773,882.3,70.9,290.1,372.8,8424,0,920840,778541,0,0,0,0,0,0,0,0,0,0,0,0,0.0,0,0,358,512.1,20.4,24,23.9,0,92.9,,25607,0,211.9,440.1
571,young,11966,27,7,3866,0,11,1,1,308,5941,261,1725,1854101,69147.8,254575,19.2,112.0,764.0,906132,883.6,70.9,290.5,373.5,8424,0,922251,779649,0,0,0,0,0,0,0,0,0,0,0,0,0.0,0,1,357,435.5,20.4,24,23.9,0,112.0,,25641,0,212.3,440.7
572,young,13815,48,6,4284,0,8,1,1,395,6320,273,2669,1854672,69173.3,232932,18.4,130.4,764.0,908360,884.8,71.0,291.2,373.7,8424,0,924524,781883,0,0,0,0,0,0,0,0,0,0,0,0,0.0,0,0,358,356.6,20.4,24,23.9,0,130.4,,25675,0,212.8,441.7
573,young,12730,32,6,5816,0,9,1,0,390,3673,297,2720,1855603,69213.9,213841,16.3,146.7,764.0,910507,886.2,71.1,291.8,374.1,8424,0,926722,783950,0,0,0,0,0,0,0,0,0,0,0,0,0.0,0,0,358,283.2,20.4,24,23.9,0,146.7,,25706,0,213.2,442.7
574,full-cycle,38803,34,5566,0,0,0,1,0,916,1984,273,951,1858827,69309.3,631100,64.2,64.2,764.0,913928,891.1,71.3,294.0,376.1,8456,0,930222,786883,5601,19539,9658,515906,16,1838,4863,0,0,0,3991,0,40.0,1,23,314,546.1,1.9,24,26.3,0,64.2,starved,25799,0,214.1,444.4
575,young,6967,132,4,1802,0,10,2,0,224,4140,268,596,1864518,69493.3,124468,12.0,76.2,764.0,914275,892.4,71.3,294.1,377.1,8457,0,930593,786884,0,0,0,0,0,0,0,0,0,0,0,0,40.0,0,0,338,543.8,1.9,24,26.2,0,76.2,,25803,0,214.1,444.5
576,young,16444,22,7,4792,0,12,1,1,254,9295,255,1979,1873782,69897.0,255734,19.6,95.8,764.0,915871,894.1,71.4,294.7,378.0,8459,0,932239,788283,0,0,0,0,0,0,0,0,0,0,0,0,40.0,0,0,338,468.6,1.9,24,26.1,0,95.8,,25837,0,214.5,445.2
577,young,18718,24,7,10436,0,10,1,1,347,5631,265,2194,1874120,69911.6,325785,25.7,121.5,764.0,917476,895.0,71.4,295.1,378.2,8459,0,933900,789878,0,0,0,0,0,0,0,0,0,0,0,0,40.0,0,0,338,375.9,1.9,24,26.1,0,121.5,,25867,0,214.9,446.0
578,young,10442,33,9,3324,0,8,1,0,364,5200,274,1420,1874380,69922.9,264505,20.3,141.8,764.0,919105,896.0,71.5,295.6,378.4,8461,0,935579,791490,0,0,0,0,0,0,0,0,0,0,0,0,40.0,0,0,338,299.2,1.9,24,26.0,0,141.8,,25901,0,215.2,446.8
579,full-cycle,35077,151,7130,0,0,0,2,0,511,880,221,523,1875700,69977.9,516686,56.6,56.6,764.0,920947,906.4,77.4,299.5,378.7,8479,0,937494,793331,7281,17041,9175,489801,20,7290,456,0,0,0,1568,0,98.0,2,1,306,534.2,3.7,24,27.3,0,64.0,promoted,25993,0,215.6,447.7
580,young,14676,64,7,9595,0,9,1,1,290,2804,249,1828,1884700,70250.6,219696,21.9,78.5,764.0,922891,909.2,77.5,300.1,380.5,8527,0,939522,793838,0,0,0,0,0,0,0,0,0,0,0,0,98.0,0,0,309,474.8,3.7,24,23.6,0,78.5,,26044,0,216.3,449.1
581,young,12752,21,6,2987,0,9,2,0,251,8032,272,1325,1890552,70518.1,259064,19.9,98.4,764.0,923926,910.3,77.6,300.5,380.9,8527,0,940609,794693,0,0,0,0,0,0,0,0,0,0,0,0,98.0,0,3,306,408.6,3.7,24,23.6,0,98.4,,26077,0,216.5,449.6
582,young,12028,29,6,5590,0,10,2,0,299,4614,274,1389,1891186,70540.0,186224,14.0,112.4,764.0,924869,911.0,77.6,300.8,381.1,8527,0,941597,795625,0,0,0,0,0,0,0,0,0,0,0,0,98.0,0,0,309,356.2,3.7,24,23.6,0,112.4,,26108,0,216.7,450.0
583,young,13741,30,6,6394,0,9,1,0,353,4962,266,1887,1892307,70593.0,225516,17.1,129.5,764.0,926052,911.7,77.6,301.2,381.2,8527,0,942837,796841,0,0,0,0,0,0,0,0,0,0,0,0,98.0,0,0,309,295.3,3.7,24,23.6,0,129.5,,26142,0,216.9,450.5
584,full-cycle,41473,35,4300,0,0,0,1,1,607,2966,246,620,1894802,70679.3,596120,62.3,62.3,764.0,928261,914.4,77.7,301.9,382.7,8595,0,945194,798612,4335,23530,9847,476558,25,4705,1524,0,0,0,3667,0,98.0,4,27,278,480.9,7.5,24,22.6,0,64.0,promoted,26264,0,217.4,451.5
585,young,7998,74,8,2004,0,9,1,0,257,4881,263,639,1897814,70719.3,129063,15.5,77.7,764.0,928593,915.1,77.7,302.1,383.3,8599,0,945535,798692,0,0,0,0,0,0,0,0,0,0,0,0,100.0,0,0,308,469.9,5.6,24,22.3,0,77.7,,26271,0,217.4,451.6
586,young,12526,65,8,8001,0,8,1,0,276,2277,245,1788,1907912,71072.9,231253,17.9,95.7,764.0,930520,917.4,77.8,302.7,384.5,8599,0,947531,799816,0,0,0,0,0,0,0,0,0,0,0,0,100.0,0,0,308,405.3,5.6,24,22.3,0,95.7,,26317,0,217.9,452.6
587,young,17262,31,6,10576,0,11,1,1,308,4076,261,2147,1909744,71139.8,292652,23.3,118.9,764.0,932215,918.6,77.9,303.2,384.9,8606,0,949316,801370,0,0,0,0,0,0,0,0,0,0,0,0,100.0,0,0,308,325.4,5.6,24,21.9,0,118.9,,26369,0,218.3,453.4
588,young,14886,31,8,8881,0,9,1,0,356,3236,265,2279,1910314,71163.8,265814,20.8,139.7,764.0,933286,919.3,77.9,303.5,385.1,8616,0,950450,802455,0,0,0,0,0,0,0,0,0,0,0,0,100.0,0,0,308,259.0,5.6,24,21.3,0,139.7,,26411,0,218.6,454.0
589,full-cycle,37858,28,5434,0,0,0,1,2,721,1867,252,733,1912597,71243.3,660619,69.0,69.0,764.0,935820,922.0,78.2,304.5,386.1,8638,0,953069,804692,5462,14886,13938,449880,19,2532,8781,0,0,0,3550,0,118.0,1,23,275,465.1,1.9,24,25.1,0,69.0,promoted,26499,0,219.2,455.2
590,young,13798,90,7,2777,0,10,1,0,253,9526,255,1061,1918571,71435.4,258292,24.2,93.2,764.0,936373,924.1,78.3,304.8,387.7,8667,0,953638,804694,0,0,0,0,0,0,0,0,0,0,0,0,118.0,0,0,299,430.1,1.9,24,22.9,0,93.2,,26523,0,219.4,455.6
591,young,13505,61,6,5698,0,11,1,1,297,5489,262,1834,1927468,71703.6,230796,17.8,110.9,764.0,937682,926.4,78.4,305.3,389.2,8667,0,955018,805635,0,0,0,0,0,0,0,0,0,0,0,0,118.0,0,0,299,369.0,1.9,24,22.9,0,110.9,,26570,0,219.7,456.3
592,young,16666,162,6,7056,0,13,2,0,348,6894,258,2088,1928425,71743.9,206993,16.3,127.2,764.0,939237,927.7,78.5,305.8,389.7,8674,0,956652,807094,0,0,0,0,0,0,0,0,0,0,0,0,118.0,0,0,299,300.2,1.9,24,22.5,0,127.2,,26619,0,220.1,456.9
593,young,12706,150,8,4312,0,11,2,1,414,5249,269,2468,1930567,71795.1,187566,14.9,142.1,764.0,941232,929.2,78.5,306.4,390.3,8674,0,958726,808965,0,0,0,0,0,0,0,0,0,0,0,0,118.0,0,0,299,235.6,1.9,24,22.5,0,142.1,,26671,0,220.6,458.0
594,full-cycle,37326,29,4815,0,0,0,1,1,731,2365,280,743,1933948,71877.5,646936,67.5,67.5,764.0,944764,938.5,82.3,309.2,392.4,8707,0,962304,812214,4844,20675,9602,487128,21,904,5563,0,0,0,2193,0,100.0,2,13,293,497.4,3.7,24,24.6,0,67.5,promoted,26767,0,221.4,459.7
595,young,10656,60,7,4955,0,10,2,1,252,4527,264,747,1946314,72256.5,189228,17.9,85.4,764.0,945330,940.3,82.3,309.4,394.0,8724,0,962896,812274,0,0,0,0,0,0,0,0,0,0,0,0,102.0,0,2,305,458.9,1.9,24,23.5,0,85.4,,26777,0,221.6,460.0
596,young,19831,33,7,10522,0,12,2,1,293,6847,267,2032,1949215,72387.3,228659,17.4,102.8,764.0,947364,941.7,82.4,310.0,394.4,8724,0,964969,814194,0,0,0,0,0,0,0,0,0,0,0,0,102.0,0,3,304,389.6,1.9,24,23.5,0,102.8,,26805,0,222.0,461.0
597,young,12102,27,7,4630,0,9,2,1,349,5030,262,1956,1949741,72409.0,240898,18.6,121.3,764.0,948686,942.5,82.4,310.4,394.5,8724,0,966334,815515,0,0,0,0,0,0,0,0,0,0,0,0,102.0,0,0,307,317.0,1.9,24,23.5,0,121.3,,26836,0,222.3,461.6
598,young,15011,28,7,5086,0,9,2,0,380,6656,266,2767,1950617,72446.9,243854,18.6,139.9,764.0,950063,943.5,82.5,310.9,394.8,8728,0,967776,816869,0,0,0,0,0,0,0,0,0,0,0,0,102.0,0,0,307,244.2,1.9,24,23.3,0,139.9,,26870,0,222.6,462.2
599,full-cycle,35301,25,5030,0,0,0,1,1,728,3269,257,740,1952752,72522.2,650076,65.8,65.8,764.0,953370,946.2,82.6,311.8,395.9,8755,0,971150,819847,5055,17684,9684,465471,17,720,4933,0,0,0,2866,0,106.0,2,17,286,484.4,3.7,24,26.6,0,65.8,promoted,26960,0,223.3,463.7
600,young,11641,56,10,5081,0,11,1,1,241,5005,259,1151,1959035,72658.1,202591,17.9,83.7,764.0,954223,947.9,82.6,312.1,397.2,8760,0,972005,820159,0,0,0,0,0,0,0,0,0,0,0,0,106.0,0,0,305,454.8,3.7,24,26.2,0,83.7,,26964,0,223.6,464.2
601,young,14248,28,6,4687,0,8,1,0,277,7372,251,1778,1967581,73010.2,259275,19.8,103.6,764.0,955872,949.9,82.7,312.6,398.4,8760,0,973715,821336,0,0,0,0,0,0,0,0,0,0,0,0,106.0,0,0,305,378.3,3.7,24,26.2,0,103.6,,26998,0,224.0,465.0
602,young,14350,34,8,6321,0,8,2,0,308,5748,253,1818,1968102,73029.2,232718,19.2,122.7,764.0,957138,950.8,82.8,313.0,398.6,8776,0,975047,822565,0,0,0,0,0,0,0,0,0,0,0,0,106.0,0,0,305,313.4,3.7,24,25.0,0,122.7,,27048,0,224.3,465.7
603,young,13367,29,6,4811,0,13,2,1,466,5431,259,2476,1969256,73072.0,212850,16.3,139.1,764.0,958845,952.1,82.8,313.5,399.1,8777,0,976813,824160,0,0,0,0,0,0,0,0,0,0,0,0,106.0,0,0,305,244.1,3.7,24,24.9,0,139.1,,27093,0,224.7,466.5
604,full-cycle,42070,36,4178,0,0,0,2,1,757,3001,271,770,1972334,73170.2,751361,75.8,75.8,764.0,962628,956.0,83.0,314.8,401.0,8821,0,980730,827380,4214,19552,13048,510748,21,450,8800,0,0,0,5237,0,110.0,2,29,272,442.8,3.7,24,24.3,0,75.8,promoted,27214,0,225.6,468.3
605,young,11916,68,7,5232,0,9,1,0,240,5421,259,851,1981195,73509.7,184132,16.8,92.6,764.0,963113,957.6,83.0,315.0,402.3,8828,0,981235,827412,0,0,0,0,0,0,0,0,0,0,0,0,112.0,0,0,302,433.8,1.9,24,23.8,0,92.6,,27221,0,225.6,468.5
606,young,14612,28,5,9248,0,8,1,0,297,3215,263,1707,1984803,73630.7,245743,19.5,112.1,764.0,964605,959.3,83.0,315.4,403.3,8831,0,982795,828668,0,0,0,0,0,0,0,0,0,0,0,0,112.0,0,0,302,362.9,1.9,24,23.5,0,112.1,,27263,0,226.0,469.2
607,young,11692,23,8,4560,0,8,1,0,344,4625,257,2029,1985590,73661.0,242103,19.1,131.2,764.0,965893,960.5,83.1,315.9,403.8,8838,0,984147,829865,0,0,0,0,0,0,0,0,0,0,0,0,112.0,0,0,302,290.6,1.9,24,23.0,0,131.2,,27311,0,226.3,469.9
608,young,14169,28,7,7088,0,7,1,0,380,3866,268,2706,1986731,73708.7,223103,17.4,148.6,764.0,967954,961.8,83.2,316.4,404.1,8844,0,986255,831846,0,0,0,0,0,0,0,0,0,0,0,0,112.0,0,0,302,214.4,1.9,24,22.6,0,148.6,,27345,0,226.8,470.9
609,young,9488,44,7,2684,0,8,1,0,476,3387,285,2822,1988333,73769.6,174937,13.7,162.3,764.0,970700,963.9,83.3,317.3,404.9,8844,0,989055,834401,0,0,0,0,0,0,0,0,0,0,0,0,112.0,0,0,302,137.8,1.9,24,22.6,0,162.3,,27378,0,227.4,472.2
610,full-cycle,23706,26,2317,0,0,0,1,0,623,1128,184,633,1990731,73877.3,512833,56.8,56.8,764.0,973093,966.2,83.4,318.1,406.0,8873,0,991072,836453,2343,11428,7151,439426,24,4187,1172,0,0,0,2708,0,40.0,8,20,310,558.1,14.5,24,25.0,0,64.0,promoted,27466,0,228.0,473.3
611,young,11274,65,5,6368,0,8,2,1,242,3846,278,657,1998874,74197.1,169419,16.3,73.1,764.0,973468,967.7,83.4,318.2,407.2,8886,0,991464,836460,0,0,0,0,0,0,0,0,0,0,0,0,42.0,0,0,337,534.0,12.6,24,24.2,0,73.1,,27470,0,228.1,473.5
612,young,9995,16,5,5960,0,8,1,0,246,2245,261,1411,2004591,74421.6,186857,14.3,87.4,764.0,974627,969.4,83.4,318.7,408.2,8886,0,992683,837338,0,0,0,0,0,0,0,0,0,0,0,0,42.0,0,0,337,482.4,12.6,24,24.2,0,87.4,,27503,0,228.3,474.1
613,young,13398,26,5,7246,0,8,1,0,279,3454,258,2294,2005455,74464.2,248777,18.7,106.1,764.0,976512,970.5,83.5,319.2,408.4,8886,0,994619,839216,0,0,0,0,0,0,0,0,0,0,0,0,42.0,0,0,337,410.5,12.6,24,24.2,0,106.1,,27538,0,228.7,475.0
614,young,13751,22,6,6825,0,12,1,0,376,4409,262,2017,2005962,74486.9,253804,19.4,125.4,764.0,977571,971.2,83.6,319.5,408.6,8886,0,995723,840260,0,0,0,0,0,0,0,0,0,0,0,0,42.0,0,0,337,339.9,12.6,24,24.2,0,125.4,,27567,0,229.0,475.5
615,full-cycle,32158,93,4188,0,0,0,1,0,494,2861,233,507,2007874,74530.1,615391,64.1,64.1,764.0,979191,972.5,83.6,320.1,409.0,8902,0,997410,841824,4280,16121,10002,490580,19,4978,1632,0,0,0,1740,0,82.0,2,1,314,533.5,3.7,24,27.2,0,64.1,promoted,27652,0,229.4,476.3
616,young,11760,39,9,4456,0,10,2,1,339,5123,262,1656,2020562,74997.8,206382,20.6,84.8,764.0,981044,975.0,83.7,320.6,410.6,8949,0,999354,842545,0,0,0,0,0,0,0,0,0,0,0,0,84.0,0,0,316,474.6,1.9,24,23.6,0,84.8,,27703,0,229.9,477.5
617,young,14501,16,4,8754,0,9,2,0,280,3754,273,1627,2021200,75021.4,295811,23.0,107.8,764.0,982307,976.0,83.7,321.0,411.0,8949,0,1000695,843536,0,0,0,0,0,0,0,0,0,0,0,0,84.0,0,0,316,397.8,1.9,24,23.6,0,107.8,,27752,0,230.2,478.1
618,young,15151,21,6,9600,0,10,1,1,338,3350,262,1753,2021600,75038.2,291234,22.2,130.0,764.0,983621,976.8,83.8,321.4,411.2,8949,0,1002069,844870,0,0,0,0,0,0,0,0,0,0,0,0,84.0,0,0,316,322.6,1.9,24,23.6,0,130.0,,27798,0,230.5,478.7
619,full-cycle,30133,28,4767,0,0,0,2,0,458,724,165,470,2022423,75077.6,561598,60.8,60.8,764.0,985370,978.1,83.9,322.0,411.5,8950,0,1003882,846559,4795,14101,9434,529110,19,7292,920,0,0,0,1790,0,94.0,2,1,308,530.7,3.7,24,27.1,0,64.0,promoted,27874,0,230.9,479.5
620,young,9776,25,7,6029,0,9,1,1,261,2581,266,751,2031233,75528.6,208960,19.9,80.7,764.0,986101,981.1,83.9,324.7,411.7,8997,0,1004683,847167,0,0,0,0,0,0,0,0,0,0,0,0,96.0,0,0,310,477.7,1.9,24,23.5,0,80.7,,27921,0,231.1,480.0
621,young,15817,53,8,8258,0,10,1,0,257,4904,246,2241,2031463,75539.4,213609,16.4,97.1,764.0,987595,982.0,84.0,325.1,411.8,8997,0,1006267,848729,0,0,0,0,0,0,0,0,0,0,0,0,96.0,0,1,309,415.0,1.9,24,23.5,0,97.1,,27970,0,231.5,480.7
622,young,16892,28,9,6449,0,10,1,1,332,7841,263,2142,2033540,75562.7,244058,19.1,116.2,764.0,989222,983.2,84.1,325.7,412.2,8999,0,1007946,850251,0,0,0,0,0,0,0,0,0,0,0,0,96.0,0,0,310,341.5,1.9,24,23.4,0,116.2,,28008,0,231.8,481.4
623,young,14359,156,6,8919,0,10,1,0,386,3113,273,1687,2034447,75595.3,276743,21.3,137.5,764.0,990462,984.0,84.1,326.1,412.4,8999,0,1009250,851498,0,0,0,0,0,0,0,0,0,0,0,0,96.0,0,0,310,269.8,1.9,24,23.4,0,137.5,,28047,0,232.1,482.0
624,full-cycle,30821,26,3836,0,0,0,1,1,482,2366,232,494,2035706,75647.0,544881,59.7,59.7,764.0,992124,985.4,84.2,326.6,412.9,9011,0,1010970,853089,3862,15975,9333,468705,19,5390,1058,0,0,0,1638,0,114.0,1,0,300,515.7,1.9,24,26.5,0,64.0,promoted,28125,0,232.5,482.9
625,young,7968,29,9,2454,0,8,1,0,290,3708,251,1375,2046723,76099.8,150846,15.7,75.4,764.0,993779,987.7,84.3,327.2,414.3,9058,0,1012700,853543,0,0,0,0,0,0,0,0,0,0,0,0,114.0,0,0,301,459.7,1.9,24,22.9,0,75.4,,28175,0,232.9,483.8
626,young,4204,29,16,650,0,9,1,0,255,2037,256,1149,2047469,76126.2,51624,4.1,79.5,764.0,995203,988.8,84.3,327.5,414.8,9058,0,1014181,854573,0,0,0,0,0,0,0,0,0,0,0,0,114.0,0,0,301,426.3,1.9,24,22.9,0,143.5,,28208,0,233.3,484.4
627,young,9344,274,4,3172,0,8,2,0,427,3945,264,1436,2048556,76177.7,184269,14.1,93.7,764.0,996730,989.8,84.4,328.0,415.1,9058,0,1015758,856088,0,0,0,0,0,0,0,0,0,0,0,0,114.0,0,0,301,368.6,1.9,24,22.9,0,157.7,,28240,0,233.7,485.2
628,young,14702,48,7,5228,0,9,2,1,461,6501,266,2347,2050370,76272.0,263522,20.7,114.3,764.0,998448,991.4,84.4,328.5,415.8,9058,0,1017531,857614,0,0,0,0,0,0,0,0,0,0,0,0,114.0,0,0,301,283.1,1.9,24,22.9,0,114.3,,28277,0,234.1,486.1
629,young,16246,24,7,4726,0,10,2,1,381,8692,259,2299,2052384,76351.1,311830,24.7,139.0,764.0,999455,992.5,84.5,328.8,416.3,9059,0,1018622,858523,0,0,0,0,0,0,0,0,0,0,0,0,114.0,0,0,301,191.6,1.9,24,22.8,0,139.0,,28326,0,234.3,486.6
630,full-cycle,31521,33,5226,0,0,0,2,0,584,3458,246,596,2053348,76388.6,614700,66.4,66.4,764.0,1001164,993.8,84.5,329.4,416.6,9083,0,1020390,860189,5258,19233,5298,525929,22,1190,23,0,0,0,1726,0,114.0,1,0,300,503.8,1.9,24,25.2,0,66.4,promoted,28410,0,234.7,487.3
631,young,10225,45,6,4403,0,7,1,0,203,3648,276,1790,2065463,76874.7,198127,19.4,85.7,764.0,1003292,995.9,84.6,330.1,417.7,9131,0,1022593,861304,0,0,0,0,0,0,0,0,0,0,0,0,116.0,0,0,300,447.5,0.0,24,21.5,0,85.7,,28459,0,235.3,488.7
632,young,13656,28,6,7922,0,8,1,0,274,3400,267,1874,2066087,76898.7,241763,18.7,104.5,764.0,1004695,996.9,84.7,330.5,418.1,9131,0,1024080,862586,0,0,0,0,0,0,0,0,0,0,0,1,116.0,0,1,299,377.3,0.0,24,21.5,0,104.5,,28511,0,235.6,489.4
633,young,13209,34,7,8261,0,10,1,0,343,2823,260,1624,2066781,76922.5,227669,17.5,122.0,764.0,1005947,997.7,84.7,330.9,418.2,9131,0,1025416,863886,0,0,0,0,0,0,0,0,0,0,0,0,116.0,0,0,300,314.2,0.0,24,21.5,0,122.0,,28556,0,235.9,490.0
634,young,9671,32,7,4441,0,10,1,0,358,2792,264,1965,2068060,76970.2,180396,13.6,135.6,764.0,1007444,999.5,85.2,331.5,418.6,9131,0,1026970,865321,0,0,0,0,0,0,0,0,0,0,0,0,116.0,0,0,300,259.0,0.0,24,21.5,0,135.6,,28591,0,236.2,490.7
635,full-cycle,26507,155,2801,0,0,0,2,0,640,2591,242,652,2069494,77045.2,551620,58.7,58.7,764.0,1009329,1001.0,85.3,332.1,419.1,9135,0,1028895,867094,2956,15613,6185,429201,18,290,2630,0,0,0,1747,0,126.0,0,1,294,504.0,0.0,24,27.5,0,64.0,promoted,28650,0,236.6,491.5
636,young,10227,28,6,1880,0,9,1,0,289,6923,234,1024,2080963,77529.8,205491,22.0,80.8,764.0,1010325,1002.0,85.3,332.6,419.4,9215,0,1029967,867925,0,0,0,0,0,0,0,0,0,0,0,0,126.0,0,1,294,449.9,0.0,24,22.1,0,80.8,,28688,0,236.9,492.2
637,young,10615,27,7,4724,0,8,2,0,220,3911,253,1650,2081193,77539.3,200065,15.1,95.9,764.0,1012004,1002.9,85.4,333.0,419.6,9217,0,1031695,869588,0,0,0,0,0,0,0,0,0,0,0,0,126.0,0,0,295,395.5,0.0,24,22.0,0,95.9,,28718,0,237.3,493.0
638,young,11470,22,6,4521,0,8,2,0,308,4975,263,1543,2082008,77574.4,231651,17.7,113.5,764.0,1013105,1003.7,85.4,333.3,419.9,9218,0,1032840,870658,0,0,0,0,0,0,0,0,0,0,0,0,126.0,0,0,295,326.3,0.0,24,22.0,0,113.5,,28750,0,237.6,493.6
639,young,11407,22,7,4534,0,14,2,1,380,4147,268,2203,2082769,77607.6,193562,14.5,128.0,764.0,1014392,1004.8,85.5,333.7,420.3,9218,0,1034183,871852,0,0,0,0,0,0,0,0,0,0,0,0,126.0,0,0,295,260.3,0.0,24,22.0,0,128.0,,28784,0,237.9,494.2
640,full-cycle,31102,35,6999,0,0,0,1,0,660,1135,250,670,2085073,77683.5,548674,59.0,59.0,764.0,1017032,1007.3,85.6,334.7,421.4,9280,0,1036935,874209,7034,17074,3923,500864,17,938,1157,0,0,0,3063,0,124.0,2,18,276,480.8,3.7,24,24.0,0,64.0,promoted,28914,0,238.5,495.4
641,young,7818,22,6,1648,0,10,1,0,221,5044,242,768,2093427,78100.5,173262,19.3,78.3,764.0,1017645,1008.7,85.6,334.8,422.4,9315,0,1037570,874293,0,0,0,0,0,0,0,0,0,0,0,0,126.0,0,0,295,449.9,1.9,24,21.9,0,78.3,,28919,0,238.7,495.8
642,young,13637,43,6,8653,0,7,1,1,250,2908,248,1670,2094480,78147.4,220118,16.8,95.1,764.0,1019371,1010.1,85.8,335.5,422.8,9315,0,1039366,875963,0,0,0,0,0,0,0,0,0,0,0,0,126.0,0,0,295,383.0,1.9,24,21.9,0,95.1,,28964,0,239.1,496.6
643,young,13926,29,6,7028,0,8,1,1,334,4494,256,1898,2096628,78168.2,234030,17.9,113.0,764.0,1021001,1011.3,85.9,335.9,423.3,9316,0,1041080,877557,0,0,0,0,0,0,0,0,0,0,0,0,126.0,0,0,295,309.4,1.9,24,21.8,0,113.0,,29012,0,239.5,497.4
644,young,11096,32,6,3071,0,8,1,0,352,6038,267,1509,2097352,78197.9,200112,16.4,129.4,764.0,1022169,1012.4,85.9,336.3,423.7,9326,0,1042324,878635,0,0,0,0,0,0,0,0,0,0,0,0,126.0,0,0,295,246.9,1.9,24,21.2,0,129.4,,29064,0,239.8,498.0
645,full-cycle,20517,28,1864,0,0,0,1,1,514,1479,220,525,2101030,78258.3,584937,63.3,63.3,762.0,1023745,1013.6,86.0,336.8,424.1,9336,0,1043947,880136,1892,14337,2473,550890,20,419,24,0,0,0,1678,133,128.0,0,1,292,494.8,0.0,24,26.4,0,64.0,promoted,29143,0,240.1,498.8
646,young,10605,21,6,6422,0,9,2,0,218,3131,257,705,2109403,78697.0,207548,19.9,83.2,762.0,1024497,1014.1,86.0,337.1,424.3,9384,0,1044783,880772,0,0,0,0,0,0,0,0,0,0,0,0,128.0,0,1,292,445.4,0.0,24,22.7,0,83.2,,29195,0,240.4,499.2
647,young,14932,35,5,9350,0,9,2,0,296,3161,255,1966,2109803,78712.2,268762,21.1,104.2,762.0,1026516,1015.2,86.1,337.6,424.5,9384,0,1046870,882769,0,0,0,0,0,0,0,0,0,0,0,0,128.0,0,0,293,368.1,0.0,24,22.7,0,104.2,,29244,0,240.8,500.2
648,young,17433,30,5,11072,0,9,2,1,323,4132,248,1738,2110185,78728.4,280100,21.7,125.9,762.0,1027914,1016.1,86.1,338.0,424.7,9384,0,1048346,884179,0,0,0,0,0,0,0,0,0,0,0,0,128.0,0,0,293,294.3,0.0,24,22.7,0,125.9,,29291,0,241.2,500.8
649,young,15508,25,8,8910,0,8,1,1,398,3517,278,2558,2111070,78763.4,278748,21.1,147.0,762.0,1029869,1017.3,86.2,338.6,425.0,9384,0,1050394,886142,0,0,0,0,0,0,0,0,0,0,0,0,128.0,0,0,293,220.3,0.0,24,22.7,0,147.0,,29338,0,241.6,501.7
650,full-cycle,33944,26,3274,0,0,0,1,1,903,2466,266,914,2113321,78845.3,714817,72.3,72.3,762.0,1032545,1019.8,86.3,339.5,426.0,9409,0,1052886,888498,3299,16559,10340,530687,25,1953,4975,0,0,0,3728,0,90.0,3,20,289,478.8,5.6,24,25.8,0,72.3,promoted,29428,0,242.2,503.0
651,young,11146,43,6,6772,0,8,1,1,252,3031,258,980,2120460,79089.0,231385,20.2,92.5,762.0,1033169,1021.9,86.3,339.8,427.8,9417,0,1053513,888511,0,0,0,0,0,0,0,0,0,0,0,0,90.0,0,0,312,444.9,5.6,24,25.2,0,92.5,,29435,0,242.4,503.3
652,young,10580,30,5,4228,0,8,1,1,245,4511,251,1470,2125995,79327.0,193558,14.8,107.4,762.0,1034802,1023.7,86.4,340.2,428.7,9421,0,1055201,889686,0,0,0,0,0,0,0,0,0,0,0,1,90.0,0,0,312,382.1,5.6,24,24.9,0,107.4,,29468,0,242.7,504.0
653,young,14018,28,6,2877,0,10,1,0,379,7863,263,2762,2127013,79370.3,260262,20.2,127.5,762.0,1037495,1025.0,86.5,340.9,429.0,9423,0,1057946,892360,0,0,0,0,0,0,0,0,0,0,0,0,90.0,0,0,312,291.1,5.6,24,24.8,0,127.5,,29500,0,243.3,505.3
654,young,12922,28,6,5743,0,8,1,1,394,3896,280,2763,2127591,79395.3,199782,15.5,143.0,762.0,1039458,1026.3,86.6,341.5,429.3,9425,0,1059946,894249,0,0,0,0,0,0,0,0,0,0,0,0,90.0,0,0,312,221.2,5.6,24,24.6,0,143.0,,29530,0,243.8,506.2
655,young,10676,21,6,3920,0,8,1,0,474,3717,290,2437,2129148,79461.2,148498,11.6,154.6,762.0,1040911,1027.5,86.6,342.0,429.7,9425,0,1061453,895591,0,0,0,0,0,0,0,0,0,0,0,0,90.0,0,1,311,175.6,5.6,24,24.6,0,154.6,,29564,0,244.1,507.0
656,full-cycle,25056,28,1176,0,0,0,2,1,704,2982,276,717,2131714,79574.0,658664,67.4,67.4,762.0,1042917,1029.4,86.7,342.7,430.6,9445,0,1063036,897353,1204,17882,4150,589347,18,378,47,0,0,0,1812,0,64.0,1,0,324,545.0,1.9,24,27.2,0,67.4,promoted,29647,0,244.6,507.9
657,young,13103,32,7,5567,0,10,1,1,275,5705,259,1413,2144529,80154.1,209877,22.2,89.6,762.0,1044353,1031.0,86.8,343.1,430.7,9521,0,1064540,898694,0,0,0,0,0,0,0,0,0,0,0,0,66.0,0,1,323,486.9,0.0,24,21.8,0,89.6,,29699,0,245.0,508.7
658,young,7342,16,4,918,0,9,2,0,237,5246,278,874,2144855,80166.9,153916,13.2,102.8,762.0,1045427,1031.7,86.8,343.4,430.9,9563,0,1065700,899797,0,0,0,0,0,0,0,0,0,0,0,0,66.0,0,0,324,447.8,0.0,24,19.4,0,102.8,,29748,0,245.3,509.3
659,young,13669,28,6,5567,0,12,2,1,377,5699,273,1844,2146128,80220.3,227657,17.7,120.5,762.0,1046751,1032.5,86.9,343.8,431.0,9563,0,1067103,901154,0,0,0,0,0,0,0,0,0,0,0,0,66.0,0,0,324,370.8,0.0,24,19.4,0,120.5,,29794,0,245.5,509.8
660,young,12314,25,7,7938,0,8,2,0,370,2570,263,1305,2147000,80253.6,156410,12.6,133.0,762.0,1047902,1033.5,86.9,344.2,431.4,9563,0,1068340,902238,0,0,0,0,0,0,0,0,0,0,0,0,66.0,0,0,324,312.1,0.0,24,19.4,0,133.0,,29838,0,245.8,510.3
661,young,6900,36,6,2524,0,8,1,0,405,2017,266,1828,2148677,80323.9,75312,5.7,138.7,762.0,1049660,1034.8,87.0,344.7,431.8,9563,0,1070143,903901,0,0,0,0,0,0,0,0,0,0,0,0,66.0,0,0,324,282.0,0.0,24,19.4,0,138.7,,29872,0,246.2,511.2
662,full-cycle,30378,29,4895,0,0,0,1,1,741,2270,258,753,2151817,80448.5,589088,63.1,63.1,762.0,1052350,1037.7,87.1,345.6,433.4,9592,0,1072905,906171,4924,16298,6337,469084,18,1435,1856,0,0,0,2808,0,94.0,2,15,293,508.3,3.7,24,24.1,0,64.0,promoted,29959,0,246.9,512.5
663,young,11569,80,7,6355,0,9,1,0,274,3930,233,840,2157253,80579.1,208362,20.4,83.5,762.0,1052810,1039.2,87.1,345.8,434.6,9622,0,1073421,906197,0,0,0,0,0,0,0,0,0,0,0,0,96.0,0,1,308,469.9,1.9,24,22.3,0,83.5,,29967,0,247.0,512.7
664,young,13728,21,7,8043,0,9,1,0,258,3547,257,1751,2164950,80963.0,251066,20.0,103.5,762.0,1054632,1041.1,87.2,346.3,435.7,9642,0,1075294,907340,0,0,0,0,0,0,0,0,0,0,0,1,96.0,0,1,308,402.0,1.9,24,21.1,0,103.5,,30000,0,247.3,513.5
665,young,11214,30,7,4110,0,8,1,1,380,4634,258,1954,2165491,80986.5,204540,15.6,119.1,762.0,1056653,1042.3,87.3,346.8,436.0,9642,0,1077351,909298,0,0,0,0,0,0,0,0,0,0,0,0,96.0,0,0,309,335.8,1.9,24,21.1,0,119.1,,30027,0,247.9,514.5
666,young,12144,26,6,4941,0,8,2,1,366,4788,269,1924,2166595,81032.8,247990,19.4,138.5,762.0,1057849,1043.3,87.3,347.2,436.4,9648,0,1078590,910426,0,0,0,0,0,0,0,0,0,0,0,0,96.0,0,0,309,258.4,1.9,24,20.8,0,138.5,,30060,0,248.1,515.1
667,full-cycle,39321,33,5791,0,0,0,1,1,771,1908,273,782,2168743,81103.0,675102,70.3,70.3,762.0,1060888,1046.0,87.4,348.2,437.5,9704,0,1081733,913179,5825,19112,11242,500902,18,1361,7167,0,0,0,3128,0,98.0,2,19,287,482.1,3.6,24,24.6,0,70.3,promoted,30181,0,248.9,516.7
668,young,14421,84,8,8135,0,11,2,1,253,5204,258,628,2177700,81363.8,178609,15.8,86.2,762.0,1061384,1047.7,87.4,348.4,439.0,9711,0,1082240,913183,0,0,0,0,0,0,0,0,0,0,0,0,98.0,0,0,308,458.9,3.6,24,24.0,0,86.2,,30186,0,249.1,516.9
669,young,12334,29,7,3061,0,9,2,0,310,6933,251,1898,2182584,81582.6,214474,16.8,102.9,762.0,1062931,1049.4,87.5,348.9,440.0,9713,0,1083836,914412,0,0,0,0,0,0,0,0,0,0,0,0,98.0,0,0,308,396.3,3.6,24,23.9,0,102.9,,30219,0,249.4,517.7
670,young,11978,31,6,2549,0,10,1,1,345,6972,262,1978,2183561,81623.9,213867,16.5,119.4,762.0,1064868,1050.5,87.5,349.4,440.1,9714,0,1085818,916334,0,0,0,0,0,0,0,0,0,0,0,0,98.0,0,0,308,324.3,3.6,24,23.8,0,119.4,,30254,0,249.9,518.6
671,young,12591,35,8,6728,0,8,1,1,363,3248,258,2106,2184503,81661.0,202621,15.6,135.1,762.0,1066088,1051.4,87.6,349.8,440.4,9714,0,1087076,917511,0,0,0,0,0,0,0,0,0,0,0,0,98.0,0,0,308,265.5,3.6,24,23.8,0,135.1,,30284,0,250.2,519.3
672,young,15015,30,5,5246,0,10,1,1,413,6591,268,2611,2186139,81730.0,237770,18.0,153.1,762.0,1067710,1052.6,87.6,350.3,440.9,9714,0,1088766,919052,0,0,0,0,0,0,0,0,0,0,0,0,98.0,0,0,308,192.8,3.6,24,23.8,0,153.1,,30317,0,250.5,520.0
673,full-cycle,29432,35,1639,0,0,0,2,1,691,2961,230,703,2188284,81817.1,585509,61.1,61.1,762.0,1071145,1055.3,87.8,351.3,441.9,9746,0,1092196,922074,1674,14975,10050,443162,35,2226,4118,0,0,0,2669,0,74.0,4,17,299,527.5,7.5,24,26.3,0,64.0,promoted,30408,0,251.3,521.7
674,young,14318,86,6,9332,0,9,2,0,228,3160,254,1411,2194574,82026.5,261970,22.6,83.7,762.0,1072109,1057.7,87.8,351.7,443.8,9748,0,1093174,922086,0,0,0,0,0,0,0,0,0,0,0,0,74.0,0,2,318,483.3,7.5,24,26.1,0,83.7,,30415,0,251.6,522.2
675,young,10468,28,6,5550,0,9,1,1,270,3522,256,1002,2200717,82319.1,216579,16.3,100.0,762.0,1073079,1059.7,87.8,352.0,445.2,9748,0,1094178,922426,0,0,0,0,0,0,0,0,0,0,0,0,74.0,0,2,318,423.0,7.5,24,26.1,0,100.0,,30445,0,251.8,522.6
676,young,11325,23,6,5310,0,8,1,1,292,3893,254,1718,2202041,82369.1,198772,16.5,116.5,762.0,1074440,1079.9,104.5,354.8,445.7,9761,0,1095618,923681,0,0,0,0,0,0,0,0,0,0,0,0,74.0,0,0,320,364.3,7.5,24,25.2,0,116.5,,30492,0,252.1,523.3
677,young,13200,29,7,4787,0,10,2,1,398,5171,263,2711,2203030,82415.5,258157,20.2,136.7,762.0,1076160,1081.0,104.6,355.3,446.0,9761,0,1097388,925367,0,0,0,0,0,0,0,0,0,0,0,0,74.0,0,0,320,273.0,7.5,24,25.2,0,136.7,,30522,0,252.5,524.1
678,full-cycle,25821,32,5505,0,0,0,1,0,466,1574,117,482,2204554,82468.4,446804,50.4,50.4,762.0,1078098,1082.7,104.7,355.9,446.8,9802,0,1099406,927096,5537,15314,2404,413837,22,299,22,0,0,0,2560,0,110.0,1,17,284,519.6,1.9,24,25.1,0,64.0,promoted,30613,0,252.9,525.0
679,young,10844,84,7,6894,0,10,1,1,303,2687,236,770,2209176,82573.1,208784,21.9,72.3,762.0,1078578,1084.3,104.7,356.1,448.0,9843,0,1099906,927109,0,0,0,0,0,0,0,0,0,0,0,0,110.0,0,0,302,482.1,1.9,24,22.7,0,72.3,,30618,0,253.0,525.3
680,young,11245,35,7,3646,0,10,1,0,241,5729,249,1480,2218670,82977.6,182050,14.2,86.5,762.0,1080290,1086.2,104.7,356.7,449.0,9861,0,1101659,928597,0,0,0,0,0,0,0,0,0,0,0,0,110.0,0,0,302,426.5,1.9,24,21.6,0,86.5,,30648,0,253.4,526.0
681,young,8638,160,6,4559,0,8,1,0,260,2534,250,1035,2219442,83004.3,164867,12.5,99.0,762.0,1081387,1087.2,104.8,357.2,449.3,9863,0,1102814,929628,0,0,0,0,0,0,0,0,0,0,0,0,110.0,0,0,302,376.6,1.9,24,21.5,0,99.0,,30682,0,253.6,526.5
682,young,12492,20,6,5563,0,10,1,0,352,4627,251,1815,2220310,83044.9,262138,20.6,119.6,762.0,1082285,1088.0,104.8,357.5,449.7,9864,0,1103770,930451,0,0,0,0,0,0,0,0,0,0,0,0,110.0,0,0,302,295.3,1.9,24,21.4,0,119.6,,30715,0,253.8,526.9
683,full-cycle,28484,30,5951,0,0,0,1,0,437,1980,212,448,2220976,83073.4,487780,52.4,52.4,758.0,1083582,1088.9,104.9,358.0,449.8,9864,0,1105098,931738,5981,17774,2907,446551,21,432,21,0,0,0,1560,256,128.0,1,0,290,506.9,1.9,24,28.8,0,64.0,promoted,30773,0,254.1,527.5
684,young,10808,121,7,3317,0,8,2,0,268,5301,253,1700,2230446,83384.6,188033,18.9,71.3,758.0,1085474,1091.8,105.0,358.6,451.4,9911,0,1107063,932669,0,0,0,0,0,0,0,0,0,0,0,0,128.0,0,0,291,445.1,1.9,24,25.1,0,71.3,,30824,0,254.7,528.8
685,young,11333,26,5,5557,0,8,2,1,233,4437,248,972,2234257,83513.2,170785,13.4,84.7,758.0,1086331,1092.7,105.0,358.9,451.8,9913,0,1107994,933354,0,0,0,0,0,0,0,0,0,0,0,0,128.0,0,1,290,394.7,1.9,24,25.0,0,84.7,,30872,0,254.9,529.2
686,young,13718,29,8,6699,0,9,1,0,301,4700,240,1877,2234875,83539.8,278393,21.4,106.1,758.0,1087197,1093.2,105.0,359.2,451.9,9913,0,1108928,934237,0,0,0,0,0,0,0,0,0,0,0,0,128.0,0,0,291,316.0,1.9,24,25.0,0,106.1,,30918,0,255.1,529.6
687,young,8324,21,7,2849,0,9,2,0,290,3958,243,1071,2235286,83554.2,131798,13.6,119.6,758.0,1088198,1094.0,105.1,359.5,452.2,9979,0,1110008,935246,0,0,0,0,0,0,0,0,0,0,0,0,128.0,0,0,291,269.0,1.9,24,21.1,0,119.6,,30962,0,255.3,530.1
688,full-cycle,35596,34,5825,0,0,0,2,0,584,2387,260,595,2237727,83645.4,608113,63.1,63.1,756.0,1090521,1096.8,105.2,360.3,453.8,10009,0,1112421,937086,5859,18418,7732,471683,17,960,3767,0,0,0,3366,208,128.0,1,24,265,452.3,1.9,24,25.1,0,64.0,promoted,31083,0,255.8,531.1
689,young,10881,27,6,2248,0,11,1,0,296,6976,256,1223,2246256,84024.5,203421,22.0,85.1,756.0,1091234,1098.3,105.2,360.5,454.9,10059,0,1113152,937126,0,0,0,0,0,0,0,0,0,0,0,0,128.0,0,0,290,427.2,1.9,24,22.1,0,85.1,,31087,0,256.0,531.4
690,young,14154,27,8,9653,0,8,1,1,266,2324,259,1792,2247322,84065.2,219265,16.8,101.9,756.0,1092985,1099.5,105.2,361.0,455.3,10059,0,1114972,938800,0,0,0,0,0,0,0,0,0,0,0,0,128.0,0,2,288,361.2,1.9,24,22.1,0,101.9,,31126,0,256.4,532.4
691,young,12312,20,7,2045,0,10,1,1,353,8033,247,1754,2247828,84090.4,277008,21.7,123.5,756.0,1094148,1100.2,105.3,361.3,455.5,10065,0,1116173,939956,0,0,0,0,0,0,0,0,0,0,0,1,128.0,0,0,290,281.6,1.9,24,21.8,0,123.5,,31154,0,256.6,532.9
692,young,17951,23,6,11973,0,8,1,1,364,2783,260,2704,2248495,84119.4,257596,19.9,143.4,756.0,1096047,1101.4,105.4,361.9,455.8,10065,0,1118133,941820,0,0,0,0,0,0,0,0,0,0,0,0,128.0,0,0,290,208.4,1.9,24,21.8,0,143.4,,31189,0,257.1,533.7
693,full-cycle,34918,35,5386,0,0,0,2,0,649,1388,250,661,2251002,84206.0,595770,62.1,62.1,756.0,1099028,1104.6,105.5,362.9,457.4,10098,0,1121173,944219,5422,22527,3240,579295,22,1133,29,0,0,0,3720,0,114.0,2,23,272,466.5,3.7,24,26.0,0,64.0,promoted,31290,0,257.8,535.3
694,young,13360,58,9,7413,0,10,1,1,218,4708,241,860,2255460,84349.2,250747,23.0,85.1,756.0,1099538,1106.1,105.5,363.1,458.5,10112,0,1121684,944231,0,0,0,0,0,0,0,0,0,0,0,0,116.0,0,1,295,442.2,1.9,24,24.9,0,85.1,,31300,0,258.0,535.6
695,young,14001,29,7,4303,0,12,1,1,293,8265,263,997,2261996,84655.0,246251,19.5,104.6,756.0,1100532,1107.9,105.5,363.5,459.8,10116,0,1122747,944696,0,0,0,0,0,0,0,0,0,0,0,0,116.0,0,0,296,372.9,1.9,24,24.7,0,104.6,,31342,0,258.2,536.1
696,young,15750,31,6,8417,0,9,1,1,329,4661,262,2167,2262945,84692.1,175272,13.1,117.8,756.0,1102641,1109.1,105.6,364.1,459.9,10116,0,1124924,946866,0,0,0,0,0,0,0,0,0,0,0,0,116.0,0,0,296,313.1,1.9,24,24.7,0,117.8,,31385,0,258.7,537.1
697,young,15764,32,10,10013,0,11,2,1,398,3073,264,2143,2264227,84742.2,258070,20.3,138.1,756.0,1104159,1110.2,105.7,364.5,460.2,10116,0,1126528,948371,0,0,0,0,0,0,0,0,0,0,0,0,116.0,0,0,296,239.3,1.9,24,24.7,0,138.1,,31436,0,259.0,537.8
698,full-cycle,27836,22,819,0,0,0,1,0,695,3739,238,706,2265658,84795.2,620563,65.1,65.1,756.0,1106795,1112.2,105.8,365.4,460.9,10126,0,1129204,950858,841,17650,7615,483616,19,890,2255,0,0,0,1711,0,122.0,3,0,290,483.3,5.6,24,26.8,0,65.1,promoted,31510,0,259.6,539.0
699,young,12743,37,9,3488,0,11,1,1,284,7083,234,1751,2277455,85265.6,232504,24.0,89.1,756.0,1108849,1113.9,105.8,366.0,461.5,10203,0,1131350,952447,0,0,0,0,0,0,0,0,0,0,0,0,122.0,0,1,292,423.6,5.6,24,21.4,0,89.1,,31560,0,260.3,540.3
700,young,10748,26,9,2450,0,12,1,1,261,7029,265,884,2277855,85280.1,201290,15.4,104.6,756.0,1109965,1114.8,105.9,366.4,461.9,10203,0,1132541,953377,0,0,0,0,0,0,0,0,0,0,0,0,122.0,0,0,293,368.5,5.6,24,21.4,0,104.6,,31605,0,260.5,540.9
701,young,9594,39,7,3813,0,11,1,1,353,4044,258,1236,2278862,85322.6,148038,11.4,115.9,756.0,1111233,1115.9,105.9,366.8,462.3,10203,0,1133862,954535,0,0,0,0,0,0,0,0,0,0,0,0,122.0,0,0,293,315.8,5.6,24,21.4,0,115.9,,31647,0,260.8,541.5
702,young,16266,30,7,10843,0,11,1,1,397,3232,260,1662,2280426,85382.6,251612,19.7,135.7,756.0,1112523,1117.0,106.0,367.2,462.8,10203,0,1135218,955796,0,0,0,0,0,0,0,0,0,0,0,0,122.0,0,0,293,243.4,5.6,24,21.4,0,135.7,,31692,0,261.1,542.1
703,full-cycle,29736,25,6493,0,0,0,2,0,618,1649,241,631,2281909,85440.3,495919,55.5,55.5,756.0,1115184,1119.0,106.1,368.1,463.4,10226,0,1137979,958257,6518,17690,3327,452590,19,466,556,0,0,0,2195,0,124.0,1,16,275,495.7,1.9,24,25.3,0,64.0,promoted,31783,0,261.7,543.4
704,young,13589,56,8,3816,0,12,1,1,258,7630,231,1727,2293326,85873.5,215561,19.1,74.6,756.0,1116267,1121.8,106.1,368.5,465.6,10236,0,1139070,958438,0,0,0,0,0,0,0,0,0,0,0,0,126.0,0,2,289,448.7,0.0,24,24.5,0,74.6,,31791,0,262.0,543.9
705,young,13692,33,8,5024,0,12,2,1,358,6578,245,1581,2294995,85922.1,232857,17.8,92.4,756.0,1117611,1125.1,108.2,368.9,466.2,10236,0,1140459,959602,0,0,0,0,0,0,0,0,0,0,0,0,126.0,0,0,291,380.3,0.0,24,24.5,0,92.4,,31822,0,262.3,544.5
706,young,11618,29,7,2038,0,12,1,0,330,7319,259,1798,2295485,85940.8,225054,20.3,112.7,756.0,1119013,1125.9,108.2,369.4,466.3,10288,0,1141910,961010,0,0,0,0,0,0,0,0,0,0,0,0,126.0,0,0,291,309.7,0.0,24,21.4,0,112.7,,31851,0,262.6,545.2
707,young,12499,20,6,5233,0,10,2,1,353,5382,261,1414,2296127,85964.7,176395,13.3,126.0,756.0,1120106,1126.9,108.3,369.7,466.7,10288,0,1143049,962032,0,0,0,0,0,0,0,0,0,0,0,0,126.0,0,0,291,264.3,0.0,24,21.4,0,126.0,,31884,0,262.8,545.7
708,full-cycle,35810,26,1862,0,0,0,1,1,757,5096,241,769,2298506,86065.5,697642,70.0,70.0,756.0,1123071,1129.6,108.4,370.7,467.8,10309,0,1146112,964620,1889,23096,6515,575918,17,588,40,0,0,0,4289,0,130.0,6,24,259,426.1,11.1,24,26.8,0,70.0,promoted,31974,0,263.6,547.2
709,young,11980,70,9,7061,0,8,1,1,244,3363,232,1140,2304557,86268.0,213331,18.5,88.5,756.0,1123987,1131.3,108.4,371.0,469.1,10318,0,1147037,964970,0,0,0,0,0,0,0,0,0,0,0,0,130.0,0,2,287,396.5,11.1,24,26.1,0,88.5,,31978,0,263.8,547.7
710,young,11679,30,6,4722,0,10,1,0,327,4871,244,1609,2309728,86481.9,163087,13.0,101.5,756.0,1126174,1135.6,108.5,373.5,470.5,10324,0,1149280,966076,0,0,0,0,0,0,0,0,0,0,0,0,130.0,0,2,287,333.6,11.1,24,25.6,0,101.5,,32014,0,264.3,548.7
711,young,15654,30,8,9825,0,10,1,1,353,3356,244,1997,2310701,86518.6,258123,21.6,123.1,756.0,1127391,1153.9,125.7,373.9,471.0,10341,0,1150571,967179,0,0,0,0,0,0,0,0,0,0,0,0,130.0,0,0,289,259.4,11.1,24,24.4,0,123.1,,32062,0,264.6,549.4
712,young,14314,32,8,5394,0,9,1,0,372,5513,262,2881,2311580,86552.9,204937,15.7,138.8,756.0,1129381,1155.0,125.8,374.5,471.2,10343,0,1152621,969190,0,0,0,0,0,0,0,0,0,0,0,0,130.0,0,0,289,195.0,11.1,24,24.3,0,138.8,,32103,0,265.0,550.3
713,young,11928,24,7,5946,0,10,1,1,372,3288,274,2174,2313187,86620.0,151917,12.0,150.8,756.0,1130992,1156.1,125.8,375.0,471.5,10345,0,1154293,970749,0,0,0,0,0,0,0,0,0,0,0,0,130.0,0,2,287,148.7,11.1,24,24.1,0,150.8,,32154,0,265.4,551.0
714,full-cycle,26470,32,4090,0,0,0,1,0,662,3112,274,672,2317055,86730.9,530646,57.7,57.7,756.0,1132770,1158.4,125.9,375.6,472.8,10345,0,1155659,972109,4122,16401,4347,444204,19,513,22,0,0,0,1595,0,76.0,1,0,315,547.5,1.9,24,27.5,0,64.0,promoted,32240,0,265.8,552.0
715,young,12092,98,7,5059,0,12,2,0,240,4558,256,2026,2326170,87071.3,200570,19.6,77.3,756.0,1134819,1160.9,126.0,376.3,474.2,10391,0,1157800,973103,0,0,0,0,0,0,0,0,0,0,0,0,76.0,0,2,314,490.8,1.9,24,23.9,0,77.3,,32291,0,266.4,553.3
716,young,11103,29,7,4997,0,15,1,1,286,4513,288,1164,2331654,87281.9,189643,14.6,91.9,756.0,1135724,1161.8,126.1,376.6,474.5,10391,0,1158774,973947,0,0,0,0,0,0,0,0,0,0,0,0,76.0,0,0,316,432.6,1.9,24,23.9,0,91.9,,32336,0,266.6,553.8
717,young,7647,35,6,3248,0,8,1,0,266,2936,263,1070,2332394,87309.3,137652,12.5,104.4,756.0,1136663,1162.4,126.1,376.9,474.6,10431,0,1159761,974914,0,0,0,0,0,0,0,0,0,0,0,0,76.0,0,2,314,396.8,1.9,24,21.6,0,104.4,,32368,0,266.8,554.2
718,young,10748,30,8,3128,0,9,2,1,412,5154,273,1920,2333691,87370.1,211361,18.7,123.1,756.0,1137784,1163.4,126.2,377.3,475.0,10479,0,1160932,975948,0,0,0,0,0,0,0,0,0,0,0,0,76.0,0,0,316,325.9,1.9,24,18.8,0,123.1,,32401,0,267.0,554.6
719,full-cycle,24150,30,830,0,0,0,1,0,488,1592,138,499,2334952,87420.9,456151,52.5,52.5,756.0,1139371,1164.8,126.2,377.8,475.5,10509,0,1162575,977432,860,12464,8304,393204,32,5143,1032,0,0,0,2453,0,90.0,10,15,284,515.6,18.5,24,24.2,0,64.0,promoted,32491,0,267.4,555.5
720,young,11215,156,6,4857,0,9,1,0,241,4965,225,891,2343866,87828.7,212309,19.5,72.1,756.0,1139936,1165.9,126.2,378.0,476.3,10517,0,1163168,977774,0,0,0,0,0,0,0,0,0,0,0,0,90.0,0,2,307,478.9,18.5,24,23.6,0,72.1,,32505,0,267.6,555.8
721,young,10629,36,8,2349,0,9,2,1,269,6159,246,1722,2344804,87866.7,211079,18.5,90.6,756.0,1141579,1167.3,126.3,378.4,477.0,10549,0,1164899,979237,0,0,0,0,0,0,0,0,0,0,0,0,90.0,0,0,309,413.5,18.5,24,21.6,0,90.6,,32553,0,268.0,556.6
722,young,11911,33,7,4799,0,10,1,2,305,5225,259,1442,2345168,87881.1,215161,16.3,106.9,756.0,1142741,1168.1,126.4,378.8,477.2,10549,0,1166109,980379,0,0,0,0,0,0,0,0,0,0,0,0,90.0,0,0,309,357.3,18.5,24,21.6,0,106.9,,32592,0,268.3,557.1
723,young,14175,35,8,6620,0,9,2,1,420,4315,253,2593,2346226,87923.7,208040,15.8,122.7,756.0,1144116,1169.2,126.4,379.2,477.7,10549,0,1167559,981656,0,0,0,0,0,0,0,0,0,0,0,1,90.0,0,0,309,293.9,18.5,24,21.6,0,122.7,,32641,0,268.6,557.8
724,full-cycle,33826,30,3664,0,0,0,1,0,619,1920,245,631,2347666,87975.7,583859,61.6,61.6,756.0,1145820,1170.7,126.5,379.8,478.2,10549,0,1169325,983300,3694,21493,6710,469638,23,756,3371,0,0,0,1924,0,96.0,1,0,305,518.4,1.9,24,27.0,0,64.0,promoted,32708,0,269.0,558.6
725,young,11586,62,9,6630,0,10,2,0,286,3546,248,1023,2358844,88348.9,211193,20.5,82.1,756.0,1146750,1171.3,126.5,380.1,478.4,10589,0,1170305,984081,0,0,0,0,0,0,0,0,0,0,0,0,96.0,0,0,306,461.7,1.9,24,24.1,0,82.1,,32741,0,269.3,559.2
726,young,10950,30,7,5130,0,8,2,0,258,4198,254,1194,2361222,88442.4,183957,14.7,96.8,756.0,1147964,1173.6,126.5,381.4,479.1,10601,0,1171588,985118,0,0,0,0,0,0,0,0,0,0,0,0,96.0,0,0,306,410.0,1.9,24,23.1,0,96.8,,32784,0,269.5,559.7
727,young,13670,20,7,9087,0,14,2,1,495,2394,258,1555,2362297,88489.9,183801,14.3,111.1,756.0,1149096,1174.2,126.6,381.8,479.1,10603,0,1172810,986323,0,0,0,0,0,0,0,0,0,0,0,0,96.0,0,0,306,359.9,1.9,24,23.0,0,111.1,,32834,0,269.7,560.2
728,young,8671,34,8,3831,0,8,1,0,324,2556,268,1808,2364902,88543.9,102855,7.9,119.0,756.0,1150944,1175.4,126.7,382.3,479.5,10605,0,1174720,988103,0,0,0,0,0,0,0,0,0,0,0,0,96.0,0,0,306,314.6,1.9,24,22.8,0,183.0,,32879,0,270.2,561.0
729,young,17288,34,10,6776,0,9,1,1,605,7447,271,2314,2366586,88616.3,275120,23.2,142.1,756.0,1153127,1177.1,126.7,383.0,480.1,10625,0,1176962,990148,0,0,0,0,0,0,0,0,0,0,0,0,96.0,0,0,306,230.8,1.9,24,21.6,0,142.1,,32925,0,270.7,562.1
730,full-cycle,32118,36,5318,0,0,0,2,1,491,980,213,503,2369348,88723.0,508538,56.7,56.7,756.0,1154747,1179.1,126.8,383.5,481.2,10626,0,1178626,991467,5354,18382,6729,485948,24,4921,295,0,0,0,1641,0,98.0,2,1,302,526.3,3.7,24,26.4,0,64.0,promoted,32978,0,271.1,562.8
731,young,11108,74,5,3032,0,9,1,0,256,5744,252,1905,2381463,89141.4,169723,16.0,72.7,756.0,1156817,1181.9,126.9,384.1,483.0,10657,0,1180753,991972,0,0,0,0,0,0,0,0,0,0,0,0,98.0,0,0,305,472.2,3.7,24,24.0,0,72.7,,33011,0,271.7,564.1
732,young,5897,37,8,664,0,12,1,1,268,3659,263,1188,2383344,89227.1,102215,8.1,80.8,756.0,1157731,1182.7,126.9,384.4,483.3,10663,0,1181720,992787,0,0,0,0,0,0,0,0,0,0,0,0,98.0,0,0,305,430.3,3.7,24,23.7,0,80.8,,33045,0,271.9,564.5
733,young,10208,28,5,4586,0,10,2,0,278,3736,251,1476,2384098,89262.7,196426,15.8,96.5,756.0,1158583,1183.3,126.9,384.7,483.5,10663,0,1182624,993635,0,0,0,0,0,0,0,0,0,0,0,0,98.0,0,0,305,373.0,3.7,24,23.7,0,96.5,,33078,0,272.1,565.0
734,young,11081,30,8,5082,0,10,2,1,299,4121,257,1442,2384813,89293.0,152415,11.5,108.1,756.0,1159848,1184.1,127.0,385.1,483.7,10664,0,1183938,994873,0,0,0,0,0,0,0,0,0,0,0,0,98.0,0,0,305,331.5,3.7,24,23.6,0,108.1,,33111,0,272.4,565.6
735,young,15954,31,7,5999,0,13,2,1,388,7415,258,2009,2386310,89355.0,252857,19.6,127.7,756.0,1160879,1185.1,127.0,385.4,484.1,10664,0,1185022,995827,0,0,0,0,0,0,0,0,0,0,0,0,98.0,0,1,304,251.7,3.7,24,23.6,0,127.7,,33143,0,272.7,566.1
736,full-cycle,32988,26,4598,0,0,0,2,0,535,1276,144,549,2388188,89416.1,576988,60.7,60.7,756.0,1162509,1187.0,127.1,386.0,485.1,10697,0,1186751,997209,4623,20467,4724,551520,21,2848,24,0,0,0,3164,0,106.0,2,18,281,485.8,3.7,24,26.1,0,64.0,promoted,33237,0,273.0,566.8
737,young,11521,27,8,6356,0,9,1,0,212,4008,236,788,2396148,89792.0,203873,19.0,79.7,756.0,1163027,1188.4,127.1,386.1,486.3,10711,0,1187278,997222,0,0,0,0,0,0,0,0,0,0,0,0,106.0,0,0,301,460.1,3.7,24,25.0,0,79.7,,33246,0,273.2,567.2
738,young,15304,51,8,4009,0,10,2,1,299,8678,242,2158,2397838,89857.4,290473,23.7,103.4,756.0,1164646,1189.9,127.2,386.6,487.0,10724,0,1188972,998616,0,0,0,0,0,0,0,0,0,0,0,0,106.0,0,1,300,380.0,3.7,24,24.1,0,103.4,,33297,0,273.5,567.9
739,young,7847,36,8,3950,0,8,1,0,288,2498,252,976,2398097,89866.6,140542,10.3,113.7,756.0,1165755,1190.6,127.2,386.9,487.2,10724,0,1190145,999748,0,0,0,0,0,0,0,0,0,0,0,0,106.0,0,0,301,343.9,3.7,24,24.1,0,113.7,,33336,0,273.8,568.4
740,young,15820,53,4,6544,0,10,1,1,397,6618,246,2094,2399454,89934.0,268676,20.6,134.3,756.0,1167423,1192.0,127.3,387.5,487.7,10724,0,1191879,1001286,0,0,0,0,0,0,0,0,0,0,0,0,106.0,0,0,301,260.9,3.7,24,24.1,0,134.3,,33373,0,274.2,569.3
741,full-cycle,35672,24,5661,0,0,0,2,0,648,6826,265,660,2401306,89994.6,643576,65.9,65.9,756.0,1170195,1194.5,127.4,388.4,488.8,10768,0,1194755,1003739,5685,18497,8708,458865,18,1150,49,0,0,0,2768,1,104.0,2,17,283,477.4,3.7,24,23.8,0,65.9,promoted,33485,0,274.8,570.6
742,young,9833,89,6,2322,0,10,1,0,325,6152,231,847,2408204,90280.5,198760,22.7,88.7,756.0,1170700,1196.1,127.4,388.6,490.0,10815,0,1195287,1003762,0,0,0,0,0,0,0,0,0,0,0,0,106.0,0,0,301,444.0,1.9,24,21.0,0,88.7,,33491,0,275.0,570.9
743,young,10310,35,8,4339,0,8,2,0,256,3978,255,1587,2412403,90451.8,164768,12.3,100.9,756.0,1172915,1197.7,127.5,389.3,490.5,10815,0,1197575,1005846,0,0,0,0,0,0,0,0,0,0,0,1,106.0,0,0,301,386.2,1.9,24,21.0,0,100.9,,33534,0,275.4,571.8
744,young,9450,20,4,4739,0,9,2,0,311,3124,245,1214,2414529,90490.2,149019,11.2,112.2,756.0,1174323,1198.7,127.5,389.7,490.8,10815,0,1199035,1007202,0,0,0,0,0,0,0,0,0,0,0,0,106.0,0,0,301,341.0,1.9,24,21.0,0,112.2,,33577,0,275.8,572.6
745,young,16318,28,7,5602,0,10,1,1,389,8390,254,1792,2415754,90550.5,276667,21.9,134.1,756.0,1175471,1199.6,127.6,390.0,491.2,10817,0,1200264,1008298,0,0,0,0,0,0,0,0,0,0,0,0,106.0,0,0,301,254.5,1.9,24,20.9,0,134.1,,33621,0,276.0,573.1
746,full-cycle,34948,30,2892,0,0,0,1,1,659,2200,265,671,2417448,90604.9,641757,67.0,67.0,756.0,1178728,1202.5,127.7,391.1,492.4,10850,0,1203617,1011218,2921,18094,10625,485154,18,1731,5998,0,0,0,3295,0,114.0,1,19,277,467.0,1.9,24,25.4,0,67.0,promoted,33713,0,276.7,574.6
747,young,9694,59,8,5072,0,9,1,0,238,3422,245,801,2425775,90922.0,242525,20.7,87.7,756.0,1179234,1204.2,127.7,391.3,493.8,10857,0,1204141,1011277,0,0,0,0,0,0,0,0,0,0,0,0,114.0,0,0,297,434.6,1.9,24,24.8,0,87.7,,33718,0,276.8,574.8
748,young,11958,29,6,4300,0,9,1,1,295,5414,248,1803,2429346,91060.6,195194,14.6,102.3,756.0,1181036,1205.4,127.8,391.8,494.2,10857,0,1205991,1013002,0,0,0,0,0,0,0,0,0,0,0,0,114.0,0,0,297,370.9,1.9,24,24.8,0,102.3,,33751,0,277.2,575.7
749,young,16620,19,6,4478,0,8,2,1,361,9438,252,2231,2431886,91092.7,314238,25.4,127.8,756.0,1183041,1206.7,127.9,392.4,494.5,10868,0,1208069,1014961,0,0,0,0,0,0,0,0,0,0,0,0,114.0,0,0,297,279.5,1.9,24,24.0,0,127.8,,33797,0,277.7,576.7
750,young,12756,31,6,6511,0,13,1,0,346,3757,268,1989,2432336,91110.3,187878,14.4,142.1,756.0,1184386,1207.5,127.9,392.8,494.7,10870,0,1209477,1016316,0,0,0,0,0,0,0,0,0,0,0,0,114.0,0,0,297,227.5,1.9,24,23.8,0,142.1,,33840,0,278.0,577.3
751,full-cycle,40295,22,5061,0,0,0,1,1,716,1815,262,729,2435673,91223.4,683706,70.7,70.7,756.0,1187575,1210.8,128.0,393.9,496.4,10925,0,1212757,1018967,5083,20425,10932,521996,18,1398,6965,0,0,0,3840,0,114.0,2,26,269,449.7,3.7,24,23.7,0,70.7,promoted,33955,0,278.7,578.8
752,young,12331,56,5,7287,0,8,1,1,230,3589,252,1063,2443505,91489.8,239776,22.3,93.0,756.0,1188102,1212.3,128.1,394.1,497.5,10935,0,1213314,1018997,0,0,0,0,0,0,0,0,0,0,0,0,114.0,0,0,297,425.3,3.7,24,22.9,0,93.0,,33965,0,278.9,579.2
753,young,9709,29,13,4050,0,7,1,1,281,3964,249,1271,2448337,91677.2,183678,14.3,107.2,756.0,1189788,1213.9,128.1,394.5,498.3,10941,0,1215075,1020500,0,0,0,0,0,0,0,0,0,0,0,0,114.0,0,0,297,365.4,3.7,24,22.5,0,107.2,,34012,0,279.3,580.0
754,young,19503,30,6,5569,0,11,2,1,400,10790,253,2582,2449390,91717.6,307855,24.3,131.5,756.0,1191738,1215.3,128.2,395.1,498.9,10942,0,1217088,1022351,0,0,0,0,0,0,0,0,0,0,0,0,114.0,0,0,297,267.1,3.7,24,22.5,0,131.5,,34056,0,279.8,581.0
755,young,13146,41,6,5165,0,12,2,1,411,5350,272,2064,2449875,91736.9,166302,13.3,144.8,756.0,1193810,1216.6,128.3,395.8,499.1,10958,0,1219231,1024398,0,0,0,0,0,0,0,0,0,0,0,0,114.0,0,0,297,218.5,3.7,24,21.5,0,144.8,,34099,0,280.3,581.9
756,full-cycle,29400,23,4172,0,0,0,1,1,637,1660,243,649,2452106,91826.3,574335,61.9,61.9,756.0,1196222,1219.0,128.4,396.6,500.3,10958,0,1221705,1026528,4194,18874,4748,510263,18,1378,1038,0,0,0,1579,0,114.0,1,0,296,503.3,1.9,24,26.6,0,64.0,promoted,34179,0,280.8,583.1
757,young,12944,23,6,5054,0,8,2,1,256,5360,235,2146,2462418,92308.8,197714,19.4,81.3,756.0,1198404,1221.1,128.4,397.2,501.4,11003,0,1223963,1027851,0,0,0,0,0,0,0,0,0,0,0,0,114.0,0,0,297,444.4,1.9,24,23.0,0,81.3,,34228,0,281.4,584.4
758,young,9522,29,7,4175,0,8,2,0,254,3679,257,1286,2463002,92330.6,183759,14.9,96.1,756.0,1199753,1221.9,128.5,397.6,501.6,11023,0,1225357,1029122,0,0,0,0,0,0,0,0,0,0,0,0,114.0,0,0,297,386.4,1.9,24,21.9,0,96.1,,34263,0,281.7,585.0
759,young,11968,20,5,4025,0,9,1,1,313,5778,247,1726,2463634,92359.5,242370,18.8,114.9,756.0,1200997,1222.7,128.6,397.9,501.7,11023,0,1226653,1030380,0,0,0,0,0,0,0,0,0,0,0,0,114.0,0,0,297,315.5,1.9,24,21.9,0,114.9,,34295,0,282.0,585.6
760,young,15258,22,5,8135,0,10,1,1,403,4261,249,2329,2464367,92390.9,240942,18.6,133.5,756.0,1202312,1223.6,128.6,398.3,502.0,11023,0,1228013,1031652,0,0,0,0,0,0,0,0,0,0,0,0,114.0,0,0,297,240.9,1.9,24,21.9,0,133.5,,34326,0,282.3,586.2
761,full-cycle,31794,38,4601,0,0,0,2,1,622,3068,233,634,2466539,92462.7,567350,61.3,61.3,756.0,1204234,1226.0,128.7,399.0,503.4,11057,0,1230045,1033187,4638,19645,4252,505597,13,506,25,0,0,0,3248,1,114.0,2,21,274,474.2,3.7,24,25.0,0,64.0,promoted,34437,0,282.7,587.0
762,young,12960,74,9,6060,0,10,1,0,204,5580,249,955,2471712,92589.1,243031,22.2,83.4,756.0,1204707,1228.4,128.7,399.2,505.5,11072,0,1230550,1033304,0,0,0,0,0,0,0,0,0,0,0,0,116.0,0,2,294,449.4,1.9,24,23.8,0,83.4,,34453,0,282.9,587.4
763,young,12048,274,5,6284,0,11,1,1,329,4056,256,974,2478256,92880.4,177680,13.6,97.0,756.0,1205661,1230.6,128.7,399.5,507.1,11072,0,1231587,1033673,0,0,0,0,0,0,0,0,0,0,0,0,116.0,0,2,294,394.0,1.9,24,23.8,0,97.0,,34502,0,283.1,587.8
764,young,14249,30,7,8844,0,7,2,1,294,3256,240,1712,2479866,92945.0,212290,16.4,113.5,756.0,1207035,1231.7,128.8,399.9,507.6,11072,0,1233021,1034983,0,0,0,0,0,0,0,0,0,0,0,0,116.0,0,0,296,333.2,1.9,24,23.8,0,113.5,,34542,0,283.4,588.4
765,young,13773,30,8,6901,0,8,2,1,405,3832,251,2466,2480802,92988.7,165322,13.1,126.6,756.0,1208445,1232.6,128.8,400.3,507.8,11076,0,1234504,1036375,0,0,0,0,0,0,0,0,0,0,0,0,116.0,0,0,296,272.0,1.9,24,23.6,0,126.6,,34586,0,283.7,589.0
766,full-cycle,24957,21,1866,0,0,0,2,1,640,5224,246,654,2482142,93049.4,578569,62.1,62.1,756.0,1210851,1234.1,128.9,401.1,508.1,11090,0,1236963,1038764,1887,14083,7346,469905,22,1306,133,0,0,0,1620,0,124.0,3,0,289,488.8,5.6,24,27.0,0,64.0,promoted,34659,0,284.2,590.3
767,young,13429,20,6,9130,0,10,1,0,210,3059,246,924,2492617,93514.8,239891,21.4,83.5,756.0,1211703,1237.4,130.8,402.1,508.3,11124,0,1237876,1039468,0,0,0,0,0,0,0,0,0,0,0,0,124.0,0,5,287,433.3,5.6,24,24.4,0,83.5,,34696,0,284.5,590.8
768,young,13606,59,6,8134,0,10,2,0,310,3496,253,1499,2492880,93527.5,239048,18.3,101.9,756.0,1212767,1237.9,130.9,402.4,508.4,11124,0,1238979,1040557,0,0,0,0,0,0,0,0,0,0,0,0,124.0,0,0,292,370.9,5.6,24,24.4,0,101.9,,34727,0,284.7,591.2
769,young,10476,24,6,3998,0,8,1,0,302,3922,259,2131,2493454,93552.8,187013,13.8,115.7,756.0,1214593,1238.9,130.9,402.9,508.6,11124,0,1240844,1042367,0,0,0,0,0,0,0,0,0,0,0,0,124.0,0,0,292,311.7,5.6,24,24.4,0,115.7,,34758,0,285.1,592.1
770,young,14962,30,5,4546,0,10,1,1,377,7148,262,2758,2494588,93603.9,244262,19.2,134.8,756.0,1216283,1239.9,131.0,403.4,508.8,11132,0,1242582,1044040,0,0,0,0,0,0,0,0,0,0,0,0,124.0,0,1,291,230.6,5.6,24,23.9,0,134.8,,34791,0,285.5,592.9
771,full-cycle,29808,22,3986,0,0,0,2,0,586,1966,180,598,2495626,93647.5,574911,60.1,60.1,750.0,1218501,1241.4,131.1,404.1,509.2,11132,0,1244844,1046181,4009,18819,4868,550433,20,2256,22,0,0,0,1637,470,128.0,1,0,286,484.0,1.9,24,28.6,0,64.0,promoted,34848,0,286.0,593.9
772,young,12990,32,6,6405,0,13,2,1,207,4501,243,1733,2508581,94092.4,213107,19.3,79.4,750.0,1220423,1244.8,131.1,404.7,511.5,11168,0,1246827,1046930,0,0,0,0,0,0,0,0,0,0,0,0,128.0,0,0,287,429.0,1.9,24,25.8,0,79.4,,34889,0,286.5,595.0
773,young,7274,20,6,1654,0,11,2,1,258,4104,254,1140,2509188,94114.4,126896,10.3,89.7,750.0,1221521,1245.8,131.2,405.1,512.0,11176,0,1248005,1047760,0,0,0,0,0,0,0,0,0,0,0,0,128.0,0,0,287,380.8,1.9,24,25.2,0,89.7,,34936,0,286.8,595.5
774,young,4762,26,7,1301,0,8,1,0,304,1992,251,1033,2510209,94154.1,57663,4.8,94.5,750.0,1222591,1246.6,131.2,405.4,512.3,11177,0,1249134,1048777,0,0,0,0,0,0,0,0,0,0,0,0,128.0,0,0,287,358.8,1.9,24,25.1,0,158.5,,34978,0,287.0,596.0
775,young,12499,36,8,3726,0,13,2,1,460,6314,254,1873,2511894,94227.3,229927,17.7,112.2,750.0,1224236,1248.5,131.3,406.0,513.1,11177,0,1250848,1050202,0,0,0,0,0,0,0,0,0,0,0,0,128.0,0,0,287,284.4,1.9,24,25.1,0,112.2,,35024,0,287.4,596.7
776,young,12020,22,7,4678,0,10,1,0,383,4928,254,1910,2514059,94322.2,194707,15.0,127.1,750.0,1225183,1249.6,131.3,406.3,513.7,11177,0,1251849,1051015,0,0,0,0,0,0,0,0,0,0,0,0,128.0,0,0,287,215.8,1.9,24,25.1,0,127.1,,35066,0,287.6,597.1
777,full-cycle,30369,38,4486,0,0,0,1,0,453,458,203,464,2515319,94372.4,491739,54.2,54.2,746.0,1226647,1250.7,131.4,406.9,513.9,11177,0,1253366,1052497,4525,17344,6385,477771,24,4946,488,0,0,0,1814,292,128.0,1,0,284,494.0,1.9,24,27.6,0,64.0,promoted,35147,0,287.9,597.8
778,young,9306,27,8,3517,0,8,1,1,263,4752,238,645,2524187,94837.2,179109,18.6,72.8,746.0,1227406,1251.2,131.4,407.1,514.1,11221,0,1254215,1053138,0,0,0,0,0,0,0,0,0,0,0,0,128.0,0,0,285,442.2,1.9,24,24.1,0,72.8,,35195,0,288.1,598.3
779,young,13458,284,6,6871,0,9,1,1,251,4006,254,1960,2524468,94849.2,240157,18.0,90.8,746.0,1228981,1252.2,131.5,407.7,514.3,11221,0,1255834,1054696,0,0,0,0,0,0,0,0,0,0,0,0,128.0,0,0,285,373.8,1.9,24,24.1,0,90.8,,35229,0,288.5,599.1
780,young,13306,37,5,5443,0,10,1,1,329,5759,253,1634,2524733,94859.8,219461,17.0,107.8,746.0,1230158,1253.0,131.5,408.0,514.5,11221,0,1257070,1055854,0,0,0,0,0,0,0,0,0,0,0,0,128.0,0,0,285,308.6,1.9,24,24.1,0,107.8,,35261,0,288.7,599.6
781,young,12457,24,7,4758,0,10,1,0,399,5326,261,1835,2525504,94890.3,224506,16.8,124.6,746.0,1231171,1254.0,131.5,408.4,515.0,11221,0,1258126,1056738,0,0,0,0,0,0,0,0,0,0,0,0,128.0,0,0,285,237.2,1.9,24,24.1,0,124.6,,35289,0,288.9,600.0
782,full-cycle,32389,169,3243,0,0,0,1,1,676,3977,235,689,2527366,94949.2,573110,60.2,60.2,746.0,1233363,1256.0,131.6,409.1,515.8,11250,0,1260396,1058700,3412,19184,6962,489482,18,2238,34,0,0,0,2820,0,122.0,4,18,265,458.3,7.5,25,27.5,0,64.0,promoted,35379,0,289.4,601.1
783,young,9947,22,6,1634,0,11,1,0,288,7124,238,774,2535792,95320.0,184574,19.4,79.6,746.0,1233865,1257.4,131.6,409.3,516.9,11293,0,1260920,1058761,0,0,0,0,0,0,0,0,0,0,0,0,122.0,0,0,287,423.2,7.5,25,24.9,0,79.6,,35386,0,289.5,601.3
784,young,7841,20,7,2715,0,9,2,0,284,3246,246,1477,2537260,95378.7,103878,7.9,87.5,746.0,1235923,1258.9,131.7,409.8,517.5,11294,0,1263018,1060656,0,0,0,0,0,0,0,0,0,0,0,0,122.0,0,2,285,372.9,7.5,25,24.8,0,151.5,,35418,0,290.0,602.3
785,young,11556,34,9,5832,0,7,1,0,429,3347,260,1796,2538218,95420.7,186242,15.9,103.4,746.0,1238340,1260.3,131.8,410.5,517.8,11308,0,1265494,1063052,0,0,0,0,0,0,0,0,0,0,0,0,122.0,0,0,287,294.3,7.5,25,23.8,0,167.4,,35462,0,290.5,603.5
786,young,13785,26,7,8883,0,9,1,1,497,2273,262,2010,2540480,95504.3,235927,18.7,122.2,746.0,1239907,1262.0,131.8,411.0,518.6,11310,0,1267144,1064440,0,0,0,0,0,0,0,0,0,0,0,0,122.0,0,0,287,230.5,7.5,25,23.7,0,122.2,,35508,0,290.9,604.2
787,young,10169,24,8,3718,0,8,1,0,356,3951,264,2007,2544504,95615.3,222405,17.0,139.2,746.0,1241206,1263.1,131.9,411.5,519.0,11311,0,1268516,1065685,0,0,0,0,0,0,0,0,0,0,0,0,122.0,0,0,287,170.5,7.5,25,23.6,0,139.2,,35550,0,291.2,604.9
788,full-cycle,43073,23,5702,0,0,0,2,0,904,3298,317,915,2547367,95717.2,735197,73.4,73.4,764.0,1243937,1267.6,132.9,412.9,520.7,11353,0,1270404,1067891,5725,25137,8299,629238,22,3097,958,0,0,0,3828,0,0.0,14,23,320,538.1,25.7,25,26.4,0,73.4,promoted,35671,0,291.8,606.2
789,young,10199,29,7,3950,0,10,1,1,253,4899,289,960,2557157,96208.8,214917,20.2,93.7,764.0,1244554,1269.1,132.9,413.1,521.9,11357,0,1271025,1067891,0,0,0,0,0,0,0,0,0,0,0,1,6.0,0,0,354,513.0,19.7,25,26.1,0,93.7,,35676,0,291.9,606.5
790,young,15181,34,8,10455,0,8,1,0,295,2792,278,1501,2558358,96264.1,183057,14.0,107.7,764.0,1245811,1269.8,133.0,413.4,522.0,11357,0,1272372,1069158,0,0,0,0,0,0,0,0,0,0,0,0,6.0,0,0,354,459.9,19.7,25,26.1,0,107.7,,35723,0,292.2,607.1
791,young,11965,34,6,4287,0,8,2,0,381,5307,257,1851,2559516,96310.7,255923,21.0,128.7,764.0,1247196,1270.8,133.0,413.8,522.3,11383,0,1273781,1070489,0,0,0,0,0,0,0,0,0,0,0,0,6.0,0,0,354,377.7,19.7,25,24.5,0,128.7,,35752,0,292.6,607.8
792,young,12867,30,8,2942,0,9,2,0,427,6330,280,3023,2560235,96345.8,299694,25.2,153.9,764.0,1249735,1272.0,133.1,414.5,522.5,11413,0,1276366,1073035,0,0,0,0,0,0,0,0,0,0,0,0,6.0,0,0,354,276.2,19.7,25,22.8,0,153.9,,35782,0,293.2,609.1
793,full-cycle,25822,20,3152,0,0,0,1,0,543,2026,235,577,2561062,96379.0,658915,68.0,68.0,764.0,1252187,1273.5,133.2,415.3,522.8,11413,0,1278881,1075461,3172,14502,6423,534666,18,701,3096,0,0,0,1718,0,50.0,1,0,331,558.9,1.9,25,28.9,0,68.0,promoted,35861,0,293.8,610.3
794,young,9483,20,5,3509,0,9,2,1,249,4380,260,1204,2574980,96954.3,196510,20.1,88.2,764.0,1253238,1274.1,133.2,415.6,522.9,11473,0,1280000,1076476,0,0,0,0,0,0,0,0,0,0,0,0,50.0,0,0,332,502.0,1.9,25,24.5,0,88.2,,35907,0,294.0,610.8
795,young,11276,38,8,6231,0,8,2,0,279,3580,276,1024,2575238,96965.8,160689,12.3,100.4,764.0,1254445,1274.8,133.3,415.9,522.9,11474,0,1281264,1077719,0,0,0,0,0,0,0,0,0,0,0,1,50.0,0,0,332,451.5,1.9,25,24.5,0,100.4,,35951,0,294.3,611.4
796,young,11822,153,4,3634,0,8,2,0,322,5856,276,1747,2576720,97013.2,287775,23.6,124.0,764.0,1255600,1275.6,133.3,416.3,523.2,11494,0,1282476,1078841,0,0,0,0,0,0,0,0,0,0,0,0,50.0,0,0,332,375.6,1.9,25,23.3,0,124.0,,35995,0,294.5,611.9
797,young,6453,151,5,1703,0,10,1,0,359,2126,292,2038,2577410,97043.5,88644,6.8,130.8,764.0,1257354,1276.8,133.4,416.8,523.6,11494,0,1284296,1080552,0,0,0,0,0,0,0,0,0,0,0,0,50.0,0,0,332,339.1,1.9,25,23.3,0,130.8,,36037,0,294.9,612.8
798,young,12607,23,6,5108,0,9,2,1,446,4592,283,2355,2579117,97138.4,213869,16.3,147.1,764.0,1259063,1278.3,133.6,417.3,524.2,11494,0,1286056,1082108,0,0,0,0,0,0,0,0,0,0,0,0,50.0,0,0,332,264.4,1.9,25,23.3,0,147.1,,36074,0,295.3,613.7
799,full-cycle,31736,32,6746,0,0,0,2,0,723,1289,262,735,2580869,97216.7,497041,55.9,55.9,764.0,1262242,1280.8,133.7,418.3,525.1,11517,0,1289312,1085051,6778,17505,5148,480871,19,3067,31,0,0,0,2300,0,82.0,1,15,300,538.5,1.9,25,27.0,0,64.0,promoted,36164,0,296.1,615.3
800,young,9174,87,7,4452,0,8,1,0,248,3617,230,678,2588111,97469.8,192621,18.7,74.6,764.0,1262757,1282.7,133.7,418.6,526.5,11536,0,1289860,1085141,0,0,0,0,0,0,0,0,0,0,0,0,84.0,0,0,315,499.6,0.0,25,25.4,0,74.6,,36180,0,296.2,615.5
801,young,10635,28,7,1642,0,9,2,0,249,6869,259,1748,2593938,97749.2,217770,19.3,93.9,764.0,1264021,1284.5,133.7,419.0,527.8,11586,0,1291208,1085955,0,0,0,0,0,0,0,0,0,0,0,0,84.0,0,0,315,437.3,0.0,25,22.5,0,93.9,,36226,0,296.5,616.1
802,young,14864,24,7,9780,0,8,1,0,303,3230,250,1472,2594785,97783.4,281509,21.9,115.8,764.0,1265262,1285.6,133.8,419.3,528.2,11587,0,1292519,1087058,0,0,0,0,0,0,0,0,0,0,0,0,84.0,0,0,315,360.4,0.0,25,22.4,0,115.8,,36272,0,296.8,616.7
803,young,11446,31,6,4299,0,8,2,1,333,4286,260,2375,2595339,97807.8,235948,17.9,133.7,764.0,1267447,1286.8,133.9,419.9,528.5,11587,0,1294763,1089236,0,0,0,0,0,0,0,0,0,0,0,1,84.0,0,0,315,285.9,0.0,25,22.4,0,133.7,,36313,0,297.3,617.7
804,full-cycle,31562,21,5000,0,0,0,1,1,498,672,202,510,2597300,97856.4,488718,54.2,54.2,764.0,1268893,1288.2,133.9,420.8,528.7,11587,0,1296273,1090669,5020,17054,7886,463821,20,5961,716,0,0,0,1589,0,112.0,1,0,300,526.1,1.9,25,29.3,0,64.0,promoted,36394,0,297.6,618.3
805,young,10448,35,8,6533,0,7,2,0,272,2834,253,640,2606999,98355.2,185516,19.1,73.3,764.0,1269643,1288.7,133.9,421.0,528.8,11631,0,1297094,1091328,0,0,0,0,0,0,0,0,0,0,0,0,112.0,0,0,301,474.3,1.9,25,25.9,0,73.3,,36441,0,297.8,618.9
806,young,13324,30,6,5315,0,14,1,1,255,6206,248,1387,2607310,98369.0,168200,12.8,86.0,764.0,1270483,1289.2,134.0,421.3,529.0,11639,0,1297999,1092187,0,0,0,0,0,0,0,0,0,0,0,1,112.0,0,0,301,433.1,1.9,25,25.4,0,86.0,,36482,0,298.0,619.3
807,young,16663,28,5,8801,0,8,2,0,289,5303,243,2141,2608219,98401.5,268799,20.3,106.3,764.0,1272083,1290.6,134.0,421.7,529.6,11639,0,1299649,1093651,0,0,0,0,0,0,0,0,0,0,0,0,112.0,0,0,301,349.6,1.9,25,25.4,0,106.3,,36512,0,298.3,620.0
808,young,11830,26,7,4266,0,8,1,0,342,5620,261,1461,2608592,98415.7,234750,18.4,124.7,764.0,1273696,1291.7,134.1,422.3,529.9,11641,0,1301315,1095216,0,0,0,0,0,0,0,0,0,0,0,0,112.0,0,0,301,278.0,1.9,25,25.3,0,124.7,,36545,0,298.7,620.7
809,full-cycle,26198,28,4618,0,0,0,1,0,509,1469,248,520,2609731,98458.1,486685,54.8,54.8,764.0,1275332,1293.4,134.2,422.9,530.6,11641,0,1303011,1096694,4646,17603,2420,454099,19,375,32,0,0,0,1524,0,116.0,1,0,298,522.4,1.9,25,28.8,0,64.0,promoted,36628,0,299.0,621.4
810,young,10174,16,6,1446,0,11,1,0,271,6803,240,1583,2620119,98910.4,199415,21.4,76.2,764.0,1277121,1294.4,134.2,423.4,530.7,11714,0,1304880,1098445,0,0,0,0,0,0,0,0,0,0,0,0,116.0,0,0,299,465.2,1.9,25,23.7,0,76.2,,36675,0,299.6,622.6
811,young,16220,66,17,5907,0,10,1,1,242,8330,270,1566,2620367,98921.0,295622,22.9,99.1,764.0,1278498,1295.2,134.3,423.8,530.9,11714,0,1306321,1099791,0,0,0,0,0,0,0,0,0,0,0,1,116.0,0,0,299,392.9,1.9,25,23.7,0,99.1,,36717,0,299.9,623.2
812,young,9778,22,7,3140,0,9,1,0,288,5094,258,1134,2620594,98931.0,180153,14.2,113.3,764.0,1279396,1295.9,134.3,424.1,531.0,11728,0,1307298,1100745,0,0,0,0,0,0,0,0,0,0,0,0,116.0,0,0,299,344.1,1.9,25,22.9,0,113.3,,36761,0,300.1,623.7
813,young,7969,22,6,2274,0,8,1,0,319,3889,259,1372,2621815,98986.3,184570,13.9,127.3,764.0,1280528,1296.8,134.4,424.4,531.3,11730,0,1308487,1101825,0,0,0,0,0,0,0,0,0,0,0,0,116.0,0,0,299,288.8,1.9,25,22.7,0,127.3,,36791,0,300.4,624.3
814,full-cycle,33194,21,5373,0,0,0,1,1,674,2831,243,686,2624223,99070.3,685506,70.5,70.5,764.0,1282799,1299.3,134.5,425.2,532.5,11764,0,1310839,1103731,5394,14715,9809,449665,16,361,5911,0,0,0,3264,0,102.0,11,22,272,455.8,20.0,26,28.5,0,70.5,promoted,36887,0,300.9,625.4
815,young,14716,52,8,10328,0,9,1,1,233,2764,232,1236,2628370,99201.2,271511,24.7,95.2,764.0,1283403,1300.7,134.5,425.4,533.6,11777,0,1311479,1103926,0,0,0,0,0,0,0,0,0,0,0,0,102.0,0,0,305,419.7,20.0,26,27.5,0,95.2,,36902,0,301.1,625.8
816,young,9949,22,5,1232,0,8,1,0,314,6656,255,1668,2634164,99476.5,302959,24.2,119.4,764.0,1285330,1303.1,134.5,426.0,535.1,11791,0,1313467,1105042,0,0,0,0,0,0,0,0,0,0,0,0,102.0,0,0,305,337.8,20.0,26,26.6,0,119.4,,36945,0,301.5,626.7
817,young,11263,26,6,5226,0,8,2,0,340,3389,273,2173,2634858,99504.9,185691,13.9,133.2,764.0,1287877,1304.8,134.6,426.7,535.6,11791,0,1316052,1107420,0,0,0,0,0,0,0,0,0,0,0,0,102.0,0,0,305,274.4,20.0,26,26.6,0,133.2,,36975,0,302.1,627.8
818,young,15626,56,7,9318,0,9,1,1,439,3258,278,2436,2636190,99566.5,269246,20.9,154.1,764.0,1289222,1306.0,134.7,427.1,536.2,11792,0,1317456,1108648,0,0,0,0,0,0,0,0,0,0,0,0,102.0,0,2,303,201.9,20.0,26,26.6,0,154.1,,37020,0,302.4,628.4
819,full-cycle,25920,22,4116,0,0,0,1,0,522,1230,207,532,2637526,99634.0,523699,57.0,57.0,764.0,1291471,1307.4,134.8,427.8,536.5,11792,0,1319768,1110849,4138,12293,7954,445426,17,5143,1025,0,0,0,1526,0,106.0,1,0,302,524.4,1.9,26,31.2,0,64.0,promoted,37088,0,302.9,629.5
820,young,11366,26,7,5511,0,8,2,0,260,4058,250,1396,2648640,100153.4,182811,17.6,74.6,764.0,1293207,1308.5,134.8,428.3,536.7,11824,0,1321576,1112458,0,0,0,0,0,0,0,0,0,0,0,0,106.0,0,0,303,467.6,1.9,26,28.7,0,74.6,,37124,0,303.3,630.5
821,young,9707,32,7,6280,0,8,1,0,239,2033,243,1026,2648813,100161.8,197918,15.3,89.9,764.0,1294106,1309.0,134.9,428.6,536.8,11828,0,1322530,1113392,0,0,0,0,0,0,0,0,0,0,0,0,106.0,0,0,303,411.5,1.9,26,28.4,0,89.9,,37161,0,303.5,631.0
822,young,6470,20,7,835,0,15,1,0,314,3895,252,1308,2649385,100186.7,112960,9.5,99.4,764.0,1295111,1309.8,134.9,428.9,537.2,11835,0,1323612,1114314,0,0,0,0,0,0,0,0,0,0,0,0,106.0,0,0,303,362.8,1.9,26,27.9,0,99.4,,37204,0,303.7,631.4
823,young,9017,21,6,3674,0,8,2,0,302,3421,256,1485,2650549,100236.2,195864,15.1,114.5,764.0,1296166,1313.6,136.9,430.1,537.6,11835,0,1324739,1115299,0,0,0,0,0,0,0,0,0,0,0,0,106.0,0,0,303,308.9,1.9,26,27.9,0,114.5,,37249,0,304.0,631.9
824,young,16659,30,7,6586,0,10,1,1,391,7178,265,2338,2652774,100289.4,308815,24.2,138.7,764.0,1297530,1314.7,136.9,430.5,538.0,11835,0,1326168,1116603,0,0,0,0,0,0,0,0,0,0,0,0,106.0,0,0,303,220.0,1.9,26,27.9,0,138.7,,37290,0,304.3,632.5
825,full-cycle,37429,19,3509,0,0,0,1,1,847,4681,309,858,2654313,100341.1,739356,73.8,73.8,764.0,1300381,1317.7,137.4,431.7,538.9,11853,0,1328505,1119212,3528,20596,9980,539420,27,1868,2540,0,0,0,3210,0,20.0,4,16,326,544.0,7.4,26,30.0,0,73.8,promoted,37417,0,305.0,633.9
826,young,9068,33,6,4020,0,8,1,0,272,4056,277,588,2663673,100829.1,205362,21.0,94.8,764.0,1300923,1319.2,137.4,431.9,540.1,11900,0,1329051,1119248,0,0,0,0,0,0,0,0,0,0,0,0,22.0,0,0,345,507.6,5.5,26,26.8,0,94.8,,37420,0,305.1,634.2
827,young,10429,23,6,5492,0,8,1,0,264,3408,262,1135,2665111,100892.2,174835,12.8,107.6,764.0,1302207,1320.7,137.4,432.5,540.7,11900,0,1330401,1120411,0,0,0,0,0,0,0,0,0,0,0,1,22.0,0,1,344,456.7,5.5,26,26.8,0,107.6,,37465,0,305.4,634.8
828,young,14611,30,6,8322,0,8,1,1,373,3669,262,2089,2666305,100942.2,279010,22.1,129.7,764.0,1303355,1321.9,137.5,432.9,541.3,11900,0,1331606,1121409,0,0,0,0,0,0,0,0,0,0,0,1,22.0,0,0,345,373.3,5.5,26,26.8,0,129.7,,37509,0,305.6,635.3
829,young,13819,33,7,7942,0,8,1,1,435,2854,271,2423,2667056,100974.6,154153,12.2,142.0,764.0,1305990,1323.3,137.6,433.6,541.6,11910,0,1334302,1124012,0,0,0,0,0,0,0,0,0,0,0,0,22.0,0,0,345,305.6,5.5,26,26.2,0,142.0,,37550,0,306.2,636.6
830,young,13012,22,7,4656,0,9,1,1,421,4658,300,3155,2668848,101044.5,197742,15.1,157.0,764.0,1308304,1324.8,137.7,434.3,542.0,11910,0,1336677,1126254,0,0,0,0,0,0,0,0,0,0,0,0,22.0,0,3,342,237.2,5.5,26,26.2,0,157.0,,37584,0,306.8,637.8
831,full-cycle,41945,28,4083,0,0,0,1,1,1005,3047,317,1039,2673115,101165.4,694728,71.8,71.8,816.0,1312311,1329.2,137.9,436.1,543.7,11957,0,1340205,1129723,4111,20524,13001,482404,18,776,8115,0,0,0,4289,0,32.0,2,25,339,582.4,3.7,26,28.1,0,71.8,promoted,37683,0,307.7,639.8
832,young,13499,77,5,7353,0,9,2,1,277,4628,276,1047,2677910,101224.6,222795,20.6,92.4,816.0,1312955,1331.5,137.9,436.3,545.7,11973,0,1340857,1129847,0,0,0,0,0,0,0,0,0,0,0,0,32.0,0,0,366,558.2,3.7,26,26.9,0,92.4,,37690,0,307.9,640.2
833,young,9339,28,6,4228,0,8,2,1,315,2980,266,1686,2691738,101778.7,167321,12.8,105.3,816.0,1314894,1334.3,138.0,436.9,547.5,11973,0,1342881,1130753,0,0,0,0,0,0,0,0,0,0,0,0,32.0,0,0,366,497.9,3.7,26,26.9,0,105.3,,37737,0,308.3,641.1
834,young,14014,29,8,4554,0,9,1,1,388,6598,282,2334,2693657,101820.0,209264,15.9,121.1,816.0,1316434,1335.8,138.0,437.4,547.9,11973,0,1344498,1132217,0,0,0,0,0,0,0,0,0,0,0,0,32.0,0,0,366,437.1,3.7,26,26.9,0,121.1,,37780,0,308.6,641.7
835,young,16252,38,6,3956,0,10,2,1,452,8853,293,2842,2695042,101871.7,349810,27.5,148.7,816.0,1317585,1340.1,140.7,438.4,548.4,11973,0,1345718,1133300,0,0,0,0,0,0,0,0,0,0,0,0,32.0,0,0,366,337.3,3.7,26,26.9,0,148.7,,37822,0,308.9,642.3
836,full-cycle,23583,30,3644,0,0,0,1,0,477,447,165,490,2697612,101902.8,484553,53.7,53.7,816.0,1319996,1341.4,140.8,439.1,548.5,11974,0,1348170,1135725,3674,12388,5802,471964,19,4466,372,0,0,0,1708,0,88.0,2,1,335,599.4,3.7,26,31.2,0,64.0,promoted,37887,0,309.4,643.4
837,young,11212,92,6,3397,0,10,2,0,277,5393,271,1953,2707710,102247.1,175212,16.2,69.9,816.0,1322098,1344.7,140.8,439.8,550.4,12005,0,1350326,1136241,0,0,0,0,0,0,0,0,0,0,0,0,88.0,0,0,338,540.6,3.7,26,28.8,0,69.9,,37921,0,310.0,644.7
838,young,11329,45,7,4364,0,8,2,0,257,5389,260,1170,2713028,102466.7,199783,16.1,85.9,816.0,1322966,1345.8,140.9,440.3,550.8,12005,0,1351254,1136965,0,0,0,0,0,0,0,0,0,0,0,0,88.0,0,0,338,484.2,3.7,26,28.8,0,85.9,,37955,0,310.2,645.2
839,young,11639,32,7,4683,0,10,2,1,282,5007,251,1524,2713496,102486.8,212581,16.4,102.4,816.0,1323830,1346.4,140.9,440.6,551.0,12005,0,1352173,1137834,0,0,0,0,0,0,0,0,0,0,0,0,88.0,0,0,338,419.3,3.7,26,28.8,0,102.4,,37987,0,310.5,645.6
840,young,12902,102,4,5473,0,8,1,0,302,5330,257,1600,2714440,102514.1,206522,15.4,117.8,816.0,1324771,1346.9,141.0,440.9,551.0,12005,0,1353156,1138804,0,0,0,0,0,0,0,0,0,0,0,0,88.0,0,0,338,362.4,3.7,26,28.8,0,117.8,,38020,0,310.7,646.1
841,full-cycle,29107,28,1480,0,0,0,1,0,626,2270,266,638,2715980,102580.4,578542,59.5,59.5,808.0,1326753,1348.7,141.0,441.6,551.7,12036,0,1355215,1140495,1507,21245,3253,527091,18,264,59,0,0,0,2377,720,128.0,1,16,297,525.7,1.9,26,29.8,0,64.0,promoted,38107,0,311.2,647.1
842,young,10130,22,6,3685,0,10,1,1,256,4758,268,1303,2726646,103068.0,194092,19.9,79.5,808.0,1327736,1350.7,141.1,441.9,553.1,12070,0,1356202,1140634,0,0,0,0,0,0,0,0,0,0,0,0,128.0,0,0,314,479.2,1.9,26,27.9,0,79.5,,38113,0,311.5,647.7
843,young,11966,35,5,5401,0,10,2,0,290,4421,284,1715,2727327,103096.3,233159,17.8,97.3,808.0,1329746,1351.8,141.1,442.5,553.4,12071,0,1358274,1142559,0,0,0,0,0,0,0,0,0,0,0,0,128.0,0,1,313,410.0,1.9,26,27.8,0,97.3,,38147,0,311.9,648.6
844,young,10975,21,5,3592,0,9,1,1,330,5060,278,1872,2727730,103114.4,259699,20.0,117.2,808.0,1330893,1352.5,141.2,442.8,553.5,12071,0,1359470,1143729,0,0,0,0,0,0,0,0,0,0,0,0,128.0,0,0,314,335.7,1.9,26,27.8,0,117.2,,38175,0,312.2,649.1
845,young,12740,30,6,4565,0,10,2,1,389,5563,272,2061,2728404,103143.9,219093,17.5,134.7,808.0,1332076,1353.3,141.2,443.2,553.7,12078,0,1360698,1144901,0,0,0,0,0,0,0,0,0,0,0,0,128.0,0,0,314,263.0,1.9,26,27.3,0,134.7,,38207,0,312.4,649.7
846,full-cycle,35000,29,5804,0,0,0,1,0,842,1996,277,855,2730389,103215.0,611899,63.7,63.7,808.0,1335339,1356.1,141.4,444.3,554.7,12119,0,1363823,1147827,5833,19186,6870,478339,17,1138,2857,0,0,0,3096,0,76.0,15,18,305,531.2,27.0,28,33.6,0,64.0,promoted,38310,0,313.2,651.4
847,young,9312,24,6,4155,0,7,1,0,246,3826,247,969,2741084,103701.5,175804,16.0,79.7,808.0,1336216,1357.7,141.4,444.6,555.9,12124,0,1364729,1148075,0,0,0,0,0,0,0,0,0,0,0,0,76.0,0,1,337,499.5,27.0,28,33.2,0,79.7,,38317,0,313.4,651.8
848,young,10846,22,5,5670,0,7,1,0,260,3252,264,1557,2742337,103753.2,246376,19.2,98.9,808.0,1337776,1359.0,141.5,445.0,556.5,12124,0,1366339,1149438,0,0,0,0,0,0,0,0,0,0,0,0,76.0,0,0,338,431.4,27.0,28,33.2,0,98.9,,38350,0,313.7,652.5
849,young,16255,26,6,9309,0,9,2,1,338,4350,254,2136,2742704,103769.4,299943,23.7,122.6,808.0,1338823,1359.7,141.5,445.3,556.7,12136,0,1367438,1150458,0,0,0,0,0,0,0,0,0,0,0,0,76.0,0,0,338,350.5,27.0,28,32.5,0,122.6,,38382,0,314.0,653.0
850,young,7987,26,4,2953,0,8,1,0,362,2972,282,1622,2743217,103794.1,165226,12.2,134.9,808.0,1339999,1360.4,141.5,445.7,556.8,12136,0,1368662,1151658,0,0,0,0,0,0,0,0,0,0,0,0,76.0,0,0,338,306.9,27.0,28,32.5,0,134.9,,38412,0,314.3,653.6
851,full-cycle,24352,158,3866,0,0,0,1,0,616,1595,260,627,2745129,103880.4,547746,57.5,57.5,808.0,1342885,1362.5,141.6,446.6,557.5,12136,0,1371586,1154401,4024,15475,3038,492485,21,766,23,0,0,0,1807,0,116.0,1,0,317,548.5,1.9,28,36.8,0,64.0,promoted,38473,0,314.8,654.9
852,young,6890,90,4,2130,0,8,2,0,254,3547,248,785,2756370,104425.3,197861,18.0,75.5,808.0,1343727,1363.1,141.7,446.9,557.6,12168,0,1372479,1155166,0,0,0,0,0,0,0,0,0,0,0,0,118.0,0,0,317,492.0,0.0,28,34.3,0,75.5,,38508,0,315.1,655.4
853,young,8109,26,5,2152,0,9,1,0,258,4030,258,1544,2756696,104440.3,182529,16.5,92.0,808.0,1345078,1363.7,141.7,447.2,557.7,12222,0,1373880,1156543,0,0,0,0,0,0,0,0,0,0,0,0,118.0,0,0,317,430.1,0.0,28,31.1,0,92.0,,38542,0,315.3,656.0
854,young,11665,209,7,5861,0,8,2,0,289,3587,249,1631,2757048,104456.2,165259,12.7,104.7,808.0,1346773,1364.7,141.8,447.7,557.8,12222,0,1375612,1158241,0,0,0,0,0,0,0,0,0,0,0,0,118.0,0,0,317,374.6,0.0,28,31.1,0,104.7,,38572,0,315.8,656.9
855,young,8696,30,6,2050,0,8,1,0,305,4317,260,1920,2757963,104498.6,198373,15.4,120.1,808.0,1347866,1365.5,141.8,448.1,558.1,12224,0,1376771,1159313,0,0,0,0,0,0,0,0,0,0,0,0,118.0,0,0,317,312.9,0.0,28,31.0,0,120.1,,38607,0,316.0,657.5
856,young,14841,26,7,6377,0,9,1,1,370,5642,261,2308,2758965,104549.3,295004,22.6,142.8,808.0,1349096,1366.4,141.9,448.5,558.4,12225,0,1378052,1160483,0,0,0,0,0,0,0,0,0,0,0,0,118.0,0,0,317,223.6,0.0,28,30.9,0,142.8,,38638,0,316.3,658.0
857,full-cycle,36543,26,3173,0,0,0,2,0,815,2713,295,829,2760858,104613.3,692757,69.4,69.4,808.0,1351999,1369.2,142.0,449.4,559.7,12252,0,1380833,1163023,3198,24161,5214,633840,17,1609,41,0,0,0,3955,0,84.0,2,22,310,524.5,3.7,28,34.5,0,69.4,promoted,38728,0,317.0,659.4
858,young,11068,60,7,6652,0,11,1,0,251,3224,266,783,2765842,104769.8,241145,20.8,90.2,808.0,1352413,1370.8,142.0,449.6,560.9,12258,0,1381266,1163062,0,0,0,0,0,0,0,0,0,0,0,0,84.0,0,1,333,497.4,3.7,28,34.0,0,90.2,,38734,0,317.1,659.7
859,young,8066,19,6,3487,1,7,2,0,266,3321,266,880,2773926,105124.4,197515,14.8,105.0,808.0,1353351,1373.5,142.1,450.0,563.1,12263,0,1382267,1163296,0,0,0,0,0,0,0,0,0,0,0,0,84.0,0,0,334,443.6,3.7,28,33.7,0,105.0,,38767,0,317.3,660.1
860,young,15773,29,5,10129,0,11,1,0,362,3483,260,1657,2775247,105182.8,329030,27.1,132.1,808.0,1354340,1374.8,142.1,450.3,563.5,12274,0,1383296,1164182,0,0,0,0,0,0,0,0,0,0,0,0,84.0,0,0,334,348.8,3.7,28,32.9,0,132.1,,38807,0,317.6,660.7
861,young,10087,49,7,4733,0,7,2,0,380,2516,288,2296,2775654,105201.1,162900,12.4,144.5,808.0,1356724,1391.1,156.7,451.4,563.7,12274,0,1385737,1166582,0,0,0,0,0,0,0,0,0,0,0,0,84.0,0,0,334,291.5,3.7,28,32.9,0,144.5,,38849,0,318.2,661.8
862,full-cycle,21546,21,4938,0,0,0,2,0,511,1238,220,523,2777271,105286.7,475455,52.2,52.2,808.0,1359888,1393.0,156.8,452.5,564.0,12274,0,1388957,1169714,4959,12423,2512,448067,18,706,22,0,0,0,1647,0,126.0,1,0,313,554.9,1.9,27,33.9,0,64.0,promoted,38928,0,318.9,663.2
863,young,11039,66,5,6508,0,8,1,0,288,3355,253,740,2786806,105653.5,207072,21.5,73.6,808.0,1360516,1393.5,156.9,452.8,564.1,12333,0,1389668,1170334,0,0,0,0,0,0,0,0,0,0,0,0,126.0,0,0,314,503.2,1.9,27,29.6,0,73.6,,38975,0,319.0,663.6
864,young,8229,28,6,3476,0,8,1,0,232,3715,274,655,2793628,105836.5,210875,18.5,92.1,808.0,1361123,1393.9,156.9,453.0,564.1,12375,0,1390341,1170994,0,0,0,0,0,0,0,0,0,0,0,0,126.0,0,0,314,446.9,1.9,27,27.2,0,92.1,,39017,0,319.1,663.9
865,young,5650,26,6,2299,0,8,1,0,270,2084,263,888,2794200,105862.0,96472,7.1,99.2,808.0,1362025,1394.4,156.9,453.3,564.2,12375,0,1391302,1171939,0,0,0,0,0,0,0,0,0,0,0,0,126.0,0,0,314,423.3,1.9,27,27.2,0,163.2,,39054,0,319.3,664.3
866,young,16520,30,6,8211,0,9,2,0,532,5624,275,2013,2795947,105938.1,266415,21.3,120.5,808.0,1363553,1395.6,157.0,453.8,564.6,12381,0,1392884,1173396,0,0,0,0,0,0,0,0,0,0,0,0,126.0,0,0,314,328.1,1.9,27,26.8,0,120.5,,39085,0,319.7,665.1
867,full-cycle,27916,50,4095,0,0,0,2,0,670,2920,258,682,2798019,106022.2,626584,64.5,64.5,794.0,1366734,1397.5,157.1,454.7,565.0,12383,0,1396145,1176552,4146,13996,6543,484822,13,1355,1569,0,0,0,2474,746,128.0,2,10,294,495.0,3.7,27,33.5,0,64.5,promoted,39175,0,320.4,666.6
868,young,10773,18,3,6771,0,8,1,0,275,2686,231,926,2806959,106477.9,214233,19.8,84.3,794.0,1367364,1398.1,157.1,454.9,565.3,12415,0,1396812,1177089,0,0,0,0,0,0,0,0,0,0,0,0,130.0,0,4,301,451.3,1.9,27,31.0,0,84.3,,39184,0,320.6,666.9
869,young,10691,38,8,4838,0,9,2,0,258,3431,247,2040,2807396,106495.8,148097,13.1,97.4,794.0,1369903,1399.8,157.4,455.9,565.4,12463,0,1399393,1179648,0,0,0,0,0,0,0,0,0,0,0,0,130.0,0,0,305,387.4,1.9,27,28.2,0,97.4,,39214,0,321.1,668.0
870,young,5819,26,6,952,0,7,1,0,305,3141,251,1294,2807889,106518.6,98747,8.1,105.5,794.0,1371233,1400.6,157.4,456.3,565.7,12467,0,1400782,1180948,0,0,0,0,0,0,0,0,0,0,0,0,130.0,0,0,305,346.2,1.9,27,27.9,0,105.5,,39246,0,321.4,668.6
871,young,10150,27,7,4388,0,8,1,0,348,3840,254,1438,2809209,106580.2,188127,15.0,120.5,794.0,1372245,1401.7,157.5,456.6,566.2,12470,0,1401846,1181819,0,0,0,0,0,0,0,0,0,0,0,0,130.0,0,0,305,282.8,1.9,27,27.7,0,120.5,,39276,0,321.7,669.1
872,young,13739,23,6,5757,0,10,1,0,373,5555,272,1919,2810638,106633.1,243959,18.7,139.2,794.0,1373434,1402.7,157.5,456.9,566.6,12470,0,1403088,1182907,0,0,0,0,0,0,0,0,0,0,0,0,130.0,0,0,305,212.7,1.9,27,27.7,0,139.2,,39310,0,321.9,669.6
873,full-cycle,28117,24,3475,0,0,0,2,1,494,817,198,506,2812005,106691.7,504098,54.9,54.9,788.0,1374936,1404.1,157.6,457.4,567.2,12480,0,1404641,1184281,3499,15509,7218,462921,18,5323,548,0,0,0,1515,368,128.0,1,0,302,528.3,1.9,27,33.8,0,64.0,promoted,39382,0,322.2,670.3
874,young,10338,24,7,2842,0,8,1,0,259,5372,251,1715,2825035,107177.4,197307,19.0,73.9,788.0,1376870,1406.4,157.6,458.0,568.6,12524,0,1406664,1184965,0,0,0,0,0,0,0,0,0,0,0,0,128.0,0,0,303,469.0,1.9,27,30.4,0,73.9,,39432,0,322.8,671.5
875,young,6396,27,8,1071,0,10,2,0,262,4251,259,713,2825686,107201.2,184081,14.3,88.2,788.0,1377781,1407.5,157.7,458.3,569.2,12524,0,1407622,1185469,0,0,0,0,0,0,0,0,0,0,0,0,128.0,0,0,303,406.8,1.9,27,30.4,0,88.2,,39472,0,323.0,672.0
876,young,11196,20,6,5810,0,9,2,0,291,3762,257,1190,2826182,107221.3,239756,18.7,106.9,788.0,1378628,1408.1,157.7,458.6,569.4,12524,0,1408527,1186306,0,0,0,0,0,0,0,0,0,0,0,0,128.0,0,0,303,340.7,1.9,27,30.4,0,106.9,,39517,0,323.2,672.4
877,young,11067,28,6,4913,0,9,1,1,322,3997,268,1693,2826810,107248.2,230911,17.9,124.8,788.0,1379730,1409.0,157.8,458.9,569.7,12524,0,1409696,1187366,0,0,0,0,0,0,0,0,0,0,0,0,128.0,0,0,303,271.0,1.9,27,30.4,0,124.8,,39559,0,323.5,672.9
878,full-cycle,14488,15,607,0,0,0,2,0,440,80,57,452,2828235,107294.2,393195,46.6,46.6,782.0,1381034,1410.5,157.8,459.4,570.5,12525,0,1411115,1188438,623,10977,921,393093,18,348,18,0,0,0,1376,586,128.0,1,18,281,536.3,1.9,27,33.7,0,64.0,promoted,39647,0,323.8,673.8
879,young,11691,19,4,5488,0,7,2,1,252,3681,242,2165,2840641,107747.0,222877,20.1,66.8,782.0,1383191,1413.9,157.9,460.1,572.7,12556,0,1413274,1188563,0,0,0,0,0,0,0,0,0,0,0,0,128.0,0,1,299,479.1,1.9,27,31.2,0,66.8,,39654,0,324.4,675.0
880,young,13433,29,7,7419,0,11,2,0,215,4723,250,954,2841384,107773.7,241105,22.2,89.0,782.0,1383802,1414.5,157.9,460.3,573.1,12632,0,1413935,1189013,0,0,0,0,0,0,0,0,0,0,0,0,128.0,0,0,300,423.0,1.9,27,26.8,0,89.0,,39684,0,324.6,675.3
881,young,11772,35,7,3822,0,9,1,0,293,6504,254,1005,2841670,107787.1,255851,19.8,108.8,782.0,1384545,1415.0,158.0,460.5,573.1,12632,0,1414729,1189786,0,0,0,0,0,0,0,0,0,0,0,0,128.0,0,0,300,352.6,1.9,27,26.8,0,108.8,,39716,0,324.7,675.6
882,young,9186,36,8,2680,0,8,2,0,345,4746,258,1282,2842231,107811.8,157684,12.0,120.8,782.0,1385545,1415.7,158.0,460.9,573.3,12632,0,1415780,1190785,0,0,0,0,0,0,0,0,0,0,0,0,128.0,0,0,300,306.2,1.9,27,26.8,0,120.8,,39751,0,324.9,676.0
883,full-cycle,38237,32,4519,0,0,0,2,1,732,1725,260,745,2844670,107901.3,641168,65.9,65.9,782.0,1387955,1418.3,158.1,461.8,574.5,12668,0,1418260,1192855,4551,21927,8466,523187,19,1219,4751,0,0,0,3280,0,124.0,4,18,280,470.1,7.5,27,32.2,0,65.9,promoted,39840,0,325.5,677.2
884,young,13681,51,9,5330,0,10,1,1,233,6789,238,1178,2854155,108266.6,266513,22.7,88.6,782.0,1388532,1419.7,158.1,462.0,575.4,12676,0,1418862,1193112,0,0,0,0,0,0,0,0,0,0,0,0,128.0,0,1,299,434.9,3.6,27,31.6,0,88.6,,39847,0,325.6,677.5
885,young,9755,21,8,4661,0,69,1,0,274,2992,256,1662,2855892,108317.6,188317,14.7,103.3,782.0,1390843,1421.4,158.2,462.7,576.2,12687,0,1421234,1195119,0,0,0,0,0,0,0,0,0,0,0,0,128.0,0,0,300,372.2,3.6,27,30.7,0,103.3,,39886,0,326.2,678.5
886,young,12833,24,6,5551,0,8,1,0,340,4774,246,2047,2856833,108366.5,259363,20.4,123.7,782.0,1392346,1422.5,158.2,463.2,576.6,12687,0,1422821,1196570,0,0,0,0,0,0,0,0,0,0,0,0,128.0,0,0,300,291.2,3.6,27,30.7,0,123.7,,39933,0,326.5,679.3
887,young,11793,164,5,4770,0,8,2,0,388,4290,262,2024,2857576,108395.4,237508,18.3,142.0,782.0,1393878,1423.6,158.3,463.6,576.9,12687,0,1424413,1198059,0,0,0,0,0,0,0,0,0,0,0,0,128.0,0,0,300,219.2,3.6,27,30.7,0,142.0,,39973,0,326.8,680.0
888,full-cycle,18783,34,1529,0,0,0,2,0,532,1132,213,544,2859256,108459.7,454501,51.3,51.3,782.0,1395710,1425.5,158.4,464.3,577.8,12718,0,1426363,1199650,1564,12230,3027,426863,34,1261,53,0,0,0,1933,0,116.0,9,16,281,515.4,16.6,27,30.9,0,64.0,promoted,40075,0,327.2,680.8
889,young,10725,26,6,5195,0,8,1,0,255,4409,238,746,2868886,108888.6,201901,19.6,70.9,782.0,1396268,1427.3,158.4,464.5,579.3,12743,0,1426931,1199664,0,0,0,0,0,0,0,0,0,0,0,0,116.0,0,0,306,473.1,16.6,27,29.5,0,70.9,,40081,0,327.4,681.1
890,young,13272,21,6,6087,0,10,2,0,259,5474,245,1335,2870754,108946.9,205047,15.6,86.5,782.0,1397239,1428.3,158.4,464.8,579.8,12743,0,1427948,1200449,0,0,0,0,0,0,0,0,0,0,0,0,116.0,0,0,306,415.1,16.6,27,29.5,0,86.5,,40114,0,327.6,681.6
891,young,12268,18,5,4108,0,9,2,0,275,6317,238,1453,2872547,108972.3,245902,20.1,106.6,782.0,1398137,1430.4,158.5,465.0,581.5,12767,0,1428908,1201225,0,0,0,0,0,0,0,0,0,0,0,0,116.0,0,1,305,345.0,16.6,27,28.0,0,106.6,,40145,0,327.8,682.0
892,young,14378,27,6,6005,0,9,2,0,341,6072,255,1813,2874787,108996.0,235264,18.0,124.6,782.0,1399118,1431.3,158.5,465.4,581.8,12767,0,1429930,1202149,0,0,0,0,0,0,0,0,0,0,0,0,116.0,0,0,306,274.2,16.6,27,28.0,0,124.6,,40176,0,328.0,682.4
893,full-cycle,27321,31,3643,0,0,0,1,1,582,2772,253,594,2876438,109060.6,532985,55.7,55.7,782.0,1402027,1433.6,158.6,466.3,582.7,12793,0,1432916,1204836,3675,13085,7113,444659,26,3006,708,0,0,0,3323,0,98.0,10,21,283,496.3,18.6,28,35.0,0,64.0,promoted,40262,0,328.7,683.8
894,young,9733,21,6,3687,0,8,1,0,204,4790,246,942,2885233,109458.6,222101,19.8,75.5,782.0,1402325,1434.3,158.6,466.4,583.2,12800,0,1433244,1204960,0,0,0,0,0,0,0,0,0,0,0,0,100.0,0,0,313,472.7,16.6,28,34.4,0,75.5,,40273,0,328.8,684.0
895,young,9433,27,7,2298,0,9,1,1,315,5596,252,1087,2886316,109505.6,245862,21.4,96.8,782.0,1403227,1435.0,158.6,466.7,583.4,12828,0,1434173,1205831,0,0,0,0,0,0,0,0,0,0,0,0,100.0,0,1,312,400.8,16.6,28,32.8,0,96.8,,40304,0,329.0,684.5
896,young,13206,33,7,6509,0,8,2,1,249,4399,254,1928,2886601,109519.4,168915,12.0,108.9,782.0,1405571,1436.1,158.7,467.3,583.5,12828,0,1436581,1208212,0,0,0,0,0,0,0,0,0,0,0,0,100.0,0,0,313,343.6,16.6,28,32.8,0,108.9,,40338,0,329.5,685.5
897,young,12747,27,7,6157,0,8,2,0,345,4245,257,1871,2887562,109564.9,249291,19.1,128.0,782.0,1406652,1437.1,158.8,467.6,584.0,12828,0,1437709,1209152,0,0,0,0,0,0,0,0,0,0,0,0,100.0,0,0,313,268.0,16.6,28,32.8,0,128.0,,40370,0,329.7,685.9
898,full-cycle,30447,26,4482,0,0,0,1,0,534,1879,246,546,2888666,109608.4,699997,69.2,69.2,782.0,1408360,1438.6,158.9,468.2,584.6,12830,0,1439467,1210688,4508,16465,7487,539736,16,1404,3638,0,0,0,1980,0,110.0,1,11,296,501.3,1.9,28,36.2,0,69.2,promoted,40441,0,330.1,686.8
899,young,13365,27,7,7371,0,11,1,1,310,3591,248,1980,2900691,110070.0,231951,23.2,92.4,782.0,1410739,1442.3,159.0,469.1,586.9,12906,0,1441867,1211004,0,0,0,0,0,0,0,0,0,0,0,0,110.0,0,0,308,438.9,1.9,28,31.1,0,92.4,,40464,0,330.8,688.2
900,young,8816,34,6,3606,0,11,2,0,326,3888,275,886,2901123,110086.4,205465,15.3,107.7,782.0,1411943,1443.1,159.0,469.4,587.2,12906,0,1443119,1212108,0,0,0,0,0,0,0,0,0,0,0,0,110.0,0,1,307,385.8,1.9,28,31.1,0,107.7,,40498,0,331.1,688.9
901,young,12874,22,5,7101,0,10,1,0,352,3743,262,1555,2902273,110133.9,217119,16.7,124.4,782.0,1413136,1444.2,159.0,469.8,587.7,12906,0,1444370,1213196,0,0,0,0,0,0,0,0,0,0,0,0,110.0,0,0,308,316.6,1.9,28,31.1,0,124.4,,40531,0,331.3,689.4
902,young,15870,21,4,10341,0,10,2,0,411,2829,271,2197,2903429,110180.3,298233,23.3,147.7,782.0,1414356,1445.1,159.1,470.1,588.0,12906,0,1445635,1214406,0,0,0,0,0,0,0,0,0,0,0,0,110.0,0,0,308,237.8,1.9,28,31.1,0,147.7,,40562,0,331.6,689.9
903,full-cycle,25359,24,4072,0,0,0,2,0,605,2593,200,617,2904712,110238.0,555619,58.5,58.5,782.0,1416754,1446.6,159.2,470.9,588.4,12910,0,1448059,1216704,4096,15185,4430,480929,13,1142,61,0,0,0,1642,0,122.0,1,0,301,517.2,1.9,28,36.5,0,64.0,promoted,40619,0,332.2,691.1
904,young,9926,36,8,4147,0,8,1,0,228,3627,247,1774,2916344,110722.5,173779,15.8,74.3,782.0,1418915,1448.6,159.3,471.5,589.3,12942,0,1450265,1218263,0,0,0,0,0,0,0,0,0,0,0,0,122.0,0,0,302,461.8,1.9,28,34.0,0,74.3,,40651,0,332.7,692.3
905,young,6224,31,4,1228,0,12,1,0,258,3727,250,906,2916914,110744.8,103582,8.3,82.6,782.0,1419864,1449.5,159.3,471.8,589.7,12943,0,1451284,1219032,0,0,0,0,0,0,0,0,0,0,0,0,122.0,0,1,301,429.1,1.9,28,33.9,0,82.6,,40690,0,333.0,692.9
906,young,16320,33,7,9552,0,13,2,1,318,4429,254,1899,2918026,110792.1,300849,23.5,106.1,782.0,1420607,1450.5,159.3,472.0,590.2,12943,0,1452053,1219631,0,0,0,0,0,0,0,0,0,0,0,0,122.0,0,0,302,348.9,1.9,28,33.9,0,106.1,,40720,0,333.2,693.2
907,young,7368,29,6,1163,0,14,1,1,365,4704,272,1043,2918288,110800.1,126179,9.2,115.3,782.0,1421547,1451.2,159.4,472.4,590.3,12943,0,1453044,1220590,0,0,0,0,0,0,0,0,0,0,0,0,122.0,0,4,298,317.0,1.9,28,33.9,0,115.3,,40754,0,333.4,693.7
908,young,18192,36,7,5470,0,15,1,0,403,10391,266,1763,2920213,110884.7,345823,26.8,142.1,782.0,1422569,1452.1,159.4,472.7,590.7,12943,0,1454101,1221533,0,0,0,0,0,0,0,0,0,0,0,0,122.0,0,0,302,218.6,1.9,28,33.9,0,142.1,,40781,0,333.6,694.1
909,full-cycle,31662,23,4439,0,0,0,2,1,644,1405,231,659,2921864,110918.9,542929,56.8,56.8,782.0,1425268,1454.2,159.5,473.6,591.3,12973,0,1456894,1224095,4462,20376,4521,522303,21,2379,51,0,0,0,2288,0,110.0,11,16,280,497.9,20.2,29,36.2,0,64.0,promoted,40874,0,334.2,695.4
910,young,10246,78,7,2467,0,13,1,0,294,6307,240,1006,2930057,111194.1,198993,18.2,75.0,782.0,1425986,1456.3,159.6,473.9,593.1,12974,0,1457622,1224117,0,0,0,0,0,0,0,0,0,0,0,0,110.0,0,0,307,452.9,20.2,29,36.1,0,75.0,,40881,0,334.3,695.7
911,young,12760,33,6,4642,0,8,1,0,260,5497,250,2216,2935222,111402.4,255511,19.6,94.6,782.0,1428022,1458.2,159.6,474.6,593.8,12975,0,1459705,1225902,0,0,0,0,0,0,0,0,0,0,0,0,110.0,0,1,306,379.3,20.2,29,36.0,0,94.6,,40910,0,334.8,696.5
912,young,16706,33,6,6492,0,9,2,1,333,7689,242,2046,2935591,111416.1,336826,28.5,123.1,782.0,1429491,1459.0,159.7,475.0,594.0,13019,0,1461225,1227368,0,0,0,0,0,0,0,0,0,0,0,1,110.0,0,0,307,290.8,20.2,29,33.4,0,123.1,,40944,0,335.1,697.3
913,full-cycle,30775,29,5288,0,0,0,1,0,474,1817,237,487,2935955,111430.0,541779,57.4,57.4,782.0,1431072,1460.1,159.7,475.5,594.2,13030,0,1462861,1228951,5316,19191,4716,502470,20,2319,69,0,0,0,1543,0,118.0,1,0,302,521.6,1.9,29,37.6,0,64.0,promoted,41013,0,335.5,698.0
914,young,12889,61,8,7355,0,15,1,1,292,4033,252,1043,2944984,111785.9,195060,21.2,78.5,782.0,1431951,1460.8,159.8,475.8,594.4,13099,0,1463817,1229699,0,0,0,0,0,0,0,0,0,0,0,0,118.0,0,1,302,468.5,1.9,29,32.8,0,78.5,,41062,0,335.7,698.5
915,young,15303,46,4,5602,0,12,1,0,274,8020,269,1248,2947563,111908.6,285616,25.1,103.6,782.0,1433033,1461.5,159.8,476.2,594.5,13159,0,1464964,1230813,0,0,0,0,0,0,0,0,0,0,0,0,118.0,0,0,303,399.1,1.9,29,29.2,0,103.6,,41102,0,336.0,699.0
916,young,15955,29,6,10540,0,15,2,0,366,3368,271,1547,2947847,111919.9,283070,21.7,125.4,782.0,1434258,1462.2,159.9,476.6,594.6,13159,0,1466236,1232059,0,0,0,0,0,0,0,0,0,0,0,0,118.0,0,0,303,331.0,1.9,29,29.2,0,125.4,,41139,0,336.3,699.6
917,full-cycle,25376,33,5132,0,0,0,1,0,598,3592,239,612,2948903,111962.5,580302,63.0,63.0,782.0,1435983,1463.5,159.9,477.1,595.0,13159,0,1467996,1233696,5166,13445,5062,484036,18,812,22,0,0,0,1696,0,124.0,1,0,299,506.8,1.9,29,36.2,0,64.0,promoted,41196,0,336.7,700.4
918,young,13562,27,6,6875,0,11,1,0,237,5032,247,1285,2958355,112369.4,243138,20.8,83.8,782.0,1436806,1464.2,160.0,477.4,595.2,13191,0,1468882,1234378,0,0,0,0,0,0,0,0,0,0,0,0,124.0,0,0,300,452.7,1.9,29,33.7,0,83.8,,41232,0,336.9,700.9
919,young,11517,22,5,5112,0,10,1,0,262,4695,246,1325,2958597,112381.1,188290,14.3,98.1,782.0,1437839,1464.7,160.0,477.7,595.3,13191,0,1469971,1235457,0,0,0,0,0,0,0,0,0,0,0,0,124.0,0,1,299,398.0,1.9,29,33.7,0,98.1,,41266,0,337.1,701.4
920,young,19632,32,6,7560,0,14,1,1,387,9194,261,2332,2959507,112419.1,279330,21.9,119.9,782.0,1439565,1465.7,160.1,478.2,595.4,13191,0,1471737,1237182,0,0,0,0,0,0,0,0,0,0,0,0,124.0,0,0,300,312.3,1.9,29,33.7,0,119.9,,41293,0,337.5,702.2
921,young,18990,30,6,12227,0,10,1,0,396,4015,256,2196,2959973,112436.7,255045,19.8,139.7,782.0,1441583,1466.7,160.1,478.8,595.5,13191,0,1473820,1239233,0,0,0,0,0,0,0,0,0,0,0,0,124.0,0,0,300,238.2,1.9,29,33.7,0,139.7,,41330,0,338.0,703.2
922,full-cycle,32304,170,4395,0,0,0,1,0,674,1521,246,686,2963105,112504.2,570282,59.2,59.2,782.0,1444054,1470.2,160.2,479.7,597.6,13221,0,1476372,1241417,4565,21478,3514,518678,21,344,937,0,0,0,2736,0,122.0,4,15,282,486.1,7.5,29,36.4,0,64.0,promoted,41418,0,338.6,704.4
923,young,10022,22,5,1111,0,12,1,0,301,7388,227,1149,2972719,112940.4,203640,21.2,80.4,782.0,1444791,1471.9,160.3,480.0,598.9,13270,0,1477123,1241435,0,0,0,0,0,0,0,0,0,0,0,0,122.0,0,0,301,452.0,7.5,29,33.5,0,80.4,,41422,0,338.7,704.7
924,young,13052,29,7,7478,0,10,1,1,256,3815,243,1378,2973694,112980.0,237222,17.9,98.3,782.0,1446201,1472.8,160.3,480.4,599.1,13273,0,1478576,1242781,0,0,0,0,0,0,0,0,0,0,0,0,122.0,0,0,301,390.3,7.5,29,33.3,0,98.3,,41454,0,339.0,705.3
925,young,11351,28,7,6001,0,8,1,0,300,3062,242,1853,2974349,113006.9,176833,13.6,111.9,782.0,1448132,1473.9,160.4,481.0,599.4,13273,0,1480552,1244686,0,0,0,0,0,0,0,0,0,0,0,0,122.0,0,0,301,317.1,7.5,29,33.3,0,111.9,,41486,0,339.4,706.1
926,young,10377,26,7,7211,0,7,2,0,338,1343,249,1349,2975122,113040.8,87556,7.1,119.0,782.0,1449581,1474.8,160.4,481.4,599.6,13273,0,1482063,1246123,0,0,0,0,0,0,0,0,0,0,0,0,122.0,0,0,301,277.0,7.5,29,33.3,0,119.0,,41520,0,339.7,706.8
927,young,13156,22,6,9530,0,8,2,0,409,1450,258,1658,2977132,113118.2,210724,16.8,135.8,782.0,1450679,1476.4,160.5,481.7,600.6,13274,0,1483206,1246924,0,0,0,0,0,0,0,0,0,0,0,0,122.0,0,0,301,227.1,7.5,29,33.2,0,135.8,,41552,0,340.0,707.3
928,full-cycle,26223,22,1390,0,0,0,1,0,574,1819,206,586,2979057,113194.7,583342,61.1,61.1,782.0,1452720,1477.8,160.6,482.5,600.9,13280,0,1485287,1248921,1412,19702,3443,553850,19,993,21,0,0,0,1660,0,128.0,1,0,297,504.2,1.9,29,38.2,0,64.0,promoted,41606,0,340.5,708.2
929,young,12791,28,8,7652,0,8,2,0,211,3006,249,1784,2990473,113655.8,236309,21.5,82.5,782.0,1454438,1480.2,160.6,483.0,602.4,13319,0,1487081,1249554,0,0,0,0,0,0,0,0,0,0,0,0,130.0,0,0,297,447.5,0.0,29,35.1,0,82.5,,41652,0,340.9,709.2
930,young,7287,27,7,2170,0,8,2,0,247,3439,257,1282,2991509,113696.1,158326,12.3,94.8,782.0,1456140,1481.3,160.7,483.4,602.8,13325,0,1488868,1251070,0,0,0,0,0,0,0,0,0,0,0,0,130.0,0,0,297,393.5,0.0,29,34.7,0,94.8,,41696,0,341.3,710.0
931,young,14641,25,7,7979,0,9,1,0,317,4119,246,2082,2992384,113732.7,297339,22.7,117.5,782.0,1457262,1482.2,160.7,483.8,603.0,13325,0,1490030,1252151,0,0,0,0,0,0,0,0,0,0,0,0,130.0,0,0,297,311.0,0.0,29,34.7,0,117.5,,41735,0,341.5,710.5
932,young,11684,34,8,6302,0,8,2,1,337,3196,264,1686,2992865,113752.3,202286,15.2,132.7,782.0,1458586,1483.1,160.8,484.2,603.3,13325,0,1491425,1253478,0,0,0,0,0,0,0,0,0,0,0,0,130.0,0,0,297,250.2,0.0,29,34.7,0,132.7,,41778,0,341.8,711.2
933,full-cycle,47841,44,1608,0,0,0,2,1,923,3617,297,935,2998298,113857.2,813146,79.8,79.8,782.0,1462080,1487.1,160.9,485.5,605.4,13377,0,1494528,1256375,1652,21984,18664,545209,28,5516,8559,0,0,0,5424,0,52.0,9,29,296,472.5,16.7,31,37.9,0,79.8,promoted,41900,0,342.6,712.9
934,young,12426,20,5,7731,0,9,1,1,269,3301,281,1047,3008290,114289.8,257741,23.4,103.2,782.0,1462559,1488.3,161.0,485.7,606.3,13378,0,1495042,1256387,0,0,0,0,0,0,0,0,0,0,0,0,52.0,0,0,334,453.7,16.7,31,37.8,0,103.2,,41907,0,342.8,713.1
935,young,16111,42,7,10372,0,9,1,1,326,3234,265,1994,3009489,114337.0,278754,21.5,124.7,782.0,1464420,1489.9,161.0,486.2,607.0,13378,0,1496947,1257981,0,0,0,0,0,0,0,0,0,0,0,0,52.0,0,0,334,375.9,16.7,31,37.8,0,124.7,,41944,0,343.1,713.9
936,young,13332,22,6,7229,0,9,1,1,363,3325,272,2278,3010249,114369.3,242625,18.7,143.4,782.0,1466116,1490.9,161.1,486.7,607.2,13382,0,1498713,1259688,0,0,0,0,0,0,0,0,0,0,0,0,52.0,0,0,334,312.1,16.7,31,37.6,0,143.4,,41991,0,343.5,714.7
937,young,12818,32,7,4548,0,9,1,0,426,4819,281,2891,3011565,114437.6,247951,18.9,162.3,782.0,1468055,1492.2,161.2,487.3,607.5,13382,0,1500700,1261594,0,0,0,0,0,0,0,0,0,0,0,0,52.0,0,0,334,233.4,16.7,31,37.6,0,162.3,,42033,0,344.0,715.6
938,full-cycle,23834,31,3235,0,0,0,2,1,612,996,211,623,3013473,114513.3,510011,56.7,56.7,782.0,1471117,1494.0,161.3,488.2,608.0,13392,0,1503807,1264552,3266,13222,5757,455655,16,2897,1219,0,0,0,1579,0,80.0,1,0,319,559.6,1.9,31,40.5,0,64.0,promoted,42090,0,344.7,717.1
939,young,9799,20,6,2125,0,9,1,0,258,5546,245,1749,3025489,115075.2,160342,16.4,73.1,782.0,1473227,1496.0,161.4,488.8,608.9,13452,0,1505985,1265795,0,0,0,0,0,0,0,0,0,0,0,0,80.0,0,0,320,500.3,1.9,31,36.3,0,73.1,,42127,0,345.3,718.3
940,young,6799,20,6,4614,0,6,1,0,242,948,224,892,3025746,115084.9,128495,10.2,83.3,782.0,1474437,1496.8,161.4,489.2,609.1,13452,0,1507255,1266850,0,0,0,0,0,0,0,0,0,0,0,1,80.0,0,1,319,459.1,1.9,31,36.3,0,83.3,,42160,0,345.5,718.9
941,young,11025,81,4,3659,0,9,2,0,257,5276,247,1661,3026500,115122.1,235709,18.0,101.3,782.0,1475393,1497.6,161.5,489.5,609.4,13454,0,1508257,1267727,0,0,0,0,0,0,0,0,0,0,0,0,80.0,0,0,320,393.8,1.9,31,36.2,0,101.3,,42192,0,345.8,719.4
942,young,18970,21,6,11320,0,12,1,1,341,5012,254,2177,3027059,115146.0,334203,26.3,127.6,782.0,1476415,1498.4,161.5,489.8,609.7,13456,0,1509331,1268716,0,0,0,0,0,0,0,0,0,0,0,0,80.0,0,3,317,300.5,1.9,31,36.1,0,127.6,,42223,0,346.0,719.9
943,full-cycle,37464,26,2632,0,0,0,1,1,660,3273,249,675,3028273,115183.9,591545,61.3,61.3,782.0,1478486,1500.6,161.6,490.6,610.7,13482,0,1511461,1270536,2657,18615,12876,427924,27,3296,5598,0,0,0,3262,0,92.0,10,20,284,494.2,18.1,31,40.4,0,64.0,promoted,42303,0,346.4,720.7
944,young,11107,43,10,3608,0,10,1,1,251,6249,244,864,3037648,115504.8,213490,19.1,80.3,782.0,1478966,1502.3,161.6,490.8,612.0,13492,0,1511949,1270542,0,0,0,0,0,0,0,0,0,0,0,0,92.0,0,3,311,465.2,18.1,31,39.7,0,80.3,,42308,0,346.6,721.0
945,young,15727,29,6,9790,0,11,1,1,302,3972,253,1524,3043600,115638.2,283493,22.1,102.4,782.0,1479981,1504.2,161.7,491.1,613.4,13496,0,1513001,1271150,0,0,0,0,0,0,0,0,0,0,0,0,92.0,0,2,312,390.7,18.1,31,39.4,0,102.4,,42341,0,346.8,721.5
946,young,11630,32,6,3964,0,9,1,1,327,5058,262,2128,3044326,115668.6,189851,14.4,116.9,782.0,1482160,1505.4,161.7,491.7,613.7,13496,0,1515218,1273273,0,0,0,0,0,0,0,0,0,0,0,0,92.0,0,0,314,324.2,18.1,31,39.4,0,116.9,,42371,0,347.3,722.5
947,young,11314,29,6,4716,0,9,1,1,336,4210,262,1924,3045770,115711.9,249621,19.0,135.9,782.0,1483324,1506.6,161.8,492.1,614.3,13496,0,1516457,1274324,0,0,0,0,0,0,0,0,0,0,0,0,92.0,0,0,314,254.4,18.1,31,39.4,0,135.9,,42408,0,347.5,723.1
948,full-cycle,22176,18,2185,0,0,0,2,0,524,845,240,536,3047015,115771.1,458227,51.6,51.6,782.0,1484892,1507.8,161.8,492.6,614.6,13503,0,1518068,1275842,2203,14717,3786,430119,18,1379,1003,0,0,0,1465,0,102.0,1,0,308,547.3,1.9,31,41.6,0,64.0,promoted,42474,0,347.9,723.8
949,young,9561,27,6,4859,0,9,1,1,243,3308,243,1016,3056966,116288.3,205940,19.6,71.2,782.0,1485719,1508.3,161.9,492.9,614.7,13546,0,1518972,1276661,0,0,0,0,0,0,0,0,0,0,0,0,104.0,0,1,307,492.7,0.0,31,38.2,0,71.2,,42521,0,348.2,724.4
950,young,10966,38,7,5035,0,10,1,1,254,4590,248,940,3057202,116297.3,234849,18.5,89.7,782.0,1486348,1508.7,161.9,493.1,614.8,13550,0,1519660,1277324,0,0,0,0,0,0,0,0,0,0,0,0,104.0,0,1,307,431.1,0.0,31,38.0,0,89.7,,42563,0,348.3,724.7
951,young,14504,49,6,7949,0,9,2,0,280,4573,250,1537,3057672,116315.9,197798,17.0,106.7,782.0,1487784,1509.6,161.9,493.5,615.1,13594,0,1521160,1278727,0,0,0,0,0,0,0,0,0,0,0,0,104.0,0,0,308,368.6,0.0,31,35.4,0,106.7,,42606,0,348.6,725.3
952,young,6308,19,7,739,0,10,2,0,331,3292,264,1838,3058592,116348.7,111430,8.7,115.4,782.0,1489604,1511.0,162.0,494.0,615.6,13596,0,1523053,1280472,0,0,0,0,0,0,0,0,0,0,0,0,104.0,0,0,308,314.1,0.0,31,35.3,0,115.4,,42651,0,349.0,726.2
953,young,14538,24,6,9381,0,10,1,0,397,2897,265,1735,3060063,116407.5,260390,20.7,136.1,782.0,1490671,1518.5,166.7,495.9,616.4,13596,0,1524181,1281328,0,0,0,0,0,0,0,0,0,0,0,0,104.0,0,1,307,242.9,0.0,31,35.3,0,136.1,,42696,0,349.3,726.7
954,full-cycle,24730,20,4375,0,0,0,2,0,441,447,165,453,3062657,116459.9,488505,53.7,53.7,782.0,1492094,1520.0,166.8,496.3,617.1,13596,0,1525656,1282598,4394,12987,5690,479284,24,4333,426,0,0,0,1650,0,114.0,1,0,302,530.6,1.9,31,41.5,0,64.0,promoted,42756,0,349.5,727.3
955,young,9678,61,8,6097,0,8,1,0,309,2317,243,829,3074578,116930.8,197862,19.1,72.7,782.0,1492897,1520.7,166.8,496.6,617.3,13628,0,1526526,1283257,0,0,0,0,0,0,0,0,0,0,0,0,114.0,0,1,302,477.9,1.9,31,39.0,0,72.7,,42792,0,349.8,727.8
956,young,16162,27,6,10995,0,10,2,1,244,3624,246,1182,3075525,116968.9,301431,23.1,95.8,782.0,1493542,1521.1,166.8,496.9,617.3,13628,0,1527226,1283952,0,0,0,0,0,0,0,0,0,0,0,0,114.0,0,1,302,409.2,1.9,31,39.0,0,95.8,,42823,0,349.9,728.1
957,young,6686,23,6,2678,0,8,1,0,324,2470,257,1136,3075803,116979.8,139980,10.5,106.4,782.0,1494976,1521.9,166.9,497.3,617.4,13628,0,1528702,1285397,0,0,0,0,0,0,0,0,0,0,0,0,114.0,0,0,303,366.7,1.9,31,39.0,0,106.4,,42854,0,350.2,728.8
958,young,16305,29,6,8538,0,10,2,1,371,5410,248,1853,3076958,117037.4,322744,25.1,131.4,782.0,1496418,1523.2,166.9,497.7,617.8,13628,0,1530204,1286783,0,0,0,0,0,0,0,0,0,0,0,0,114.0,0,0,303,271.4,1.9,31,39.0,0,131.4,,42887,0,350.5,729.5
959,full-cycle,37253,30,6263,0,0,0,2,1,614,1289,260,627,3078135,117078.2,543055,56.8,56.8,782.0,1499400,1525.4,167.0,498.6,618.5,13658,0,1533254,1289619,6292,20501,7273,511675,25,4884,440,0,0,0,3119,0,106.0,9,19,279,489.8,16.6,31,40.2,0,64.0,promoted,42975,0,351.2,731.0
960,young,6711,100,8,2442,0,9,1,0,278,3117,245,676,3084100,117288.5,165059,15.6,72.4,782.0,1499926,1527.1,167.0,498.8,619.9,13659,0,1533808,1289656,0,0,0,0,0,0,0,0,0,0,0,0,108.0,0,0,306,464.4,14.7,31,40.1,0,72.4,,42983,0,351.4,731.2
961,young,13022,33,6,4418,0,8,1,1,232,6335,255,1907,3089223,117544.9,259769,19.9,92.3,782.0,1501557,1528.3,167.1,499.2,620.4,13662,0,1535490,1291174,0,0,0,0,0,0,0,0,0,0,0,0,108.0,0,0,306,394.2,14.7,31,39.8,0,92.3,,43015,0,351.7,732.0
962,young,11021,28,4,5026,0,11,2,1,296,4131,252,1459,3089603,117560.8,215636,17.6,110.0,782.0,1503139,1529.1,167.1,499.7,620.5,13676,0,1537137,1292788,0,0,0,0,0,0,0,0,0,0,0,0,108.0,0,0,306,323.6,14.7,31,39.0,0,110.0,,43049,0,352.1,732.8
963,young,13487,31,6,6764,0,10,2,1,403,4096,252,2100,3090252,117588.8,310823,24.7,134.7,782.0,1504153,1529.8,167.2,500.0,620.7,13684,0,1538225,1293798,0,0,0,0,0,0,0,0,0,0,0,0,108.0,0,0,306,235.2,14.7,31,38.4,0,134.7,,43090,0,352.3,733.3
964,full-cycle,35326,50,4605,0,0,0,1,1,711,1945,280,724,3092386,117659.0,596161,61.9,61.9,782.0,1507325,1533.2,167.3,501.1,622.3,13771,0,1541299,1296471,4655,18803,8114,489946,17,2430,2993,0,0,0,3743,0,84.0,2,29,287,498.6,3.7,31,35.9,0,64.0,promoted,43209,0,353.0,734.9
965,young,8088,31,6,4090,0,8,2,0,255,3116,260,498,3100705,118094.1,154064,18.2,80.1,782.0,1507505,1533.8,167.3,501.2,622.8,13779,0,1541491,1296479,0,0,0,0,0,0,0,0,0,0,0,0,86.0,0,0,317,488.2,1.9,31,35.4,0,80.1,,43214,0,353.1,735.0
966,young,5634,27,6,1938,0,6,1,0,261,2019,262,1302,3102107,118151.7,109430,9.3,89.4,782.0,1508904,1535.2,167.4,501.5,623.6,13784,0,1542977,1297644,0,0,0,0,0,0,0,0,0,0,0,0,86.0,0,0,317,448.4,1.9,31,35.0,0,89.4,,43262,0,353.5,735.7
967,young,17939,19,4,11811,0,9,1,1,309,3805,248,1954,3104740,118203.9,296821,23.5,112.9,782.0,1510682,1536.5,167.4,502.0,624.1,13792,0,1544831,1299320,0,0,0,0,0,0,0,0,0,0,0,0,86.0,0,0,317,365.0,1.9,31,34.6,0,112.9,,43305,0,353.9,736.5
968,young,11799,31,6,5694,0,8,2,0,280,4125,257,1567,3105011,118215.4,202372,14.8,127.7,782.0,1512225,1537.3,167.5,502.5,624.2,13794,0,1546428,1300886,0,0,0,0,0,0,0,0,0,0,0,0,86.0,0,0,317,311.0,1.9,31,34.5,0,127.7,,43347,0,354.2,737.3
969,full-cycle,39974,22,4292,0,0,0,2,1,756,4234,269,768,3107602,118300.9,722262,73.5,73.5,782.0,1514982,1540.7,167.6,503.4,626.1,13825,0,1549257,1303097,4315,18626,13545,461960,16,651,7868,0,0,0,3472,0,100.0,2,20,288,475.3,3.7,31,38.6,0,73.5,promoted,43452,0,354.9,738.6
970,young,9830,68,6,5614,0,8,1,0,221,3152,261,682,3115745,118521.7,227372,20.8,94.2,782.0,1515714,1544.1,167.6,503.7,629.1,13843,0,1550047,1303174,0,0,0,0,0,0,0,0,0,0,0,1,100.0,0,2,308,443.5,3.7,31,37.1,0,94.2,,43482,0,355.1,739.1
971,young,11054,30,6,5094,0,8,1,0,290,4305,262,1220,3122271,118762.8,223723,17.3,111.5,782.0,1517322,1546.5,167.7,504.6,630.2,13843,0,1551706,1304495,0,0,0,0,0,0,0,0,0,0,0,0,100.0,0,0,310,377.7,3.7,31,37.1,0,111.5,,43516,0,355.5,739.8
972,young,13701,28,8,6070,0,8,1,0,329,5071,267,2088,3123157,118803.8,229399,17.5,129.0,782.0,1519342,1573.6,193.8,505.2,630.4,13843,0,1553787,1306544,0,0,0,0,0,0,0,0,0,0,0,0,100.0,0,0,310,302.0,3.7,31,37.1,0,129.0,,43556,0,355.9,740.7
973,young,15256,45,5,5844,0,11,2,0,430,5789,279,2996,3124122,118849.9,232548,18.7,147.7,782.0,1521066,1574.7,193.9,505.8,630.5,13859,0,1555556,1308263,0,0,0,0,0,0,0,0,0,0,0,0,100.0,0,0,310,225.1,3.7,31,36.2,0,147.7,,43594,0,356.3,741.4
974,full-cycle,46413,31,5290,0,0,0,1,1,868,5732,280,880,3128405,118934.7,803823,79.0,79.0,782.0,1525160,1578.4,194.1,507.5,631.8,13887,0,1559422,1311970,5320,16446,20247,476506,21,5013,8593,0,0,0,4284,0,38.0,12,19,309,496.6,21.9,32,40.6,0,79.0,promoted,43711,0,357.2,743.3
975,young,10163,29,7,4846,0,8,1,1,246,4021,275,923,3138245,119390.7,219114,20.4,99.3,782.0,1525993,1580.9,194.1,507.7,634.0,13900,0,1560266,1311997,0,0,0,0,0,0,0,0,0,0,0,0,38.0,0,1,339,466.0,21.9,32,39.6,0,99.3,,43721,0,357.3,743.6
976,young,8957,30,6,2950,0,10,1,0,316,4260,268,1297,3139541,119445.8,189988,14.5,113.8,782.0,1527277,1581.8,194.1,508.2,634.2,13900,0,1561606,1313211,0,0,0,0,0,0,0,0,0,0,0,0,38.0,0,0,340,409.7,21.9,32,39.6,0,113.8,,43756,0,357.6,744.2
977,young,14787,22,7,7210,0,8,1,0,337,4663,272,2458,3140637,119496.6,270972,20.8,134.6,782.0,1530166,1583.1,194.2,508.9,634.3,13900,0,1564519,1316108,0,0,0,0,0,0,0,0,0,0,0,0,38.0,0,0,340,323.8,21.9,32,39.6,0,134.6,,43785,0,358.3,745.6
978,young,11528,23,6,4432,0,8,2,0,413,4166,285,2380,3141344,119531.8,205176,15.8,150.4,782.0,1532376,1584.4,194.3,509.5,634.5,13900,0,1566787,1318281,0,0,0,0,0,0,0,0,0,0,0,0,38.0,0,0,340,250.2,21.9,32,39.6,0,150.4,,43819,0,358.8,746.5
979,full-cycle,23174,28,2610,0,0,0,2,1,695,2222,249,708,3142857,119599.3,561501,60.1,60.1,782.0,1534635,1586.0,194.4,510.2,635.0,13900,0,1569082,1320441,2638,13875,4953,482962,19,1969,28,0,0,0,1702,0,70.0,1,0,323,559.3,1.9,32,43.5,0,64.0,starved,43878,0,359.3,747.6
980,young,10639,29,11,5165,0,8,2,1,183,3719,242,1348,3155628,120163.7,240084,21.7,81.8,782.0,1535535,1586.8,194.4,510.6,635.2,13942,0,1570069,1321233,0,0,0,0,0,0,0,0,0,0,0,0,68.0,0,0,324,508.0,1.9,32,40.2,0,81.8,,43927,0,359.5,748.1
981,young,9579,29,6,4195,0,8,1,1,252,3804,267,1197,3156268,120190.8,210136,17.0,98.7,782.0,1536700,1587.4,194.5,510.9,635.3,13959,0,1571292,1322433,0,0,0,0,0,0,0,0,0,0,0,0,70.0,0,0,324,447.0,1.9,32,39.2,0,98.7,,43969,0,359.8,748.7
982,young,13857,26,8,7460,0,10,1,1,279,3423,273,2552,3157162,120217.8,252489,19.4,118.2,782.0,1538838,1588.8,194.6,511.5,635.8,13959,0,1573491,1324568,0,0,0,0,0,0,0,0,0,0,0,0,70.0,0,0,324,367.8,1.9,32,39.2,0,118.2,,44010,0,360.2,749.6
983,young,11765,21,7,5074,0,8,1,0,375,3955,280,2214,3157777,120246.1,219482,17.3,135.4,782.0,1540481,1589.7,194.6,512.0,635.9,13959,0,1575211,1326242,0,0,0,0,0,0,0,0,0,0,0,0,70.0,0,0,324,293.4,1.9,32,39.2,0,135.4,,44055,0,360.6,750.3
984,full-cycle,23699,31,7157,0,0,0,1,0,555,752,241,568,3159914,120299.9,456987,52.4,52.4,782.0,1542259,1591.1,194.7,512.6,636.3,13959,0,1577042,1327964,7188,13176,1830,448332,19,461,22,0,0,0,1501,0,106.0,1,0,305,540.9,1.9,32,42.7,0,64.0,promoted,44136,0,361.0,751.2
985,young,11575,44,6,5556,0,10,1,0,263,4817,234,815,3171101,120822.8,195763,22.6,75.0,782.0,1542919,1591.6,194.7,512.8,636.4,14064,0,1577794,1328582,0,0,0,0,0,0,0,0,0,0,0,0,106.0,0,0,306,490.0,1.9,32,35.7,0,75.0,,44185,0,361.2,751.6
986,young,8839,26,8,4107,0,8,2,0,217,3133,252,1255,3171440,120835.9,145072,10.5,85.5,782.0,1544441,1592.3,194.8,513.2,636.5,14064,0,1579388,1330153,0,0,0,0,0,0,0,0,0,0,0,0,106.0,0,2,304,442.6,1.9,32,35.7,0,85.5,,44228,0,361.5,752.4
987,young,11394,22,6,4845,0,9,1,0,278,4558,251,1579,3172547,120871.3,258720,19.6,105.1,782.0,1545235,1593.0,194.8,513.5,636.7,14064,0,1580237,1330934,0,0,0,0,0,0,0,0,0,0,0,0,106.0,0,0,306,368.1,1.9,32,35.7,0,105.1,,44268,0,361.7,752.7
988,young,12629,29,6,3941,0,8,2,0,341,6022,266,2182,3172949,120887.4,250110,19.4,124.5,782.0,1546663,1593.7,194.9,513.9,636.8,14066,0,1581719,1332389,0,0,0,0,0,0,0,0,0,0,0,0,106.0,0,0,306,292.2,1.9,32,35.5,0,124.5,,44307,0,362.0,753.3
989,full-cycle,39937,20,5694,0,0,0,1,1,716,2256,269,729,3175264,120961.2,668855,68.0,68.0,782.0,1549882,1598.2,195.0,515.0,638.2,14101,0,1585036,1335126,5714,19838,9629,501828,18,944,5675,0,0,0,4741,0,98.0,7,31,272,460.3,13.1,32,40.9,0,68.0,promoted,44421,0,362.8,754.9
990,young,11648,65,7,6710,0,8,2,0,229,3387,243,1160,3176613,121004.5,251299,22.5,90.5,782.0,1550416,1599.0,195.0,515.1,638.8,14105,0,1585582,1335216,0,0,0,0,0,0,0,0,0,0,0,0,100.0,0,0,309,437.8,11.2,32,40.5,0,90.5,,44428,0,362.9,755.1
991,young,11188,33,7,4893,0,8,1,0,280,4277,263,1577,3186711,121371.4,250716,19.6,110.1,782.0,1552457,1602.1,195.1,515.8,640.8,14109,0,1587684,1336012,0,0,0,0,0,0,0,0,0,0,0,0,100.0,0,0,309,361.5,11.2,32,40.2,0,110.1,,44471,0,363.4,756.1
992,young,9487,28,8,2082,0,10,2,1,344,4715,272,2208,3187423,121400.2,154563,12.1,122.1,782.0,1554538,1603.3,195.2,516.4,641.1,14109,0,1589827,1338033,0,0,0,0,0,0,0,0,0,0,0,0,100.0,0,0,309,303.1,11.2,32,40.2,0,122.1,,44514,0,363.9,757.1
993,young,17686,21,7,10643,0,11,1,1,473,4403,268,2059,3188843,121459.4,341349,26.7,148.8,782.0,1555887,1604.4,195.2,516.9,641.5,14109,0,1591240,1339320,0,0,0,0,0,0,0,0,0,0,0,0,100.0,0,0,309,202.2,11.2,32,40.2,0,148.8,,44557,0,364.2,757.8
994,full-cycle,35329,21,5100,0,0,0,1,1,553,1449,224,566,3189706,121492.5,591300,62.0,62.0,782.0,1557981,1606.9,195.3,517.5,641.7,14121,0,1593385,1341373,5120,18256,10083,493437,19,4889,3155,0,0,0,1856,0,104.0,3,4,300,514.8,5.6,32,42.9,0,64.0,promoted,44619,0,364.7,758.8
995,young,8758,23,6,3035,0,9,1,0,276,4555,244,752,3199490,121994.3,181634,17.7,79.7,782.0,1558880,1607.9,195.3,517.8,642.3,14157,0,1594328,1341930,0,0,0,0,0,0,0,0,0,0,0,0,104.0,0,0,307,460.7,5.6,32,40.3,0,79.7,,44649,0,365.0,759.3
996,young,12633,27,7,8106,0,11,2,0,296,2334,253,1763,3199981,122014.2,176160,13.5,93.2,782.0,1560732,1608.9,195.4,518.3,642.5,14157,0,1596236,1343759,0,0,0,0,0,0,0,0,0,0,0,1,104.0,0,0,307,403.7,5.6,32,40.3,0,93.2,,44683,0,365.4,760.3
997,young,12400,158,5,4756,0,8,1,1,297,5495,253,1596,3200691,122042.1,215119,16.3,109.5,782.0,1562203,1609.9,195.5,518.7,642.9,14157,0,1597752,1345144,0,0,0,0,0,0,0,0,0,0,0,0,104.0,0,0,307,334.8,5.6,32,40.3,0,109.5,,44715,0,365.7,760.9
998,young,16474,24,4,1671,0,13,2,1,406,11794,256,2510,3201764,122078.4,364206,28.3,137.8,782.0,1563261,1611.1,195.5,519.0,643.4,14159,0,1598857,1346068,0,0,0,0,0,0,0,0,0,0,0,0,104.0,0,0,307,234.1,5.6,32,40.2,0,137.8,,44746,0,365.9,761.4
999,full-cycle,42847,31,4002,0,0,0,1,1,763,2518,280,776,3203231,122121.8,727177,72.3,72.3,782.0,1566517,1614.1,195.6,520.1,644.7,14199,0,1601923,1348956,4033,19476,15687,475938,22,4501,7864,0,0,0,3559,0,66.0,5,21,300,498.5,9.4,32,41.3,0,72.3,promoted,44847,0,366.7,763.0
1000,young,7678,20,6,4295,0,9,1,0,257,2450,268,550,3212440,122561.0,174663,16.2,88.6,782.0,1566987,1615.6,195.6,520.2,646.0,14200,0,1602398,1348961,0,0,0,0,0,0,0,0,0,0,0,0,68.0,0,0,325,478.6,7.5,32,41.2,0,88.6,,44852,0,366.9,763.4
1001,young,10347,27,5,4797,0,8,2,0,289,3788,237,1357,3214292,122636.1,243402,18.5,107.0,782.0,1568013,1617.2,195.7,520.6,647.1,14200,0,1603478,1349604,0,0,0,0,0,0,0,0,0,0,0,0,68.0,0,0,325,407.2,7.5,32,41.2,0,107.0,,44887,0,367.1,763.9
1002,young,13831,27,6,5559,0,7,1,0,303,5111,264,2744,3214900,122662.8,242209,18.1,125.2,782.0,1570444,1619.0,195.8,521.5,647.5,14200,0,1605955,1351952,0,0,0,0,0,0,0,0,0,0,0,0,68.0,0,0,325,328.5,7.5,32,41.2,0,125.2,,44914,0,367.7,765.0
1003,young,20237,21,6,11914,0,10,1,1,430,5071,277,2688,3215784,122700.7,336935,26.7,151.9,782.0,1572004,1620.3,195.8,522.0,648.0,14200,0,1607573,1353404,0,0,0,0,0,0,0,0,0,0,0,0,68.0,0,2,323,228.8,7.5,32,41.2,0,151.9,,44951,0,368.0,765.7
1004,full-cycle,29689,25,4627,0,0,0,1,0,727,3321,287,738,3216836,122742.2,621570,63.1,63.1,782.0,1576024,1622.6,196.0,523.2,648.4,14203,0,1611477,1357307,4652,16908,6397,443141,19,622,1692,0,0,0,1726,0,62.0,0,1,327,555.7,0.0,32,44.4,0,64.0,promoted,45010,0,369.0,767.5
1005,young,9906,32,6,2030,0,8,2,0,230,5705,266,1817,3230055,123283.6,196328,17.3,80.4,782.0,1577888,1625.0,196.1,523.8,649.8,14235,0,1613417,1358300,0,0,0,0,0,0,0,0,0,0,0,0,62.0,0,0,328,498.8,0.0,32,41.9,0,80.4,,45047,0,369.5,768.6
1006,young,11981,21,5,4901,0,9,2,0,295,5235,263,1413,3230769,123313.7,273055,21.0,101.4,782.0,1578921,1625.7,196.1,524.1,650.0,14235,0,1614485,1359260,0,0,0,0,0,0,0,0,0,0,0,0,62.0,0,0,328,421.9,0.0,32,41.9,0,101.4,,45079,0,369.7,769.1
1007,young,12700,21,7,7017,0,8,1,0,314,3736,269,1504,3231080,123326.4,257497,22.5,123.9,782.0,1580255,1629.2,196.1,524.6,650.3,14279,0,1615897,1360619,0,0,0,0,0,0,0,0,0,0,0,0,62.0,0,0,328,346.4,0.0,32,39.1,0,123.9,,45121,0,370.1,769.7
1008,young,8178,27,7,3313,0,9,2,0,374,2936,276,1410,3231817,123359.2,178762,15.0,138.9,782.0,1581492,1630.2,196.2,525.0,650.6,14303,0,1617193,1361800,0,0,0,0,0,0,0,0,0,0,0,0,62.0,0,0,328,282.9,0.0,32,37.7,0,138.9,,45159,0,370.3,770.2
1009,full-cycle,33585,39,2034,0,0,0,2,0,847,3208,287,861,3234685,123450.2,730857,73.0,73.0,782.0,1585876,1633.9,196.4,526.4,652.1,14335,0,1621506,1365672,2073,19203,8645,548175,27,2547,1997,0,0,0,3562,0,38.0,15,19,305,508.1,26.7,33,42.5,0,73.0,promoted,45252,0,371.3,772.3
1010,young,11069,23,6,3667,0,12,2,0,293,6176,253,800,3245145,123934.1,180035,18.4,91.4,782.0,1586468,1635.3,196.4,526.6,653.2,14367,0,1622122,1365874,0,0,0,0,0,0,0,0,0,0,0,0,38.0,0,1,338,477.3,26.7,33,40.5,0,91.4,,45257,0,371.4,772.5
1011,young,9241,22,6,4416,0,10,2,1,301,3104,266,1277,3246186,123974.5,168601,13.1,104.5,782.0,1588087,1636.8,196.4,527.1,654.0,14368,0,1623809,1367298,0,0,0,0,0,0,0,0,0,0,0,1,38.0,0,2,337,417.3,26.7,33,40.5,0,104.5,,45294,0,371.8,773.3
1012,young,11478,20,6,4174,0,7,2,0,310,4346,257,2516,3247273,124015.7,217342,17.7,122.2,782.0,1590557,1638.2,196.5,527.7,654.3,14378,0,1626330,1369737,0,0,0,0,0,0,0,0,0,0,0,0,38.0,0,0,339,340.9,26.7,33,39.7,0,122.2,,45332,0,372.3,774.5
1013,young,15005,34,6,7661,0,11,1,1,374,4033,279,2769,3248014,124050.4,253234,19.6,141.8,782.0,1592286,1639.1,196.6,528.2,654.4,14378,0,1628128,1371488,0,0,0,0,0,0,0,0,0,0,0,0,38.0,0,0,339,266.1,26.7,33,39.7,0,141.8,,45376,0,372.7,775.2
1014,young,12972,158,4,5289,0,8,2,0,416,4411,293,2587,3249722,124105.5,241485,18.9,160.7,782.0,1593806,1640.4,196.6,528.7,654.9,14385,0,1629707,1372906,0,0,0,0,0,0,0,0,0,0,0,0,38.0,0,0,339,195.2,26.7,33,39.3,0,160.7,,45420,0,373.0,776.0
1015,full-cycle,43474,24,5189,0,0,0,1,1,857,3858,322,889,3254429,124237.0,775844,76.5,76.5,810.0,1596945,1644.3,196.8,530.0,656.9,14415,0,1632266,1375462,5213,24453,9651,621395,26,3983,886,0,0,0,4072,0,4.0,11,21,338,566.0,20.4,33,42.9,0,76.5,promoted,45518,0,373.8,777.5
1016,young,10824,30,7,6550,0,8,1,0,279,3368,290,478,3266450,124759.3,151436,15.5,92.0,810.0,1597496,1645.9,196.8,530.2,658.2,14438,0,1632823,1375475,0,0,0,0,0,0,0,0,0,0,0,0,6.0,0,0,369,547.4,18.5,33,41.5,0,92.0,,45524,0,373.9,777.8
1017,young,9421,30,6,5459,0,8,1,0,270,2570,259,967,3267837,124820.3,148853,12.1,104.1,810.0,1598754,1647.1,196.9,530.5,658.9,14448,0,1634147,1376522,0,0,0,0,0,0,0,0,0,0,0,0,6.0,0,0,369,501.9,18.5,33,40.7,0,104.1,,45568,0,374.2,778.4
1018,young,11561,27,6,5691,0,8,1,0,330,3691,259,1719,3269086,124875.6,219006,16.8,120.9,810.0,1599931,1648.3,196.9,530.9,659.5,14448,0,1635391,1377554,0,0,0,0,0,0,0,0,0,0,0,0,6.0,0,0,369,433.2,18.5,33,40.7,0,120.9,,45613,0,374.5,779.0
1019,young,19201,26,7,11500,0,14,2,1,446,4682,277,2454,3270060,124918.8,329848,26.3,147.3,810.0,1601241,1649.2,197.0,531.3,659.8,14454,0,1636757,1378823,0,0,0,0,0,0,0,0,0,0,0,0,6.0,0,1,368,339.2,18.5,33,40.4,0,147.3,,45651,0,374.8,779.6
1020,young,15214,30,7,6839,0,12,1,1,468,5087,311,2670,3271016,124953.9,228712,17.3,164.6,810.0,1603724,1651.0,197.1,532.1,660.3,14454,0,1639297,1381221,0,0,0,0,0,0,0,0,0,0,0,0,6.0,0,0,369,273.2,18.5,33,40.4,0,164.6,,45697,0,375.4,780.8
1021,full-cycle,30758,36,4847,0,0,0,1,0,606,1052,245,618,3274013,125056.8,540784,57.9,57.9,810.0,1607024,1670.9,214.4,533.1,661.4,14501,0,1642712,1384306,4883,19515,3966,524158,23,2226,41,0,0,0,2384,0,64.0,2,16,322,575.5,3.7,33,41.8,0,64.0,promoted,45809,0,376.1,782.3
1022,young,8994,71,6,3142,0,10,1,0,258,4733,258,683,3280091,125269.1,184928,18.5,76.4,810.0,1607500,1672.8,214.4,533.3,662.9,14510,0,1643187,1384311,0,0,0,0,0,0,0,0,0,0,0,0,66.0,0,0,339,539.0,1.9,33,41.2,0,76.4,,45812,0,376.2,782.5
1023,young,7302,27,7,2056,0,9,2,0,243,3443,257,1405,3288751,125658.6,139101,12.8,89.2,810.0,1608724,1674.3,214.4,533.8,663.7,14551,0,1644485,1385356,0,0,0,0,0,0,0,0,0,0,0,0,66.0,0,0,339,494.8,1.9,33,38.8,0,89.2,,45857,0,376.5,783.1
1024,young,15943,29,6,5152,0,9,1,1,283,8109,249,2257,3289994,125707.5,282011,21.5,110.7,810.0,1610666,1675.3,214.5,534.3,663.9,14551,0,1646495,1387305,0,0,0,0,0,0,0,0,0,0,0,0,66.0,0,0,339,411.8,1.9,33,38.8,0,110.7,,45900,0,376.9,784.0
1025,young,11519,32,7,5389,0,9,1,1,341,4358,265,1297,3290281,125720.6,217955,16.5,127.3,810.0,1611865,1676.1,214.6,534.7,664.1,14551,0,1647755,1388518,0,0,0,0,0,0,0,0,0,0,0,0,66.0,0,0,339,345.1,1.9,33,38.8,0,127.3,,45942,0,377.2,784.6
1026,full-cycle,32221,22,5432,0,0,0,1,0,490,1174,217,503,3291778,125773.5,513725,55.9,55.9,810.0,1613457,1677.5,214.6,535.5,664.3,14551,0,1649400,1390097,5454,16755,8326,469792,18,5922,702,0,0,0,1674,0,104.0,1,0,319,560.3,1.9,33,45.4,0,64.0,promoted,46019,0,377.5,785.2
1027,young,10161,151,6,2606,0,7,1,0,238,5252,248,1813,3302454,126262.1,186208,18.3,74.2,810.0,1615374,1679.7,214.7,536.1,665.5,14594,0,1651408,1390778,0,0,0,0,0,0,0,0,0,0,0,0,104.0,0,0,320,501.7,1.9,33,42.1,0,74.2,,46066,0,378.2,786.8
1028,young,13497,28,6,7658,0,10,2,0,304,4115,244,1287,3303103,126287.2,269556,20.9,95.0,810.0,1616401,1680.7,214.7,536.3,666.2,14594,0,1652482,1391459,0,0,0,0,0,0,0,0,0,0,0,1,104.0,0,2,318,429.4,1.9,33,42.1,0,95.0,,46105,0,378.4,787.2
1029,young,10827,29,7,3231,0,9,1,0,327,5768,265,1354,3303368,126297.3,272247,21.5,116.5,810.0,1617342,1681.4,214.8,536.7,666.3,14594,0,1653507,1392445,0,0,0,0,0,0,0,0,0,0,0,0,104.0,0,0,320,359.8,1.9,33,42.1,0,116.5,,46150,0,378.6,787.7
1030,young,11244,28,8,4803,0,9,1,0,307,4341,270,1656,3304098,126328.4,208415,15.5,132.0,810.0,1618559,1682.2,214.8,537.1,666.4,14594,0,1654786,1393676,0,0,0,0,0,0,0,0,0,0,0,0,104.0,0,2,318,304.7,1.9,33,42.1,0,132.0,,46189,0,378.9,788.3
1031,full-cycle,32505,22,5258,0,0,0,2,0,696,3148,224,710,3306347,126412.3,614477,64.4,64.4,810.0,1620444,1683.8,214.9,537.7,667.1,14621,0,1656753,1395390,5280,13654,10493,425675,18,1025,5586,0,0,0,3064,0,122.0,2,17,292,503.8,3.7,33,43.4,0,64.4,promoted,46278,0,379.3,789.2
1032,young,10845,30,6,5190,0,10,1,0,220,4422,251,886,3316388,126859.9,212651,18.8,83.2,810.0,1621408,1685.4,214.9,538.0,668.2,14630,0,1657737,1395768,0,0,0,0,0,0,0,0,0,0,0,0,122.0,0,0,311,471.3,3.7,33,42.7,0,83.2,,46287,0,379.6,789.8
1033,young,13822,26,7,7328,0,8,2,1,287,4476,251,1594,3317302,126898.3,256347,19.5,102.7,810.0,1623266,1686.6,215.0,538.5,668.5,14630,0,1659623,1397437,0,0,0,0,0,0,0,0,0,0,0,0,122.0,0,0,311,397.4,3.7,33,42.7,0,102.7,,46317,0,380.0,790.6
1034,young,11795,25,7,4708,0,9,2,0,310,5034,260,1604,3317706,126914.0,227326,17.6,120.2,810.0,1624356,1687.4,215.1,538.8,668.8,14630,0,1660775,1398498,0,0,0,0,0,0,0,0,0,0,0,0,122.0,0,0,311,334.7,3.7,33,42.7,0,120.2,,46354,0,380.2,791.1
1035,young,11493,27,6,5028,0,8,1,0,357,3918,265,2051,3318806,126961.8,209310,16.5,136.7,810.0,1625954,1688.6,215.1,539.3,669.2,14636,0,1662448,1400052,0,0,0,0,0,0,0,0,0,0,0,0,122.0,0,0,311,267.6,3.7,33,42.2,0,136.7,,46394,0,380.6,791.9
1036,full-cycle,31016,29,6248,0,0,0,1,0,704,1620,271,716,3320624,127030.9,582329,62.1,62.1,810.0,1628583,1696.5,220.8,540.2,670.2,14676,0,1665173,1402431,6277,17018,5306,491689,18,1494,1453,0,0,0,2409,0,116.0,3,14,297,519.9,5.6,33,42.9,0,64.0,promoted,46489,0,381.2,793.1
1037,young,11335,21,5,5037,0,7,1,0,322,4920,252,939,3329500,127470.9,225733,19.5,81.6,810.0,1629303,1698.2,220.8,540.4,671.5,14685,0,1665900,1402460,0,0,0,0,0,0,0,0,0,0,0,0,116.0,0,3,311,471.5,5.6,33,42.2,0,81.6,,46501,0,381.4,793.5
1038,young,10551,28,7,3934,0,7,2,0,271,4103,253,2113,3330771,127528.0,228126,20.1,101.7,810.0,1631221,1699.2,220.9,540.9,671.8,14731,0,1667869,1404364,0,0,0,0,0,0,0,0,0,0,0,0,116.0,0,0,314,394.7,5.6,33,39.5,0,101.7,,46537,0,381.9,794.5
1039,young,13063,28,5,1170,0,10,1,1,363,9276,266,2181,3331011,127539.1,347017,27.0,128.7,810.0,1632718,1700.1,220.9,541.3,671.9,14731,0,1669403,1405858,0,0,0,0,0,0,0,0,0,0,0,0,116.0,0,0,314,297.3,5.6,33,39.5,0,128.7,,46564,0,382.2,795.2
1040,full-cycle,38120,270,6258,0,0,0,1,0,628,1796,249,640,3332156,127573.9,626480,64.3,64.3,810.0,1635743,1702.5,221.0,542.3,672.9,14765,0,1672524,1408589,6529,18887,9485,516556,16,3006,4022,0,0,0,3211,0,128.0,2,22,284,487.5,3.7,33,43.9,0,64.3,promoted,46658,0,383.0,796.6
1041,young,10710,75,6,5116,0,8,1,0,214,4267,258,945,3337552,127759.4,217009,18.8,83.0,810.0,1636207,1704.0,221.0,542.4,674.0,14768,0,1672991,1408624,0,0,0,0,0,0,0,0,0,0,0,0,130.0,0,0,307,461.0,1.9,33,43.7,0,83.0,,46662,0,383.1,797.0
1042,young,9646,28,6,5150,0,8,1,0,262,2693,260,1416,3343905,128032.3,158179,12.1,95.1,810.0,1637580,1706.0,221.1,542.9,675.4,14768,0,1674434,1409591,0,0,0,0,0,0,0,0,0,0,0,0,130.0,0,0,307,407.6,1.9,33,43.7,0,95.1,,46696,0,383.4,797.6
1043,young,10184,28,6,3174,0,8,1,0,300,4251,249,2323,3344916,128073.3,215724,17.2,112.3,810.0,1639635,1707.4,221.2,543.4,675.9,14775,0,1676558,1411547,0,0,0,0,0,0,0,0,0,0,0,0,130.0,0,0,307,326.9,1.9,33,43.2,0,112.3,,46738,0,383.9,798.6
1044,young,13153,26,7,5629,0,10,1,0,350,4918,272,2114,3345430,128098.5,275564,21.6,133.9,810.0,1640976,1708.2,221.2,543.9,676.0,14782,0,1677941,1412884,0,0,0,0,0,0,0,0,0,0,0,0,130.0,0,0,307,239.9,1.9,33,42.7,0,133.9,,46767,0,384.3,799.3
1045,full-cycle,38220,40,6885,0,0,0,2,1,732,1856,258,746,3346909,128146.0,660518,67.6,67.6,810.0,1643862,1710.7,221.3,544.8,677.0,14801,0,1680924,1415545,6924,19250,9156,539281,22,865,5658,0,0,0,2876,0,132.0,2,16,288,484.1,3.7,33,44.1,0,67.6,promoted,46858,0,385.0,800.7
1046,young,6745,104,6,1380,0,11,1,0,222,4270,267,685,3353855,128350.8,118883,11.6,79.2,810.0,1644484,1712.5,221.3,545.0,678.4,14814,0,1681564,1415592,0,0,0,0,0,0,0,0,0,0,0,0,132.0,0,4,302,471.9,3.7,33,43.0,0,79.2,,46868,0,385.1,801.0
1047,young,11656,29,6,4735,0,9,2,0,258,5227,248,1303,3361877,128635.9,261161,19.7,98.9,810.0,1645827,1714.8,221.4,545.5,680.1,14816,0,1682944,1416519,0,0,0,0,0,0,0,0,0,0,0,0,132.0,0,2,304,395.9,3.7,33,42.9,0,98.9,,46899,0,385.4,801.6
1048,young,11653,18,6,5829,0,9,1,1,353,3657,258,1723,3362574,128664.9,291263,22.6,121.5,810.0,1647106,1715.5,221.4,545.8,680.2,14817,0,1684250,1417801,0,0,0,0,0,0,0,0,0,0,0,0,132.0,0,0,306,314.4,3.7,33,42.9,0,121.5,,46929,0,385.7,802.2
1049,young,13565,21,5,6651,0,9,1,1,360,3878,263,2554,3363114,128688.4,272528,21.1,142.6,810.0,1649757,1717.0,221.5,546.5,680.6,14817,0,1686965,1420384,0,0,0,0,0,0,0,0,0,0,0,0,132.0,0,0,306,222.7,3.7,33,42.9,0,142.6,,46964,0,386.3,803.4
1050,full-cycle,26868,24,6805,0,0,0,2,0,592,708,250,604,3363923,128725.6,505228,53.9,53.9,798.0,1652549,1718.6,221.6,547.4,680.8,14817,0,1689788,1423138,6829,13451,4394,453011,17,893,2168,0,0,0,1479,710,128.0,1,0,301,525.4,1.9,33,46.3,0,64.0,promoted,47023,0,386.9,804.7
1051,young,14019,30,6,5223,0,12,1,1,300,6565,248,1794,3376131,129256.8,214615,21.8,75.7,798.0,1654159,1719.6,221.7,547.8,681.1,14883,0,1691457,1424619,0,0,0,0,0,0,0,0,0,0,0,0,130.0,0,0,301,465.8,0.0,33,41.8,0,75.7,,47063,0,387.5,805.8
1052,young,13723,22,6,9056,0,9,2,1,254,3062,258,1252,3376331,129264.0,285567,23.6,99.3,798.0,1655433,1720.2,221.7,548.2,681.1,14910,0,1692799,1425943,0,0,0,0,0,0,0,0,0,0,0,0,130.0,0,1,300,397.2,0.0,33,40.0,0,99.3,,47105,0,387.8,806.5
1053,young,11549,23,5,7513,0,8,2,0,304,2590,264,1009,3376613,129276.4,140643,10.8,110.0,798.0,1656528,1720.9,221.8,548.6,681.2,14914,0,1693945,1427059,0,0,0,0,0,0,0,0,0,0,0,0,130.0,0,0,301,349.9,0.0,33,39.8,0,110.0,,47143,0,388.0,807.0
1054,young,14796,28,8,10618,0,19,2,1,540,2095,250,1340,3377996,129330.5,139230,10.8,120.9,798.0,1657517,1722.1,221.8,548.9,681.9,14914,0,1695010,1427902,0,0,0,0,0,0,0,0,0,0,0,1,130.0,0,0,301,313.6,0.0,33,39.8,0,120.9,,47184,0,388.2,807.4
1055,full-cycle,26706,28,3131,0,0,0,2,0,601,2003,229,615,3380236,129411.2,481560,53.8,53.8,792.0,1659089,1724.6,221.8,550.5,682.4,14922,0,1696626,1429353,3159,18297,3134,437612,23,438,49,0,0,0,1741,370,128.0,1,0,298,522.6,1.9,33,45.2,0,64.0,promoted,47237,0,388.6,808.2
1056,young,13258,24,5,3671,0,9,1,1,243,7150,245,2089,3392619,129842.4,218859,18.9,72.7,792.0,1661233,1727.0,221.9,551.1,683.8,14954,0,1698846,1430247,0,0,0,0,0,0,0,0,0,0,0,0,130.0,0,0,298,462.2,0.0,33,42.7,0,72.7,,47276,0,389.1,809.3
1057,young,8516,20,6,1780,0,9,1,0,277,5530,255,824,3393350,129871.9,180441,16.5,89.2,792.0,1662183,1727.9,222.0,551.4,684.2,14996,0,1699831,1430949,0,0,0,0,0,0,0,0,0,0,0,0,130.0,0,0,298,402.0,0.0,33,40.2,0,89.2,,47305,0,389.3,809.7
1058,young,6354,18,6,1877,0,12,1,0,281,3078,260,998,3393674,129886.9,143842,10.9,100.1,792.0,1663194,1728.7,222.0,551.7,684.5,14996,0,1700884,1431979,0,0,0,0,0,0,0,0,0,0,0,0,130.0,0,0,298,351.9,0.0,33,40.2,0,100.1,,47336,0,389.6,810.3
1059,young,12585,43,6,6856,0,8,2,0,332,3464,264,1786,3394659,129934.0,228212,17.9,117.9,792.0,1664196,1729.4,222.0,552.1,684.7,14996,0,1701937,1432956,0,0,0,0,0,0,0,0,0,0,0,0,130.0,0,0,298,288.4,0.0,33,40.2,0,117.9,,47370,0,389.8,810.8
1060,full-cycle,16364,21,1329,0,0,0,2,0,413,316,84,427,3395975,129990.0,450467,49.6,49.6,788.0,1665548,1730.8,222.1,552.5,685.4,15027,0,1703358,1434173,1350,11047,1333,450249,20,483,80,0,0,0,2327,300,128.0,3,17,277,501.5,5.6,33,44.1,0,64.0,promoted,47455,0,390.1,811.4
1061,young,12112,27,5,6544,0,9,1,0,244,4518,246,679,3403734,130374.8,185674,20.0,69.6,788.0,1665930,1731.6,222.1,552.6,686.0,15082,0,1703754,1434366,0,0,0,0,0,0,0,0,0,0,0,0,128.0,0,2,295,468.8,5.6,33,40.9,0,69.6,,47460,0,390.2,811.5
1062,young,9684,29,7,5145,0,12,1,0,263,3344,251,813,3404625,130410.8,189015,14.5,84.1,788.0,1666526,1732.3,222.1,552.9,686.3,15082,0,1704415,1434891,0,0,0,0,0,0,0,0,0,0,0,0,128.0,0,0,297,413.7,5.6,33,40.9,0,84.1,,47494,0,390.3,811.8
1063,young,10285,28,5,4776,0,8,2,0,266,3294,257,1822,3405207,130435.8,183866,14.3,98.4,788.0,1668177,1733.4,222.2,553.4,686.6,15082,0,1706123,1436483,0,0,0,0,0,0,0,0,0,0,0,0,128.0,0,0,297,352.8,5.6,33,40.9,0,98.4,,47527,0,390.6,812.6
1064,young,9525,27,5,3241,0,13,1,1,349,3867,256,1936,3405883,130467.9,147236,10.8,109.2,788.0,1669680,1734.3,222.2,553.8,686.9,15082,0,1707653,1437919,0,0,0,0,0,0,0,0,0,0,0,0,128.0,0,0,297,299.7,5.6,33,40.9,0,109.2,,47558,0,391.0,813.3
1065,young,14645,22,6,7964,0,8,2,0,365,3811,261,2401,3407227,130520.9,288144,23.6,132.8,788.0,1670879,1735.4,222.3,554.1,687.4,15093,0,1708915,1438992,0,0,0,0,0,0,0,0,0,0,0,0,128.0,0,0,297,214.1,5.6,33,40.0,0,132.8,,47604,0,391.3,813.9
1066,full-cycle,34334,24,3611,0,0,0,2,0,668,2439,252,681,3409069,130573.8,615721,64.9,64.9,786.0,1672982,1737.7,222.4,554.9,688.6,15132,0,1711127,1440808,3635,17698,9563,482984,14,1826,4600,0,0,0,3230,194,128.0,2,22,272,466.2,3.7,33,42.9,0,64.9,promoted,47703,0,391.8,814.8
1067,young,8164,76,5,3506,0,12,2,0,235,3803,255,459,3415216,130730.0,142051,12.8,77.7,786.0,1673431,1739.3,222.4,555.1,689.9,15138,0,1711563,1440810,0,0,0,0,0,0,0,0,0,0,0,0,128.0,0,0,296,451.9,3.7,33,42.4,0,77.7,,47707,0,391.9,815.0
1068,young,12294,45,6,7603,0,11,1,0,293,3356,252,890,3423146,131025.9,155519,12.2,89.9,786.0,1674298,1741.7,222.4,555.4,691.7,15139,0,1712499,1441114,0,0,0,0,0,0,0,0,0,0,0,0,128.0,0,3,293,403.1,3.7,33,42.3,0,89.9,,47744,0,392.1,815.5
1069,young,12698,35,8,4159,0,8,1,1,300,6709,248,1386,3424606,131085.6,222121,17.0,106.9,786.0,1675315,1742.9,222.5,555.7,692.4,15139,0,1713547,1441920,0,0,0,0,0,0,0,0,0,0,0,0,128.0,0,0,296,337.0,3.7,33,42.3,0,106.9,,47773,0,392.3,815.9
1070,young,19243,45,6,7553,0,10,1,1,360,8973,262,2190,3425686,131117.0,287616,22.8,129.7,786.0,1677357,1744.4,222.5,556.3,693.0,15144,0,1715644,1443918,0,0,0,0,0,0,0,0,0,0,0,0,128.0,0,0,296,245.3,3.7,33,42.0,0,129.7,,47810,0,392.8,816.9
1071,young,15938,31,6,8168,0,9,1,0,389,5055,269,2171,3426349,131143.5,181433,15.1,144.8,786.0,1679472,1745.7,222.7,556.9,693.3,15153,0,1717823,1446018,0,0,0,0,0,0,0,0,0,0,0,0,128.0,0,0,296,173.6,3.7,33,41.3,0,144.8,,47852,0,393.3,817.9
1072,full-cycle,35776,36,5358,0,0,0,1,1,552,887,199,565,3428504,131207.0,514652,56.3,56.3,786.0,1681332,1748.0,222.7,557.5,694.7,15153,0,1719721,1447637,5393,20014,8693,494469,18,6502,714,0,0,0,1663,0,126.0,1,0,296,513.0,1.9,33,45.5,0,64.0,promoted,47936,0,393.7,818.7
1073,young,12520,150,5,3803,0,11,1,0,257,6580,261,1619,3440079,131688.5,218813,20.5,76.8,786.0,1683186,1750.4,222.8,558.1,696.1,15196,0,1721655,1448429,0,0,0,0,0,0,0,0,0,0,0,0,128.0,0,0,296,453.9,0.0,33,42.1,0,76.8,,47983,0,394.3,820.0
1074,young,11418,27,5,6832,0,7,2,0,246,2859,247,1350,3440722,131712.7,212231,16.1,92.9,786.0,1684252,1751.5,222.9,558.4,696.6,15196,0,1722778,1449163,0,0,0,0,0,0,0,0,0,0,0,0,128.0,0,0,296,397.6,0.0,33,42.1,0,92.9,,48017,0,394.5,820.5
1075,young,15993,19,4,10703,0,10,2,1,316,3007,249,1845,3442400,131743.6,300304,23.2,116.2,786.0,1685300,1752.4,222.9,558.7,697.0,15196,0,1723880,1450008,0,0,0,0,0,0,0,0,0,0,0,0,128.0,0,0,296,319.0,0.0,33,42.1,0,116.2,,48048,0,394.7,820.9
1076,young,13425,20,4,8234,0,13,2,0,396,2853,278,1829,3442920,131763.9,256769,19.9,136.1,786.0,1686489,1753.2,222.9,559.1,697.2,15200,0,1725127,1451175,0,0,0,0,0,0,0,0,0,0,0,0,128.0,0,0,296,254.5,0.0,33,41.9,0,136.1,,48082,0,395.0,821.5
1077,full-cycle,35675,23,5105,0,0,0,1,0,671,2168,257,682,3445256,131847.6,631844,66.2,66.2,786.0,1689001,1755.8,223.0,559.9,698.5,15238,0,1727721,1453378,5128,14189,13084,429639,18,4318,5891,0,0,0,3232,0,116.0,9,19,274,459.3,16.7,33,42.6,0,66.2,promoted,48193,0,395.6,822.6
1078,young,13116,92,4,8723,0,8,1,0,220,2975,234,1010,3449859,132020.8,258211,23.6,89.8,786.0,1689755,1757.4,223.1,560.2,699.5,15253,0,1728501,1453723,0,0,0,0,0,0,0,0,0,0,0,0,118.0,0,0,301,427.0,14.9,33,41.4,0,89.8,,48210,0,395.8,823.1
1079,young,16088,23,5,9614,0,10,1,1,334,4386,247,1650,3455477,132282.3,291543,22.8,112.5,786.0,1691766,1759.9,223.1,560.8,701.0,15253,0,1730587,1454677,0,0,0,0,0,0,0,0,0,0,0,0,118.0,0,0,301,348.1,14.9,33,41.4,0,112.5,,48253,0,396.2,824.0
1080,young,11918,28,6,6339,0,8,2,0,337,3118,265,1977,3456407,132315.4,184718,14.0,126.6,786.0,1694163,1761.2,223.2,561.4,701.4,15255,0,1733051,1457030,0,0,0,0,0,0,0,0,0,0,0,0,118.0,0,0,301,285.2,14.9,33,41.3,0,126.6,,48293,0,396.8,825.2
1081,young,9515,23,6,3140,0,8,1,0,380,4194,272,1666,3457776,132372.1,178090,13.9,140.5,786.0,1695579,1762.7,223.3,561.9,702.1,15259,0,1734503,1458263,0,0,0,0,0,0,0,0,0,0,0,0,118.0,0,0,301,226.8,14.9,33,41.1,0,140.5,,48332,0,397.1,825.9
1082,full-cycle,30774,23,3630,0,0,0,1,0,645,3879,248,656,3461328,132482.9,654809,66.8,66.8,786.0,1697854,1765.8,223.4,562.6,704.0,15343,0,1736900,1459934,3653,17423,6073,560034,18,1444,72,0,0,0,3618,0,116.0,1,26,275,462.6,1.9,33,39.6,0,66.8,promoted,48447,0,397.7,827.2
1083,young,6880,21,6,1166,0,10,2,0,227,4700,244,686,3469091,132875.3,171366,19.2,86.0,786.0,1698132,1766.6,223.4,562.7,704.7,15346,0,1737196,1459938,0,0,0,0,0,0,0,0,0,0,0,0,116.0,0,0,302,445.2,1.9,33,39.3,0,86.0,,48453,0,397.8,827.4
1084,young,14467,26,5,9455,0,9,2,0,309,3440,243,1117,3470432,132940.6,285682,22.6,108.6,786.0,1699181,1767.5,223.4,563.1,705.0,15349,0,1738310,1460918,0,0,0,0,0,0,0,0,0,0,0,0,116.0,0,0,302,366.2,1.9,33,39.1,0,108.6,,48500,0,398.1,828.0
1085,young,10506,20,6,4014,0,7,1,1,292,4105,269,1970,3470736,132954.2,208476,15.4,123.9,786.0,1701805,1768.8,223.5,563.8,705.2,15349,0,1741011,1463564,0,0,0,0,0,0,0,0,0,0,0,0,116.0,0,0,302,295.1,1.9,33,39.1,0,123.9,,48546,0,398.7,829.1
1086,young,13901,35,6,5983,0,11,2,1,451,5259,267,2040,3471744,132997.7,260471,20.2,144.2,786.0,1703019,1769.8,223.6,564.2,705.5,15349,0,1742279,1464732,0,0,0,0,0,0,0,0,0,0,0,0,116.0,0,0,302,212.1,1.9,33,39.1,0,144.2,,48585,0,398.9,829.7
1087,full-cycle,27926,29,5204,0,0,0,2,0,479,622,170,491,3476398,133045.2,563623,59.9,59.9,786.0,1704849,1771.1,223.6,564.7,706.0,15352,0,1744178,1466456,5234,14400,6596,543657,23,5231,225,0,0,0,1686,0,120.0,2,1,297,509.4,3.7,33,45.4,0,64.0,promoted,48649,0,399.3,830.5
1088,young,7525,29,6,2252,0,8,1,0,218,3593,258,1342,3488208,133530.0,144857,13.5,73.4,786.0,1706949,1776.5,227.3,565.3,706.8,15383,0,1746342,1467995,0,0,0,0,0,0,0,0,0,0,0,0,120.0,0,0,300,459.0,3.7,33,43.0,0,73.4,,48687,0,399.9,831.8
1089,young,10743,28,7,4132,0,8,2,0,251,4679,255,1550,3488957,133557.7,236492,19.1,92.5,786.0,1708172,1777.5,227.3,565.7,707.2,15394,0,1747610,1468991,0,0,0,0,0,0,0,0,0,0,0,0,120.0,0,1,299,391.0,3.7,33,42.1,0,92.5,,48718,0,400.2,832.5
1090,young,7791,46,8,2470,0,7,1,0,287,3651,262,1249,3489199,133569.0,187180,14.7,107.2,786.0,1709347,1778.2,227.4,566.0,707.3,15395,0,1748860,1470207,0,0,0,0,0,0,0,0,0,0,0,0,120.0,0,0,300,329.7,3.7,33,42.0,0,107.2,,48764,0,400.5,833.1
1091,young,13104,133,7,6851,0,10,1,0,363,4389,259,1244,3490231,133606.4,203111,15.5,122.7,786.0,1710416,1778.9,227.4,566.4,707.5,15395,0,1749984,1471300,0,0,0,0,0,0,0,0,0,0,0,0,120.0,0,0,300,256.2,3.7,33,42.0,0,122.7,,48803,0,400.7,833.5
1092,young,6500,32,8,3944,0,8,1,0,347,1139,261,946,3491307,133648.1,99320,7.8,130.5,786.0,1711606,1779.9,227.5,566.8,707.8,15399,0,1751274,1472460,0,0,0,0,0,0,0,0,0,0,0,0,120.0,0,1,299,230.4,3.7,33,41.8,0,130.5,,48853,0,401.0,834.0
1093,full-cycle,35158,40,5726,0,0,0,1,0,758,2975,252,771,3494844,133771.1,631197,66.4,66.4,786.0,1713898,1784.0,227.5,567.9,710.4,15436,0,1753691,1474123,5766,20315,6137,556941,17,2273,96,0,0,0,2925,0,122.0,3,20,276,465.7,5.6,33,42.7,0,66.4,promoted,48976,0,401.6,835.2
1094,young,10582,207,6,5018,0,10,1,1,253,4255,249,717,3501164,133955.5,234351,21.4,87.8,786.0,1714451,1786.5,227.6,568.0,712.6,15452,0,1754225,1474124,0,0,0,0,0,0,0,0,0,0,0,0,122.0,0,0,299,434.8,5.6,33,41.4,0,87.8,,48979,0,401.7,835.5
1095,young,7576,26,7,3659,0,7,1,0,246,2169,262,1363,3509660,134228.0,136127,10.4,98.3,786.0,1716012,1788.5,227.6,568.5,713.9,15457,0,1755858,1475167,0,0,0,0,0,0,0,0,0,0,0,0,122.0,0,0,299,391.2,5.6,33,41.1,0,98.3,,49024,0,402.1,836.3
1096,young,18604,26,7,10355,0,9,2,0,344,6017,250,1762,3510951,134283.8,337023,26.3,124.6,786.0,1717376,1789.7,227.7,568.9,714.5,15461,0,1757288,1476373,0,0,0,0,0,0,0,0,0,0,0,0,122.0,0,0,299,296.5,5.6,33,40.9,0,124.6,,49071,0,402.4,836.9
1097,young,13667,23,5,5952,0,10,2,1,368,5502,272,1729,3511282,134297.6,243741,18.1,142.7,786.0,1718855,1790.7,227.7,569.4,714.7,15461,0,1758803,1477817,0,0,0,0,0,0,0,0,0,0,0,0,122.0,0,0,299,229.5,5.6,33,40.9,0,142.7,,49102,0,402.7,837.5
1098,full-cycle,34360,26,5417,0,0,0,1,0,517,1154,231,529,3513919,134366.5,558164,59.6,59.6,786.0,1721116,1792.5,227.8,570.0,715.5,15464,0,1761107,1479879,5443,18701,8269,510194,18,5129,1433,0,0,0,1927,0,126.0,3,3,291,499.2,5.6,33,45.0,0,64.0,promoted,49160,0,403.2,838.6
1099,young,7444,92,6,987,0,11,2,0,267,5437,249,570,3526134,134762.3,128004,12.7,72.3,786.0,1721904,1793.4,227.8,570.3,715.9,15493,0,1761953,1480455,0,0,0,0,0,0,0,0,0,0,0,0,128.0,0,0,296,455.5,3.7,33,42.7,0,72.3,,49196,0,403.4,839.0
1100,young,12122,26,6,6598,0,8,1,0,263,3572,246,1559,3528325,134853.9,203874,15.9,88.2,786.0,1723447,1794.3,227.9,570.7,716.1,15493,0,1763550,1481997,0,0,0,0,0,0,0,0,0,0,0,0,128.0,0,0,296,390.0,3.7,33,42.7,0,88.2,,49227,0,403.8,839.8
1101,young,7342,29,6,3412,0,7,2,0,255,2298,252,1238,3528685,134869.8,105607,7.8,96.0,786.0,1724337,1794.9,227.9,571.0,716.3,15493,0,1764485,1482878,0,0,0,0,0,0,0,0,0,0,0,0,128.0,0,0,296,353.6,3.7,33,42.7,0,160.0,,49256,0,404.0,840.2
1102,young,11918,31,6,4120,0,9,1,0,511,5448,266,1703,3530072,134926.6,248787,19.9,115.9,786.0,1726413,1796.4,228.0,571.6,716.8,15496,0,1766624,1484871,0,0,0,0,0,0,0,0,0,0,0,0,128.0,0,0,296,278.0,3.7,33,42.5,0,115.9,,49290,0,404.5,841.2
1103,young,10656,55,8,2625,0,8,1,1,355,5472,264,2033,3532381,135017.8,202944,15.8,131.7,786.0,1727573,1797.8,228.1,571.9,717.6,15498,0,1767841,1485794,0,0,0,0,0,0,0,0,0,0,0,0,128.0,0,0,296,212.6,3.7,33,42.4,0,131.7,,49324,0,404.8,841.7
1104,full-cycle,29366,51,3708,0,0,0,2,0,662,4345,266,675,3534605,135097.4,586271,60.3,60.3,786.0,1730477,1800.5,228.2,572.9,718.9,15541,0,1770748,1488318,3758,17338,5431,451370,17,360,30,0,0,0,2833,0,110.0,1,17,287,493.3,1.9,33,43.0,0,64.0,promoted,49427,0,405.4,843.1
1105,young,8720,24,7,2625,0,10,1,0,264,5022,241,685,3545085,135526.4,199127,22.0,82.3,786.0,1730909,1801.8,228.2,573.1,719.9,15578,0,1771208,1488323,0,0,0,0,0,0,0,0,0,0,0,0,112.0,0,0,304,465.2,0.0,33,40.8,0,82.3,,49430,0,405.5,843.3
1106,young,10746,30,6,6761,0,9,2,0,272,2139,266,1428,3547667,135594.6,176661,13.3,95.6,786.0,1732269,1802.7,228.2,573.5,720.2,15578,0,1772646,1489673,0,0,0,0,0,0,0,0,0,0,0,0,112.0,0,0,304,411.9,0.0,33,40.8,0,95.6,,49474,0,405.8,843.9
1107,young,17809,28,5,11195,0,9,2,1,304,4516,261,1629,3548970,135633.2,274989,21.4,117.0,786.0,1733623,1803.7,228.3,573.9,720.5,15578,0,1774065,1490982,0,0,0,0,0,0,0,0,0,0,0,0,112.0,0,0,304,332.7,0.0,33,40.8,0,117.0,,49518,0,406.1,844.6
1108,young,8915,29,6,3290,0,9,1,0,332,3184,264,1952,3549611,135659.7,121967,9.8,126.7,786.0,1735241,1805.8,229.2,574.6,720.7,15586,0,1775750,1492614,0,0,0,0,0,0,0,0,0,0,0,0,112.0,0,0,304,286.3,0.0,33,40.3,0,126.7,,49561,0,406.5,845.3
1109,full-cycle,38610,29,4108,0,0,0,2,1,660,2450,251,673,3552517,135767.7,709773,71.9,71.9,786.0,1738409,1809.1,229.4,575.6,722.4,15622,0,1779011,1495297,4137,14419,15865,472285,20,4676,8042,0,0,0,4094,0,106.0,12,26,268,443.2,21.5,34,44.3,0,71.9,promoted,49681,0,407.2,846.7
1110,young,12336,81,7,3199,0,7,2,0,253,7196,256,1489,3557299,135963.6,256103,23.7,95.6,786.0,1739200,1810.5,229.4,575.8,723.5,15632,0,1779821,1495351,0,0,0,0,0,0,0,0,0,0,0,0,106.0,0,0,306,411.4,21.5,34,43.5,0,95.6,,49691,0,407.4,847.1
1111,young,4896,37,8,906,0,9,2,0,276,2406,267,1192,3564575,136193.7,72315,5.2,100.8,786.0,1741247,1813.4,229.4,576.4,725.3,15632,0,1781942,1496463,0,0,0,0,0,0,0,0,0,0,0,0,106.0,0,1,305,365.9,21.5,34,43.5,0,164.8,,49735,0,407.8,848.1
1112,young,12740,31,6,6045,0,8,1,0,460,4155,266,1917,3565997,136257.1,159399,12.7,113.5,786.0,1743880,1814.9,229.5,577.2,725.6,15632,0,1784647,1499090,0,0,0,0,0,0,0,0,0,0,0,0,106.0,0,0,306,307.4,21.5,34,43.5,0,177.5,,49781,0,408.4,849.3
1113,young,12126,24,7,5349,0,9,2,0,529,3522,278,2626,3570390,136373.1,283391,21.8,135.4,786.0,1745955,1817.0,229.6,577.8,726.7,15632,0,1786787,1500873,0,0,0,0,0,0,0,0,0,0,0,0,106.0,0,0,306,219.5,21.5,34,43.5,0,135.4,,49825,0,408.9,850.2
1114,young,14138,30,22,5460,0,8,1,1,416,5177,279,2948,3572559,136476.1,290779,23.0,158.3,786.0,1747235,1818.2,229.7,578.2,727.2,15632,0,1788109,1502009,0,0,0,0,0,0,0,0,0,0,0,0,106.0,0,0,306,137.3,21.5,34,43.5,0,158.3,,49857,0,409.2,850.8
1115,full-cycle,39876,24,5148,0,0,0,1,1,993,3094,336,1027,3574422,136562.7,777469,77.0,77.0,830.0,1749877,1821.0,229.9,579.5,728.2,15639,0,1789479,1504347,5172,17610,14816,479578,17,1453,9221,0,0,0,2244,0,0.0,5,8,368,619.9,9.4,34,46.4,0,77.0,promoted,49928,0,409.8,852.1
1116,young,10190,30,6,5219,0,8,1,0,270,3745,291,803,3590303,137168.4,218077,19.7,96.6,830.0,1750946,1824.8,229.9,580.0,731.3,15669,0,1790610,1504873,0,0,0,0,0,0,0,0,0,0,0,0,0.0,0,0,381,570.1,9.4,34,44.1,0,96.6,,49964,0,410.1,852.7
1117,young,11186,42,5,4241,0,9,2,0,296,4933,280,1552,3591137,137203.6,255537,20.0,116.7,830.0,1752142,1825.5,230.0,580.3,731.4,15676,0,1791866,1506092,0,0,0,0,0,0,0,0,0,0,0,0,0.0,0,0,381,500.5,9.4,34,43.5,0,116.7,,50003,0,410.4,853.3
1118,young,15800,28,6,9727,0,9,1,0,366,3320,284,2248,3591893,137238.8,296542,23.5,140.1,830.0,1753517,1827.5,230.0,580.8,731.6,15676,0,1793316,1507469,0,0,0,0,0,0,0,0,0,0,0,1,0.0,0,0,381,417.2,9.4,34,43.5,0,140.1,,50048,0,410.7,854.0
1119,young,10113,21,6,3596,0,13,1,0,411,4234,295,1749,3592810,137279.7,174257,12.8,153.0,830.0,1755245,1828.6,230.1,581.3,731.8,15677,0,1795115,1509211,0,0,0,0,0,0,0,0,0,0,0,0,0.0,0,0,381,365.6,9.4,34,43.4,0,153.0,,50092,0,411.1,854.8
1120,young,13350,23,7,4839,0,10,1,0,456,5521,288,2403,3594534,137376.5,286649,22.1,175.1,830.0,1756733,1829.7,230.1,581.7,732.2,15677,0,1796665,1510644,0,0,0,0,0,0,0,0,0,0,0,0,0.0,0,0,381,277.4,9.4,34,43.4,0,175.1,,50134,0,411.5,855.5
1121,full-cycle,24884,34,2830,0,0,0,2,0,613,776,183,626,3596244,137451.5,472586,53.4,53.4,830.0,1759607,1849.6,246.3,584.5,732.8,15681,0,1799599,1513391,2864,13680,6746,454583,16,4869,454,0,0,0,1586,0,66.0,1,0,347,623.1,1.9,34,47.1,0,64.0,promoted,50219,0,412.1,856.9
1122,young,7841,24,8,2710,0,8,1,0,260,4050,268,703,3609437,138081.5,190758,18.2,71.6,830.0,1760284,1850.1,246.3,584.7,732.9,15725,0,1800361,1514017,0,0,0,0,0,0,0,0,0,0,0,0,68.0,0,1,346,571.7,0.0,34,43.7,0,71.6,,50268,0,412.3,857.3
1123,young,11029,34,6,6000,0,9,2,0,240,3711,259,937,3609860,138098.8,251613,19.4,90.9,830.0,1760906,1850.6,246.3,585.0,733.0,15725,0,1801056,1514689,0,0,0,0,0,0,0,0,0,0,0,0,68.0,0,0,347,507.1,0.0,34,43.7,0,90.9,,50309,0,412.5,857.6
1124,young,13982,22,6,8623,0,9,2,1,326,3544,255,1368,3610146,138110.8,289694,22.7,113.7,830.0,1762052,1851.3,246.4,585.3,733.1,15725,0,1802261,1515860,0,0,0,0,0,0,0,0,0,0,0,0,68.0,0,0,347,423.1,0.0,34,43.7,0,113.7,,50354,0,412.7,858.2
1125,young,11263,25,7,5121,0,7,2,0,311,4186,261,1524,3610558,138126.3,212218,15.7,129.3,830.0,1763559,1852.6,246.4,585.7,733.8,15725,0,1803841,1517350,0,0,0,0,0,0,0,0,0,0,0,0,68.0,0,0,347,366.5,0.0,34,43.7,0,129.3,,50397,0,413.0,858.8
1126,full-cycle,25628,31,4457,0,0,0,2,0,599,1409,241,612,3611962,138191.2,603104,63.3,63.3,830.0,1765336,1854.4,246.5,586.3,734.6,15727,0,1805673,1518939,4487,16164,3378,590546,18,1312,22,0,0,0,1593,0,118.0,1,0,321,547.8,1.9,34,47.4,0,64.0,promoted,50478,0,413.4,859.6
1127,young,11300,74,7,4373,0,12,1,0,225,5302,260,1224,3618159,138437.5,240304,22.3,85.6,830.0,1766400,1855.1,246.5,586.7,734.7,15770,0,1806802,1519915,0,0,0,0,0,0,0,0,0,0,0,0,118.0,0,0,322,492.7,1.9,34,44.1,0,85.6,,50524,0,413.7,860.3
1128,young,8472,24,8,2995,0,9,2,0,278,3868,277,1210,3625003,138728.8,181188,13.7,99.4,830.0,1767831,1855.9,246.6,587.1,734.9,15771,0,1808291,1521343,0,0,0,0,0,0,0,0,0,0,0,0,118.0,0,0,322,439.7,1.9,34,44.0,0,99.4,,50568,0,414.0,861.0
1129,young,12205,29,6,6069,0,9,1,0,342,3926,271,1720,3626104,138773.9,270272,20.9,120.2,830.0,1769226,1856.8,246.6,587.6,735.0,15771,0,1809755,1522766,0,0,0,0,0,0,0,0,0,0,0,0,118.0,0,0,322,359.7,1.9,34,44.0,0,120.2,,50612,0,414.3,861.6
1130,young,11436,28,6,5480,0,8,1,0,343,3262,273,2192,3626857,138801.3,214683,16.8,137.0,830.0,1770716,1857.6,246.7,588.0,735.2,15778,0,1811305,1524281,0,0,0,0,0,0,0,0,0,0,0,0,118.0,0,0,322,293.6,1.9,34,43.6,0,137.0,,50657,0,414.7,862.3
1131,full-cycle,32328,24,3880,0,0,0,2,0,514,1554,187,527,3628283,138863.1,563712,60.3,60.3,816.0,1772687,1858.9,246.8,588.6,735.5,15781,0,1813334,1526203,3904,19409,6257,531065,24,3858,288,0,0,0,1805,940,128.0,2,1,307,527.9,3.7,34,46.9,0,64.0,promoted,50727,0,415.1,863.3
1132,young,12240,26,6,7354,0,10,1,0,269,3492,236,1018,3637236,139322.4,229628,20.4,80.7,816.0,1773541,1859.5,246.8,588.8,735.7,15812,0,1814253,1526891,0,0,0,0,0,0,0,0,0,0,0,0,128.0,0,2,308,473.9,3.7,34,44.5,0,80.7,,50764,0,415.4,863.9
1133,young,16243,27,6,7966,0,12,2,1,298,5962,254,1888,3637424,139331.0,252978,19.2,99.8,816.0,1775311,1860.3,246.9,589.3,735.8,15812,0,1816059,1528667,0,0,0,0,0,0,0,0,0,0,0,0,128.0,0,0,310,400.1,3.7,34,44.5,0,99.8,,50793,0,415.8,864.8
1134,young,11186,28,6,3756,0,8,2,0,308,5602,259,1391,3637715,139344.2,213507,16.4,116.3,816.0,1776548,1861.1,246.9,589.6,736.0,15814,0,1817351,1529903,0,0,0,0,0,0,0,0,0,0,0,0,128.0,0,0,310,339.8,3.7,34,44.4,0,116.3,,50829,0,416.0,865.3
1135,young,19520,30,6,11743,0,16,1,1,407,5093,267,2175,3638976,139388.9,341158,26.7,143.0,816.0,1778165,1862.6,247.0,590.1,736.7,15814,0,1819023,1531395,0,0,0,0,0,0,0,0,0,0,0,0,128.0,0,0,310,245.0,3.7,34,44.4,0,143.0,,50860,0,416.4,866.0
1136,full-cycle,31734,30,6712,0,0,0,1,0,624,962,245,637,3640198,139433.1,503227,54.3,54.3,814.0,1780183,1868.0,249.6,592.1,737.3,15844,0,1821106,1533295,6742,19187,3294,477704,16,975,695,0,0,0,2357,141,128.0,6,16,287,515.1,11.2,34,46.0,0,64.0,promoted,50949,0,416.9,867.0
1137,young,10581,37,8,2169,0,14,2,1,251,7230,233,790,3649848,139867.4,205109,19.5,73.8,814.0,1780738,1870.0,249.6,592.3,738.9,15870,0,1821699,1533304,0,0,0,0,0,0,0,0,0,0,0,0,128.0,0,1,308,474.0,11.2,34,44.5,0,73.8,,50956,0,417.1,867.3
1138,young,13618,22,6,6261,0,13,2,1,321,4997,253,1924,3651170,139919.5,260760,20.1,93.9,814.0,1782240,1871.6,249.7,592.7,739.8,15870,0,1823244,1534477,0,0,0,0,0,0,0,0,0,0,0,0,128.0,0,3,306,395.3,11.2,34,44.5,0,93.9,,50988,0,417.4,867.9
1139,young,15798,22,7,6293,0,10,2,1,328,7673,263,1370,3651412,139928.8,272556,21.2,115.1,814.0,1783599,1872.4,249.7,593.1,740.1,15872,0,1824644,1535788,0,0,0,0,0,0,0,0,0,0,0,0,128.0,0,0,309,319.5,11.2,34,44.3,0,115.1,,51021,0,417.7,868.5
1140,young,13026,45,8,4186,0,14,1,1,421,6643,274,1638,3651985,139950.7,223735,17.0,132.0,814.0,1784767,1873.2,249.8,593.5,740.3,15874,0,1825852,1536940,0,0,0,0,0,0,0,0,0,0,0,0,128.0,0,0,309,263.2,11.2,34,44.2,0,132.0,,51051,0,417.9,869.1
1141,full-cycle,33151,41,3239,0,0,0,2,0,637,3614,254,650,3654921,140034.5,603271,61.5,61.5,806.0,1787353,1875.8,249.9,594.5,741.4,15905,0,1828526,1539226,3280,20862,5291,521514,18,805,199,0,0,0,3024,686,128.0,1,18,286,493.8,1.9,34,45.8,0,64.0,promoted,51144,0,418.5,870.2
1142,young,15277,90,10,8143,0,11,2,1,320,5767,247,861,3664566,140438.8,190841,18.0,79.5,806.0,1787866,1877.2,249.9,594.6,742.5,15907,0,1829050,1539259,0,0,0,0,0,0,0,0,0,0,0,1,128.0,0,0,305,460.8,1.9,34,45.6,0,79.5,,51147,0,418.6,870.5
1143,young,11299,33,7,4676,0,10,1,0,260,4716,263,1507,3666592,140516.5,200363,17.9,97.4,806.0,1789043,1878.0,249.9,595.0,742.7,15957,0,1830298,1540399,0,0,0,0,0,0,0,0,0,0,0,0,128.0,0,0,305,403.8,1.9,34,42.7,0,97.4,,51184,0,418.9,871.0
1144,young,15672,47,6,4800,0,11,1,1,353,8345,256,2024,3668110,140541.5,283317,21.9,119.3,806.0,1790910,1879.0,250.0,595.5,742.9,15957,0,1832197,1542250,0,0,0,0,0,0,0,0,0,0,0,0,128.0,0,0,305,318.7,1.9,34,42.7,0,119.3,,51213,0,419.3,871.8
1145,young,13697,34,7,7208,0,8,2,0,379,3466,271,2510,3668695,140562.8,237723,18.2,137.5,806.0,1792582,1880.1,250.0,596.0,743.2,15958,0,1833926,1543890,0,0,0,0,0,0,0,0,0,0,0,0,128.0,0,0,305,247.8,1.9,34,42.6,0,137.5,,51251,0,419.6,872.6
1146,full-cycle,42216,25,4844,0,0,0,1,1,822,2296,282,835,3671179,140645.1,674703,68.2,68.2,806.0,1795862,1883.3,250.2,597.2,744.5,15990,0,1837239,1546739,4870,20408,13336,507423,17,3291,6892,0,0,0,3584,1,114.0,2,24,286,482.7,3.6,34,46.1,0,68.2,promoted,51351,0,420.4,874.1
1147,young,12509,170,9,7722,0,9,2,0,231,3426,266,816,3672958,140692.2,201756,18.9,87.1,806.0,1796301,1884.6,250.2,597.3,745.6,16006,0,1837681,1546739,0,0,0,0,0,0,0,0,0,0,0,0,114.0,0,1,311,461.1,3.6,34,44.7,0,87.1,,51358,0,420.5,874.3
1148,young,9087,27,7,5020,0,8,2,0,271,2146,269,1505,3683107,141135.3,130270,10.1,97.2,806.0,1798247,1886.8,250.2,597.9,746.8,16007,0,1839692,1548076,0,0,0,0,0,0,0,0,0,0,0,0,114.0,0,2,310,411.5,3.6,34,44.6,0,97.2,,51402,0,420.9,875.3
1149,young,8545,29,8,4820,0,7,2,0,283,1890,256,1414,3684252,141181.8,159264,12.9,110.1,806.0,1799248,1887.7,250.3,598.2,747.2,16017,0,1840749,1548993,0,0,0,0,0,0,0,0,0,0,0,0,114.0,0,0,312,366.2,3.6,34,44.1,0,110.1,,51440,0,421.2,875.7
1150,young,15099,31,7,4225,0,10,1,1,374,8445,270,1909,3685726,141241.3,273318,21.8,131.9,806.0,1800236,1888.5,250.3,598.5,747.5,16017,0,1841796,1549955,0,0,0,0,0,0,0,0,0,0,0,0,114.0,0,0,312,283.0,3.6,34,44.1,0,131.9,,51483,0,421.4,876.2
1151,young,12091,35,8,7108,0,8,1,0,371,2191,272,2283,3686650,141275.6,154292,11.5,143.4,806.0,1802416,1889.8,250.4,599.2,747.7,16017,0,1844043,1552130,0,0,0,0,0,0,0,0,0,0,0,0,114.0,0,0,312,227.6,3.6,34,44.1,0,143.4,,51528,0,421.9,877.2
1152,full-cycle,24947,23,4679,0,0,0,1,0,615,1588,230,627,3690583,141361.9,579842,61.3,61.3,806.0,1804771,1891.3,250.5,599.9,748.0,16017,0,1846430,1554437,4702,12256,6294,455775,18,786,3269,0,0,0,1690,0,128.0,1,0,305,519.3,1.9,33,44.9,0,64.0,promoted,51589,0,422.4,878.3
1153,young,10963,32,8,3999,0,8,1,0,276,4823,251,1729,3702215,141870.9,183187,18.0,79.4,806.0,1806867,1893.0,250.6,600.6,748.7,16063,0,1848569,1556033,0,0,0,0,0,0,0,0,0,0,0,0,128.0,0,0,306,460.7,1.9,33,41.6,0,79.4,,51623,0,423.0,879.6
1154,young,12868,26,5,8869,0,8,1,1,256,2408,247,1214,3702616,141886.8,254245,19.4,98.7,806.0,1807982,1893.8,250.6,600.9,748.9,16063,0,1849733,1557042,0,0,0,0,0,0,0,0,0,0,0,0,128.0,0,0,306,394.9,1.9,33,41.6,0,98.7,,51658,0,423.2,880.1
1155,young,11997,45,5,5711,0,8,2,0,282,4036,261,1818,3703106,141907.2,163789,12.5,111.2,806.0,1809085,1894.6,250.7,601.2,749.2,16063,0,1850878,1558079,0,0,0,0,0,0,0,0,0,0,0,0,128.0,0,0,306,346.7,1.9,33,41.6,0,111.2,,51686,0,423.5,880.7
1156,young,10071,21,6,2051,0,16,1,0,445,4875,267,2529,3704639,141964.1,149983,11.8,123.0,806.0,1810348,1895.7,250.7,601.6,749.6,16065,0,1852211,1559276,0,0,0,0,0,0,0,0,0,0,0,0,128.0,0,0,306,286.6,1.9,33,41.4,0,123.0,,51723,0,423.8,881.2
1157,young,15083,36,7,9578,0,8,1,1,379,2732,271,2254,3706897,142022.7,264459,22.4,145.4,806.0,1811591,1897.1,250.8,602.0,750.4,16081,0,1853530,1560362,0,0,0,0,0,0,0,0,0,0,0,0,128.0,0,0,306,207.4,1.9,33,40.3,0,145.4,,51771,0,424.1,881.8
1158,full-cycle,34967,27,4337,0,0,0,2,1,742,2116,255,755,3708987,142095.2,694729,71.6,71.6,806.0,1814057,1899.6,250.9,602.8,751.6,16128,0,1855945,1562505,4364,14849,12451,479195,28,2736,6810,0,0,0,3201,0,92.0,7,18,299,499.0,13.0,33,42.0,0,71.6,promoted,51876,0,424.6,882.9
1159,young,12192,266,4,3792,0,8,1,1,246,7026,257,751,3719934,142544.4,249443,21.5,93.0,806.0,1814578,1901.5,250.9,603.0,753.1,16136,0,1856484,1562518,0,0,0,0,0,0,0,0,0,0,0,0,92.0,0,2,322,464.7,13.0,33,41.3,0,93.0,,51881,0,424.7,883.1
1160,young,16083,58,4,6697,0,9,1,0,317,6551,255,2350,3721342,142599.9,255839,20.0,113.1,806.0,1816786,1903.0,251.0,603.6,753.7,16138,0,1858741,1564594,0,0,0,0,0,0,0,0,0,0,0,0,92.0,0,0,324,382.3,13.0,33,41.2,0,113.1,,51914,0,425.2,884.0
1161,young,10015,20,6,4836,0,7,1,0,305,3285,272,1467,3721776,142617.8,180344,13.4,126.5,806.0,1818789,1904.1,251.1,604.2,753.8,16139,0,1860808,1566613,0,0,0,0,0,0,0,0,0,0,0,0,92.0,0,0,324,326.5,13.0,33,41.1,0,126.5,,51950,0,425.7,885.0
1162,young,12196,21,5,3081,0,9,1,1,420,6087,279,2500,3723258,142685.6,271854,21.5,147.9,806.0,1820389,1905.3,251.1,604.6,754.3,16141,0,1862461,1568112,0,0,0,0,0,0,0,0,0,0,0,0,92.0,0,0,324,239.2,13.0,33,41.0,0,147.9,,51982,0,426.1,885.9
1163,full-cycle,29089,29,3938,0,0,0,2,0,702,1245,258,714,3725321,142757.2,612395,63.0,63.0,806.0,1823248,1907.9,251.2,605.6,755.4,16171,0,1865390,1570575,3967,18535,3412,605586,18,1326,106,0,0,0,3164,0,106.0,3,21,293,505.7,5.6,33,43.9,0,64.0,promoted,52075,0,426.8,887.4
1164,young,9199,31,6,3853,0,9,1,0,229,4282,260,733,3735410,143220.7,207913,18.7,81.7,806.0,1823623,1909.2,251.2,605.7,756.5,16174,0,1865788,1570595,0,0,0,0,0,0,0,0,0,0,0,0,106.0,0,0,317,484.0,5.6,33,43.7,0,81.7,,52083,0,426.9,887.6
1165,young,8936,58,6,3156,0,9,2,0,269,3892,264,1447,3736698,143271.7,211407,16.6,98.3,806.0,1824590,1910.1,251.3,606.0,756.9,16178,0,1866813,1571463,0,0,0,0,0,0,0,0,0,0,0,0,106.0,0,0,317,425.0,5.6,33,43.4,0,98.3,,52115,0,427.1,888.1
1166,young,14044,20,6,9517,0,8,2,0,330,2276,262,1800,3737489,143304.0,265001,20.5,118.8,806.0,1825749,1910.9,251.3,606.3,757.2,16182,0,1868012,1572584,0,0,0,0,0,0,0,0,0,0,0,0,106.0,0,0,317,357.0,5.6,33,43.2,0,118.8,,52148,0,427.4,888.7
1167,young,14199,45,5,7556,0,8,2,0,349,3803,279,2309,3738269,143341.4,201808,16.4,135.3,806.0,1827042,1911.8,251.4,606.7,757.4,16195,0,1869359,1573855,0,0,0,0,0,0,0,0,0,0,0,0,106.0,0,0,317,293.6,5.6,33,42.2,0,135.3,,52192,0,427.7,889.3
1168,full-cycle,36573,45,4500,0,0,0,2,1,677,2064,268,692,3740664,143430.9,688849,70.1,70.1,806.0,1831706,1915.1,251.6,608.2,758.5,16229,0,1874105,1578207,4545,15183,13052,494725,22,5166,5102,0,0,0,3699,0,96.0,8,22,291,486.6,14.9,34,44.6,0,70.1,promoted,52311,0,428.7,891.6
1169,young,10355,155,4,5966,0,9,1,1,207,3241,252,715,3749060,143850.7,183679,16.7,86.8,806.0,1832076,1916.0,251.6,608.3,759.2,16233,0,1874510,1578352,0,0,0,0,0,0,0,0,0,0,0,0,96.0,0,0,321,472.9,14.9,34,44.3,0,86.8,,52320,0,428.8,891.7
1170,young,10850,38,7,2504,0,10,1,0,296,6060,256,1855,3750081,143900.9,199693,15.3,102.1,806.0,1833389,1917.0,251.6,608.7,759.7,16233,0,1875864,1579523,0,0,0,0,0,0,0,0,0,0,0,0,96.0,0,0,321,412.1,14.9,34,44.3,0,102.1,,52352,0,429.1,892.4
1171,young,16847,29,6,6046,0,24,2,1,484,6627,253,3503,3751035,143939.0,291674,24.0,126.1,806.0,1834639,1917.9,251.7,609.0,759.9,16249,0,1877183,1580768,0,0,0,0,0,0,0,0,0,0,0,1,96.0,0,0,321,321.7,14.9,34,43.1,0,126.1,,52398,0,429.4,893.1
1172,young,13730,22,8,5605,0,8,1,0,425,5749,271,1846,3751551,143960.1,170714,13.6,139.7,806.0,1836191,1918.8,251.7,609.5,760.0,16265,0,1878798,1582374,0,0,0,0,0,0,0,0,0,0,0,0,96.0,0,0,321,259.8,14.9,34,42.1,0,139.7,,52442,0,429.8,893.7
1173,young,10285,24,6,5858,0,9,1,1,438,2197,277,1671,3753718,144031.7,143435,11.2,150.9,806.0,1837822,1920.2,251.8,610.0,760.6,16265,0,1880498,1583905,0,0,0,0,0,0,0,0,0,0,0,0,96.0,0,0,321,211.0,14.9,34,42.1,0,150.9,,52481,0,430.1,894.5
1174,full-cycle,25382,29,1634,0,0,0,1,0,713,3991,215,725,3756096,144132.6,580820,62.2,62.2,806.0,1840537,1922.0,251.9,610.9,761.1,16273,0,1883261,1586516,1663,16378,5569,487772,17,804,27,0,0,0,1765,0,108.0,1,0,314,539.2,1.9,34,46.5,0,64.0,promoted,52558,0,430.7,895.7
1175,young,6803,30,5,2771,0,9,2,0,216,3058,261,617,3766738,144675.4,168187,15.5,77.7,806.0,1841354,1922.5,251.9,611.1,761.2,16308,0,1884117,1587215,0,0,0,0,0,0,0,0,0,0,0,0,108.0,0,1,314,496.3,1.9,34,43.8,0,77.7,,52594,0,431.0,896.2
1176,young,13714,34,7,8758,0,8,1,0,266,2915,238,1672,3767188,144693.8,244855,18.6,96.3,806.0,1842946,1923.3,252.0,611.5,761.3,16308,0,1885777,1588829,0,0,0,0,0,0,0,0,0,0,0,0,108.0,0,0,315,425.2,1.9,34,43.8,0,96.3,,52630,0,431.3,897.0
1177,young,13903,26,7,5418,0,9,1,1,292,6428,248,1625,3767529,144710.2,246592,19.5,115.8,806.0,1844348,1924.2,252.0,611.9,761.5,16317,0,1887233,1590220,0,0,0,0,0,0,0,0,0,0,0,0,108.0,0,0,315,352.4,1.9,34,43.2,0,115.8,,52666,0,431.7,897.8
1178,young,16052,30,8,5784,0,10,1,1,370,7473,268,2292,3768276,144742.7,314082,25.5,141.3,806.0,1845678,1925.1,252.1,612.3,761.8,16328,0,1888635,1591537,0,0,0,0,0,0,0,0,0,0,0,0,108.0,0,0,315,260.6,1.9,34,42.4,0,141.3,,52710,0,432.0,898.4
1179,full-cycle,29804,31,5608,0,0,0,2,1,464,662,213,477,3769124,144775.0,505802,55.6,55.6,806.0,1847829,1926.5,252.1,613.0,762.2,16329,0,1890841,1593640,5639,15215,7304,484735,18,5450,690,0,0,0,1636,0,126.0,1,0,305,532.8,1.9,34,47.1,0,64.0,promoted,52795,0,432.5,899.4
1180,young,6341,33,7,710,0,10,1,0,269,4716,247,540,3778710,145278.0,123663,13.8,69.4,806.0,1848595,1927.0,252.2,613.2,762.3,16374,0,1891684,1594300,0,0,0,0,0,0,0,0,0,0,0,0,126.0,0,0,306,487.0,1.9,34,43.6,0,69.4,,52842,0,432.7,899.9
1181,young,10806,28,6,5602,0,8,2,0,247,3460,246,1336,3779046,145292.4,198253,15.5,84.9,806.0,1849731,1927.7,252.2,613.6,762.5,16374,0,1892888,1595439,0,0,0,0,0,0,0,0,0,0,0,0,126.0,0,0,306,425.5,1.9,34,43.6,0,84.9,,52887,0,433.0,900.4
1182,young,12418,19,4,7584,0,8,1,0,294,2772,245,1643,3779407,145307.3,227311,17.9,102.7,806.0,1851176,1928.6,252.2,614.0,762.7,16374,0,1894406,1596864,0,0,0,0,0,0,0,0,0,0,0,1,126.0,0,0,306,359.5,1.9,34,43.6,0,102.7,,52934,0,433.3,901.1
1183,young,8767,24,7,4463,0,9,1,0,283,2548,267,1383,3780083,145334.5,168782,12.3,115.0,806.0,1852132,1929.3,252.3,614.3,762.9,16374,0,1895398,1597818,0,0,0,0,0,0,0,0,0,0,0,1,126.0,0,0,306,316.1,1.9,34,43.6,0,115.0,,52972,0,433.5,901.5
1184,young,12025,57,6,2998,0,11,1,0,359,6562,263,1949,3781286,145400.9,215982,17.0,132.0,806.0,1853285,1930.0,252.3,614.6,763.0,16378,0,1896604,1598994,0,0,0,0,0,0,0,0,0,0,0,0,126.0,0,0,306,245.0,1.9,34,43.4,0,132.0,,53008,0,433.7,902.1
1185,full-cycle,34100,49,2059,0,0,0,2,1,768,3684,237,785,3783331,145466.5,639486,66.7,66.7,806.0,1855817,1932.3,252.4,615.5,764.1,16407,0,1899224,1601210,2108,18182,10803,446727,19,407,5903,0,0,0,2988,0,128.0,1,17,287,490.3,1.9,34,44.9,0,66.7,promoted,53102,0,434.3,903.2
1186,young,12994,72,5,8195,0,8,1,1,235,3508,244,877,3791523,145725.0,184347,16.6,83.3,806.0,1856490,1934.5,252.4,615.7,765.8,16419,0,1899902,1601218,0,0,0,0,0,0,0,0,0,0,0,1,128.0,0,1,304,460.2,1.9,34,43.9,0,83.3,,53107,0,434.5,903.6
1187,young,13124,31,7,3642,0,11,1,1,291,6997,239,2054,3797848,145929.6,231887,17.8,101.0,806.0,1858231,1936.4,252.5,616.3,766.9,16421,0,1901688,1602688,0,0,0,0,0,0,0,0,0,0,0,0,128.0,0,0,305,391.5,1.9,34,43.8,0,101.0,,53141,0,434.9,904.5
1188,young,17300,222,6,3859,0,11,1,1,403,9720,253,2933,3798917,145963.3,348209,27.6,128.6,806.0,1860365,1937.5,252.6,616.9,767.0,16425,0,1903871,1604844,0,0,0,0,0,0,0,0,0,0,0,0,128.0,0,0,305,293.7,1.9,34,43.6,0,128.6,,53174,0,435.3,905.5
1189,young,13555,31,6,8368,0,9,1,1,407,3005,265,1627,3801119,145973.6,192755,14.4,143.0,806.0,1861831,1938.4,252.6,617.3,767.1,16425,0,1905382,1606319,0,0,0,0,0,0,0,0,0,0,0,0,128.0,0,1,304,241.1,1.9,34,43.6,0,143.0,,53205,0,435.7,906.2
1190,full-cycle,39120,29,3801,0,0,0,2,0,838,4944,299,852,3804213,146089.5,740507,75.1,75.1,806.0,1864924,1941.4,252.8,618.4,768.4,16485,0,1908315,1609042,3830,23856,7444,614871,17,1490,135,0,0,0,3974,0,84.0,2,23,302,499.4,3.7,34,43.9,0,75.1,promoted,53311,0,436.4,907.7
1191,young,5754,98,6,1302,0,12,2,0,256,3511,275,495,3812326,146391.2,97553,9.8,84.9,806.0,1865390,1943.0,252.8,618.6,769.7,16492,0,1908795,1609078,0,0,0,0,0,0,0,0,0,0,0,0,84.0,0,0,327,497.4,3.7,34,43.4,0,84.9,,53318,0,436.5,907.9
1192,young,7659,22,6,4400,0,8,1,0,292,1722,258,1136,3818532,146611.7,128990,10.1,95.1,806.0,1867007,1945.0,252.8,619.1,771.0,16492,0,1910467,1610260,0,0,0,0,0,0,0,0,0,0,0,0,84.0,0,0,327,441.5,3.7,34,43.4,0,95.1,,53351,0,436.9,908.7
1193,young,10445,65,6,5172,0,9,2,1,311,3367,248,1405,3819660,146661.9,131070,10.0,105.0,806.0,1868928,1946.3,252.9,619.6,771.4,16492,0,1912436,1612078,0,0,0,0,0,0,0,0,0,0,0,0,84.0,0,0,327,388.5,3.7,34,43.4,0,105.0,,53382,0,437.3,909.6
1194,young,12332,23,7,4600,0,8,2,0,333,5056,257,2179,3820739,146710.2,221828,17.5,122.5,806.0,1870384,1947.3,253.0,620.0,771.8,16492,0,1913950,1613459,0,0,0,0,0,0,0,0,0,0,0,0,84.0,0,0,327,325.4,3.7,34,43.4,0,122.5,,53418,0,437.7,910.3
1195,young,14109,23,5,7126,0,11,1,1,408,3863,270,2589,3822150,146758.2,264292,20.5,143.0,806.0,1871863,1948.7,253.0,620.5,772.4,16492,0,1915503,1614789,0,0,0,0,0,0,0,0,0,0,0,0,84.0,0,0,327,249.4,3.7,34,43.4,0,143.0,,53453,0,438.0,911.1
1196,young,13758,26,7,6142,0,10,1,1,456,4166,279,2878,3823455,146811.4,225715,16.8,159.8,806.0,1873804,1950.0,253.1,621.1,772.8,16492,0,1917479,1616655,0,0,0,0,0,0,0,0,0,0,0,0,84.0,0,0,327,184.3,3.7,34,43.4,0,159.8,,53483,0,438.5,912.0
1197,full-cycle,32912,30,3781,0,0,0,2,1,740,2040,267,752,3825969,146918.3,600348,61.9,61.9,806.0,1876367,1952.8,253.2,622.0,774.2,16521,0,1919763,1618772,3810,18477,7626,501370,22,1620,3186,0,0,0,2976,0,60.0,3,17,319,556.2,5.6,34,46.0,0,64.0,promoted,53574,0,439.1,913.3
1198,young,10403,37,8,3007,0,9,2,0,227,6290,270,659,3837380,147427.3,205513,18.1,80.0,806.0,1876789,1954.4,253.2,622.1,775.5,16526,0,1920211,1618776,0,0,0,0,0,0,0,0,0,0,0,1,58.0,0,0,339,529.1,5.6,34,45.6,0,80.0,,53583,0,439.2,913.5
1199,young,9177,28,5,2989,0,8,2,0,255,4450,263,1342,3839341,147504.5,222608,17.0,97.0,806.0,1877732,1955.7,253.3,622.5,776.3,16526,0,1921210,1619535,0,0,0,0,0,0,0,0,0,0,0,0,60.0,0,0,339,465.3,5.6,34,45.6,0,97.0,,53616,0,439.4,913.9
1200,young,8308,22,5,3236,0,7,1,0,294,2959,261,1689,3840055,147532.9,171098,13.2,110.1,806.0,1879082,1956.5,253.3,622.9,776.4,16526,0,1922605,1620878,0,0,0,0,0,0,0,0,0,0,0,0,60.0,0,0,339,408.2,5.6,34,45.6,0,110.1,,53649,0,439.7,914.5
1201,young,14581,28,8,5507,0,9,1,0,358,6180,267,2400,3841268,147582.2,305906,26.1,136.3,806.0,1880393,1957.5,253.4,623.3,776.7,16554,0,1923994,1622160,0,0,0,0,0,0,0,0,0,0,0,0,60.0,0,0,339,313.1,5.6,34,43.8,0,136.3,,53696,0,440.0,915.3
1202,full-cycle,41119,31,6407,0,0,0,1,1,728,2290,276,741,3842878,147631.8,688877,70.6,70.6,806.0,1883648,1960.3,253.5,624.3,778.0,16601,0,1927373,1625072,6438,14304,16802,462414,28,5702,8036,0,0,0,3490,0,68.0,6,23,306,519.8,11.1,34,43.9,0,70.6,promoted,53815,0,440.7,916.7
1203,young,12660,66,8,7608,0,12,2,0,250,3952,257,683,3848467,147801.3,233548,21.4,92.1,806.0,1884167,1962.0,253.5,624.5,779.4,16607,0,1927896,1625116,0,0,0,0,0,0,0,0,0,0,0,0,68.0,0,0,335,490.9,11.1,34,43.4,0,92.1,,53818,0,440.9,917.0
1204,young,15142,38,6,6975,0,9,2,1,314,6158,250,1517,3857142,148126.6,317366,24.9,116.9,806.0,1885277,1964.1,253.6,624.9,780.8,16609,0,1929083,1625840,0,0,0,0,0,0,0,0,0,0,0,0,68.0,0,0,335,407.9,11.1,34,43.2,0,116.9,,53866,0,441.2,917.5
1205,young,12559,27,7,4965,0,9,2,0,336,4906,268,2208,3860171,148149.0,189141,14.2,131.1,806.0,1887017,1965.5,253.6,625.5,781.1,16611,0,1930884,1627544,0,0,0,0,0,0,0,0,0,0,0,0,68.0,0,0,335,352.5,11.1,34,43.1,0,131.1,,53908,0,441.5,918.3
1206,young,12341,25,9,4218,0,8,2,1,406,5625,273,1963,3861957,148217.3,201476,15.4,146.5,806.0,1888227,1966.9,253.7,625.9,781.9,16611,0,1932158,1628581,0,0,0,0,0,0,0,0,0,0,0,0,68.0,0,0,335,293.3,11.1,34,43.1,0,146.5,,53953,0,441.8,918.8
1207,full-cycle,27157,23,3134,0,0,0,1,0,723,1609,183,736,3864535,148308.2,552248,59.8,59.8,804.0,1891317,1969.4,253.8,626.8,782.9,16639,0,1935332,1631043,3156,17928,2984,516297,23,579,29,0,0,0,2236,848,128.0,1,29,274,507.7,1.9,34,44.9,0,64.0,promoted,54043,0,442.5,920.4
1208,young,16017,65,4,7926,0,10,2,1,216,5508,243,2203,3870738,148491.7,260367,22.5,82.3,804.0,1892665,1971.3,253.8,627.3,784.1,16644,0,1936688,1631452,0,0,0,0,0,0,0,0,0,0,0,0,128.0,0,0,304,458.7,1.9,34,44.5,0,82.3,,54049,0,442.9,921.1
1209,young,11808,23,6,5454,0,14,3,0,260,5164,240,793,3879948,148811.5,194844,15.1,97.3,804.0,1893715,1974.5,253.9,627.8,786.5,16651,0,1937798,1631826,0,0,0,0,0,0,0,0,0,0,0,0,128.0,0,0,304,405.4,1.9,34,44.0,0,97.3,,54090,0,443.1,921.6
1210,young,16064,34,6,7070,0,11,1,1,353,6965,251,1526,3881957,148882.5,294918,22.9,120.3,804.0,1894631,1975.8,253.9,628.1,787.3,16654,0,1938778,1632542,0,0,0,0,0,0,0,0,0,0,0,0,128.0,0,0,304,324.2,1.9,34,43.8,0,120.3,,54131,0,443.4,922.1
1211,young,15575,29,8,6077,0,11,2,1,386,7215,271,1754,3882622,148908.6,234063,19.2,139.5,804.0,1895801,1976.5,254.0,628.4,787.4,16665,0,1940034,1633770,0,0,0,0,0,0,0,0,0,0,0,0,128.0,0,0,304,249.8,1.9,34,43.1,0,139.5,,54175,0,443.6,922.6
