gc,kind,pause_us,suspend_us,fixctx_us,roots_us,freach_us,handles_us,dep_us,after_us,weak_us,cards_us,card_regions,sweep_us,zero_us,zero_mb,marked_n,marked_mb,live_mb,committed_mb,win_n,win_ms,wait_ms,carve_ms,wzero_ms,blk_n,span_n,hole_n,clean_n,pause_a_us,window_us,pause_b_us,window_marked_n,bsusp_us,rescan_us,drain2_us,predrain_us,predrain_cards,predrain_passes,csweep_us,trim_us,pool_mb,bfresh_n,breo_n,bold_n,holes_mb,tail_mb,cls_n,clsfree_mb,spanreg_n,budget_mb,reason,cold_n,fitdisc_n,disc_mb,req_mb
0,young,8344,18,4,6153,0,718,1,0,291,2,0,1071,0,0.0,229833,15.7,15.7,98.0,506,0.6,0.0,0.5,0.0,11,0,0,506,0,0,0,0,0,0,0,0,0,0,0,0,2.0,0,0,43,9.9,22.7,5,9.2,0,64.0,,38,0,0.2,0.4
1,young,14355,16,3,8700,0,887,1,1,310,3320,43,1055,784,9.9,205689,23.5,39.1,150.0,963,1.2,0.1,0.9,0.1,140,0,96,944,0,0,0,0,0,0,0,0,0,0,0,0,0.0,0,2,60,9.4,14.5,13,17.1,0,64.0,,75,0,0.4,0.8
2,young,13129,53,5,6021,0,52,1,0,255,5183,49,1526,1239,19.3,187091,17.3,56.4,206.0,1475,2.1,0.1,1.4,0.4,198,0,202,1372,0,0,0,0,0,0,0,0,0,0,0,0,0.0,0,2,87,10.4,17.4,14,15.6,0,128.0,,109,0,0.5,1.0
3,full-cycle,39300,63,5730,0,0,0,2,1,667,4274,132,694,1609,29.8,580900,60.0,60.0,354.0,2731,4.2,0.3,2.8,0.6,312,0,293,2577,5793,24044,7780,523331,15,2759,35,0,0,0,1672,0,0.0,1,0,160,230.5,1.9,16,13.0,0,128.0,starved,162,0,0.8,1.6
4,young,14691,42,4,6015,0,7,1,0,418,6987,142,1184,8402,260.4,212592,19.3,79.3,358.0,4843,5.4,0.4,3.3,0.9,346,0,2456,4583,0,0,0,0,0,0,0,0,0,0,0,1,0.0,0,1,160,165.9,1.9,18,14.3,0,207.3,,195,0,1.3,2.6
5,full-cycle,39046,52,4374,0,0,0,1,1,838,3455,153,868,10314,335.2,598558,61.1,61.1,454.0,9352,9.7,0.6,6.2,1.5,375,0,6323,8929,4426,21991,10042,500312,37,4711,965,0,0,0,2505,0,18.0,11,14,174,275.8,20.4,19,17.1,0,192.0,starved,281,0,2.4,4.8
6,young,11555,164,4,4822,0,8,1,1,620,5059,171,822,19724,630.9,176827,18.5,79.6,454.0,11756,14.2,0.7,6.9,4.8,425,0,8742,10063,0,0,0,0,0,0,0,0,0,0,0,0,18.0,0,1,198,220.4,20.4,19,13.9,0,207.6,,292,0,3.0,6.0
7,full-cycle,39134,196,6887,0,0,0,1,0,810,2157,160,824,23240,781.6,546199,58.8,58.8,458.0,16340,17.5,0.9,8.4,5.9,475,0,13180,14286,7083,19767,10036,447394,21,3772,3257,0,0,0,2223,0,6.0,5,16,186,311.4,9.2,19,15.2,0,192.0,starved,393,0,4.2,8.5
8,young,23284,87,6,12388,0,10,2,1,681,8510,186,1577,30822,1090.4,361655,32.6,91.4,458.0,18882,21.1,1.0,9.1,8.3,511,0,15729,15375,0,0,0,0,0,0,0,0,0,0,0,0,6.0,0,0,207,207.1,9.2,19,12.9,0,283.4,,402,0,4.8,9.6
9,full-cycle,37444,62,9915,0,0,0,2,1,984,1261,142,1010,32730,1188.2,575524,59.5,59.5,558.0,23739,24.9,1.3,11.0,9.2,517,0,19790,19941,9977,20778,4811,556581,12,2501,22,0,0,0,1866,0,50.0,0,1,234,381.3,0.0,19,19.0,0,256.0,starved,460,0,5.9,11.9
10,young,14589,63,4,7543,0,6,2,0,813,4447,226,1634,43845,1621.3,221574,20.4,79.9,558.0,27411,28.6,1.4,12.2,10.1,555,0,23515,23410,0,0,0,0,0,0,0,0,0,0,0,0,50.0,0,0,235,307.8,0.0,19,16.1,0,271.9,,496,0,6.7,13.6
11,young,17214,54,7,6500,0,8,1,1,791,6922,225,2862,48858,1807.8,261398,21.6,101.4,558.0,31614,30.8,1.5,13.4,10.3,566,0,27788,27645,0,0,0,0,0,0,0,0,0,0,0,0,50.0,0,0,235,213.4,0.0,19,15.3,0,293.4,,540,0,7.7,15.7
12,full-cycle,45739,90,7675,0,0,0,2,1,1136,2356,193,1163,54178,2005.4,622753,66.0,66.0,670.0,34758,127.2,82.1,27.1,11.9,617,0,29804,30232,7765,20040,14852,471961,58,6132,5139,0,0,0,2996,0,54.0,9,13,267,450.0,16.5,19,14.1,0,258.0,starved,646,0,8.4,17.1
13,young,17374,106,4,8567,0,16,1,1,829,6928,233,843,66610,2512.9,191181,17.8,83.8,670.0,37726,130.8,82.2,27.9,14.2,629,0,32797,31955,0,0,0,0,0,0,0,0,0,0,0,0,54.0,0,0,289,391.1,16.5,19,13.3,0,275.8,,652,0,9.2,18.6
14,young,20474,30,6,11307,0,9,1,1,883,6136,226,2013,70836,2699.6,207273,17.0,100.8,670.0,41449,133.0,82.3,29.0,14.6,636,0,36573,35598,0,0,0,0,0,0,0,0,0,0,0,1,54.0,0,0,289,299.8,16.5,19,12.8,0,292.8,,691,0,10.0,20.4
15,full-cycle,49650,62,5484,0,0,0,1,1,1286,4386,212,1316,76327,2925.6,625137,64.9,64.9,684.0,46308,136.9,82.6,30.5,15.9,673,0,40908,40015,5546,24810,16269,497796,38,8926,1595,0,0,0,2928,0,44.0,8,13,280,475.2,14.9,19,15.7,0,256.9,starved,800,0,11.2,23.0
16,young,22285,176,6,11648,0,13,2,1,971,7874,233,1538,92016,3449.9,186194,18.4,83.3,684.0,49670,141.2,82.7,31.5,18.7,714,0,44282,42041,0,0,0,0,0,0,0,0,0,0,0,1,46.0,0,0,300,413.9,13.0,19,13.1,0,275.3,,808,0,12.0,24.6
17,young,21597,55,7,10373,0,12,1,1,921,8125,246,2016,96953,3633.0,226143,18.7,102.0,684.0,52565,144.2,82.8,32.9,19.6,727,0,47234,44642,0,0,0,0,0,0,0,0,0,0,0,0,46.0,0,2,298,330.1,13.0,19,12.3,0,294.0,,844,0,12.6,25.8
18,full-cycle,49793,37,6163,0,0,0,1,1,1185,3715,187,1197,103126,3886.7,631996,65.0,65.0,684.0,58532,149.3,83.0,34.6,21.9,772,0,52979,49724,6200,22468,12342,504257,34,5371,2018,0,0,0,8706,1,68.0,8,28,253,423.0,14.5,19,14.7,0,257.0,starved,947,0,13.9,28.6
19,young,22107,108,4,12468,0,12,1,1,828,6723,237,1879,115550,4366.4,307226,30.3,95.4,684.0,61194,153.3,83.1,35.7,24.2,831,0,55653,51140,0,0,0,0,0,0,0,0,0,0,0,0,70.0,0,0,288,360.9,12.6,19,11.2,0,287.4,,954,0,14.5,29.9
20,young,17735,100,6,6835,0,13,1,1,883,7181,256,2632,122413,4529.2,199971,15.9,111.2,684.0,65228,155.7,83.3,36.9,24.6,833,0,59747,55126,0,0,0,0,0,0,0,0,0,0,0,0,70.0,0,0,288,287.5,12.6,19,11.0,0,303.2,,998,0,15.4,31.8
21,full-cycle,48693,68,6926,0,0,0,2,1,1263,2614,209,1286,128465,4780.0,635092,65.9,65.9,704.0,69183,160.0,83.5,38.3,26.7,862,0,63026,58424,6993,21514,17130,482384,49,7935,5239,0,0,0,2966,0,34.0,10,15,291,498.9,18.4,19,15.3,0,257.9,starved,1089,0,16.3,33.6
22,young,15397,106,6,7406,0,11,1,1,812,5410,239,1559,144723,5313.7,194393,18.8,84.7,704.0,72988,165.1,83.8,39.4,29.8,875,0,66850,60065,0,0,0,0,0,0,0,0,0,0,0,1,34.0,0,0,316,428.0,18.4,19,14.3,0,276.7,,1103,0,17.2,35.4
23,young,23066,119,56,11660,0,11,1,0,872,7900,243,2338,148567,5485.4,260004,22.4,107.1,704.0,76204,167.7,83.9,40.4,30.8,913,0,70150,63010,0,0,0,0,0,0,0,0,0,0,0,1,34.0,0,0,316,332.4,18.4,19,11.8,0,299.1,,1154,0,18.0,37.0
24,full-cycle,44288,42,8234,0,0,0,1,1,1125,2668,193,1138,153718,5692.3,519305,58.7,58.7,704.0,80342,170.9,84.0,41.7,31.8,935,0,74278,66830,8277,19255,14174,449238,26,9462,874,0,0,0,2489,0,66.0,6,14,280,498.2,11.1,19,13.8,0,256.0,starved,1249,0,18.9,38.8
25,young,13260,35,7,6607,0,10,1,1,802,5031,239,682,167697,6237.7,182402,18.1,76.8,704.0,83133,175.1,84.1,42.5,34.7,967,0,77079,68477,0,0,0,0,0,0,0,0,0,0,0,0,68.0,0,3,296,436.7,9.2,19,11.8,0,268.8,,1255,0,19.6,40.2
26,young,25548,26,8,12277,0,10,1,0,884,10018,250,2216,172002,6427.4,306437,25.9,102.7,704.0,85543,176.9,84.2,43.3,35.1,992,0,79559,70838,0,0,0,0,0,0,0,0,0,0,0,0,66.0,0,0,299,337.0,9.2,20,12.1,0,294.7,,1296,0,20.1,41.3
27,young,16902,39,6,6667,0,11,2,0,926,6406,289,2762,176464,6606.9,172654,13.5,116.2,704.0,89855,180.1,84.4,44.5,36.2,992,0,83926,74941,0,0,0,0,0,0,0,0,0,0,0,0,66.0,0,0,299,260.0,9.2,20,12.1,0,308.2,,1335,0,21.0,43.1
28,full-cycle,42749,109,9631,0,0,0,2,0,1224,2651,193,1252,182839,6858.0,562158,60.5,60.5,752.0,93577,183.8,84.6,46.0,37.6,1025,0,86835,78174,9740,21778,8369,526736,19,4344,96,0,0,0,2841,0,76.0,3,14,301,530.5,5.6,20,16.8,0,256.0,starved,1448,0,21.9,44.9
29,young,20230,157,6,12600,0,10,2,1,914,5394,243,1071,198937,7454.7,323674,28.1,88.6,752.0,96444,187.9,84.7,46.8,40.3,1030,0,89699,79830,0,0,0,0,0,0,0,0,0,0,0,0,76.0,0,0,318,442.1,5.6,20,16.4,0,280.6,,1454,0,22.6,46.3
30,young,13890,104,7,7489,0,8,1,1,796,3011,254,2384,202648,7611.2,145750,13.8,102.4,752.0,100866,191.0,84.9,48.0,41.4,1073,0,94188,83934,0,0,0,0,0,0,0,0,0,0,0,0,76.0,0,0,318,359.0,5.6,20,13.8,0,294.4,,1493,0,23.6,48.4
31,young,18202,36,7,10974,0,12,2,1,895,3250,287,2927,207158,7822.1,165834,13.6,116.0,752.0,103862,192.8,85.0,49.0,41.6,1079,0,97238,86971,0,0,0,0,0,0,0,0,0,0,0,0,76.0,0,0,318,301.4,5.6,20,13.4,0,308.0,,1535,0,24.3,49.8
32,full-cycle,47516,64,5222,0,0,0,1,1,1313,3644,214,1345,215902,8104.5,653536,67.1,67.1,780.0,107430,197.5,85.2,50.7,43.2,1112,0,100091,89945,5286,22324,16050,472840,62,5576,5416,0,0,0,3761,0,82.0,10,16,303,518.0,18.7,20,17.0,0,259.1,starved,1636,0,25.1,51.4
33,young,19162,59,6,10369,0,10,2,0,723,7041,262,854,229584,8687.7,218015,21.2,88.3,780.0,110199,201.5,85.3,51.5,45.9,1134,0,102879,91556,0,0,0,0,0,0,0,0,0,0,0,0,82.0,0,1,328,461.5,18.7,20,15.4,0,280.3,,1652,0,25.8,52.8
34,young,17757,37,7,7911,0,9,1,1,814,6327,242,2543,233913,8875.6,246021,20.5,108.8,780.0,114681,204.4,85.5,52.7,46.7,1150,0,107433,95867,0,0,0,0,0,0,0,0,0,0,0,0,82.0,0,0,329,359.3,18.7,20,14.3,0,300.8,,1702,0,26.8,54.9
35,young,28431,32,8,13809,0,10,1,1,960,10701,282,2831,239871,9065.8,338166,27.4,136.2,780.0,118057,207.4,85.6,53.8,47.9,1150,0,110890,98863,0,0,0,0,0,0,0,0,0,0,0,0,82.0,0,0,329,247.5,18.7,20,14.3,0,328.2,,1753,0,27.6,56.5
36,full-cycle,36655,39,5290,0,0,0,1,0,1226,2571,197,1285,245621,9314.8,548429,59.8,59.8,832.0,121592,211.5,85.9,55.3,49.6,1162,0,113383,101777,5330,21163,7807,480453,18,3163,763,0,0,0,2342,0,148.0,2,15,305,544.1,3.7,20,17.7,0,256.0,promoted,1848,0,28.4,58.2
37,young,23132,34,6,11089,0,16,1,0,756,10105,252,1024,267048,9926.3,309876,27.5,87.3,832.0,124338,218.3,86.0,56.1,55.0,1183,0,116139,103318,0,0,0,0,0,0,0,0,0,0,0,1,148.0,0,1,321,451.2,3.7,20,16.1,0,279.3,,1855,0,29.0,59.5
38,young,15611,75,6,7758,0,9,2,0,843,4777,247,2084,270445,10081.9,184173,14.2,101.5,832.0,127826,220.8,86.1,57.1,55.8,1184,0,119667,106570,0,0,0,0,0,0,0,0,0,0,0,0,148.0,0,0,322,385.1,3.7,20,16.1,0,293.5,,1886,0,29.9,61.3
39,young,18602,47,6,8892,0,26,1,1,939,5442,291,3169,275716,10310.5,234672,18.4,120.0,832.0,130990,223.4,86.2,58.1,56.8,1184,0,122890,109462,0,0,0,0,0,0,0,0,0,0,0,0,148.0,0,0,322,306.9,3.7,20,16.1,0,312.0,,1921,0,30.6,62.8
40,young,17364,43,8,8574,0,9,1,0,1030,4027,309,3573,281020,10542.3,192721,16.9,136.9,832.0,134810,226.2,86.4,59.2,57.7,1209,0,126579,112996,0,0,0,0,0,0,0,0,0,0,0,0,120.0,0,0,336,242.6,15.7,20,14.4,0,328.9,,1962,0,31.5,64.5
41,full-cycle,53647,34,5102,0,0,0,2,1,1467,3710,240,1501,290065,10883.0,599816,63.3,63.3,878.0,138451,231.3,86.7,60.8,60.2,1240,0,128963,115683,5135,22668,21757,464023,26,12659,3853,0,0,0,3965,0,108.0,6,17,342,604.2,10.9,20,16.9,0,256.0,promoted,2083,0,32.4,66.2
42,young,19595,30,7,13672,0,8,2,1,792,3986,255,1016,306565,11557.0,290054,30.2,93.6,878.0,141296,235.3,86.8,61.7,62.9,1323,0,131834,117121,0,0,0,0,0,0,0,0,0,0,0,0,110.0,0,0,364,531.5,9.0,20,11.7,0,285.6,,2094,0,33.1,67.6
43,young,16828,39,6,9626,0,12,1,1,863,4383,250,1802,310341,11721.3,139513,10.7,104.2,878.0,144866,237.9,86.9,62.6,63.8,1323,0,135441,120448,0,0,0,0,0,0,0,0,0,0,0,0,110.0,0,3,361,471.7,9.0,20,11.7,0,296.2,,2124,0,33.9,69.3
44,young,18405,63,6,12733,0,9,1,0,967,2302,275,2242,316456,11959.5,189542,15.5,119.7,878.0,147504,240.9,87.0,63.5,65.3,1323,0,138129,122610,0,0,0,0,0,0,0,0,0,0,0,0,110.0,0,0,364,410.6,9.0,20,11.7,0,311.7,,2158,0,34.5,70.5
45,young,25141,58,5,15223,0,10,1,0,1027,4370,309,4368,322412,12208.5,276589,21.8,141.6,878.0,151335,244.2,87.1,64.8,66.5,1323,0,142030,126113,0,0,0,0,0,0,0,0,0,0,0,0,110.0,0,0,364,326.5,9.0,20,11.7,0,333.6,,2199,0,35.4,72.3
46,full-cycle,35646,62,6415,0,0,0,2,0,1387,3102,212,1402,329756,12471.8,617875,65.5,65.5,878.0,155177,247.5,87.3,66.2,67.5,1360,0,145429,129631,6478,20933,5632,555969,17,1041,65,0,0,0,2590,0,184.0,2,15,310,541.6,3.7,20,16.6,0,257.5,promoted,2295,0,36.3,74.1
47,young,16719,48,6,11794,0,23,2,0,788,2814,263,1158,347934,13080.3,223005,21.7,87.2,878.0,158357,252.0,87.4,67.1,70.5,1386,0,148642,131315,0,0,0,0,0,0,0,0,0,0,0,0,184.0,0,0,327,474.9,3.7,20,14.7,0,279.2,,2313,0,37.1,75.8
48,young,21324,62,8,10369,0,8,2,1,768,7712,267,2317,351864,13263.6,242278,19.4,106.7,878.0,161863,254.3,87.6,68.4,70.9,1392,0,152214,134781,0,0,0,0,0,0,0,0,0,0,0,0,184.0,0,1,326,395.6,3.7,20,14.3,0,298.7,,2361,0,37.9,77.4
49,young,18397,59,7,8374,0,8,1,1,904,5950,287,3014,356676,13477.7,228999,18.6,125.3,878.0,165577,256.8,87.7,69.5,71.5,1402,0,156006,138378,0,0,0,0,0,0,0,0,0,0,0,0,184.0,0,0,327,310.4,3.7,20,13.7,0,317.3,,2404,0,38.7,79.1
50,young,24339,510,4,11191,0,10,2,1,1036,8513,301,2962,362101,13710.4,278907,22.4,147.7,878.0,168701,259.5,87.8,70.5,72.4,1406,0,158966,141202,0,0,0,0,0,0,0,0,0,0,0,0,154.0,0,0,342,235.0,13.7,20,13.4,0,339.7,,2435,0,39.5,80.6
51,full-cycle,45492,39,7213,0,0,0,1,0,1330,3348,218,1358,377335,14106.1,599853,64.9,64.9,892.0,172847,330.5,143.0,80.3,77.8,1462,0,161827,143643,7252,18614,8598,515179,33,3598,253,0,0,0,10953,0,120.0,7,38,320,572.1,12.2,21,16.3,0,256.9,promoted,2547,0,40.4,82.7
52,young,11731,23,6,6643,0,9,1,0,768,2961,264,1248,394814,14745.8,199107,19.1,84.0,892.0,175672,334.1,143.1,81.1,80.1,1473,0,164684,145137,0,0,0,0,0,0,0,0,0,0,0,0,120.0,0,0,365,546.1,12.2,21,15.6,0,276.0,,2552,0,41.1,84.0
53,young,23910,101,5,10977,0,10,1,1,902,10190,250,1645,398665,14927.2,303647,26.1,110.1,892.0,178732,336.3,143.2,82.1,80.7,1502,0,167802,148029,0,0,0,0,0,0,0,0,0,0,0,0,120.0,0,0,365,443.8,12.2,21,13.8,0,302.1,,2601,0,41.9,85.5
54,young,10103,55,5,2548,0,9,2,0,893,4328,298,2165,402898,15113.5,138076,10.6,120.7,892.0,181387,338.6,143.3,82.9,81.5,1502,0,170519,150509,0,0,0,0,0,0,0,0,0,0,0,0,120.0,0,0,365,400.3,12.2,21,13.8,0,312.7,,2642,0,42.5,86.8
55,young,22964,36,8,12619,0,20,2,1,1358,4258,321,4534,409159,15379.3,255839,20.6,141.3,892.0,184331,341.4,143.4,84.0,82.6,1504,0,173540,153173,0,0,0,0,0,0,0,0,0,0,0,0,120.0,0,0,365,322.5,12.2,21,13.6,0,333.3,,2695,0,43.1,88.1
56,full-cycle,43026,26,12189,0,0,0,1,0,1338,2423,219,1353,416773,15664.9,592463,64.5,64.5,892.0,188684,345.7,143.6,85.5,84.5,1538,0,177377,156881,12215,19401,7708,505164,17,1436,2471,0,0,0,3687,0,146.0,5,16,331,586.1,9.5,21,17.2,0,256.5,promoted,2807,0,44.0,90.1
57,young,17386,41,6,10708,0,12,1,0,809,4553,263,1141,433588,16318.9,241526,23.5,88.1,892.0,191427,350.1,143.7,86.3,87.3,1582,0,180151,158531,0,0,0,0,0,0,0,0,0,0,0,0,148.0,0,0,351,516.0,7.5,21,14.4,0,280.1,,2817,0,44.7,91.4
58,young,12306,97,8,6123,0,7,2,1,873,3099,257,1998,439487,16491.1,140817,12.1,100.2,892.0,194815,352.7,143.9,87.3,88.3,1594,0,183606,161640,0,0,0,0,0,0,0,0,0,0,0,1,148.0,0,3,348,448.4,7.5,21,13.6,0,292.2,,2864,0,45.5,93.0
59,young,20672,173,7,14127,0,9,2,1,954,2914,276,2386,444826,16722.2,260986,21.4,121.5,892.0,198380,354.9,144.0,88.3,88.7,1601,0,187231,165150,0,0,0,0,0,0,0,0,0,0,0,0,148.0,0,0,351,363.1,7.5,21,13.2,0,313.5,,2904,0,46.4,94.8
60,young,23765,98,4,14993,0,10,1,0,1081,4204,320,3305,449688,16941.0,286177,22.3,143.8,892.0,201694,357.4,144.1,89.4,89.4,1601,0,190599,168295,0,0,0,0,0,0,0,0,0,0,0,0,148.0,0,0,351,282.3,7.5,21,13.2,0,335.8,,2941,0,47.1,96.3
61,full-cycle,37416,99,8284,0,0,0,2,0,1332,3257,222,1349,457024,17253.2,553588,59.6,59.6,892.0,205367,361.9,144.3,90.7,91.6,1617,0,193370,171134,8383,18674,7541,462943,18,1760,1152,0,0,0,2805,0,172.0,2,14,323,575.0,3.7,21,20.1,0,256.0,promoted,3032,0,47.9,98.0
62,young,8949,30,6,2097,0,9,1,1,786,5125,273,820,473590,17894.1,192121,18.5,78.1,892.0,208274,366.2,144.5,91.6,94.4,1647,0,196306,172931,0,0,0,0,0,0,0,0,0,0,0,0,172.0,0,0,339,515.4,3.7,21,18.0,0,270.1,,3039,0,48.6,99.4
63,young,21428,35,7,9695,0,11,1,0,891,8216,245,2472,477505,18075.6,368727,29.3,107.4,892.0,212345,369.3,144.6,92.7,95.6,1655,0,200441,176674,0,0,0,0,0,0,0,0,0,0,0,1,172.0,0,1,338,383.5,3.7,21,17.4,0,299.4,,3081,0,49.6,101.3
64,young,23227,51,7,12878,0,9,2,1,920,6750,303,2517,481169,18231.0,295421,24.0,131.5,892.0,215459,371.5,144.7,93.7,96.2,1670,0,203616,179668,0,0,0,0,0,0,0,0,0,0,0,0,172.0,0,0,339,298.3,3.7,21,16.4,0,323.5,,3123,0,50.3,102.8
65,full-cycle,44316,39,9400,0,0,0,1,1,1207,1276,186,1223,487867,18463.3,530125,58.7,58.7,892.0,218633,374.3,144.9,94.8,97.1,1682,0,206335,182554,9439,17318,15322,497872,18,11880,918,0,0,0,2219,1,178.0,1,2,333,587.9,1.9,21,20.2,0,256.0,promoted,3209,0,51.1,104.3
66,young,22875,37,8,13804,0,11,2,1,882,7051,262,986,502767,19115.4,241998,23.9,82.6,892.0,221520,376.5,145.0,95.7,97.7,1733,0,209309,185119,0,0,0,0,0,0,0,0,0,0,0,0,178.0,0,0,336,502.3,1.9,21,16.2,0,274.6,,3262,0,51.8,105.9
67,young,17023,109,6,11712,0,11,1,0,833,2697,279,1557,506651,19286.4,130674,10.6,93.3,892.0,224151,378.1,145.1,96.6,97.8,1733,0,212004,187795,0,0,0,0,0,0,0,0,0,0,0,0,178.0,0,0,336,455.7,1.9,21,16.2,0,285.3,,3307,0,52.4,107.1
68,young,16662,100,5,9675,0,11,2,0,908,3738,286,2125,512670,19528.3,136063,10.4,103.6,892.0,226905,380.3,145.2,97.5,98.4,1733,0,214835,190424,0,0,0,0,0,0,0,0,0,0,0,0,178.0,0,0,336,413.2,1.9,21,16.2,0,295.6,,3351,0,53.0,108.4
69,young,18128,39,8,9834,0,11,2,0,956,4283,304,2900,518401,19786.6,170541,14.0,117.6,892.0,230275,383.3,145.5,99.0,99.0,1733,0,218261,193687,0,0,0,0,0,0,0,0,0,0,0,0,178.0,0,0,336,341.1,1.9,21,16.2,0,309.6,,3398,0,53.8,110.0
70,young,19563,101,7,11170,0,10,1,1,969,3838,317,3359,525418,20026.6,224924,18.1,135.7,892.0,233639,386.2,145.7,100.1,99.8,1733,0,221694,196879,0,0,0,0,0,0,0,0,0,0,0,0,178.0,0,0,336,260.1,1.9,21,16.2,0,327.7,,3439,0,54.6,111.7
71,full-cycle,35913,98,7981,0,0,0,2,0,1147,2574,190,1161,533310,20330.6,505772,56.2,56.2,892.0,236933,390.6,145.9,101.3,102.1,1763,0,224116,199365,8078,17891,7259,447930,21,3423,74,0,0,0,2665,0,150.0,7,15,328,596.8,13.1,21,18.2,0,256.0,promoted,3540,0,55.4,113.4
72,young,20407,39,6,9660,0,13,2,1,883,8655,261,1056,550802,20992.9,274279,27.1,83.3,892.0,239612,395.1,146.0,102.2,105.2,1815,0,226818,200938,0,0,0,0,0,0,0,0,0,0,0,1,152.0,0,0,349,516.9,11.1,21,15.1,0,275.3,,3546,0,56.1,114.9
73,young,17928,100,4,8379,0,10,1,1,893,6003,272,2441,554070,21156.6,252272,20.0,103.2,892.0,242348,397.1,146.1,103.0,105.8,1815,0,229602,203510,0,0,0,0,0,0,0,0,0,0,0,0,152.0,0,1,348,436.0,11.1,21,15.1,0,295.2,,3580,0,56.8,116.2
74,young,12086,31,8,2058,0,11,1,1,1010,6329,291,2572,559108,21366.3,182659,14.8,118.0,892.0,244919,399.6,146.2,103.9,106.8,1827,0,232229,205823,0,0,0,0,0,0,0,0,0,0,0,0,152.0,0,0,349,381.0,11.1,21,14.3,0,310.0,,3617,0,57.4,117.5
75,young,25057,40,7,13744,0,16,1,1,1074,7008,314,3079,565769,21623.9,284675,22.2,140.3,892.0,248767,402.6,146.3,105.1,107.8,1827,0,236110,209491,0,0,0,0,0,0,0,0,0,0,0,0,152.0,0,0,349,278.4,11.1,21,14.3,0,332.3,,3645,0,58.3,119.3
76,full-cycle,37855,36,7961,0,0,0,1,1,1298,2484,236,1314,573126,21923.7,603944,62.7,62.7,892.0,252772,408.0,146.5,106.6,110.7,1839,0,239197,212488,7997,19258,7962,496928,20,1897,2242,0,0,0,2622,0,100.0,2,16,357,631.2,3.7,21,21.1,0,256.0,promoted,3753,0,59.2,121.2
77,young,20346,61,5,10699,0,10,2,1,792,7617,264,1073,593084,22624.8,331724,32.7,95.4,892.0,255414,412.5,146.6,107.4,113.9,1925,0,241832,213947,0,0,0,0,0,0,0,0,0,0,0,0,100.0,0,0,375,549.2,3.7,21,15.3,0,287.4,,3761,0,59.8,122.5
78,young,19397,109,8,7765,0,13,2,0,910,8234,282,2271,598160,22773.5,285246,23.1,118.5,892.0,259078,415.6,146.8,108.5,115.2,1937,0,245561,217228,0,0,0,0,0,0,0,0,0,0,0,0,100.0,0,0,375,449.8,3.7,21,14.6,0,310.5,,3803,0,60.6,124.2
79,young,12868,95,4,5566,0,9,2,0,935,3430,329,2778,602937,22976.0,160970,12.7,131.2,892.0,262547,418.5,146.9,109.6,116.3,1937,0,249082,220382,0,0,0,0,0,0,0,0,0,0,0,0,100.0,0,2,373,388.9,3.7,21,14.6,0,323.2,,3838,0,61.4,125.9
80,full-cycle,34455,64,3995,0,0,0,2,0,1564,5681,248,1580,608873,23251.5,609446,65.2,65.2,892.0,267106,422.3,147.1,110.9,117.8,1961,0,253641,224460,4058,19866,7620,480380,16,307,30,0,0,0,2890,0,162.0,1,15,327,576.4,1.9,22,20.7,0,257.2,promoted,3949,0,62.4,127.9
81,young,15640,40,6,8645,0,10,2,0,801,5325,291,711,629407,23894.8,189025,17.8,83.0,892.0,270000,427.0,147.2,111.9,121.0,1978,0,256561,225998,0,0,0,0,0,0,0,0,0,0,0,0,162.0,0,0,343,525.1,1.9,22,19.4,0,275.0,,3960,0,63.0,129.4
82,young,15301,16,25,7740,0,8,1,0,889,4120,252,2470,633809,24088.7,263793,21.4,104.4,892.0,273717,431.5,148.7,113.3,122.0,1986,0,260343,229415,0,0,0,0,0,0,0,0,0,0,0,0,162.0,0,0,343,429.9,1.9,22,18.9,0,296.4,,4003,0,63.9,131.2
83,young,15764,48,7,6520,0,10,2,0,904,5370,299,2809,638952,24281.4,193731,15.1,119.4,892.0,277104,434.2,148.8,114.3,122.9,1990,0,263795,232580,0,0,0,0,0,0,0,0,0,0,0,0,162.0,0,0,343,358.3,1.9,22,18.6,0,311.4,,4046,0,64.6,132.7
84,young,15826,38,8,3569,0,10,1,0,1035,7726,323,3342,647318,24519.8,224214,18.3,137.8,892.0,280251,440.1,148.9,115.4,127.1,1997,0,267014,235403,0,0,0,0,0,0,0,0,0,0,0,0,162.0,0,4,339,275.3,1.9,22,18.0,0,329.8,,4095,0,65.3,134.1
85,full-cycle,48167,108,10946,0,0,0,2,0,1322,4251,248,1337,654673,24805.6,592945,63.2,63.2,892.0,283910,444.8,149.3,116.7,129.4,2023,0,269751,238329,11054,20821,12741,491221,22,6218,907,0,0,0,3488,0,86.0,10,16,355,631.9,18.7,22,21.0,0,256.0,promoted,4194,0,66.1,135.8
86,young,15004,48,6,9008,0,9,1,1,832,3924,270,1082,671653,25501.8,190110,20.9,84.1,892.0,286731,449.2,149.4,117.6,132.2,2089,0,272592,239870,0,0,0,0,0,0,0,0,0,0,0,0,86.0,0,0,381,570.3,18.7,22,16.8,0,276.1,,4209,0,66.8,137.2
87,young,14472,23,7,9239,0,12,1,0,876,2072,284,2156,679939,25680.0,116416,9.5,93.7,892.0,290636,451.9,149.6,118.8,133.0,2093,0,276592,243635,0,0,0,0,0,0,0,0,0,0,0,0,86.0,0,0,381,509.4,18.7,22,16.4,0,285.7,,4255,0,67.8,139.2
88,young,16858,66,5,8894,0,8,1,1,860,4340,301,2593,692656,25905.9,198744,15.9,109.6,892.0,294156,455.2,149.7,120.0,134.3,2093,0,280180,246777,0,0,0,0,0,0,0,0,0,0,0,0,86.0,0,0,381,442.0,18.7,22,16.4,0,301.6,,4298,0,68.7,141.0
89,young,16784,36,9,4186,0,12,1,0,1020,8399,310,3042,701051,26139.0,276842,23.0,132.6,892.0,297090,457.6,149.9,121.0,135.1,2104,0,283169,249536,0,0,0,0,0,0,0,0,0,0,0,0,86.0,0,0,381,348.4,18.7,22,15.6,0,324.6,,4346,0,69.3,142.3
90,full-cycle,30360,23,5030,0,0,0,1,1,1286,4285,230,1301,707506,26387.2,594941,63.6,63.6,892.0,300607,461.6,150.0,122.5,136.8,2128,0,286489,252512,5053,15442,7042,475990,18,1362,70,0,0,0,2811,0,138.0,2,15,338,596.9,3.7,22,20.9,0,256.0,promoted,4437,0,70.2,144.1
91,young,13930,28,7,6512,0,8,1,0,717,5925,281,641,726180,27053.0,178150,17.0,80.6,892.0,303151,465.9,150.1,123.2,139.8,2142,0,289040,254107,0,0,0,0,0,0,0,0,0,0,0,0,140.0,0,0,354,555.7,1.9,22,20.0,0,272.6,,4442,0,70.8,145.4
92,young,20588,104,5,7021,0,11,2,1,861,9912,253,2581,730632,27251.3,286726,23.6,104.2,892.0,307320,468.5,150.2,124.4,140.5,2153,0,293270,258131,0,0,0,0,0,0,0,0,0,0,0,0,140.0,0,0,354,446.9,1.9,22,19.1,0,296.2,,4485,0,71.8,147.4
93,young,8770,27,7,3582,0,7,1,0,857,1820,311,2353,735293,27428.7,85256,7.8,112.0,892.0,310730,470.7,150.4,125.4,141.0,2170,0,296734,261465,0,0,0,0,0,0,0,0,0,0,0,0,140.0,0,0,354,401.8,1.9,22,18.0,0,304.0,,4523,0,72.5,149.0
94,young,11182,32,7,3911,0,8,1,0,860,4041,308,2225,742071,27692.9,138554,11.8,123.8,892.0,313447,484.8,161.1,127.2,142.1,2170,0,299518,263890,0,0,0,0,0,0,0,0,0,0,0,0,140.0,0,0,354,355.4,1.9,22,18.0,0,315.8,,4565,0,73.2,150.3
95,young,17070,31,5,6669,0,9,1,0,1039,6066,327,3130,748606,27964.7,200819,15.7,139.5,892.0,316305,487.3,161.2,128.1,143.1,2170,0,302435,266508,0,0,0,0,0,0,0,0,0,0,0,0,140.0,0,0,354,286.2,1.9,22,18.0,0,331.5,,4595,0,73.8,151.5
96,full-cycle,37806,34,6150,0,0,0,1,0,1207,3962,241,1222,760948,28267.7,520906,57.0,57.0,892.0,320032,492.0,161.5,129.6,145.4,2204,0,305293,269375,6184,17523,8903,444301,20,3573,121,0,0,0,5181,0,110.0,2,22,345,626.3,3.7,22,20.2,0,256.0,promoted,4692,0,74.7,153.4
97,young,20905,94,6,12310,0,13,1,1,864,6282,275,1291,776621,28958.7,351125,34.2,91.2,892.0,322479,495.9,161.5,130.4,148.1,2261,0,307748,270810,0,0,0,0,0,0,0,0,0,0,0,1,110.0,0,0,369,540.6,3.7,22,16.8,0,283.2,,4700,0,75.3,154.7
98,young,18607,22,7,6148,0,21,2,1,1078,7667,283,3523,780074,29101.1,237289,18.6,109.9,892.0,326545,498.4,161.7,131.6,148.7,2265,0,311883,274752,0,0,0,0,0,0,0,0,0,0,0,1,110.0,0,0,369,455.2,3.7,22,16.5,0,301.9,,4742,0,76.2,156.5
99,young,16885,106,3,7247,0,15,2,1,952,6069,308,2401,785605,29311.7,214622,16.4,126.3,892.0,329446,501.1,161.8,132.6,149.8,2266,0,314832,277397,0,0,0,0,0,0,0,0,0,0,0,0,110.0,0,0,369,390.0,3.7,22,16.4,0,318.3,,4775,0,76.8,157.8
100,full-cycle,33467,41,2869,0,0,0,1,1,1184,1930,210,1200,793317,29584.9,576813,61.1,61.1,892.0,332952,504.4,161.9,133.9,151.0,2299,0,318432,280528,2911,13751,13524,466020,101,6330,3957,0,0,0,3176,0,170.0,10,18,311,549.7,18.6,22,21.1,0,256.0,promoted,4876,0,77.6,159.6
101,young,8572,20,4,3088,0,9,1,0,810,3802,260,798,806962,30191.8,163366,16.3,77.4,892.0,335643,508.2,162.0,134.7,153.6,2308,0,321118,282134,0,0,0,0,0,0,0,0,0,0,0,0,172.0,0,0,338,510.6,16.7,22,20.4,0,269.4,,4882,0,78.3,161.0
102,young,17118,60,7,7822,1,11,2,1,799,6703,264,1629,810899,30393.3,253423,21.2,98.6,892.0,338172,509.9,162.1,135.6,153.9,2331,0,323727,284635,0,0,0,0,0,0,0,0,0,0,0,0,172.0,0,2,336,418.4,16.7,22,18.9,0,290.6,,4929,0,78.9,162.1
103,young,16919,32,6,9206,0,10,1,1,968,4067,293,2545,814858,30586.1,207208,16.5,115.1,892.0,342139,512.6,162.2,136.7,154.7,2331,0,327745,288380,0,0,0,0,0,0,0,0,0,0,0,0,172.0,0,0,338,338.4,16.7,22,18.9,0,307.1,,4962,0,79.8,164.0
104,young,20922,155,4,11305,0,10,1,1,957,4947,309,3436,820928,30812.7,284955,22.5,137.6,892.0,345416,515.3,162.3,137.7,155.7,2331,0,331077,291404,0,0,0,0,0,0,0,0,0,0,0,0,172.0,0,0,338,245.9,16.7,22,18.9,0,329.6,,4995,0,80.5,165.5
105,full-cycle,50636,116,7426,0,0,0,2,1,1393,4673,270,1417,831352,31144.9,636468,66.6,66.6,898.0,349601,521.5,162.6,139.3,159.4,2368,0,333848,294221,7542,19725,15645,467294,97,6730,2722,0,0,0,7627,1,50.0,7,34,361,639.0,12.9,22,19.7,0,258.6,promoted,5095,0,81.5,167.5
106,young,18162,102,7,10943,0,10,1,1,863,4830,292,1319,849056,31835.6,324334,30.6,97.2,898.0,352158,525.1,162.7,140.1,161.7,2391,0,336416,295904,0,0,0,0,0,0,0,0,0,0,0,0,50.0,0,1,401,579.7,12.9,22,18.1,0,289.2,,5108,0,82.2,168.8
107,young,19029,77,4,11136,0,11,2,0,873,4632,303,2205,852757,31984.9,259569,20.7,118.0,898.0,355553,527.2,162.9,141.2,162.1,2403,0,339875,299268,0,0,0,0,0,0,0,0,0,0,0,1,50.0,0,0,402,505.1,12.9,22,17.4,0,310.0,,5145,0,83.0,170.5
108,young,18117,224,5,8297,0,10,1,1,919,5311,337,3234,858475,32212.1,218531,16.7,134.7,898.0,358643,529.9,163.0,142.1,163.1,2403,0,343027,302125,0,0,0,0,0,0,0,0,0,0,0,0,50.0,0,0,402,440.9,12.9,22,17.4,0,326.7,,5179,0,83.7,171.9
109,full-cycle,46096,109,8522,0,0,0,1,1,1364,5191,252,1378,864712,32490.6,676076,70.4,70.4,898.0,364057,533.8,163.2,143.8,164.3,2434,0,348534,307252,8631,21770,11775,518464,30,4123,1046,0,0,0,3832,0,110.0,12,17,343,592.1,21.9,22,20.3,0,262.4,promoted,5290,0,85.0,174.5
110,young,17190,94,4,8778,0,10,2,0,775,6333,265,1124,879679,33145.7,246388,22.5,92.9,898.0,367061,538.1,163.3,144.7,167.2,2460,0,351558,309164,0,0,0,0,0,0,0,0,0,0,0,0,110.0,0,0,372,532.1,21.9,22,18.6,0,284.9,,5297,0,85.7,175.9
111,young,13859,110,4,7114,0,8,2,0,836,3498,273,2186,883227,33327.2,184612,14.5,107.4,898.0,371104,541.1,163.4,145.9,168.3,2462,0,355633,312885,0,0,0,0,0,0,0,0,0,0,0,0,110.0,0,0,372,438.9,21.9,22,18.5,0,299.4,,5327,0,86.6,177.7
112,young,10370,28,6,3858,0,8,2,1,861,2774,305,2737,888114,33533.7,161325,13.1,120.5,898.0,374727,543.9,163.5,146.9,169.4,2462,0,359310,316216,0,0,0,0,0,0,0,0,0,0,0,0,110.0,0,0,372,381.7,21.9,22,18.5,0,312.5,,5361,0,87.5,179.5
113,young,17680,54,6,7859,0,11,1,0,937,5373,331,3320,896623,33791.2,233250,18.4,138.9,898.0,377762,546.8,163.6,147.9,170.7,2467,0,362393,318899,0,0,0,0,0,0,0,0,0,0,0,0,110.0,0,0,372,310.1,21.9,22,18.1,0,330.9,,5399,0,88.2,181.0
114,full-cycle,48493,92,5738,0,0,0,1,1,1392,3727,280,1407,906007,34105.2,618481,64.9,64.9,898.0,382004,552.0,163.9,149.4,173.4,2520,0,365762,322311,5830,21525,16182,424112,96,6008,4940,0,0,0,4842,0,82.0,8,27,351,621.3,14.7,22,20.3,0,256.9,starved,5542,0,89.1,183.0
115,young,13690,35,7,7625,0,8,1,1,796,4384,293,743,922351,34795.3,208760,22.2,87.0,898.0,384401,555.9,164.0,150.2,176.0,2563,0,368164,323810,0,0,0,0,0,0,0,0,0,0,0,0,82.0,0,0,386,586.9,14.7,22,17.6,0,279.0,,5547,0,89.7,184.2
116,young,16119,37,7,9554,0,11,1,0,844,3756,277,1801,927071,34977.1,259359,20.6,107.6,898.0,387347,558.1,164.1,151.1,176.8,2564,0,371199,326601,0,0,0,0,0,0,0,0,0,0,0,0,82.0,0,2,384,509.0,14.7,22,17.5,0,299.6,,5596,0,90.4,185.6
117,young,17672,100,4,7228,0,14,1,1,916,6741,315,2568,932470,35196.4,195392,14.7,122.3,898.0,390187,559.9,164.2,152.1,177.1,2564,0,374097,329422,0,0,0,0,0,0,0,0,0,0,0,0,82.0,0,0,386,455.1,14.7,22,17.5,0,314.3,,5645,0,91.1,187.0
118,young,15598,40,6,3552,0,11,2,0,1042,7406,331,3442,939098,35456.6,239767,18.7,141.0,898.0,393690,563.1,164.3,153.2,177.9,2564,0,377648,332734,0,0,0,0,0,0,0,0,0,0,0,0,82.0,0,2,384,355.5,14.7,22,17.5,0,333.0,,5677,0,91.9,188.7
119,full-cycle,56932,104,8838,0,0,0,2,1,1476,3554,324,1503,948844,35723.0,779723,78.6,78.6,910.0,398812,568.0,164.9,155.1,179.5,2582,0,382077,337384,8941,26026,18852,524933,90,5285,8412,0,0,0,3037,0,82.0,8,14,370,632.0,14.7,22,21.0,0,270.6,promoted,5782,0,93.1,191.1
120,young,12388,30,7,6695,0,11,1,0,791,3956,318,809,963419,36419.9,142053,15.2,93.8,910.0,401749,572.0,165.0,156.0,182.1,2616,0,385045,339211,0,0,0,0,0,0,0,0,0,0,0,0,82.0,0,0,392,582.8,14.7,22,18.4,0,285.8,,5806,0,93.7,192.4
121,young,17117,24,6,7230,0,11,1,0,903,6523,290,2319,968688,36629.8,227581,18.7,112.5,910.0,405677,575.0,165.1,157.2,183.1,2624,0,389028,342854,0,0,0,0,0,0,0,0,0,0,0,0,82.0,0,0,392,492.7,14.7,22,17.9,0,304.5,,5843,0,94.5,194.1
122,young,11335,33,6,4957,0,8,1,1,846,3305,310,2089,973804,36839.5,137752,10.6,123.1,910.0,409141,577.7,165.3,158.4,183.9,2624,0,392543,346142,0,0,0,0,0,0,0,0,0,0,0,0,82.0,0,0,392,447.6,14.7,22,17.9,0,315.1,,5879,0,95.3,195.7
123,young,17388,98,6,8421,0,13,2,0,1100,4405,315,3242,982488,37116.7,226053,17.7,140.9,910.0,412196,580.5,165.4,159.4,184.9,2624,0,395653,348925,0,0,0,0,0,0,0,0,0,0,0,0,82.0,0,0,392,371.6,14.7,22,17.9,0,332.9,,5914,0,95.9,197.1
124,full-cycle,44758,97,6204,0,0,0,2,1,1354,2489,305,1369,990442,37409.5,680907,70.2,70.2,910.0,417144,585.3,165.6,161.1,187.1,2654,0,400253,353201,6301,23221,10734,548796,93,4028,2748,0,0,0,4410,0,110.0,7,21,350,608.7,13.0,22,20.5,0,262.2,starved,6002,0,97.1,199.4
125,young,13561,45,6,8532,0,8,1,0,804,3443,301,629,1005424,38082.5,181952,17.6,87.8,910.0,419815,589.5,165.7,161.9,189.9,2678,0,402956,354770,0,0,0,0,0,0,0,0,0,0,0,0,110.0,0,0,378,571.7,13.0,22,18.9,0,279.8,,6009,0,97.7,200.8
126,young,15726,37,7,6737,0,11,2,0,926,5933,284,1968,1009984,38280.0,251660,20.3,108.1,910.0,422496,591.9,165.8,162.8,191.0,2678,0,405699,357157,0,0,0,0,0,0,0,0,0,0,0,0,110.0,0,0,378,483.6,13.0,22,18.9,0,300.1,,6043,0,98.3,202.0
127,young,16962,31,8,11125,0,7,1,0,882,2210,312,2620,1014848,38490.1,189881,16.3,124.4,910.0,426270,595.3,165.9,163.9,192.6,2699,0,409544,360503,0,0,0,0,0,0,0,0,0,0,0,0,110.0,0,0,378,413.9,13.0,22,17.5,0,316.4,,6087,0,99.2,203.7
128,young,19616,97,4,6073,0,13,1,0,945,8640,347,3751,1019937,38733.8,232713,18.4,142.8,910.0,430290,598.3,166.0,165.1,193.5,2699,0,413613,364252,0,0,0,0,0,0,0,0,0,0,0,0,110.0,0,0,378,335.3,13.0,22,17.5,0,334.8,,6119,0,100.1,205.6
129,full-cycle,36122,99,5439,0,0,0,2,0,1232,1546,259,1248,1026930,39020.5,573174,61.8,61.8,910.0,434410,601.9,166.2,166.5,194.9,2722,0,417342,367972,5539,21653,5855,563055,20,2985,50,0,0,0,3057,0,158.0,5,16,333,589.1,9.4,22,21.3,0,256.0,promoted,6219,0,101.1,207.6
130,young,13179,34,7,6327,0,15,2,1,786,4692,299,1226,1048072,39668.3,189810,17.8,79.5,910.0,437448,606.9,166.3,167.5,198.2,2738,0,420397,369967,0,0,0,0,0,0,0,0,0,0,0,0,158.0,0,1,353,541.9,9.4,22,20.0,0,271.5,,6235,0,101.9,209.2
131,young,19083,54,6,10561,0,10,2,1,822,5328,281,2220,1052245,39860.5,290157,23.0,102.5,910.0,441408,609.0,166.4,168.6,198.5,2741,0,424419,373910,0,0,0,0,0,0,0,0,0,0,0,0,158.0,0,0,354,439.5,9.4,22,19.8,0,294.5,,6272,0,102.7,211.0
132,young,20040,33,7,6322,0,11,1,1,938,9895,300,2772,1056734,40045.0,336922,26.7,129.2,910.0,444312,611.7,166.5,169.6,199.6,2747,0,427353,376507,0,0,0,0,0,0,0,0,0,0,0,0,158.0,0,0,354,344.3,9.4,22,19.5,0,321.2,,6303,0,103.3,212.3
133,full-cycle,28277,30,2600,0,0,0,2,0,1220,2765,253,1239,1064454,40298.6,516800,56.3,56.3,910.0,448157,616.0,166.7,170.9,201.7,2790,0,431003,379672,2629,15460,5295,435042,18,405,863,0,0,0,4874,0,180.0,4,24,315,563.6,7.4,22,20.0,0,256.0,promoted,6411,0,104.2,214.1
134,young,14327,67,8,6234,0,10,2,1,763,6284,305,859,1080929,40922.8,277418,28.4,84.7,910.0,450461,620.2,166.8,171.7,204.7,2850,0,433315,380976,0,0,0,0,0,0,0,0,0,0,0,0,180.0,0,2,341,506.6,7.4,22,16.4,0,276.7,,6415,0,104.8,215.3
135,young,16916,102,7,6402,0,16,2,1,833,6955,296,2486,1084959,41082.7,234834,18.6,103.3,910.0,454785,623.1,166.9,173.0,205.5,2853,0,437731,385128,0,0,0,0,0,0,0,0,0,0,0,0,180.0,0,0,343,410.7,7.4,22,16.2,0,295.3,,6458,0,105.8,217.3
136,young,18455,36,7,6476,0,10,1,1,920,7685,316,3238,1089865,41276.6,271051,21.0,124.3,910.0,457856,625.5,167.1,174.0,206.2,2853,0,440866,388094,0,0,0,0,0,0,0,0,0,0,0,0,180.0,0,0,343,322.9,7.4,22,16.2,0,316.3,,6501,0,106.5,218.8
137,full-cycle,25368,36,3481,0,0,0,1,0,1113,1874,251,1126,1097416,41504.4,497406,55.4,55.4,910.0,461021,628.6,167.2,175.2,207.4,2853,0,443715,390903,3516,16761,3406,455806,19,354,28,0,0,0,1676,0,188.0,1,0,338,600.2,1.9,22,23.0,0,256.0,promoted,6567,0,107.2,220.3
138,young,18711,34,8,8756,0,18,2,0,837,6508,303,2469,1114805,42156.5,309903,30.8,86.3,910.0,465357,632.9,167.3,176.5,209.6,2945,0,448138,393447,0,0,0,0,0,0,0,0,0,0,0,0,190.0,0,1,337,485.3,0.0,22,16.6,0,278.3,,6621,0,108.3,222.6
139,young,16841,28,18,6192,0,10,1,1,817,7352,303,2323,1118231,42292.1,238904,19.1,105.4,910.0,468394,635.8,167.4,177.5,211.0,2947,0,451264,396215,0,0,0,0,0,0,0,0,0,0,0,0,190.0,0,0,338,400.5,0.0,22,16.5,0,297.4,,6674,0,109.0,224.0
140,young,17632,68,7,8623,0,13,1,1,943,4888,313,2971,1123404,42499.3,219379,17.4,122.8,910.0,471029,639.0,167.6,178.5,212.5,2947,0,453977,398499,0,0,0,0,0,0,0,0,0,0,0,0,190.0,0,0,338,341.6,0.0,22,16.5,0,314.8,,6719,0,109.6,225.3
141,full-cycle,36680,26,7114,0,0,0,1,0,1168,1798,290,1182,1130127,42766.6,605405,63.7,63.7,910.0,474623,643.2,167.7,179.9,214.4,2968,0,457181,401617,7140,17475,9280,507361,23,2883,3386,0,0,0,2770,0,154.0,1,18,337,595.4,1.9,22,21.6,0,256.0,promoted,6828,0,110.4,227.1
142,young,11189,31,6,3691,0,14,1,1,854,5779,304,740,1148942,43404.9,196222,20.3,84.0,910.0,477171,647.9,167.8,181.0,217.5,3022,0,459733,403048,0,0,0,0,0,0,0,0,0,0,0,1,154.0,0,3,353,541.9,1.9,22,18.0,0,276.0,,6838,0,111.1,228.4
143,young,18478,23,6,9440,0,9,2,1,803,5294,305,2802,1153295,43589.9,272915,22.3,106.3,910.0,481844,651.1,168.0,182.5,218.3,3027,0,464487,407589,0,0,0,0,0,0,0,0,0,0,0,0,154.0,0,0,356,426.3,1.9,22,17.7,0,298.3,,6879,0,112.1,230.5
144,young,13241,36,7,5256,0,10,1,1,855,3927,323,3044,1157642,43766.7,184632,14.4,120.7,910.0,484821,653.1,168.1,183.5,218.7,3033,0,467530,410520,0,0,0,0,0,0,0,0,0,0,0,0,154.0,0,0,356,373.1,1.9,22,17.3,0,312.7,,6925,0,112.8,232.0
145,young,15625,24,6,4629,0,8,2,0,896,6312,339,3653,1165198,44026.9,245828,19.8,140.6,910.0,487662,655.8,168.2,184.5,219.4,3047,0,470446,413269,0,0,0,0,0,0,0,0,0,0,0,0,154.0,0,0,356,301.1,1.9,22,16.4,0,332.6,,6973,0,113.5,233.4
146,full-cycle,24464,32,4651,0,0,0,1,0,1174,780,282,1188,1171450,44312.9,454568,52.4,52.4,910.0,491156,659.7,168.4,185.7,221.3,3047,0,473181,416149,4684,14745,3484,451191,16,1469,25,0,0,0,1548,0,144.0,1,0,360,651.4,1.9,22,22.9,0,256.0,promoted,7033,0,114.3,235.0
147,young,18400,37,5,8651,0,13,2,1,843,7659,307,1097,1187162,45031.8,341461,32.3,84.8,910.0,494062,661.5,168.5,186.6,221.5,3133,0,476133,418896,0,0,0,0,0,0,0,0,0,0,0,0,144.0,0,0,361,537.8,1.9,22,17.2,0,276.8,,7068,0,115.0,236.5
148,young,15873,34,7,4113,0,10,1,1,826,8660,310,2131,1190492,45172.9,292125,23.4,108.2,910.0,496657,663.4,168.6,187.6,221.7,3147,0,478793,421522,0,0,0,0,0,0,0,0,0,0,0,1,144.0,0,1,360,455.2,1.9,22,16.2,0,300.2,,7109,0,115.6,237.7
149,young,16594,22,14,7102,0,8,2,1,825,5214,324,3311,1195746,45381.2,208774,16.9,125.1,910.0,500332,666.5,168.7,188.7,222.9,3154,0,482536,424929,0,0,0,0,0,0,0,0,0,0,0,0,144.0,0,0,361,371.8,1.9,22,15.7,0,317.1,,7151,0,116.5,239.4
150,full-cycle,32660,32,3562,0,0,0,1,0,1090,2249,265,1104,1203012,45631.0,586787,61.5,61.5,910.0,504391,673.7,170.0,190.6,226.4,3192,0,486604,428592,3593,21361,4803,545684,16,1325,104,0,0,0,2886,0,154.0,4,20,332,591.0,7.4,22,20.7,0,256.0,promoted,7250,0,117.4,241.3
151,young,20268,28,9,6947,0,11,1,0,845,11086,299,1263,1219614,46251.9,370863,33.9,95.4,910.0,506955,677.8,170.1,191.5,229.0,3225,0,489174,430271,0,0,0,0,0,0,0,0,0,0,0,0,154.0,0,0,356,498.7,7.4,22,18.8,0,287.4,,7255,0,118.0,242.5
152,young,11558,22,6,6032,0,7,1,0,747,2318,299,2341,1222886,46392.3,118273,9.1,104.5,910.0,511466,680.5,170.4,192.9,229.3,3227,0,493730,434761,0,0,0,0,0,0,0,0,0,0,0,0,154.0,0,0,356,434.3,7.4,22,18.6,0,296.5,,7288,0,119.1,244.7
153,young,16472,28,8,6681,0,10,1,1,888,6080,315,2684,1229507,46626.5,253340,20.4,124.9,910.0,514445,683.6,170.6,193.8,230.9,3229,0,496755,437370,0,0,0,0,0,0,0,0,0,0,0,0,154.0,0,0,356,347.0,7.4,22,18.5,0,316.9,,7320,0,119.7,246.1
154,young,18544,52,6,11081,0,10,2,1,897,3041,338,3352,1234874,46851.9,260887,20.9,145.8,910.0,517546,686.3,170.7,194.8,231.9,3234,0,499915,440227,0,0,0,0,0,0,0,0,0,0,0,0,154.0,0,0,356,273.6,7.4,22,18.1,0,337.8,,7363,0,120.5,247.6
155,full-cycle,23545,24,1833,0,0,0,1,0,1131,2053,244,1145,1243494,47141.1,463821,52.0,52.0,910.0,520730,690.5,170.9,196.2,234.1,3248,0,502282,442794,1857,15995,4042,421323,20,795,23,0,0,0,1646,0,92.0,0,1,386,704.4,0.0,22,23.4,0,256.0,promoted,7436,0,121.2,249.1
156,young,16274,29,7,5251,0,14,2,1,830,8978,317,1072,1266748,47905.2,273523,27.7,79.8,910.0,523831,692.5,171.0,197.1,234.5,3338,0,505443,445656,0,0,0,0,0,0,0,0,0,0,0,0,92.0,0,0,387,602.7,0.0,22,17.5,0,271.8,,7472,0,121.9,250.6
157,young,9514,27,8,4278,0,9,1,0,722,2937,308,1440,1270193,48061.2,153149,14.2,93.9,910.0,526113,694.1,171.1,197.9,234.9,3370,0,507792,447936,0,0,0,0,0,0,0,0,0,0,0,0,92.0,0,0,387,552.3,0.0,22,15.2,0,285.9,,7519,0,122.5,251.6
158,young,15604,35,8,10035,0,8,1,1,807,2633,318,1969,1275239,48292.0,265752,21.2,115.2,910.0,528645,696.0,171.2,198.7,235.3,3370,0,510415,450415,0,0,0,0,0,0,0,0,0,0,0,0,92.0,0,0,387,476.7,0.0,22,15.2,0,307.2,,7575,0,123.1,252.9
159,young,9401,25,14,2715,0,9,2,0,881,3132,340,2552,1280112,48517.3,149212,12.0,127.1,910.0,531932,698.2,171.3,199.8,235.8,3381,0,513777,453633,0,0,0,0,0,0,0,0,0,0,0,0,92.0,0,0,387,415.7,0.0,22,14.6,0,319.1,,7623,0,123.8,254.4
160,full-cycle,32312,33,2014,0,0,0,1,0,1196,2456,247,1210,1287770,48804.3,595236,64.4,64.4,910.0,536160,702.0,171.5,201.3,237.3,3414,0,518107,457548,2047,17916,9211,436498,18,1205,4317,0,0,0,3127,0,150.0,5,22,331,587.9,9.4,22,19.5,0,256.4,promoted,7733,0,124.9,256.6
161,young,14121,39,7,8773,0,7,2,0,727,3202,290,1259,1302401,49441.3,249723,24.4,88.8,910.0,539016,706.4,171.5,202.2,240.3,3442,0,520991,459387,0,0,0,0,0,0,0,0,0,0,0,0,150.0,0,1,357,532.4,9.4,22,17.4,0,280.8,,7749,0,125.6,258.0
162,young,14324,24,7,5590,0,9,1,0,740,5350,302,2501,1306325,49616.9,219556,17.4,106.2,910.0,542989,709.4,171.7,203.3,241.4,3442,0,525057,463137,0,0,0,0,0,0,0,0,0,0,0,0,150.0,0,2,356,446.7,9.4,22,17.4,0,298.2,,7803,0,126.5,260.0
163,young,14756,32,7,3932,0,10,1,0,864,7465,316,2364,1313894,49826.1,247079,20.0,126.1,910.0,546008,712.3,171.9,204.4,242.5,3442,0,528120,465858,0,0,0,0,0,0,0,0,0,0,0,0,150.0,0,0,358,371.0,9.4,22,17.4,0,318.1,,7836,0,127.3,261.6
164,young,14113,59,7,4722,0,10,2,0,900,5039,332,3300,1320360,50064.7,193049,14.4,140.6,910.0,549097,714.1,172.0,205.5,242.7,3442,0,531263,468967,0,0,0,0,0,0,0,0,0,0,0,0,150.0,0,0,358,317.6,9.4,22,17.4,0,332.6,,7868,0,128.0,263.0
165,full-cycle,26998,34,4437,0,0,0,2,0,1148,1244,283,1162,1327366,50355.4,537208,58.6,58.6,910.0,552746,717.4,172.2,206.8,243.9,3450,0,534206,472251,4472,15013,5761,451694,19,921,2409,0,0,0,1747,0,86.0,1,11,378,689.0,1.9,22,22.7,0,256.0,promoted,7959,0,128.8,264.7
166,young,13311,94,6,5800,0,10,2,1,782,4522,329,1988,1349290,51084.7,264271,26.1,84.7,910.0,556934,722.4,172.4,208.1,246.6,3532,0,538394,474361,0,0,0,0,0,0,0,0,0,0,0,0,88.0,0,0,389,592.1,0.0,22,17.1,0,276.7,,7970,0,129.9,266.9
167,young,18393,19,5,11556,0,11,1,1,810,3866,314,2066,1353008,51237.6,319180,26.4,111.1,910.0,559944,724.6,172.5,209.1,247.3,3543,0,541474,477254,0,0,0,0,0,0,0,0,0,0,0,0,88.0,0,0,389,489.8,0.0,22,16.3,0,303.1,,8015,0,130.7,268.5
168,young,13306,23,7,4933,0,11,1,1,871,4563,338,2816,1357662,51426.1,178650,14.0,125.1,910.0,562676,726.5,172.6,210.0,247.6,3551,0,544277,479967,0,0,0,0,0,0,0,0,0,0,0,0,88.0,0,0,389,441.1,0.0,22,15.8,0,317.1,,8058,0,131.3,269.8
169,full-cycle,31840,28,5164,0,0,0,1,0,1290,1653,269,1305,1364198,51715.8,609124,65.2,65.2,910.0,566443,730.7,172.8,211.4,249.5,3594,0,548167,483283,5192,19287,4174,585183,21,971,216,0,0,0,3170,0,150.0,5,18,335,587.1,9.4,22,20.1,0,257.2,promoted,8171,0,132.2,271.6
170,young,10880,26,7,6224,0,8,2,0,725,2983,292,819,1380620,52361.8,159221,16.1,81.3,910.0,569203,735.3,172.9,212.3,252.7,3613,0,550946,484953,0,0,0,0,0,0,0,0,0,0,0,0,150.0,0,0,358,544.7,9.4,22,18.7,0,273.3,,8185,0,132.8,273.0
171,young,11778,25,7,4471,0,9,2,1,775,4348,297,2055,1385555,52552.3,147851,12.9,94.2,910.0,573483,739.2,173.0,213.5,254.5,3631,0,555301,488775,0,0,0,0,0,0,0,0,0,0,0,0,150.0,0,0,358,472.1,9.4,22,17.6,0,286.2,,8230,0,133.9,275.1
172,young,16353,21,6,5498,0,10,1,1,883,7229,312,2610,1395135,52764.6,240664,18.6,112.8,910.0,576441,742.7,173.1,214.5,256.4,3632,0,558336,491264,0,0,0,0,0,0,0,0,0,0,0,0,150.0,0,1,357,392.6,9.4,22,17.5,0,304.8,,8270,0,134.6,276.6
173,young,17659,28,8,3667,0,12,2,1,950,9326,326,3580,1400968,52987.5,309773,24.6,137.4,910.0,579328,745.6,173.2,215.6,257.7,3632,0,561265,493826,0,0,0,0,0,0,0,0,0,0,0,0,150.0,0,1,357,294.8,9.4,22,17.5,0,329.4,,8302,0,135.3,277.9
174,full-cycle,31294,24,5425,0,0,0,1,0,1145,1103,233,1159,1406824,53234.8,545322,58.8,58.8,910.0,582806,749.7,173.4,216.9,259.7,3650,0,564116,496663,5449,18606,4232,516512,20,828,1117,0,0,0,2992,0,104.0,3,17,361,655.3,5.5,22,21.7,0,256.0,promoted,8392,0,136.1,279.5
175,young,14621,24,5,5856,0,11,1,1,798,6853,322,995,1428377,53937.1,301475,29.6,88.4,910.0,585539,755.0,173.5,217.8,263.5,3712,0,566882,498225,0,0,0,0,0,0,0,0,0,0,0,0,104.0,0,0,381,574.8,5.5,22,17.6,0,280.4,,8404,0,136.7,280.9
176,young,14184,26,9,5188,0,8,2,1,811,5138,315,2916,1431965,54094.4,257742,21.1,109.5,910.0,589752,758.8,174.3,219.5,264.3,3726,0,571172,502270,0,0,0,0,0,0,0,0,0,0,0,0,104.0,0,0,381,480.6,5.5,22,16.6,0,301.5,,8456,0,137.7,283.0
177,young,15511,97,7,7986,0,9,1,1,867,3695,345,2769,1438458,54293.6,209934,16.8,126.3,910.0,592659,762.9,174.4,220.5,266.8,3734,0,574162,504969,0,0,0,0,0,0,0,0,0,0,0,0,104.0,0,0,381,414.6,5.5,22,16.1,0,318.3,,8508,0,138.3,284.3
178,full-cycle,28998,40,4896,0,0,0,1,0,977,609,159,990,1443542,54538.4,536445,59.5,59.5,910.0,595659,765.6,174.5,221.5,267.9,3743,0,577241,507771,4936,15357,6746,519212,24,4770,344,0,0,0,1949,0,168.0,2,1,346,610.1,3.7,22,22.3,0,256.0,promoted,8590,0,139.1,285.8
179,young,12096,30,7,4391,0,8,1,0,728,5102,295,1769,1458927,55180.1,187626,17.5,77.0,910.0,600073,770.0,174.7,223.0,270.0,3774,0,581718,510581,0,0,0,0,0,0,0,0,0,0,0,0,168.0,0,0,349,531.4,3.7,22,19.9,0,269.0,,8626,0,140.1,288.0
180,young,14143,38,8,4907,0,10,2,1,736,6281,304,2060,1463606,55357.5,240580,19.4,96.4,910.0,602414,772.4,174.8,223.7,271.0,3785,0,584130,512724,0,0,0,0,0,0,0,0,0,0,0,0,168.0,0,0,349,455.1,3.7,22,19.0,0,288.4,,8669,0,140.7,289.1
181,young,16906,40,6,9394,0,10,1,1,841,4065,313,2447,1471662,55564.0,217571,17.5,113.8,910.0,605369,774.7,174.9,224.7,271.9,3789,0,587137,515477,0,0,0,0,0,0,0,0,0,0,0,0,168.0,0,0,349,381.3,3.7,22,18.8,0,305.8,,8709,0,141.3,290.5
182,young,21880,25,7,9023,0,10,2,1,925,8988,324,2821,1476866,55799.7,293910,25.0,138.9,910.0,608416,779.2,176.6,226.2,272.6,3814,0,590268,518389,0,0,0,0,0,0,0,0,0,0,0,0,168.0,0,0,349,290.4,3.7,22,17.1,0,330.9,,8761,0,142.0,291.9
183,full-cycle,32432,32,5058,0,0,0,2,0,1186,1532,279,1200,1483079,56048.6,562188,61.3,61.3,910.0,611966,783.0,176.8,227.5,274.3,3851,0,592981,521453,5090,19966,4904,533568,24,2090,49,0,0,0,2454,0,60.0,2,16,385,700.0,3.7,22,19.3,0,256.0,promoted,8852,0,142.8,293.5
184,young,12149,30,8,6356,0,9,1,1,738,4099,315,825,1501089,56785.9,251135,25.9,87.2,910.0,614490,788.5,176.9,228.3,278.5,3908,0,595529,522863,0,0,0,0,0,0,0,0,0,0,0,0,60.0,0,0,403,625.6,3.7,22,15.7,0,279.2,,8864,0,143.3,294.6
185,young,17484,40,15,4865,0,11,2,1,913,9004,309,2530,1504865,56950.2,301108,23.7,110.9,910.0,618366,790.8,177.1,229.5,278.9,3908,0,599478,526715,0,0,0,0,0,0,0,0,0,0,0,0,60.0,0,0,403,517.3,3.7,22,15.7,0,302.9,,8904,0,144.2,296.4
186,young,16528,35,8,7449,0,11,1,0,852,5585,339,2484,1511234,57134.7,194076,16.4,127.3,910.0,621852,795.0,177.2,230.6,281.2,3931,0,603023,529964,0,0,0,0,0,0,0,0,0,0,0,1,60.0,0,0,403,445.9,3.7,22,14.3,0,319.3,,8947,0,144.9,297.9
187,full-cycle,47797,33,2956,0,0,0,1,1,1325,3454,301,1340,1518785,57406.2,785711,78.1,78.1,910.0,626201,799.4,177.4,232.2,283.1,3970,0,607454,533875,2989,26129,14860,597016,53,6486,3518,0,0,0,3701,0,96.0,8,20,357,601.8,14.5,22,19.6,0,270.1,promoted,9041,0,146.0,300.1
188,young,17924,32,7,10298,0,11,2,1,856,5468,293,1163,1537417,58049.0,336087,32.1,110.2,910.0,628743,803.4,177.5,233.0,285.7,4024,0,610006,535570,0,0,0,0,0,0,0,0,0,0,0,0,96.0,0,0,385,523.2,14.5,22,16.4,0,302.2,,9046,0,146.6,301.3
189,young,11026,30,7,4166,0,7,1,0,880,3417,315,2426,1543323,58209.1,154477,11.9,122.1,910.0,633042,806.3,177.6,234.3,286.5,4024,0,614361,539685,0,0,0,0,0,0,0,0,0,0,0,0,96.0,0,0,385,447.0,14.5,22,16.4,0,314.1,,9079,0,147.5,303.3
190,young,14009,27,8,5544,0,9,1,0,888,4990,327,2437,1551091,58450.0,214292,16.7,138.8,910.0,636509,808.9,177.7,235.5,287.2,4024,0,617860,543009,0,0,0,0,0,0,0,0,0,0,0,0,96.0,0,0,385,372.2,14.5,22,16.4,0,330.8,,9110,0,148.3,304.9
191,full-cycle,30181,26,4136,0,0,0,2,0,1159,508,244,1173,1557421,58704.7,467719,51.8,51.8,910.0,641507,812.3,177.9,237.1,288.1,4026,0,622910,547854,4161,17784,6518,453014,20,4401,411,0,0,0,1708,0,128.0,1,0,368,664.5,1.9,22,24.6,0,256.0,starved,9169,0,149.4,307.3
192,young,14903,94,7,7301,0,8,1,1,745,4838,315,1831,1574053,59397.8,204820,19.1,70.9,910.0,645858,817.1,178.1,238.5,290.7,4059,0,627320,550307,0,0,0,0,0,0,0,0,0,0,0,0,128.0,0,1,368,573.4,1.9,22,22.0,0,262.9,,9205,0,150.6,309.7
193,young,13789,35,8,6315,0,10,1,1,775,4706,301,1872,1577844,59559.3,256062,19.8,90.7,910.0,648394,819.7,178.2,239.4,291.9,4059,0,629923,552554,0,0,0,0,0,0,0,0,0,0,0,0,128.0,0,1,368,494.8,1.9,22,22.0,0,282.7,,9242,0,151.1,310.9
194,young,21525,23,6,8459,0,11,2,1,897,9360,323,2652,1583732,59757.6,317966,25.8,116.6,910.0,650851,822.5,178.3,240.3,293.2,4068,0,632429,554690,0,0,0,0,0,0,0,0,0,0,0,0,128.0,0,0,369,397.5,1.9,22,21.3,0,308.6,,9278,0,151.7,312.2
195,full-cycle,39765,36,6247,0,0,0,1,0,1213,1969,285,1227,1589888,59993.6,634700,66.6,66.6,910.0,655311,826.9,178.5,241.8,295.2,4111,0,636866,558530,6283,18915,10128,516975,18,622,6284,0,0,0,4427,1,132.0,2,25,338,586.4,3.7,24,24.7,0,258.6,promoted,9398,0,152.8,314.3
196,young,14898,22,8,6076,0,8,1,1,741,6416,312,1538,1609528,60616.7,204035,20.0,86.6,910.0,658532,831.2,178.6,242.8,297.9,4130,0,640109,560808,0,0,0,0,0,0,0,0,0,0,0,0,132.0,0,0,365,542.3,3.7,24,23.2,0,278.6,,9415,0,153.6,316.0
197,young,14182,105,9,7134,0,9,1,1,788,3992,315,2065,1614381,60792.4,213409,17.1,103.7,910.0,661822,833.5,178.7,243.9,298.6,4134,0,643478,563956,0,0,0,0,0,0,0,0,0,0,0,0,132.0,0,0,365,474.1,3.7,24,22.9,0,295.7,,9469,0,154.4,317.5
198,young,8017,24,6,594,0,11,2,0,858,3805,333,2648,1619657,61017.1,110821,8.8,112.5,910.0,664676,835.5,178.8,244.8,299.0,4134,0,646376,566751,0,0,0,0,0,0,0,0,0,0,0,0,132.0,0,0,365,425.3,3.7,24,22.9,0,304.5,,9501,0,155.0,318.8
199,young,18689,34,8,11840,0,10,1,1,963,2715,334,3040,1624900,61280.7,242758,19.5,132.0,910.0,667827,838.2,178.9,245.9,300.0,4134,0,649606,569694,0,0,0,0,0,0,0,0,0,0,0,0,132.0,0,0,365,350.6,3.7,24,22.9,0,324.0,,9548,0,155.7,320.3
200,young,10057,22,8,1270,0,9,2,0,915,4615,350,3148,1631256,61527.3,142060,11.5,143.5,910.0,671109,841.3,179.0,247.1,301.3,4146,0,652963,572679,0,0,0,0,0,0,0,0,0,0,0,0,132.0,0,0,365,298.0,3.7,24,22.2,0,335.5,,9597,0,156.5,321.8
201,full-cycle,33808,23,4308,0,0,0,2,0,1378,3049,341,1416,1639772,61834.2,635183,67.1,67.1,956.0,675234,846.4,179.3,248.9,303.7,4189,0,655784,576079,4331,17706,8714,463950,17,453,3773,0,0,0,3048,0,68.0,1,18,401,717.3,1.9,24,23.0,0,259.1,promoted,9697,0,157.5,323.9
202,young,15939,107,5,7092,0,12,1,1,818,6769,329,1040,1660181,62613.1,227186,22.2,89.4,956.0,678021,851.4,179.4,249.8,307.2,4219,0,658588,577680,0,0,0,0,0,0,0,0,0,0,0,1,68.0,0,2,418,651.1,1.9,24,21.2,0,281.4,,9701,0,158.2,325.2
203,young,17668,64,5,8079,0,11,1,1,860,6652,307,1906,1666588,62787.0,220772,18.5,107.9,956.0,681694,870.3,194.5,251.8,308.6,4243,0,662311,581008,0,0,0,0,0,0,0,0,0,0,0,0,68.0,0,0,420,557.8,1.9,24,19.8,0,299.9,,9735,0,159.0,326.9
204,young,14835,48,6,5370,0,10,1,0,853,5647,345,2822,1671414,62990.8,192367,15.3,123.2,956.0,685242,873.1,194.6,252.9,309.5,4243,0,665928,584327,0,0,0,0,0,0,0,0,0,0,0,0,68.0,0,0,420,488.3,1.9,24,19.8,0,315.2,,9770,0,159.8,328.7
205,young,11042,21,5,2589,0,9,1,1,924,4366,356,3068,1677088,63236.9,152866,11.5,134.7,956.0,688150,875.9,194.7,253.9,310.8,4243,0,668864,586860,0,0,0,0,0,0,0,0,0,0,0,0,68.0,0,0,420,443.1,1.9,24,19.8,0,326.7,,9801,0,160.6,330.1
206,full-cycle,29420,29,4603,0,0,0,1,0,1357,3001,288,1370,1683763,63542.1,633419,64.8,64.8,956.0,692607,879.8,194.9,255.4,312.4,4272,0,673408,590912,4632,16362,5271,558524,20,817,54,0,0,0,3141,0,138.0,3,15,367,644.3,5.6,24,26.2,0,256.8,promoted,9893,0,161.5,332.1
207,young,10934,28,7,4238,0,8,1,0,722,5213,318,621,1701630,64247.8,190224,18.1,82.9,956.0,695238,884.6,195.0,256.3,315.8,4286,0,676050,592352,0,0,0,0,0,0,0,0,0,0,0,0,140.0,0,1,383,600.0,3.7,24,25.3,0,274.9,,9899,0,162.2,333.5
208,young,12867,24,5,4584,0,9,2,0,912,5601,295,1645,1706516,64440.7,228197,17.8,100.7,956.0,698693,888.3,195.1,257.3,317.7,4286,0,679559,595265,0,0,0,0,0,0,0,0,0,0,0,0,140.0,0,3,381,513.4,3.7,24,25.3,0,292.7,,9937,0,163.1,335.3
209,young,15618,30,6,7278,0,9,1,1,915,3922,328,3358,1711396,64642.4,268448,20.6,121.3,956.0,702304,891.5,195.2,258.5,319.2,4286,0,683204,598488,0,0,0,0,0,0,0,0,0,0,0,0,140.0,0,0,384,426.0,3.7,24,25.3,0,313.3,,9965,0,163.9,336.9
210,young,16036,26,7,5118,0,10,1,1,933,6596,344,3246,1716432,64863.5,251843,19.8,141.1,956.0,705488,894.8,195.3,259.5,320.7,4290,0,686435,601195,0,0,0,0,0,0,0,0,0,0,0,0,140.0,0,0,384,346.7,3.7,24,25.1,0,333.1,,9998,0,164.6,338.4
211,full-cycle,41372,31,4219,0,0,0,1,1,1462,3163,319,1477,1723586,65139.3,707670,70.5,70.5,956.0,709973,899.2,195.6,261.1,322.7,4318,0,690132,605130,4250,16574,17487,489278,514,4181,8147,0,0,0,2980,0,80.0,9,16,388,679.7,16.5,25,28.1,0,262.5,promoted,10087,0,165.6,340.4
212,young,14976,34,7,8082,0,11,1,1,769,5122,321,863,1742858,65870.6,259475,24.1,94.6,956.0,712620,904.0,195.7,261.9,326.2,4333,0,692801,606542,0,0,0,0,0,0,0,0,0,0,0,0,80.0,0,0,413,616.6,16.5,25,27.0,0,286.6,,10105,0,166.2,341.8
213,young,12384,22,6,4760,0,8,1,0,797,4884,313,1828,1747168,66053.8,174543,14.3,108.9,956.0,715746,906.9,195.8,263.0,327.3,4345,0,696005,609385,0,0,0,0,0,0,0,0,0,0,0,0,80.0,0,0,413,557.4,16.5,25,26.1,0,300.9,,10159,0,167.0,343.4
214,young,16533,23,6,6318,0,15,2,1,929,6092,324,3059,1753349,66295.7,270555,21.6,130.5,956.0,719644,910.4,195.9,264.2,328.9,4349,0,699952,612905,0,0,0,0,0,0,0,0,0,0,0,0,80.0,0,1,412,450.1,16.5,25,25.9,0,322.5,,10188,0,167.9,345.2
215,young,17851,33,6,4220,0,10,1,1,958,9327,368,3208,1758887,66505.5,287837,22.2,152.7,956.0,723600,915.6,196.1,265.4,329.8,4349,0,703944,616678,0,0,0,0,0,0,0,0,0,0,0,0,80.0,0,0,413,351.2,16.5,25,25.9,0,344.7,,10218,0,168.7,347.0
216,full-cycle,40346,30,4852,0,0,0,1,1,1611,3786,362,1645,1766549,66787.0,675698,69.1,69.1,1056.0,728610,922.0,196.4,267.8,332.3,4380,0,707539,620927,4882,21116,10809,492745,33,1116,4220,0,0,0,3480,1,124.0,5,19,417,737.9,9.2,25,26.2,0,261.1,promoted,10314,0,169.8,349.3
217,young,21122,24,6,12250,0,14,1,1,856,6683,313,1204,1784483,67590.9,362666,34.6,103.7,1056.0,731206,925.9,196.5,268.6,335.0,4444,0,710157,622546,0,0,0,0,0,0,0,0,0,0,0,0,124.0,0,4,437,648.6,9.2,25,22.5,0,295.7,,10322,0,170.4,350.5
218,young,7848,22,6,1700,0,9,2,0,826,3214,334,1974,1787432,67734.4,83715,6.8,110.5,1056.0,735137,928.4,196.7,269.8,335.5,4447,0,714130,626364,0,0,0,0,0,0,0,0,0,0,0,1,124.0,0,0,441,587.2,9.2,25,22.3,0,302.5,,10352,0,171.3,352.4
219,young,12406,23,6,5491,0,8,1,0,850,3333,354,2599,1792852,67981.2,184665,15.0,125.4,1056.0,737977,931.2,196.8,270.8,336.8,4449,0,717019,628869,0,0,0,0,0,0,0,0,0,0,0,0,124.0,0,0,441,531.5,9.2,25,22.1,0,317.4,,10388,0,172.0,353.9
220,young,17064,35,8,4663,0,10,1,1,966,8156,378,3129,1801371,68245.6,269598,22.5,148.0,1056.0,740944,933.4,196.9,271.8,337.4,4468,0,720058,631731,0,0,0,0,0,0,0,0,0,0,0,0,124.0,0,0,441,446.1,9.2,25,20.8,0,340.0,,10434,0,172.7,355.2
221,full-cycle,28302,30,6632,0,0,0,1,0,1053,715,232,1068,1807685,68492.4,466866,53.0,53.0,1056.0,745593,938.2,198.5,273.4,338.3,4470,0,724754,636197,6661,13608,6321,454013,20,4151,361,0,0,0,1704,0,212.0,1,0,396,722.0,1.9,25,28.9,0,256.0,promoted,10502,0,173.7,357.3
222,young,17623,33,7,7926,0,10,1,1,789,6552,312,2218,1824414,69243.8,254883,22.7,75.7,1056.0,750102,942.7,198.7,274.8,340.1,4502,0,729315,638992,0,0,0,0,0,0,0,0,0,0,0,0,212.0,0,3,394,619.3,1.9,25,26.4,0,267.7,,10537,0,174.9,359.9
223,young,13987,24,7,6653,0,8,1,1,849,3983,328,2340,1827719,69398.9,235362,20.2,96.0,1056.0,752483,945.6,198.9,276.0,341.2,4526,0,731771,641098,0,0,0,0,0,0,0,0,0,0,0,0,212.0,0,0,397,544.5,1.9,25,24.7,0,288.0,,10583,0,175.5,361.1
224,young,19629,51,8,11982,0,12,2,0,841,4313,335,2329,1831883,69603.5,282805,22.7,118.6,1056.0,755015,947.5,199.0,276.9,341.7,4530,0,734377,643570,0,0,0,0,0,0,0,0,0,0,0,0,212.0,0,0,397,461.0,1.9,25,24.4,0,310.6,,10633,0,176.1,362.3
225,full-cycle,35166,31,5964,0,0,0,1,0,1148,2496,271,1163,1838670,69852.9,612568,65.4,65.4,1056.0,758549,951.5,199.2,278.2,343.6,4576,0,738034,646660,5995,18872,6123,554486,14,2387,58,0,0,0,4164,0,250.0,2,23,353,623.0,3.7,25,25.3,0,257.4,promoted,10749,0,176.9,363.9
226,young,8548,90,6,4935,0,8,1,0,728,2159,316,534,1854090,70486.1,157439,16.8,82.2,1056.0,760939,956.0,199.3,279.0,346.8,4596,0,740434,648125,0,0,0,0,0,0,0,0,0,0,0,0,250.0,0,0,378,601.3,3.7,25,23.9,0,274.2,,10755,0,177.5,365.3
227,young,15944,36,8,7487,0,9,1,0,797,5535,310,1933,1858085,70693.7,278322,23.3,105.5,1056.0,764213,958.4,199.4,280.6,346.9,4620,0,743798,651441,0,0,0,0,0,0,0,0,0,0,0,1,250.0,0,2,376,507.9,3.7,25,22.5,0,297.5,,10808,0,178.3,366.8
228,young,15542,32,7,5311,0,8,1,0,939,5872,325,3275,1862934,70885.3,212597,16.3,121.9,1056.0,768778,961.7,199.5,281.9,348.1,4620,0,748407,655763,0,0,0,0,0,0,0,0,0,0,0,0,250.0,0,0,378,417.9,3.7,25,22.5,0,313.9,,10842,0,179.3,368.9
229,young,15876,25,6,4817,0,10,1,0,911,7158,345,2852,1867633,71108.2,247140,19.9,141.8,1056.0,771639,964.1,199.6,282.8,349.0,4620,0,751305,658394,0,0,0,0,0,0,0,0,0,0,0,0,250.0,0,0,378,332.9,3.7,25,22.5,0,333.8,,10873,0,179.9,370.2
230,full-cycle,32545,26,4684,0,0,0,2,1,1097,1858,232,1113,1875486,71360.5,617097,65.9,65.9,1056.0,774934,967.6,199.8,284.0,350.6,4629,0,754293,661245,4710,13548,11999,522717,27,6724,2268,0,0,0,2250,0,224.0,8,7,376,666.7,14.9,25,27.0,0,257.9,promoted,10968,0,180.7,371.8
231,young,16215,22,6,8506,0,15,2,0,840,3769,332,2942,1894371,72047.0,266844,25.9,91.8,1056.0,778945,994.5,220.3,286.9,353.4,4672,0,758395,663557,0,0,0,0,0,0,0,0,0,0,0,0,226.0,0,0,390,568.0,13.0,25,23.7,0,283.8,,11013,0,181.9,374.2
232,young,15010,30,8,4639,0,12,1,1,886,7397,323,1954,1898444,72202.1,229533,17.3,109.1,1056.0,782053,1030.4,253.6,288.0,354.6,4672,0,761582,666372,0,0,0,0,0,0,0,0,0,0,0,0,226.0,0,0,390,495.7,13.0,25,23.7,0,301.1,,11061,0,182.5,375.6
233,young,15851,33,8,5135,0,11,1,0,948,6893,339,2721,1904162,72422.6,223877,17.4,126.5,1056.0,784761,1044.3,263.9,289.3,356.2,4672,0,764358,668700,0,0,0,0,0,0,0,0,0,0,0,0,226.0,0,0,390,422.6,13.0,25,23.7,0,318.5,,11106,0,183.2,376.9
234,young,15166,26,7,5325,0,12,2,1,1072,5201,344,3434,1910341,72669.7,204443,16.1,142.6,1056.0,787835,1047.8,264.1,291.0,357.4,4672,0,767481,671523,0,0,0,0,0,0,0,0,0,0,0,0,226.0,0,0,390,360.6,13.0,25,23.7,0,334.6,,11139,0,183.8,378.3
235,full-cycle,32354,28,5687,0,0,0,2,0,1311,3193,250,1328,1917316,72971.9,600003,64.3,64.3,1056.0,791729,1051.9,264.2,292.3,359.4,4699,0,771198,674832,5716,17206,6200,499964,20,1627,25,0,0,0,3218,0,270.0,2,20,346,614.0,3.7,25,26.4,0,256.3,promoted,11239,0,184.8,380.3
236,young,17356,32,6,12646,0,9,1,0,673,3095,316,801,1934463,73657.8,261874,25.2,89.5,1056.0,794344,1056.7,264.3,293.2,362.8,4732,0,773811,676209,0,0,0,0,0,0,0,0,0,0,0,0,270.0,0,2,366,560.5,3.7,25,24.1,0,281.5,,11249,0,185.4,381.5
237,young,9744,22,7,2374,0,9,1,0,830,4385,318,2055,1938271,73834.7,143911,11.6,101.1,1056.0,798293,1059.7,264.5,294.4,363.8,4736,0,777853,679968,0,0,0,0,0,0,0,0,0,0,0,0,270.0,0,0,368,492.4,3.7,25,23.8,0,293.1,,11299,0,186.3,383.4
238,young,18920,29,7,9399,0,10,1,1,894,6020,332,2450,1943092,74062.1,366881,28.9,130.0,1056.0,801110,1061.6,264.6,295.3,364.2,4736,0,780722,682739,0,0,0,0,0,0,0,0,0,0,0,0,270.0,0,0,368,381.7,3.7,25,23.8,0,322.0,,11344,0,186.9,384.7
239,full-cycle,34477,25,5549,0,0,0,2,0,1131,2867,261,1147,1948375,74279.4,638504,67.9,67.9,1056.0,805626,1065.6,264.7,296.8,365.9,4775,0,785292,686763,5574,20110,5794,573051,19,1669,87,0,0,0,2988,0,292.0,3,19,335,584.7,5.6,25,25.7,0,259.9,promoted,11455,0,188.0,386.8
240,young,13776,28,6,5116,0,8,2,0,818,6802,302,895,1964769,74903.8,249954,23.0,90.8,1056.0,808631,1070.3,264.8,297.8,369.0,4787,0,788296,688658,0,0,0,0,0,0,0,0,0,0,0,0,292.0,0,0,357,520.5,5.6,25,24.9,0,282.8,,11458,0,188.6,388.0
241,young,15751,28,6,8816,0,8,2,0,861,3110,296,2806,1968982,75075.4,175895,13.6,104.4,1056.0,813025,1073.1,265.0,299.0,369.7,4787,0,792739,692873,0,0,0,0,0,0,0,0,0,0,0,0,292.0,0,0,357,445.5,5.6,25,24.9,0,296.4,,11491,0,189.5,390.0
242,young,11936,38,6,5170,0,8,1,0,815,3244,329,2569,1975143,75300.8,151283,11.8,116.2,1056.0,816220,1075.9,265.1,300.1,370.8,4790,0,796004,695827,0,0,0,0,0,0,0,0,0,0,0,0,292.0,0,0,357,397.4,5.6,25,24.7,0,308.2,,11531,0,190.2,391.5
243,young,21653,39,5,11815,0,11,1,1,960,5022,327,3761,1981887,75566.2,346870,28.3,144.5,1056.0,819022,1078.6,265.2,301.0,372.1,4797,0,798862,698316,0,0,0,0,0,0,0,0,0,0,0,0,292.0,0,1,356,296.6,5.6,25,24.2,0,336.5,,11568,0,190.8,392.8
244,full-cycle,31590,20,1412,0,0,0,1,0,1166,2735,293,1180,1988724,75812.4,661478,67.6,67.6,1056.0,822809,1082.8,265.4,302.4,374.1,4845,0,801692,701528,1432,19504,8229,509492,19,366,3924,0,0,0,2418,0,198.0,0,14,390,694.0,0.0,25,26.5,0,259.6,promoted,11666,0,191.8,394.8
245,young,18139,36,7,8437,0,13,2,1,827,6984,335,1732,2006652,76562.7,318197,31.5,99.1,1056.0,826376,1087.2,265.6,303.5,376.6,4903,0,805289,703634,0,0,0,0,0,0,0,0,0,0,0,0,198.0,0,0,404,587.7,0.0,25,22.9,0,291.1,,11680,0,192.7,396.6
246,young,18074,28,8,10552,0,43,1,1,934,3847,347,2569,2010120,76702.9,278083,22.5,121.6,1056.0,829836,1089.8,265.7,304.6,377.4,4907,0,808808,706911,0,0,0,0,0,0,0,0,0,0,0,1,198.0,0,0,404,490.8,0.0,25,22.6,0,313.6,,11725,0,193.5,398.3
247,young,18542,18,4,10411,0,12,1,1,963,3809,351,3284,2014271,76911.1,299155,23.8,145.4,1056.0,833677,1106.3,279.2,306.2,378.2,4913,0,812695,710574,0,0,0,0,0,0,0,0,0,0,0,0,198.0,0,0,404,395.8,0.0,25,22.2,0,337.4,,11758,0,194.4,400.1
248,full-cycle,30380,96,3229,0,0,0,2,0,1298,5985,254,1315,2020928,77145.5,594923,63.5,63.5,1056.0,837443,1109.1,279.3,307.5,379.0,4923,0,816437,714169,3325,15343,9875,437718,11,2529,31,0,0,0,1829,0,250.0,1,0,377,662.1,1.9,25,28.6,0,256.0,promoted,11820,0,195.2,401.9
249,young,15104,28,7,4491,0,10,1,0,753,7954,322,1765,2041607,77869.2,289044,25.5,89.1,1056.0,841797,1113.6,279.5,308.8,381.4,4957,0,820859,716743,0,0,0,0,0,0,0,0,0,0,0,0,250.0,0,0,378,558.1,1.9,25,26.0,0,281.1,,11857,0,196.3,404.2
250,young,10884,23,7,5048,0,9,2,0,716,3265,306,1719,2046083,78026.7,138450,10.5,99.6,1056.0,844532,1115.5,279.6,309.7,381.8,4958,0,823625,719445,0,0,0,0,0,0,0,0,0,0,0,0,250.0,0,3,375,514.1,1.9,25,25.9,0,291.6,,11887,0,196.9,405.5
251,young,18980,32,6,13171,0,9,2,1,868,2136,321,2661,2051896,78279.7,261508,21.6,121.2,1056.0,847307,1118.2,279.7,310.7,383.0,4967,0,826476,721956,0,0,0,0,0,0,0,0,0,0,0,0,250.0,0,0,378,440.7,1.9,25,25.3,0,313.2,,11926,0,197.6,406.9
252,young,9546,27,7,2272,0,8,2,1,846,3259,346,3078,2057801,78515.6,135902,11.6,132.8,1056.0,850197,1120.6,279.8,311.7,383.8,4978,0,829428,724670,0,0,0,0,0,0,0,0,0,0,0,0,250.0,0,1,377,395.3,1.9,25,24.4,0,324.8,,11975,0,198.3,408.3
253,full-cycle,20154,24,1819,0,0,0,2,0,1013,506,151,1028,2064599,78797.9,448616,51.9,51.9,1056.0,853331,1123.8,279.9,312.7,385.3,4981,0,832626,727431,1843,10301,6465,433140,21,4430,476,0,0,0,1536,0,298.0,2,1,351,636.8,3.7,25,29.0,0,256.0,promoted,12055,0,199.0,409.7
254,young,8044,40,8,576,0,9,1,1,796,4458,300,2084,2082731,79458.8,155847,15.1,67.0,1056.0,857850,1129.4,280.1,315.1,387.6,5014,0,837207,730225,0,0,0,0,0,0,0,0,0,0,0,1,300.0,0,2,351,553.7,1.9,25,26.4,0,259.0,,12090,0,200.1,412.0
255,young,11641,24,6,7490,0,9,1,0,746,2103,288,1175,2086229,79636.2,183942,14.9,81.8,1056.0,860101,1131.2,280.2,315.8,388.2,5016,0,839503,732350,0,0,0,0,0,0,0,0,0,0,0,0,300.0,0,3,350,498.7,1.9,25,26.3,0,273.8,,12121,0,200.6,413.1
256,young,13107,31,9,7300,0,9,1,0,807,3153,303,1730,2090994,79853.6,200742,15.8,97.7,1056.0,862510,1134.0,280.3,316.7,389.6,5020,0,841961,734373,0,0,0,0,0,0,0,0,0,0,0,0,300.0,0,0,353,442.9,1.9,25,26.1,0,289.7,,12157,0,201.2,414.3
257,young,16234,23,6,6830,0,12,1,1,872,5788,312,2621,2096199,80087.3,239981,18.8,116.4,1056.0,865062,1137.1,280.4,317.6,391.3,5020,0,844573,736482,0,0,0,0,0,0,0,0,0,0,0,1,300.0,0,0,353,371.7,1.9,25,26.1,0,308.4,,12187,0,201.8,415.4
258,full-cycle,34911,29,6301,0,0,0,1,1,1277,2215,289,1295,2104239,80357.1,577881,61.3,61.3,1056.0,868757,1141.8,280.5,319.0,393.8,5071,0,848145,739488,6330,17458,7045,473442,17,675,2838,0,0,0,4056,0,268.0,6,24,339,598.9,11.2,25,26.5,0,256.0,promoted,12307,0,202.6,417.1
259,young,7804,31,7,1189,0,9,1,1,722,5078,315,688,2119171,80966.8,139567,17.2,78.5,1056.0,871118,1146.0,280.6,319.8,396.7,5127,0,850527,740927,0,0,0,0,0,0,0,0,0,0,0,0,270.0,0,0,368,568.7,9.4,25,23.2,0,270.5,,12314,0,203.1,418.2
260,young,10861,31,8,6078,0,8,1,1,768,2206,304,1636,2123375,81154.0,100724,8.5,87.0,1056.0,874830,1149.7,280.8,321.9,397.6,5128,0,854311,744475,0,0,0,0,0,0,0,0,0,0,0,0,270.0,0,0,368,512.4,9.4,25,23.1,0,279.0,,12356,0,204.0,419.9
261,young,13787,23,7,3527,0,11,1,0,836,7552,298,1736,2130034,81380.3,231253,18.5,105.5,1056.0,877696,1169.7,298.1,322.8,398.7,5130,0,857247,747048,0,0,0,0,0,0,0,0,0,0,0,0,270.0,0,0,368,434.9,9.4,25,22.9,0,297.5,,12400,0,204.6,421.2
262,young,14274,30,7,7332,0,12,1,1,870,3350,316,2575,2137550,81597.4,173372,14.3,119.8,1056.0,880649,1173.0,298.2,323.8,400.5,5144,0,860260,749543,0,0,0,0,0,0,0,0,0,0,0,0,270.0,0,0,368,386.7,9.4,25,22.1,0,311.8,,12433,0,205.3,422.5
263,young,16583,31,6,5112,0,11,2,1,948,6792,335,3582,2144546,81864.8,247286,19.1,138.9,1056.0,884001,1175.3,298.3,325.0,401.0,5144,0,863667,752819,0,0,0,0,0,0,0,0,0,0,0,0,270.0,0,0,368,308.3,9.4,25,22.1,0,330.9,,12468,0,206.2,424.3
264,full-cycle,27169,24,1135,0,0,0,1,0,1335,2334,293,1350,2152094,82145.4,562684,61.6,61.6,1056.0,887928,1179.6,298.5,326.4,403.0,5167,0,866738,756127,1159,19020,4534,516099,24,753,65,0,0,0,2449,0,226.0,1,15,374,678.3,1.9,25,26.4,0,256.0,promoted,12549,0,207.1,426.1
265,young,11437,36,9,6265,0,9,1,0,719,3067,341,1251,2170305,82885.8,160661,15.1,76.7,1056.0,891358,1184.3,298.7,327.6,405.8,5177,0,870198,758284,0,0,0,0,0,0,0,0,0,0,0,0,228.0,0,0,389,616.1,0.0,25,25.7,0,268.7,,12565,0,207.9,427.8
266,young,12579,30,6,6252,0,8,1,0,790,3828,320,1567,2174369,83077.5,159185,12.9,89.6,1056.0,894123,1186.4,298.8,328.5,406.4,5184,0,873022,760950,0,0,0,0,0,0,0,0,0,0,0,0,228.0,0,2,387,570.3,0.0,25,25.2,0,281.6,,12604,0,208.5,429.1
267,young,16769,32,8,6961,0,10,2,1,869,6422,325,2370,2180718,83313.2,286563,23.8,113.4,1056.0,896843,1189.5,298.9,329.4,408.1,5199,0,875799,763229,0,0,0,0,0,0,0,0,0,0,0,0,228.0,0,0,389,477.5,0.0,25,24.1,0,305.4,,12648,0,209.2,430.5
268,young,13632,28,34,6313,0,8,1,0,845,3704,344,2595,2187304,83514.2,222250,17.8,131.1,1056.0,899883,1192.2,299.0,330.4,409.2,5204,0,878924,765987,0,0,0,0,0,0,0,0,0,0,0,0,228.0,0,0,389,399.4,0.0,25,23.8,0,323.1,,12698,0,209.9,431.8
269,full-cycle,30245,32,3377,0,0,0,2,1,1221,1449,279,1237,2194761,83777.9,558724,60.3,60.3,1056.0,904116,1196.1,299.2,331.8,410.8,5234,0,883210,769749,3409,18108,5802,533120,20,2885,204,0,0,0,2906,0,268.0,2,17,350,624.9,3.6,25,25.9,0,256.0,promoted,12789,0,210.9,434.0
270,young,18266,28,5,10083,0,12,1,1,824,5734,298,1535,2209130,84459.8,347063,32.6,92.9,1056.0,906865,1200.3,299.3,332.7,413.7,5274,0,885978,771498,0,0,0,0,0,0,0,0,0,0,0,0,268.0,0,0,369,535.0,3.6,25,23.5,0,284.9,,12797,0,211.5,435.2
271,young,16438,24,7,7022,0,10,1,1,922,5422,316,2928,2212322,84601.3,241463,18.5,111.4,1056.0,911313,1203.7,299.7,334.0,414.7,5277,0,890473,775688,0,0,0,0,0,0,0,0,0,0,0,0,268.0,0,0,369,443.2,3.6,25,23.3,0,303.4,,12829,0,212.6,437.5
272,young,15541,50,7,5275,0,10,1,1,888,6418,338,2774,2217604,84808.7,232669,18.4,129.8,1056.0,914073,1206.7,299.8,335.0,416.1,5283,0,893296,778090,0,0,0,0,0,0,0,0,0,0,0,0,268.0,0,0,369,373.3,3.6,25,22.8,0,321.8,,12866,0,213.1,438.7
273,full-cycle,37951,161,6142,0,0,0,1,1,1373,4780,305,1390,2224247,85064.3,659932,68.2,68.2,1056.0,917828,1229.3,316.7,338.5,417.8,5302,0,896697,781385,6303,19476,10077,550776,21,3792,86,0,0,0,2079,0,250.0,2,2,373,644.6,3.6,26,30.8,0,260.2,promoted,12950,0,214.0,440.4
274,young,13819,32,7,6775,0,10,1,1,798,4722,323,1364,2240733,85750.4,191936,19.1,87.3,1056.0,921867,1232.9,316.9,340.6,418.5,5345,0,900802,785124,0,0,0,0,0,0,0,0,0,0,0,0,250.0,0,0,377,560.1,3.6,26,27.5,0,279.3,,12994,0,215.0,442.5
275,young,13575,33,9,5104,0,11,1,0,844,4726,306,2747,2247488,85925.6,171804,13.8,101.1,1056.0,924926,1234.9,317.0,341.6,418.8,5357,0,903928,788172,0,0,0,0,0,0,0,0,0,0,0,0,250.0,0,2,375,502.6,3.6,26,26.7,0,293.1,,13041,0,215.7,444.0
276,young,16092,29,8,4597,0,11,1,1,851,8037,323,2463,2257036,86163.9,245691,19.2,120.3,1056.0,928125,1238.0,317.1,342.8,420.1,5361,0,907183,791052,0,0,0,0,0,0,0,0,0,0,0,0,250.0,0,0,377,424.9,3.6,26,26.5,0,312.3,,13076,0,216.4,445.4
277,young,17829,47,4,5411,0,12,1,0,1117,8197,327,2942,2263471,86393.5,271823,21.0,141.3,1056.0,931469,1240.8,317.2,343.9,421.2,5361,0,910568,794151,0,0,0,0,0,0,0,0,0,0,0,0,250.0,0,0,377,337.4,3.6,26,26.5,0,333.3,,13108,0,217.1,446.9
278,full-cycle,24820,33,4050,0,0,0,1,0,1131,2272,271,1148,2269542,86637.3,475918,53.4,53.4,1056.0,935001,1247.0,317.8,347.0,422.9,5361,0,913736,797318,4083,15077,3929,435641,12,468,23,0,0,0,1725,0,252.0,1,0,375,678.3,1.9,26,30.9,0,256.0,promoted,13167,0,217.9,448.5
279,young,20156,48,6,12347,0,9,2,1,782,4497,322,2375,2290188,87373.2,357443,34.9,88.3,1056.0,939414,1255.7,318.0,348.3,429.4,5453,0,918227,800017,0,0,0,0,0,0,0,0,0,0,0,0,254.0,0,0,375,555.6,0.0,26,24.5,0,280.3,,13218,0,219.0,450.9
280,young,16010,26,11,7739,0,9,1,1,769,4872,322,2500,2293771,87505.5,249435,20.4,108.7,1056.0,942091,1257.6,318.1,349.2,429.9,5463,0,920965,802635,0,0,0,0,0,0,0,0,0,0,0,0,254.0,0,1,374,479.2,0.0,26,23.9,0,300.7,,13264,0,219.6,452.2
281,young,11701,53,9,3608,0,10,1,1,799,4737,337,2379,2299015,87723.5,193469,14.5,123.2,1056.0,944726,1260.0,318.4,350.4,430.3,5463,0,923666,805217,0,0,0,0,0,0,0,0,0,0,0,0,254.0,0,0,375,426.8,0.0,26,23.9,0,315.2,,13309,0,220.2,453.4
282,full-cycle,29051,27,4100,0,0,0,2,0,1032,849,245,1050,2305680,87991.9,509495,56.8,56.8,1056.0,947820,1262.5,318.5,351.5,431.1,5477,0,926844,808169,4127,14408,8675,458676,19,4729,2019,0,0,0,1826,0,296.0,2,9,343,620.8,3.7,26,29.3,0,256.0,promoted,13396,0,221.0,454.9
283,young,15569,27,8,8244,0,13,1,0,794,4272,313,2147,2320845,88625.2,324331,30.6,87.4,1056.0,951655,1267.5,318.6,352.7,434.2,5520,0,930753,810062,0,0,0,0,0,0,0,0,0,0,0,0,298.0,0,0,353,519.5,1.9,26,26.2,0,279.4,,13436,0,222.1,457.1
284,young,13834,36,8,6328,0,13,2,1,810,4915,309,1625,2324387,88779.6,194692,15.4,102.7,1056.0,954320,1270.0,318.7,353.5,435.4,5522,0,933482,812404,0,0,0,0,0,0,0,0,0,0,0,0,298.0,0,0,353,456.4,1.9,26,26.1,0,294.7,,13478,0,222.7,458.4
285,young,10391,32,7,4510,0,9,1,0,933,2291,315,2514,2330815,89012.3,137411,11.3,114.0,1056.0,957006,1272.2,318.8,354.4,436.1,5530,0,936245,814979,0,0,0,0,0,0,0,0,0,0,0,1,298.0,0,3,350,403.2,1.9,26,25.6,0,306.0,,13521,0,223.4,459.7
286,young,13303,25,6,7180,0,7,1,0,896,2580,320,2515,2337168,89269.2,147914,12.2,126.2,1056.0,959897,1275.1,318.9,355.4,437.5,5530,0,939170,817510,0,0,0,0,0,0,0,0,0,0,0,0,298.0,0,2,351,349.5,1.9,26,25.6,0,318.2,,13550,0,224.0,461.1
287,full-cycle,41493,32,5432,0,0,0,2,1,1325,2572,288,1343,2345883,89569.6,694564,70.8,70.8,1056.0,963910,1279.7,319.1,356.8,439.8,5566,0,942852,820861,5464,18805,13398,498283,16,2437,7024,0,0,0,3802,1,262.0,3,24,344,594.2,5.6,26,28.2,0,262.8,promoted,13672,0,224.9,463.0
288,young,15506,31,8,6527,0,9,1,1,762,7162,322,924,2360590,90192.9,232564,22.0,92.8,1056.0,966715,1284.7,319.2,357.7,443.4,5577,0,945688,822498,0,0,0,0,0,0,0,0,0,0,0,1,264.0,0,1,369,540.6,3.7,26,27.3,0,284.8,,13686,0,225.6,464.4
289,young,13422,29,8,6910,0,9,1,0,830,3530,301,2015,2364733,90374.8,241110,19.3,112.1,1056.0,969333,1288.7,319.3,360.1,444.5,5581,0,948366,824859,0,0,0,0,0,0,0,0,0,0,0,1,264.0,0,0,370,465.2,3.7,26,27.1,0,304.1,,13726,0,226.2,465.6
290,young,12516,31,8,4962,0,9,1,1,893,4042,314,2470,2369298,90599.1,193306,15.0,127.1,1056.0,972526,1291.5,319.4,361.1,445.6,5581,0,951603,827735,0,0,0,0,0,0,0,0,0,0,0,0,264.0,0,0,370,396.0,3.7,26,27.1,0,319.1,,13760,0,226.9,467.1
291,young,18569,23,7,6900,0,9,2,1,977,6202,351,4361,2374668,90849.8,269882,21.4,148.4,1056.0,977385,1295.6,319.6,363.2,446.8,5581,0,956554,832341,0,0,0,0,0,0,0,0,0,0,0,0,264.0,0,3,367,285.8,3.7,26,27.1,0,340.4,,13811,0,228.0,469.4
292,full-cycle,34419,28,5483,0,0,0,1,0,1332,1021,260,1351,2382044,91085.2,585453,62.8,62.8,1056.0,980926,1298.8,319.8,364.5,447.9,5581,0,959237,835554,5511,22284,4678,584831,20,2218,62,0,0,0,1933,0,192.0,1,0,405,718.9,1.9,26,30.9,0,256.0,promoted,13866,0,228.9,471.1
293,young,11814,24,6,5147,0,10,1,0,787,4978,332,771,2398301,91853.3,206702,18.7,81.5,1056.0,983822,1302.4,320.7,366.5,448.1,5614,0,962190,838300,0,0,0,0,0,0,0,0,0,0,0,0,194.0,0,0,405,652.6,0.0,26,28.3,0,273.5,,13902,0,229.6,472.6
294,young,13687,23,5,4805,0,9,1,1,784,6612,301,1364,2403303,92044.4,224162,17.4,98.9,1056.0,986385,1304.9,320.8,367.4,449.3,5614,0,964796,840540,0,0,0,0,0,0,0,0,0,0,0,0,194.0,0,0,405,587.9,0.0,26,28.3,0,290.9,,13936,0,230.3,473.9
295,young,16439,28,9,6032,0,12,2,1,934,6806,319,2524,2410353,92265.8,230203,18.5,117.5,1056.0,989919,1309.2,320.9,368.5,450.9,5625,0,968379,843641,0,0,0,0,0,0,0,0,0,0,0,0,194.0,0,1,404,499.9,0.0,26,27.5,0,309.5,,13974,0,231.1,475.5
296,young,20431,33,6,10957,0,9,1,0,970,5212,347,3147,2416079,92484.6,306489,24.5,142.0,1056.0,993083,1311.7,321.0,369.6,451.7,5629,0,971626,846675,0,0,0,0,0,0,0,0,0,0,0,0,194.0,0,0,405,406.9,0.0,26,27.2,0,334.0,,14022,0,231.7,477.0
297,full-cycle,23907,46,4752,0,0,0,1,0,1223,3204,211,1239,2423368,92715.4,559844,61.1,61.1,1056.0,997304,1314.7,321.2,370.9,452.5,5637,0,975869,850733,4798,11700,5367,480337,19,878,20,0,0,0,2037,0,286.0,1,0,358,628.6,1.9,26,30.6,0,256.0,promoted,14078,0,232.7,479.0
298,young,14830,32,6,6051,0,8,1,1,701,6386,309,1551,2438934,93393.6,248934,22.0,83.1,1056.0,1000897,1316.6,321.3,372.0,452.7,5670,0,979505,854294,0,0,0,0,0,0,0,0,0,0,0,0,286.0,0,0,359,544.8,1.9,26,28.0,0,275.1,,14113,0,233.6,480.7
299,young,15718,19,7,9256,0,9,1,1,883,3292,316,2202,2442840,93567.3,279668,23.8,107.0,1056.0,1004135,1318.9,321.4,373.1,453.3,5693,0,982831,857410,0,0,0,0,0,0,0,0,0,0,0,0,286.0,0,0,359,450.5,1.9,26,26.4,0,299.0,,14161,0,234.4,482.3
300,young,17858,22,6,10431,0,10,1,0,810,3437,331,3071,2447521,93759.5,255042,19.6,126.5,1056.0,1007281,1321.5,321.5,374.1,454.3,5693,0,986059,860338,0,0,0,0,0,0,0,0,0,0,0,0,286.0,0,0,359,380.2,1.9,26,26.4,0,318.5,,14208,0,235.1,483.8
301,full-cycle,23379,19,2161,0,0,0,2,0,1026,1615,206,1041,2452251,94004.2,466517,52.3,52.3,1056.0,1010376,1324.1,321.7,375.1,455.3,5693,0,989177,863191,2180,16569,3022,423369,22,312,26,0,0,0,1602,0,314.0,1,0,344,618.2,1.9,26,31.2,0,256.0,promoted,14262,0,235.8,485.3
302,young,15531,58,6,6421,0,10,1,0,809,5847,303,2264,2469161,94645.4,285800,28.3,80.5,1056.0,1014796,1329.0,321.8,376.5,457.9,5775,0,993678,865812,0,0,0,0,0,0,0,0,0,0,0,0,314.0,0,3,342,510.3,1.9,26,25.6,0,272.5,,14304,0,237.0,487.7
303,young,13127,32,6,4726,0,9,1,1,756,6039,297,1461,2472662,94790.4,223404,18.2,98.7,1056.0,1017240,1331.0,321.9,377.5,458.3,5791,0,996197,868199,0,0,0,0,0,0,0,0,0,0,0,1,314.0,0,1,344,441.2,1.9,26,24.5,0,290.7,,14351,0,237.6,488.9
304,young,11112,48,7,3823,0,10,2,0,914,4009,316,2202,2477542,95004.9,191803,15.1,113.7,1056.0,1019803,1333.4,322.0,378.4,459.4,5791,0,998836,870557,0,0,0,0,0,0,0,0,0,0,0,0,314.0,0,0,345,380.7,1.9,26,24.5,0,305.7,,14399,0,238.2,490.1
305,young,17354,37,8,8272,0,12,2,0,906,5642,322,2367,2483103,95248.9,202660,16.0,129.7,1056.0,1022543,1337.3,322.1,379.3,461.7,5791,0,1001636,872937,0,0,0,0,0,0,0,0,0,0,0,0,314.0,0,0,345,303.9,1.9,26,24.5,0,321.7,,14443,0,238.8,491.3
306,full-cycle,37561,32,4994,0,0,0,2,1,1276,3252,300,1292,2490692,95523.2,598382,63.9,63.9,1056.0,1026196,1341.4,322.3,380.7,463.6,5825,0,1004537,876019,5026,17788,11610,433185,17,1993,5051,0,0,0,3116,0,210.0,4,19,374,669.3,7.5,26,28.5,0,256.0,promoted,14537,0,239.7,493.2
307,young,11132,38,6,5285,0,8,1,1,706,4389,328,610,2508618,96211.4,232105,20.5,84.4,1056.0,1028637,1346.6,322.4,381.5,467.5,5835,0,1006992,877512,0,0,0,0,0,0,0,0,0,0,0,0,210.0,0,0,397,624.6,7.5,26,27.9,0,276.4,,14541,0,240.2,494.3
308,young,15698,30,6,6110,0,10,1,1,886,6607,309,1944,2512857,96403.9,233064,18.4,102.8,1056.0,1031535,1349.3,322.5,382.4,468.9,5836,0,1009937,880068,0,0,0,0,0,0,0,0,0,0,0,0,210.0,0,3,394,544.1,7.5,26,27.8,0,294.8,,14575,0,240.9,495.7
309,young,16385,32,6,5383,0,9,1,0,885,6651,322,3309,2518268,96617.7,254567,21.0,123.8,1056.0,1035436,1352.9,322.6,383.6,470.6,5848,0,1013899,883615,0,0,0,0,0,0,0,0,0,0,0,0,210.0,0,0,397,448.3,7.5,26,26.9,0,315.8,,14615,0,241.8,497.6
310,young,14147,27,10,5688,0,9,1,0,946,4540,359,2824,2523183,96828.6,183095,15.3,139.1,1056.0,1038822,1356.0,322.7,384.7,472.0,5853,0,1017344,886647,0,0,0,0,0,0,0,0,0,0,0,0,210.0,0,0,397,382.3,7.5,26,26.5,0,331.1,,14660,0,242.6,499.3
311,full-cycle,29422,32,2382,0,0,0,2,1,1361,3770,295,1377,2529786,97114.9,575909,60.6,60.6,1056.0,1043107,1359.6,322.9,386.2,473.1,5895,0,1021365,890565,2414,18382,5985,482804,23,762,47,0,0,0,2627,0,236.0,1,16,367,659.1,1.9,26,28.2,0,256.0,promoted,14763,0,243.7,501.4
312,young,13483,35,7,6587,0,11,1,0,786,4678,325,1270,2545191,97835.3,329256,32.9,93.4,1056.0,1045793,1363.8,323.0,387.1,476.1,5947,0,1024082,892167,0,0,0,0,0,0,0,0,0,0,0,0,236.0,0,1,383,562.6,1.9,26,25.1,0,285.4,,14772,0,244.4,502.8
313,young,17613,36,8,10213,0,11,1,0,857,3898,339,2480,2549036,97980.3,228649,18.1,111.5,1056.0,1050302,1366.8,323.2,388.4,477.0,5953,0,1028645,896486,0,0,0,0,0,0,0,0,0,0,0,1,236.0,0,0,384,471.3,1.9,26,24.8,0,303.5,,14815,0,245.5,504.9
314,young,13737,39,7,5084,0,9,1,0,815,4660,357,2994,2553584,98187.7,206963,16.6,128.1,1056.0,1053248,1369.3,323.3,389.3,477.9,5969,0,1031670,899238,0,0,0,0,0,0,0,0,0,0,0,0,236.0,0,0,384,411.2,1.9,26,23.8,0,320.1,,14863,0,246.2,506.4
315,full-cycle,31875,25,6382,0,0,0,1,0,1279,1752,286,1295,2562865,98460.9,559179,60.9,60.9,1056.0,1057129,1373.3,323.4,390.7,479.8,6000,0,1035593,902610,6407,17700,5215,487596,18,609,1536,0,0,0,2543,0,272.0,3,15,348,622.5,5.6,26,27.8,0,256.0,promoted,14968,0,247.1,508.2
316,young,13221,94,4,3619,0,12,2,1,842,7446,290,1137,2579866,99140.7,252538,24.2,85.2,1056.0,1060303,1378.5,323.6,391.7,483.4,6041,0,1038795,904714,0,0,0,0,0,0,0,0,0,0,0,0,274.0,0,2,363,541.0,3.7,26,25.4,0,277.2,,14977,0,247.8,509.7
317,young,16901,32,7,6134,0,10,2,0,875,7373,315,2382,2583789,99299.6,268738,22.4,107.6,1056.0,1063335,1381.2,323.7,392.7,484.5,6064,0,1041878,907480,0,0,0,0,0,0,0,0,0,0,0,0,274.0,0,0,365,449.3,3.7,26,23.8,0,299.6,,15014,0,248.5,511.1
318,young,8818,22,8,1591,0,8,1,0,839,4072,328,2179,2588000,99497.0,123700,10.0,117.6,1056.0,1066003,1384.4,323.8,393.6,485.4,6067,0,1044619,909922,0,0,0,0,0,0,0,0,0,0,0,0,274.0,0,0,365,393.8,3.7,26,23.6,0,309.6,,15061,0,249.0,512.3
319,young,14895,31,8,5362,0,10,2,0,922,5141,342,3346,2595065,99752.9,206129,16.9,134.5,1056.0,1070221,1387.7,323.9,394.9,486.6,6067,0,1048889,913860,0,0,0,0,0,0,0,0,0,0,0,0,274.0,0,1,364,314.5,3.7,26,23.6,0,326.5,,15093,0,250.0,514.3
320,full-cycle,33632,35,4347,0,0,0,2,1,1286,1865,309,1301,2601626,100047.2,600063,63.5,63.5,1056.0,1074442,1392.9,324.2,396.4,489.3,6104,0,1052290,917084,4382,17806,7211,507543,17,789,3234,0,0,0,4217,0,184.0,4,30,376,679.3,7.4,26,28.0,0,256.0,promoted,15209,0,251.0,516.3
321,young,14813,31,8,7538,0,12,1,1,843,5428,330,865,2618669,100761.7,275431,25.7,89.2,1056.0,1076746,1399.4,326.8,397.3,492.1,6113,0,1054644,918536,0,0,0,0,0,0,0,0,0,0,0,0,184.0,0,0,410,631.1,7.4,26,27.4,0,281.2,,15221,0,251.6,517.5
322,young,19949,23,8,12424,0,10,1,1,873,4264,314,2273,2622444,100930.4,286451,23.7,112.9,1056.0,1079706,1401.9,326.9,398.2,493.1,6137,0,1057625,921187,0,0,0,0,0,0,0,0,0,0,0,0,184.0,0,0,410,547.0,7.4,26,26.0,0,304.9,,15251,0,252.2,518.9
323,young,13244,23,6,5719,0,10,2,1,850,4107,339,2433,2628101,101140.5,214411,16.4,129.4,1056.0,1082735,1405.3,327.0,399.3,494.4,6137,0,1060706,923949,0,0,0,0,0,0,0,0,0,0,0,0,184.0,0,0,410,482.9,7.4,26,26.0,0,321.4,,15283,0,252.9,520.3
324,full-cycle,25166,26,5342,0,0,0,1,0,1071,1654,262,1086,2633887,101397.2,479906,55.0,55.0,1056.0,1087257,1408.8,327.1,400.7,495.7,6137,0,1065258,928111,5367,15042,3142,436818,18,351,25,0,0,0,1611,0,290.0,1,0,356,637.8,1.9,26,29.9,0,256.0,promoted,15344,0,254.0,522.4
325,young,13660,30,7,3226,1,10,1,0,775,7024,309,2483,2649918,102056.7,347239,32.0,87.1,1056.0,1091927,1412.4,327.3,402.0,497.2,6205,0,1069975,931401,0,0,0,0,0,0,0,0,0,0,0,0,290.0,0,2,355,513.8,1.9,26,25.3,0,279.1,,15379,0,255.1,524.9
326,young,11959,27,32,5592,0,10,1,0,893,3341,317,1962,2652887,102186.6,147226,11.6,98.7,1056.0,1094666,1414.1,327.4,402.9,497.5,6208,0,1072761,934108,0,0,0,0,0,0,0,0,0,0,0,0,290.0,0,0,357,464.4,1.9,26,25.1,0,290.7,,15413,0,255.7,526.2
327,young,15464,23,6,8510,0,11,2,0,822,3352,326,2632,2658016,102430.8,224301,17.9,116.6,1056.0,1097185,1416.6,327.5,403.7,498.6,6210,0,1075341,936327,0,0,0,0,0,0,0,0,0,0,0,0,290.0,0,0,357,402.1,1.9,26,25.0,0,308.6,,15447,0,256.3,527.4
328,young,16941,33,12,6106,0,11,1,1,948,6349,338,3381,2663983,102676.9,250003,21.0,137.7,1056.0,1099939,1419.4,327.6,404.7,499.8,6229,0,1078155,938774,0,0,0,0,0,0,0,0,0,0,0,0,290.0,0,0,357,326.7,1.9,26,23.6,0,329.7,,15493,0,257.0,528.7
329,full-cycle,29919,24,4366,0,0,0,2,0,1278,967,153,1294,2673015,102945.9,577241,61.9,61.9,1056.0,1103233,1424.0,327.8,405.9,502.4,6255,0,1081274,941403,4390,18603,3590,557833,23,1267,33,0,0,0,3325,0,274.0,4,19,341,607.3,7.5,27,31.1,0,256.0,promoted,15593,0,257.8,530.4
330,young,11461,24,5,6613,0,9,2,0,742,2868,301,1120,2693314,103597.6,204603,18.3,80.1,1056.0,1106140,1428.7,327.8,406.8,505.6,6261,0,1084204,943236,0,0,0,0,0,0,0,0,0,0,0,0,276.0,0,0,363,562.8,5.6,27,30.6,0,272.1,,15602,0,258.4,531.7
331,young,10742,28,7,2637,0,12,1,1,810,5457,296,1704,2698465,103779.6,167437,13.5,93.6,1056.0,1109341,1432.0,328.0,407.9,507.3,6263,0,1087459,945984,0,0,0,0,0,0,0,0,0,0,0,0,276.0,0,0,363,493.7,5.6,27,30.5,0,285.6,,15635,0,259.2,533.3
332,young,14256,27,8,5086,0,11,1,0,910,4980,306,3149,2703800,104000.8,230327,18.2,111.9,1056.0,1112038,1434.4,328.1,408.7,508.3,6263,0,1090202,948423,0,0,0,0,0,0,0,0,0,0,0,0,276.0,0,0,363,412.7,5.6,27,30.5,0,303.9,,15664,0,259.7,534.4
333,young,17824,24,6,5126,0,12,2,0,920,7869,335,3779,2709238,104217.7,278528,22.6,134.4,1056.0,1115898,1437.8,328.2,409.9,509.6,6263,0,1094121,951939,0,0,0,0,0,0,0,0,0,0,0,0,276.0,0,0,363,321.5,5.6,27,30.5,0,326.4,,15699,0,260.6,536.3
334,full-cycle,31811,28,3717,0,0,0,1,0,1237,3327,311,1258,2716223,104500.7,581895,60.9,60.9,1056.0,1119833,1442.1,328.4,411.4,511.6,6311,0,1097277,955278,3745,18644,6380,497550,16,1739,36,0,0,0,3027,0,208.0,4,21,372,668.5,7.5,27,30.6,0,256.0,promoted,15814,0,261.5,538.0
335,young,11000,22,7,1974,0,11,1,1,721,7396,307,805,2733022,105218.5,229369,24.6,85.5,1056.0,1122319,1446.6,328.5,412.2,514.8,6367,0,1099788,956699,0,0,0,0,0,0,0,0,0,0,0,0,210.0,0,0,396,609.8,5.6,27,27.2,0,277.5,,15818,0,262.1,539.3
336,young,13718,22,24,4872,0,15,2,1,988,5347,303,2359,2737693,105386.5,266506,20.4,105.9,1056.0,1126206,1450.0,328.8,413.6,516.0,6367,0,1103762,960314,0,0,0,0,0,0,0,0,0,0,0,0,210.0,0,1,395,502.5,5.6,27,27.2,0,297.9,,15865,0,262.8,540.9
337,young,13779,24,8,3964,0,9,2,1,843,6364,337,2477,2743712,105574.3,243541,19.6,125.5,1056.0,1129289,1452.8,328.9,414.6,517.2,6381,0,1106927,963094,0,0,0,0,0,0,0,0,0,0,0,0,210.0,0,0,396,424.9,5.6,27,26.4,0,317.5,,15914,0,263.6,542.4
338,full-cycle,28993,24,4488,0,0,0,1,0,1111,1608,180,1127,2749860,105816.3,577435,62.8,62.8,1056.0,1132851,1456.1,329.0,415.8,518.5,6406,0,1110555,966326,4512,18421,3902,542897,20,1114,25,0,0,0,2152,0,278.0,1,15,346,622.4,1.9,27,30.0,0,256.0,promoted,15998,0,264.3,543.9
339,young,12396,31,7,7134,0,11,2,1,902,3017,306,1199,2766112,106473.3,185677,17.3,80.2,1056.0,1136028,1461.5,329.3,417.4,521.5,6414,0,1113760,968070,0,0,0,0,0,0,0,0,0,0,0,1,278.0,0,0,362,563.4,1.9,27,29.4,0,272.2,,16009,0,265.1,545.6
340,young,12874,22,6,5128,0,9,2,1,799,5008,311,1787,2772664,106659.3,182839,14.5,94.7,1056.0,1138596,1463.2,329.4,418.3,521.8,6414,0,1116374,970620,0,0,0,0,0,0,0,0,0,0,0,0,278.0,0,0,362,503.3,1.9,27,29.4,0,286.7,,16040,0,265.7,546.8
341,young,13736,33,6,4237,0,11,1,1,800,5935,331,2637,2778720,106886.6,184982,14.3,109.0,1056.0,1142037,1466.2,329.7,419.4,522.6,6414,0,1119878,973870,0,0,0,0,0,0,0,0,0,0,0,0,278.0,0,0,362,433.6,1.9,27,29.4,0,301.0,,16078,0,266.5,548.4
342,young,18790,60,6,9379,0,12,2,0,1138,4880,329,3232,2784543,107119.1,318790,25.1,134.1,1056.0,1145388,1470.9,329.8,420.6,525.4,6414,0,1123268,976951,0,0,0,0,0,0,0,0,0,0,0,0,278.0,0,0,362,330.1,1.9,27,29.4,0,326.1,,16109,0,267.2,549.8
343,full-cycle,39097,22,5675,0,0,0,1,1,1337,5151,332,1353,2790755,107357.7,639114,64.7,64.7,1056.0,1150078,1475.9,330.1,422.7,527.3,6437,0,1126956,981137,5697,17241,13021,446939,22,5013,1476,0,0,0,3049,0,168.0,8,18,391,693.3,14.7,27,32.2,0,256.7,promoted,16198,0,268.3,552.1
344,young,11993,32,7,8202,0,9,1,0,773,2108,325,760,2810032,108087.8,127840,14.7,79.4,1056.0,1152895,1481.3,330.2,423.6,531.3,6471,0,1129774,982796,0,0,0,0,0,0,0,0,0,0,0,0,168.0,0,0,417,649.4,14.7,27,30.0,0,271.4,,16207,0,269.0,553.6
345,young,11286,31,6,5922,0,8,1,1,791,2514,303,1919,2814266,108277.0,134089,10.6,90.0,1056.0,1156997,1483.8,330.3,424.8,531.9,6471,0,1133930,986762,0,0,0,0,0,0,0,0,0,0,0,0,168.0,0,2,415,587.6,14.7,27,30.0,0,282.0,,16239,0,270.0,555.6
346,young,20097,37,7,10940,0,10,2,1,921,5686,328,2411,2819802,108498.7,298400,23.6,113.6,1056.0,1159985,1486.9,330.4,425.8,533.4,6471,0,1136963,989364,0,0,0,0,0,0,0,0,0,0,0,1,168.0,0,0,417,495.2,14.7,27,30.0,0,305.6,,16272,0,270.7,557.0
347,young,16725,28,6,7073,0,13,1,1,956,5515,349,3050,2825267,108705.0,217713,16.4,130.0,1056.0,1163309,1490.1,330.5,426.9,534.9,6471,0,1140331,992326,0,0,0,0,0,0,0,0,0,0,0,0,168.0,0,0,417,426.5,14.7,27,30.0,0,322.0,,16304,0,271.5,558.7
348,full-cycle,25560,285,3545,0,0,0,1,0,1091,1772,256,1107,2831807,108957.5,525669,56.2,56.2,1056.0,1166851,1493.6,330.7,428.2,536.5,6472,0,1143917,995481,3830,16520,3501,474639,19,563,35,0,0,0,1703,0,260.0,1,0,370,658.7,1.9,27,34.1,0,256.0,promoted,16367,0,272.4,560.5
349,young,16676,32,8,7867,0,12,1,0,816,6191,309,1666,2847934,109663.3,303264,29.4,85.6,1056.0,1170167,1495.4,330.8,429.1,536.7,6552,0,1147291,998726,0,0,0,0,0,0,0,0,0,0,0,0,262.0,0,1,369,545.6,0.0,27,28.8,0,277.6,,16402,0,273.2,562.2
350,young,11143,23,7,6934,0,9,1,0,785,1850,322,1456,2851238,109807.5,124500,10.0,95.6,1056.0,1173007,1497.2,330.9,430.1,536.9,6560,0,1150187,1001544,0,0,0,0,0,0,0,0,0,0,0,0,262.0,0,1,369,500.3,0.0,27,28.3,0,287.6,,16435,0,273.8,563.6
351,young,16983,28,7,9450,0,9,1,0,852,4324,325,2220,2858091,110055.7,242529,19.6,115.2,1056.0,1175531,1499.5,331.0,431.0,537.9,6561,0,1152759,1003856,0,0,0,0,0,0,0,0,0,0,0,0,262.0,0,0,370,427.8,0.0,27,28.2,0,307.2,,16467,0,274.4,564.7
352,young,14676,48,7,7498,0,8,2,0,870,3175,342,2964,2863054,110284.7,222360,18.4,133.6,1056.0,1178827,1502.4,331.1,432.0,539.0,6579,0,1156115,1006884,0,0,0,0,0,0,0,0,0,0,0,0,262.0,0,0,370,360.4,0.0,27,26.9,0,325.6,,16515,0,275.2,566.3
353,full-cycle,25323,31,4206,0,0,0,1,0,1220,712,216,1235,2870286,110561.0,481498,53.4,53.4,1056.0,1183051,1524.8,346.0,436.4,541.4,6607,0,1160423,1010470,4238,13932,4183,478289,20,2056,155,0,0,0,2957,0,274.0,4,22,338,618.4,7.5,27,30.7,0,256.0,promoted,16639,0,276.1,568.2
354,young,11146,59,8,2727,0,12,2,1,746,6878,293,644,2885635,111219.2,205345,23.5,76.9,1056.0,1185415,1529.1,346.1,437.2,544.5,6682,0,1162773,1011865,0,0,0,0,0,0,0,0,0,0,0,0,274.0,0,2,362,569.9,7.5,27,26.0,0,268.9,,16648,0,276.6,569.2
355,young,17579,26,7,6122,0,13,2,1,820,8708,297,1792,2890032,111394.5,286357,22.3,99.3,1056.0,1188867,1532.2,346.2,438.2,545.9,6682,0,1166286,1014945,0,0,0,0,0,0,0,0,0,0,0,0,274.0,0,0,364,461.6,7.5,27,26.0,0,291.3,,16685,0,277.3,570.7
356,young,15568,29,6,8506,0,10,1,0,866,3788,332,2274,2894223,111567.6,231311,18.3,117.6,1056.0,1191581,1534.6,346.3,439.0,547.0,6682,0,1169050,1017385,0,0,0,0,0,0,0,0,0,0,0,0,274.0,0,0,364,390.8,7.5,27,26.0,0,309.6,,16718,0,278.0,572.0
357,full-cycle,31084,30,4508,0,0,0,1,0,1045,1213,253,1061,2901508,111832.9,509595,56.0,56.0,1056.0,1195816,1539.7,346.5,440.5,549.7,6727,0,1173405,1020876,4538,17224,5539,442378,22,506,2730,0,0,0,3773,0,290.0,3,22,331,596.6,5.6,27,29.3,0,256.0,promoted,16850,0,278.9,574.1
358,young,21711,149,7,12340,0,13,2,1,819,7059,280,1285,2915971,112442.1,369594,36.2,92.2,1056.0,1198215,1543.7,346.5,441.3,552.5,6782,0,1175824,1022348,0,0,0,0,0,0,0,0,0,0,0,0,290.0,0,0,356,514.7,5.6,27,26.0,0,284.2,,16856,0,279.5,575.3
359,young,14898,31,6,5686,0,12,2,1,787,5569,300,2724,2919593,112582.8,194279,14.8,107.0,1056.0,1202616,1546.4,346.7,442.5,553.2,6782,0,1180292,1026627,0,0,0,0,0,0,0,0,0,0,0,0,290.0,0,3,353,432.4,5.6,27,26.0,0,299.0,,16903,0,280.5,577.2
360,young,17539,34,8,5333,0,12,1,1,924,8017,300,3112,2925151,112796.9,284479,22.5,129.5,1056.0,1205423,1549.7,346.8,443.5,555.0,6782,0,1183153,1029001,0,0,0,0,0,0,0,0,0,0,0,0,290.0,0,0,356,343.8,5.6,27,26.0,0,321.5,,16934,0,281.1,578.6
361,full-cycle,31624,23,4724,0,0,0,1,1,1279,1823,300,1295,2932114,113054.3,562122,60.4,60.4,1056.0,1209506,1554.5,347.0,444.9,557.5,6824,0,1186688,1032329,4747,15561,8223,439967,15,1712,3372,0,0,0,3073,0,226.0,4,24,360,649.6,7.5,27,29.4,0,256.0,promoted,17042,0,282.1,580.6
362,young,17658,36,8,5226,0,12,1,1,768,10409,314,1105,2948653,113757.8,326342,30.5,90.9,1056.0,1211979,1558.6,347.1,445.7,560.3,6836,0,1189164,1033790,0,0,0,0,0,0,0,0,0,0,0,0,228.0,0,0,387,575.6,5.6,27,28.6,0,282.9,,17047,0,282.7,581.8
363,young,17369,31,7,9347,0,10,1,1,797,4823,300,2245,2952138,113912.1,256283,19.5,110.3,1056.0,1215594,1560.9,347.2,446.8,560.8,6836,0,1192854,1037348,0,0,0,0,0,0,0,0,0,0,0,0,228.0,0,0,387,491.5,5.6,27,28.6,0,302.3,,17094,0,283.5,583.5
364,young,17390,33,17,6928,0,10,1,0,913,6381,314,3014,2959930,114126.7,268809,21.8,132.1,1056.0,1218971,1564.0,347.3,447.9,562.3,6850,0,1196299,1040514,0,0,0,0,0,0,0,0,0,0,0,0,228.0,0,0,387,404.4,5.6,27,27.8,0,324.1,,17138,0,284.3,585.1
365,full-cycle,38323,33,5426,0,0,0,2,0,1222,1818,298,1238,2966961,114395.2,622589,66.2,66.2,1056.0,1223555,1568.8,347.5,449.4,564.7,6885,0,1200908,1044413,5460,19837,8339,529724,19,705,4554,0,0,0,4678,0,244.0,3,27,349,615.0,5.6,27,30.2,0,258.2,promoted,17254,0,285.3,587.2
366,young,12478,24,7,4673,0,10,1,0,683,6235,318,754,2984937,115048.7,207445,20.1,86.3,1056.0,1226353,1573.2,347.6,450.5,567.5,6916,0,1203746,1046205,0,0,0,0,0,0,0,0,0,0,0,0,244.0,0,0,379,583.6,5.6,27,28.0,0,278.3,,17275,0,286.0,588.6
367,young,10602,31,7,2788,0,10,2,0,805,4725,303,2126,2989158,115237.1,132155,11.0,97.3,1056.0,1229900,1575.9,347.7,451.5,568.5,6924,0,1207361,1049608,0,0,0,0,0,0,0,0,0,0,0,0,244.0,0,2,377,508.7,5.6,27,27.5,0,289.3,,17319,0,286.7,590.2
368,young,12649,28,5,3052,0,13,2,1,1019,6178,325,2313,2994505,115456.2,220308,18.2,115.6,1056.0,1233304,1578.1,347.9,452.6,568.9,6926,0,1210833,1052987,0,0,0,0,0,0,0,0,0,0,0,0,244.0,0,0,379,441.5,5.6,27,27.4,0,307.6,,17358,0,287.6,592.0
369,young,20395,26,7,11619,0,10,2,1,886,4450,343,3339,2999990,115694.6,254955,19.5,135.0,1056.0,1236024,1582.6,348.0,453.5,570.6,6926,0,1213617,1055261,0,0,0,0,0,0,0,0,0,0,0,0,244.0,0,0,379,378.4,5.6,27,27.4,0,327.0,,17390,0,288.2,593.3
370,full-cycle,35668,31,4900,0,0,0,1,1,1218,2366,269,1235,3007977,115985.8,610591,65.0,65.0,1056.0,1240293,1587.4,348.1,455.0,573.0,6966,0,1217795,1058833,4931,17701,9718,509728,17,3018,3076,0,0,0,3299,0,282.0,4,23,333,588.4,7.4,27,29.5,0,257.0,promoted,17503,0,289.2,595.3
371,young,17033,22,6,7945,0,9,1,0,778,7141,304,1032,3023952,116641.4,259538,24.3,89.3,1056.0,1243200,1591.8,348.2,455.9,576.0,6981,0,1220722,1060625,0,0,0,0,0,0,0,0,0,0,0,0,282.0,0,2,358,518.9,7.4,27,28.4,0,281.3,,17513,0,289.8,596.6
372,young,15156,28,8,6334,0,10,1,1,876,6062,303,1749,3028595,116801.2,218800,18.4,107.7,1056.0,1245931,1593.4,348.3,456.8,576.1,6999,0,1223512,1063392,0,0,0,0,0,0,0,0,0,0,0,0,282.0,0,1,359,452.3,7.4,27,27.4,0,299.7,,17555,0,290.5,597.9
373,young,16142,34,8,7241,0,7,2,0,944,5109,319,2714,3034158,117026.4,199372,15.4,123.1,1056.0,1249636,1609.5,361.0,458.9,576.8,6999,0,1227300,1066987,0,0,0,0,0,0,0,0,0,0,0,0,282.0,0,3,357,377.8,7.4,27,27.4,0,315.1,,17600,0,291.4,599.8
374,young,14990,26,6,4777,0,11,1,1,964,5574,334,3532,3040079,117267.3,244089,19.3,142.4,1056.0,1253246,1612.6,361.1,460.1,578.1,6999,0,1230954,1070306,0,0,0,0,0,0,0,0,0,0,0,0,282.0,0,0,360,290.9,7.4,27,27.4,0,334.4,,17632,0,292.3,601.5
375,full-cycle,29756,24,6041,0,0,0,2,0,1124,1121,184,1141,3046541,117530.2,541609,59.3,59.3,1056.0,1256894,1616.0,361.3,461.4,579.3,7021,0,1234025,1073538,6065,17942,3429,523804,21,1108,32,0,0,0,2315,0,252.0,1,13,361,653.2,1.9,27,31.0,0,256.0,promoted,17721,0,293.2,603.3
376,young,14969,37,7,5709,0,12,1,1,754,6665,327,1676,3062444,118235.9,255935,22.8,82.1,1056.0,1260236,1620.4,361.5,462.5,582.0,7031,0,1237402,1075477,0,0,0,0,0,0,0,0,0,0,0,0,252.0,0,0,375,577.2,1.9,27,30.2,0,274.1,,17730,0,294.0,605.1
377,young,21310,30,7,13241,0,12,1,1,862,4759,314,2315,3065916,118405.6,301596,23.6,105.7,1056.0,1263312,1622.3,361.6,463.5,582.3,7031,0,1240539,1078509,0,0,0,0,0,0,0,0,0,0,0,0,252.0,0,2,373,490.0,1.9,27,30.2,0,297.7,,17765,0,294.8,606.7
378,young,18446,30,8,10789,0,12,1,1,847,3836,336,2842,3072163,118606.6,254403,21.2,126.8,1056.0,1266033,1625.5,361.7,464.4,584.1,7044,0,1243332,1080907,0,0,0,0,0,0,0,0,0,0,0,0,252.0,0,0,375,419.8,1.9,27,29.2,0,318.8,,17808,0,295.4,608.0
379,full-cycle,26104,29,1960,0,0,0,2,0,1116,2031,189,1133,3078389,118872.6,477383,54.5,54.5,1056.0,1269647,1629.1,361.8,465.7,585.6,7090,0,1247060,1084122,1988,10994,9609,398384,24,5329,1087,0,0,0,3417,0,300.0,2,21,328,598.8,3.7,27,29.9,0,256.0,promoted,17914,0,296.3,609.7
380,young,16930,52,6,10008,0,9,2,1,742,4945,291,1083,3093159,119493.9,309677,27.9,82.4,1056.0,1272167,1632.9,361.9,466.5,588.1,7104,0,1249589,1085770,0,0,0,0,0,0,0,0,0,0,0,0,300.0,0,2,349,527.3,3.7,27,29.0,0,274.4,,17920,0,296.8,610.9
381,young,10038,30,7,1965,0,8,2,1,748,5234,308,1963,3096167,119653.3,158732,12.2,94.6,1056.0,1275400,1635.0,362.0,467.4,588.7,7106,0,1252894,1088908,0,0,0,0,0,0,0,0,0,0,0,0,300.0,0,3,348,467.2,3.7,27,28.9,0,286.6,,17956,0,297.6,612.5
382,young,17017,31,7,6612,0,9,1,0,849,6486,320,2928,3102467,119879.3,282806,21.7,116.3,1056.0,1278551,1638.3,362.1,468.5,590.4,7106,0,1256085,1091616,0,0,0,0,0,0,0,0,0,0,0,0,300.0,0,0,351,369.9,3.7,27,28.9,0,308.3,,17984,0,298.4,614.0
383,young,12721,26,7,4994,0,8,2,0,895,3875,330,2827,3106890,120085.2,214675,17.1,133.4,1056.0,1281527,1641.1,362.2,469.4,591.6,7109,0,1259112,1094242,0,0,0,0,0,0,0,0,0,0,0,0,300.0,0,0,351,296.9,3.7,27,28.7,0,325.4,,18016,0,299.1,615.4
384,full-cycle,41506,25,3823,0,0,0,2,1,1345,2188,306,1362,3113120,120359.5,727073,71.9,71.9,1056.0,1285468,1645.5,362.5,471.0,593.5,7131,0,1261986,1097574,3848,20271,13755,479008,14,696,9489,0,0,0,3617,1,184.0,2,20,387,675.3,3.7,27,32.7,0,263.9,promoted,18110,0,300.0,617.3
385,young,10350,29,7,5417,0,11,2,1,796,3259,322,738,3132522,121068.9,170208,15.8,87.7,1056.0,1288301,1650.1,362.6,471.9,596.6,7141,0,1264832,1099393,0,0,0,0,0,0,0,0,0,0,0,0,184.0,0,0,409,642.9,3.7,27,31.9,0,279.7,,18113,0,300.7,618.7
386,young,16087,31,6,6749,0,8,1,1,819,6092,309,2261,3139054,121277.8,274188,22.7,110.4,1056.0,1291579,1652.6,362.7,473.0,597.4,7159,0,1268175,1102478,0,0,0,0,0,0,0,0,0,0,0,0,184.0,0,2,407,555.6,3.7,27,30.6,0,302.4,,18158,0,301.4,620.3
387,young,15098,24,7,6535,0,10,1,0,852,5109,330,2440,3143776,121483.5,205576,16.4,126.9,1056.0,1295401,1655.2,362.9,474.2,598.1,7162,0,1272063,1106176,0,0,0,0,0,0,0,0,0,0,0,0,184.0,0,1,408,472.1,3.7,27,30.4,0,318.9,,18202,0,302.3,622.1
388,young,11947,29,8,5001,0,11,2,0,962,3217,338,2587,3149535,121717.9,148134,12.1,139.0,1056.0,1298675,1661.1,364.3,477.0,599.2,7163,0,1275405,1109193,0,0,0,0,0,0,0,0,0,0,0,0,184.0,0,0,409,418.7,3.7,27,30.3,0,331.0,,18246,0,303.1,623.6
389,young,10696,26,7,3890,0,8,2,0,896,3038,350,2766,3156761,122001.0,175209,13.3,152.2,1056.0,1301958,1663.9,364.4,478.1,600.3,7163,0,1278761,1112255,0,0,0,0,0,0,0,0,0,0,0,0,184.0,0,0,409,369.5,3.7,27,30.3,0,344.2,,18295,0,303.8,625.1
390,full-cycle,29569,28,3708,0,0,0,1,0,1461,1558,296,1477,3163050,122311.7,582525,62.5,62.5,1056.0,1306272,1667.7,364.6,479.6,601.7,7183,0,1282482,1116138,3736,19439,3881,554110,20,595,225,0,0,0,2501,0,212.0,2,13,380,684.8,3.7,27,31.4,0,256.0,promoted,18388,0,304.8,627.1
391,young,12834,28,7,7840,0,9,1,1,725,3450,315,695,3177711,123060.4,231918,20.1,82.6,1056.0,1308840,1671.7,364.7,480.4,604.5,7195,0,1285099,1117788,0,0,0,0,0,0,0,0,0,0,0,0,212.0,0,0,395,628.6,3.7,27,30.5,0,274.6,,18405,0,305.4,628.3
392,young,7891,22,6,583,0,9,1,0,857,4952,311,1385,3181791,123251.6,133784,10.8,93.4,1056.0,1311525,1674.6,364.8,481.2,605.9,7198,0,1287820,1120059,0,0,0,0,0,0,0,0,0,0,0,0,212.0,0,0,395,568.6,3.7,27,30.3,0,285.4,,18439,0,306.0,629.5
393,young,12173,22,6,3025,0,20,2,0,870,6304,323,1826,3187388,123480.2,218092,17.5,110.9,1056.0,1314106,1677.7,364.9,482.2,607.6,7198,0,1290445,1122189,0,0,0,0,0,0,0,0,0,0,0,0,212.0,0,1,394,503.3,3.7,27,30.3,0,302.9,,18469,0,306.5,630.6
394,young,14824,27,6,5658,0,13,1,0,839,5030,346,3155,3193392,123715.0,181134,13.7,124.6,1056.0,1318395,1681.5,365.0,483.4,608.9,7198,0,1294784,1126156,0,0,0,0,0,0,0,0,0,0,0,0,212.0,0,0,395,426.4,3.7,27,30.3,0,316.6,,18501,0,307.5,632.6
395,young,10686,39,6,3521,0,8,2,0,905,3669,353,2460,3198643,123956.5,139691,11.3,135.9,1056.0,1321537,1684.1,365.1,484.4,609.9,7199,0,1298002,1129039,0,0,0,0,0,0,0,0,0,0,0,0,212.0,0,0,395,375.0,3.7,27,30.2,0,327.9,,18536,0,308.3,634.1
396,full-cycle,22358,28,1618,0,0,0,1,0,1199,1506,266,1216,3206993,124241.6,455884,50.9,50.9,1056.0,1325265,1688.3,365.3,485.7,612.2,7199,0,1301516,1132358,1645,15815,3283,421759,18,513,25,0,0,0,1610,0,270.0,1,0,365,661.4,1.9,27,34.4,0,256.0,promoted,18595,0,309.1,635.7
397,young,14587,23,7,4342,0,14,2,0,784,7914,311,1447,3225336,124967.2,262122,26.6,77.5,1056.0,1328413,1690.2,365.4,486.7,612.4,7305,0,1304739,1135369,0,0,0,0,0,0,0,0,0,0,0,0,270.0,0,0,366,567.3,1.9,27,27.5,0,269.5,,18639,0,309.8,637.2
398,young,20950,23,7,11144,0,9,2,1,835,6758,307,2059,3229382,125123.1,371771,30.7,108.1,1056.0,1330903,1693.3,365.5,487.6,614.1,7325,0,1307296,1137414,0,0,0,0,0,0,0,0,0,0,0,0,270.0,0,3,363,455.4,1.9,27,26.2,0,300.1,,18685,0,310.4,638.3
399,young,20442,51,7,9669,0,13,2,1,913,6502,330,3180,3234344,125294.1,219504,17.2,125.4,1056.0,1334557,1695.9,365.6,488.7,614.7,7329,0,1310988,1140968,0,0,0,0,0,0,0,0,0,0,0,0,270.0,0,0,366,380.8,1.9,27,25.9,0,317.4,,18713,0,311.3,640.1
400,full-cycle,29456,32,4508,0,0,0,1,0,1130,1579,233,1144,3240304,125533.5,559996,61.5,61.5,1056.0,1338270,1699.2,365.8,489.9,616.2,7329,0,1314741,1144348,4541,19499,3634,526887,23,856,26,0,0,0,1776,0,304.0,1,0,348,608.4,1.9,27,32.1,0,256.0,promoted,18776,0,312.1,641.8
401,young,8920,40,8,2306,0,9,2,1,724,3851,306,1891,3256487,126171.5,180035,16.8,78.4,1056.0,1342527,1703.8,365.9,491.3,618.5,7361,0,1319056,1146904,0,0,0,0,0,0,0,0,0,0,0,0,304.0,0,3,346,530.5,1.9,27,29.6,0,270.4,,18813,0,313.2,644.0
402,young,12425,35,6,6249,0,8,2,1,790,3539,303,1693,3262076,126350.5,190832,15.1,93.5,1056.0,1345336,1706.1,366.0,492.2,619.4,7363,0,1321917,1149524,0,0,0,0,0,0,0,0,0,0,0,0,304.0,0,0,349,469.4,1.9,27,29.5,0,285.5,,18844,0,313.8,645.2
403,young,12621,29,6,6582,0,8,1,0,847,2602,313,2455,3267803,126575.5,196785,15.5,109.0,1056.0,1347975,1708.8,366.1,493.1,620.7,7363,0,1324621,1151833,0,0,0,0,0,0,0,0,0,0,0,0,304.0,0,0,349,414.2,1.9,27,29.5,0,301.0,,18881,0,314.4,646.5
404,young,15330,28,8,2719,0,10,1,0,876,8737,327,2885,3272787,126820.1,268548,20.7,129.7,1056.0,1350790,1711.1,366.2,494.0,621.5,7363,0,1327486,1154443,0,0,0,0,0,0,0,0,0,0,0,0,304.0,0,0,349,334.8,1.9,27,29.5,0,321.7,,18912,0,315.0,647.8
405,full-cycle,27962,24,4873,0,0,0,2,0,945,228,127,960,3278590,127056.4,467147,51.7,51.7,1056.0,1354135,1714.3,366.3,495.1,623.0,7363,0,1330786,1157358,4897,16129,5329,462637,23,3969,143,0,0,0,1602,0,304.0,1,0,348,626.1,1.9,27,34.1,0,256.0,promoted,18963,0,315.8,649.3
406,young,12995,99,4,5138,0,8,1,1,759,5016,312,1881,3293681,127707.1,229589,21.6,73.3,1056.0,1358519,1719.1,366.5,496.5,625.6,7395,0,1335245,1159566,0,0,0,0,0,0,0,0,0,0,0,0,304.0,0,0,349,529.9,1.9,27,31.6,0,265.3,,19001,0,316.9,651.9
407,young,14299,30,7,5820,0,11,1,1,743,5736,302,1866,3298254,127867.9,263220,20.6,93.9,1056.0,1360967,1721.0,366.6,497.3,626.1,7396,0,1337737,1161892,0,0,0,0,0,0,0,0,0,0,0,0,304.0,0,0,349,451.3,1.9,27,31.5,0,285.9,,19031,0,317.5,653.1
408,young,7435,27,7,928,0,9,2,0,888,3210,319,2260,3302182,128068.6,136822,11.7,105.6,1056.0,1363513,1723.2,366.7,498.1,626.9,7406,0,1340351,1164262,0,0,0,0,0,0,0,0,0,0,0,0,304.0,0,0,349,394.3,1.9,27,30.7,0,297.6,,19074,0,318.1,654.3
409,young,12580,29,7,4786,0,10,1,0,871,4562,324,2224,3307805,128309.4,157845,12.7,118.3,1056.0,1366169,1725.8,366.8,499.0,628.1,7406,0,1343081,1166621,0,0,0,0,0,0,0,0,0,0,0,0,304.0,0,2,347,341.8,1.9,27,30.7,0,310.3,,19116,0,318.7,655.6
410,full-cycle,42276,27,4964,0,0,0,2,1,1250,3674,285,1266,3315076,128597.2,669524,68.4,68.4,1056.0,1369821,1730.2,367.0,500.3,630.4,7438,0,1346341,1169535,4992,21448,12275,533660,27,5409,1892,0,0,0,3467,0,238.0,10,20,351,611.7,18.5,28,33.2,0,260.4,promoted,19204,0,319.5,657.3
411,young,7533,27,7,2103,0,9,2,0,742,3925,327,662,3329058,129242.0,146120,14.9,83.3,1056.0,1372392,1734.0,367.0,501.2,632.9,7453,0,1348932,1171117,0,0,0,0,0,0,0,0,0,0,0,0,238.0,0,0,381,582.4,18.5,28,32.1,0,275.3,,19214,0,320.1,658.6
412,young,17480,22,7,6003,0,10,1,1,824,8162,309,2351,3333602,129447.6,276627,21.6,104.9,1056.0,1376287,1736.9,367.2,502.4,633.9,7453,0,1352874,1174725,0,0,0,0,0,0,0,0,0,0,0,0,238.0,0,1,380,484.5,18.5,28,32.1,0,296.9,,19244,0,321.0,660.4
413,young,11599,33,6,4193,0,11,1,0,941,3862,308,2458,3338306,129639.2,221026,17.3,122.1,1056.0,1379555,1739.1,367.3,503.3,634.5,7453,0,1356191,1177890,0,0,0,0,0,0,0,0,0,0,0,0,238.0,0,0,381,399.2,18.5,28,32.1,0,314.1,,19275,0,321.7,661.8
414,young,14772,31,7,7263,0,8,2,0,941,3668,336,2773,3343127,129868.5,186695,14.6,136.7,1056.0,1383226,1742.1,367.4,504.5,635.7,7453,0,1359921,1181249,0,0,0,0,0,0,0,0,0,0,0,0,238.0,0,1,380,333.2,18.5,28,32.1,0,328.7,,19312,0,322.5,663.6
415,young,19287,26,5,10449,1,9,2,1,976,4217,347,3521,3350159,130144.6,320480,25.2,162.0,1056.0,1386311,1745.1,367.5,505.5,637.1,7453,0,1362910,1183925,0,0,0,0,0,0,0,0,0,0,0,0,228.0,0,0,386,246.0,17.7,28,32.1,0,354.0,,19341,0,323.2,665.0
416,full-cycle,26456,33,4986,0,0,0,1,0,1107,578,182,1123,3357045,130434.9,455882,50.9,50.9,1056.0,1389521,1749.4,367.7,506.7,639.4,7456,0,1365052,1186440,5019,12772,6995,435685,18,4766,504,0,0,0,1662,0,182.0,1,0,408,748.4,1.9,28,36.2,0,256.0,promoted,19402,0,323.9,666.4
417,young,19779,31,8,6789,0,23,2,1,1219,8092,332,3550,3377052,131245.6,355291,31.0,81.9,1056.0,1393956,1753.9,367.9,508.1,641.8,7493,0,1369549,1188926,0,0,0,0,0,0,0,0,0,0,0,0,182.0,0,0,409,630.9,1.9,28,33.4,0,273.9,,19439,0,325.0,668.7
418,young,16732,94,7,8328,0,11,1,1,955,4866,311,2366,3384032,131382.9,256796,20.3,102.2,1056.0,1396318,1756.1,368.0,509.0,642.5,7499,0,1371968,1191134,0,0,0,0,0,0,0,0,0,0,0,0,182.0,0,1,408,559.1,1.9,28,33.1,0,294.2,,19470,0,325.5,669.7
419,young,18714,48,6,7316,0,21,2,1,1055,7002,346,3158,3391371,131598.1,230763,18.2,120.5,1056.0,1398960,1758.6,368.1,510.0,643.5,7499,0,1374648,1193582,0,0,0,0,0,0,0,0,0,0,0,0,182.0,0,0,409,491.0,1.9,28,33.1,0,312.5,,19500,0,326.1,671.0
420,full-cycle,25767,33,3963,0,0,0,2,0,1093,2427,217,1111,3398172,131836.6,484488,52.7,52.7,1056.0,1401952,1761.5,368.2,511.0,644.7,7499,0,1377682,1196262,3996,15752,4175,435670,18,565,49,0,0,0,1839,0,278.0,1,0,360,647.1,1.9,28,35.9,0,256.0,promoted,19564,0,326.9,672.4
421,young,14400,24,7,4945,0,10,2,0,910,6118,306,2282,3414834,132469.8,219059,21.7,74.4,1056.0,1406462,1766.2,368.3,512.6,646.9,7561,0,1382259,1199191,0,0,0,0,0,0,0,0,0,0,0,0,278.0,0,1,360,556.1,1.9,28,31.6,0,266.4,,19600,0,328.1,675.0
422,young,15446,24,7,8329,0,9,1,1,786,4554,300,1664,3418716,132635.0,305997,25.9,100.3,1056.0,1408778,1767.8,368.4,513.4,647.3,7592,0,1384640,1201452,0,0,0,0,0,0,0,0,0,0,0,0,278.0,0,2,359,463.2,1.9,28,29.6,0,292.3,,19641,0,328.6,676.0
423,young,14591,28,17,4694,0,8,1,0,832,6459,320,2463,3423009,132822.1,231785,19.1,119.4,1056.0,1411428,1770.5,368.7,514.5,648.2,7606,0,1387357,1203930,0,0,0,0,0,0,0,0,0,0,0,0,278.0,0,0,361,393.1,1.9,28,28.7,0,311.4,,19682,0,329.2,677.2
424,full-cycle,32942,31,4894,0,0,0,1,0,1144,2017,254,1159,3430198,133075.6,596966,62.9,62.9,1056.0,1414961,1774.0,368.8,515.7,649.7,7637,0,1390963,1207071,4925,16035,9314,476826,19,3297,2817,0,0,0,2656,0,288.0,2,16,334,587.5,3.7,32,40.2,0,256.0,promoted,19772,0,329.9,678.8
425,young,17095,24,6,8002,0,12,2,0,832,7086,298,1035,3446357,133676.3,269926,26.0,88.9,1056.0,1417773,1778.3,368.9,516.7,652.6,7673,0,1393791,1208848,0,0,0,0,0,0,0,0,0,0,0,0,290.0,0,3,348,504.1,1.9,32,38.0,0,280.9,,19779,0,330.5,680.0
426,young,7613,28,7,2229,0,7,2,0,783,2222,310,2252,3450561,133829.8,89604,7.2,96.1,1056.0,1421671,1781.7,369.0,517.8,654.0,7673,0,1397756,1212380,0,0,0,0,0,0,0,0,0,0,0,0,290.0,0,3,348,452.6,1.9,32,38.0,0,288.1,,19815,0,331.3,681.7
427,young,17275,50,7,7315,0,14,2,0,1029,5643,316,3136,3456239,134072.7,297312,22.9,119.0,1056.0,1424224,1784.4,369.1,518.6,655.5,7673,0,1400362,1214541,0,0,0,0,0,0,0,0,0,0,0,0,290.0,0,0,351,363.9,1.9,32,38.0,0,311.0,,19848,0,331.9,682.9
428,young,15286,28,8,5518,0,8,2,1,940,4527,327,4157,3460634,134289.0,245899,19.4,138.4,1056.0,1428079,1787.4,369.3,519.9,656.5,7677,0,1404257,1218151,0,0,0,0,0,0,0,0,0,0,0,0,290.0,0,0,351,267.4,1.9,32,37.8,0,330.4,,19879,0,332.8,684.8
429,full-cycle,29172,21,1229,0,0,0,1,0,1330,2726,304,1345,3467103,134559.2,592381,62.5,62.5,1056.0,1431884,1792.2,369.5,521.5,658.7,7707,0,1406790,1221276,1250,17040,8718,456240,14,715,3915,0,0,0,2156,0,156.0,1,13,404,733.6,1.9,32,42.3,0,256.0,promoted,19973,0,333.7,686.5
430,young,10770,22,7,5943,0,8,1,1,706,2678,354,1302,3488687,135356.1,111986,13.3,75.8,1056.0,1435702,1797.2,369.7,522.9,661.6,7755,0,1410652,1223739,0,0,0,0,0,0,0,0,0,0,0,0,158.0,0,1,416,672.1,0.0,32,38.6,0,267.8,,19998,0,334.7,688.6
431,young,12508,39,4,1043,0,12,1,1,885,8842,324,1643,3494156,135542.5,242104,19.5,95.2,1056.0,1438764,1799.9,369.8,523.9,662.8,7755,0,1413773,1226516,0,0,0,0,0,0,0,0,0,0,0,1,158.0,0,5,412,597.7,0.0,32,38.6,0,287.2,,20040,0,335.4,690.1
432,young,13630,32,7,6171,0,10,2,1,848,3696,352,2764,3499453,135752.0,222647,17.1,112.4,1056.0,1441654,1802.6,369.9,524.9,663.8,7755,0,1416709,1229152,0,0,0,0,0,0,0,0,0,0,0,0,158.0,0,0,417,537.4,0.0,32,38.6,0,304.4,,20071,0,336.1,691.5
433,young,13100,27,6,3102,0,9,1,1,864,6543,362,2464,3505927,135994.4,234216,18.6,131.0,1056.0,1444447,1805.5,370.0,525.9,665.2,7755,0,1419536,1231645,0,0,0,0,0,0,0,0,0,0,0,0,158.0,0,0,417,465.3,0.0,32,38.6,0,323.0,,20103,0,336.8,692.9
434,full-cycle,29108,29,4843,0,0,0,1,0,1223,911,244,1239,3512578,136265.0,513455,57.2,57.2,1056.0,1447871,1808.8,370.1,527.1,666.5,7781,0,1423035,1234722,4872,17719,3252,501519,21,722,352,0,0,0,3254,0,248.0,5,17,350,633.3,9.2,32,40.5,0,256.0,promoted,20192,0,337.6,694.6
435,young,15864,26,6,3788,0,12,2,0,821,9593,301,1534,3526490,136909.4,317064,28.7,85.9,1056.0,1450909,1812.7,370.2,528.0,669.1,7805,0,1426098,1236668,0,0,0,0,0,0,0,0,0,0,0,0,248.0,0,0,372,553.5,9.2,32,39.0,0,277.9,,20201,0,338.3,696.1
436,young,13733,30,6,5057,0,8,1,0,778,5150,313,2615,3530935,137063.8,201064,15.7,101.7,1056.0,1455131,1815.7,370.3,529.2,670.0,7815,0,1430377,1240679,0,0,0,0,0,0,0,0,0,0,0,0,248.0,0,2,370,473.0,9.2,32,38.4,0,293.7,,20234,0,339.2,698.0
437,young,13238,28,8,3994,0,8,2,0,903,5385,320,2806,3535794,137276.9,281224,23.2,124.8,1056.0,1457738,1818.6,370.4,530.1,671.5,7825,0,1433050,1242900,0,0,0,0,0,0,0,0,0,0,0,0,248.0,0,0,372,383.9,9.2,32,37.6,0,316.8,,20280,0,339.8,699.3
438,full-cycle,29494,21,2177,0,0,0,1,0,1085,1597,273,1100,3540256,137497.8,630152,65.4,65.4,1056.0,1461070,1821.4,370.6,531.3,672.5,7835,0,1436410,1245993,2198,18891,6597,504977,15,374,3507,0,0,0,1800,0,264.0,1,0,363,626.8,1.9,32,42.3,0,257.4,promoted,20356,0,340.6,700.8
439,young,22052,39,20,6867,0,11,1,1,846,11913,311,2286,3556537,138157.2,372111,34.0,99.4,1056.0,1465584,1825.2,370.7,532.7,674.0,7895,0,1440982,1249727,0,0,0,0,0,0,0,0,0,0,0,0,266.0,0,1,362,495.7,0.0,32,38.2,0,291.4,,20391,0,341.6,702.9
440,young,20862,23,6,13960,0,11,1,0,860,3228,322,2708,3559557,138285.0,277968,21.8,121.2,1056.0,1468626,1827.2,370.8,533.7,674.3,7895,0,1444074,1252759,0,0,0,0,0,0,0,0,0,0,0,0,266.0,0,1,362,415.5,0.0,32,38.2,0,313.2,,20424,0,342.2,704.3
441,young,12820,24,5,5484,0,9,2,0,942,3281,331,2984,3565360,138509.8,145693,11.4,132.6,1056.0,1472076,1830.3,371.0,534.8,675.5,7899,0,1447574,1255918,0,0,0,0,0,0,0,0,0,0,0,0,266.0,0,0,363,362.5,0.0,32,37.9,0,324.6,,20455,0,343.0,705.9
442,full-cycle,28248,53,5023,0,0,0,2,0,1129,1408,285,1145,3573473,138793.9,536853,58.1,58.1,1056.0,1475663,1834.6,371.1,536.1,677.9,7920,0,1451061,1258833,5076,16915,3831,500882,18,1226,30,0,0,0,2421,0,262.0,1,17,347,627.5,1.9,32,42.6,0,256.0,promoted,20571,0,343.9,707.7
443,young,10331,28,7,2293,0,9,1,1,757,5950,316,1190,3591743,139461.3,315592,31.5,89.5,1056.0,1478378,1839.7,371.2,537.0,681.5,8016,0,1453795,1260343,0,0,0,0,0,0,0,0,0,0,0,1,262.0,0,1,364,536.1,1.9,32,36.2,0,281.5,,20580,0,344.5,709.0
444,young,17209,29,6,10835,0,11,2,1,994,3353,320,1872,3595436,139605.0,245736,19.5,109.0,1056.0,1481000,1842.6,371.3,537.9,682.9,8016,0,1456470,1262571,0,0,0,0,0,0,0,0,0,0,0,0,262.0,0,4,361,464.0,1.9,32,36.2,0,301.0,,20623,0,345.2,710.3
445,young,14304,22,6,7670,0,8,1,0,881,2976,335,2636,3601448,139832.2,156404,12.0,121.0,1056.0,1484202,1845.6,371.4,538.9,684.3,8016,0,1459731,1265469,0,0,0,0,0,0,0,0,0,0,0,0,262.0,0,0,365,405.3,1.9,32,36.2,0,313.0,,20666,0,345.9,711.8
446,young,12211,31,7,6711,0,8,2,1,909,1857,345,2584,3607202,140093.6,95254,7.7,128.8,1056.0,1487148,1847.9,371.5,539.9,685.0,8016,0,1462737,1268251,0,0,0,0,0,0,0,0,0,0,0,0,262.0,0,0,365,361.4,1.9,32,36.2,0,320.8,,20711,0,346.6,713.2
447,full-cycle,36289,34,6054,0,0,0,2,0,1079,1773,269,1096,3614873,140415.8,583262,61.1,61.1,1056.0,1492010,1852.7,371.7,541.4,687.3,8045,0,1467492,1272407,6088,17232,8402,472616,18,2224,3284,0,0,0,4554,0,258.0,4,25,338,599.3,7.5,32,40.9,0,256.0,promoted,20804,0,347.7,715.5
448,young,15275,22,8,1315,0,10,1,0,851,11978,309,1062,3630064,141040.4,339704,32.1,93.2,1056.0,1494287,1856.7,371.8,542.2,690.0,8096,0,1469782,1273872,0,0,0,0,0,0,0,0,0,0,0,0,258.0,0,0,367,528.3,7.5,32,37.9,0,285.2,,20812,0,348.2,716.5
449,young,12294,23,7,4408,0,10,2,0,804,4904,323,2044,3633977,141184.4,172348,13.4,106.6,1056.0,1497175,1859.6,371.9,543.5,691.1,8101,0,1472736,1276499,0,0,0,0,0,0,0,0,0,0,0,0,258.0,0,0,367,471.4,7.5,32,37.6,0,298.6,,20847,0,348.9,717.9
450,young,19977,21,6,10689,0,12,2,1,944,5309,329,2918,3640215,141426.0,330809,26.0,132.7,1056.0,1499983,1862.6,372.0,544.4,692.6,8101,0,1475579,1278976,0,0,0,0,0,0,0,0,0,0,0,0,258.0,0,0,367,370.3,7.5,32,37.6,0,324.7,,20879,0,349.5,719.2
451,full-cycle,26492,25,5218,0,0,0,2,0,1129,890,268,1145,3646360,141654.4,463839,51.4,51.4,1056.0,1505066,1867.0,372.2,546.0,694.5,8121,0,1480526,1283472,5242,16067,2766,454878,22,681,23,0,0,0,2411,0,264.0,1,16,347,642.8,1.9,32,42.6,0,256.0,promoted,20968,0,350.6,721.6
452,young,14845,41,6,6223,0,10,2,1,876,6036,315,1567,3664186,142330.0,251703,24.2,75.6,1056.0,1508338,1871.6,372.3,547.0,697.5,8169,0,1483806,1285204,0,0,0,0,0,0,0,0,0,0,0,0,266.0,0,1,362,558.3,0.0,32,39.5,0,267.6,,20974,0,351.3,723.2
453,young,10377,29,6,4037,0,8,1,1,730,3381,320,2094,3667453,142487.4,140762,11.8,87.3,1056.0,1511989,1874.1,372.4,548.2,697.8,8175,0,1487517,1288825,0,0,0,0,0,0,0,0,0,0,0,0,266.0,0,0,363,494.6,0.0,32,39.1,0,279.3,,21012,0,352.2,725.0
454,young,14562,43,8,5524,0,11,2,1,943,5733,321,2215,3672855,142709.3,299512,25.2,112.5,1056.0,1514423,1876.3,372.5,549.0,698.6,8203,0,1490004,1291069,0,0,0,0,0,0,0,0,0,0,0,0,266.0,0,0,363,400.1,0.0,32,37.3,0,304.5,,21055,0,352.7,726.1
455,young,16246,27,7,4570,0,9,2,0,983,6969,332,3549,3677624,142902.7,257339,20.2,132.7,1056.0,1517239,1879.2,372.6,549.9,700.0,8204,0,1492886,1293477,0,0,0,0,0,0,0,0,0,0,0,0,266.0,0,0,363,321.8,0.0,32,37.2,0,324.7,,21099,0,353.4,727.4
456,full-cycle,27094,91,4795,0,0,0,2,0,1129,775,172,1146,3686278,143146.7,558713,60.9,60.9,1056.0,1520331,1882.7,372.8,551.0,701.7,8204,0,1495705,1296137,4886,18133,2370,553230,21,396,25,0,0,0,1701,0,240.0,1,0,375,663.9,1.9,32,42.3,0,256.0,promoted,21176,0,354.1,728.8
457,young,17466,23,6,9340,0,9,2,1,736,5384,337,1887,3702356,143839.7,228542,21.0,81.9,1056.0,1524511,1886.6,372.9,552.3,703.5,8240,0,1499948,1299395,0,0,0,0,0,0,0,0,0,0,0,0,240.0,0,0,376,575.8,1.9,32,39.5,0,273.9,,21215,0,355.0,730.8
458,young,12647,26,5,6189,0,8,1,1,802,3470,319,2071,3705989,144005.4,207927,16.1,98.0,1056.0,1527201,1889.7,373.0,553.2,705.1,8240,0,1502696,1301634,0,0,0,0,0,0,0,0,0,0,0,1,240.0,0,4,372,514.3,1.9,32,39.5,0,290.0,,21249,0,355.6,732.1
459,young,16008,35,6,7285,0,9,1,1,912,4736,326,2921,3710686,144234.6,231041,17.7,115.7,1056.0,1529856,1892.1,373.1,554.1,706.1,8240,0,1505393,1303988,0,0,0,0,0,0,0,0,0,0,0,0,240.0,0,0,376,444.8,1.9,32,39.5,0,307.7,,21281,0,356.2,733.2
460,young,18264,46,7,8917,0,12,1,1,1128,5211,336,2857,3716413,144468.4,194212,16.3,132.0,1056.0,1532945,1895.2,373.2,555.1,707.5,8246,0,1508559,1306724,0,0,0,0,0,0,0,0,0,0,0,0,240.0,0,0,376,371.7,1.9,32,39.0,0,324.0,,21325,0,356.8,734.6
461,full-cycle,52112,36,4497,0,0,0,1,1,1579,4008,342,1595,3725253,144791.2,749602,74.7,74.7,1056.0,1538034,1901.7,373.5,556.9,711.1,8282,0,1512791,1310682,4533,27056,14263,607959,33,6333,2287,0,0,0,6149,0,132.0,10,34,385,663.1,17.9,33,42.0,0,266.7,promoted,21439,0,358.0,737.0
462,young,9197,22,6,1750,0,11,1,1,822,5653,342,866,3743840,145470.9,178484,21.3,95.9,1056.0,1540721,1905.2,373.6,557.9,713.2,8359,0,1515502,1312584,0,0,0,0,0,0,0,0,0,0,0,0,132.0,0,1,428,644.7,17.9,33,37.3,0,287.9,,21450,0,358.7,738.4
463,young,14238,27,7,1839,0,24,2,1,1055,7275,329,3907,3748508,145662.0,189490,15.0,110.9,1056.0,1544836,1908.7,373.8,559.2,714.7,8359,0,1519663,1316311,0,0,0,0,0,0,0,0,0,0,0,0,132.0,0,0,429,546.6,17.9,33,37.3,0,302.9,,21479,0,359.7,740.3
464,young,19228,172,9,6104,0,13,2,1,961,8241,345,3627,3756301,145866.4,251859,20.2,131.2,1056.0,1548394,1911.5,373.9,560.4,715.6,8361,0,1523280,1319695,0,0,0,0,0,0,0,0,0,0,0,0,132.0,0,0,429,459.4,17.9,33,37.2,0,323.2,,21517,0,360.5,742.0
465,young,9540,46,7,3412,0,7,1,1,898,1841,370,3225,3762257,146096.5,106706,8.1,139.2,1056.0,1551608,1914.5,374.0,561.5,716.9,8362,0,1526569,1322608,0,0,0,0,0,0,0,0,0,0,0,0,132.0,0,0,429,423.5,17.9,33,37.1,0,331.2,,21563,0,361.2,743.6
466,young,11936,21,7,4255,0,8,2,0,973,3461,379,3166,3770905,146397.0,182732,14.0,153.2,1056.0,1554725,1917.5,374.1,562.6,718.2,8362,0,1529767,1325436,0,0,0,0,0,0,0,0,0,0,0,0,132.0,0,0,429,363.2,17.9,33,37.1,0,345.2,,21606,0,362.0,745.1
467,full-cycle,46416,41,5901,0,0,0,1,0,1460,3151,325,1476,3782658,146730.6,723419,73.4,73.4,1056.0,1558932,1921.6,374.3,564.1,719.9,8396,0,1533330,1329148,5942,26365,10656,570528,30,2169,3824,0,0,0,3364,0,140.0,7,18,400,700.1,13.0,33,41.5,0,265.4,promoted,21697,0,363.0,747.2
468,young,15630,24,7,9073,0,17,2,1,899,4743,339,743,3801934,147497.0,151879,16.2,89.6,1056.0,1561651,1926.0,374.4,564.9,722.8,8420,0,1536056,1330938,0,0,0,0,0,0,0,0,0,0,0,0,140.0,0,0,425,655.9,13.0,33,40.0,0,281.6,,21705,0,363.6,748.4
469,young,12023,26,7,5586,0,10,2,1,878,3717,307,1697,3806717,147696.2,197517,17.8,107.4,1056.0,1565163,1928.5,374.5,566.1,723.5,8441,0,1539628,1334307,0,0,0,0,0,0,0,0,0,0,0,0,140.0,0,1,424,579.0,13.0,33,38.6,0,299.4,,21748,0,364.5,750.2
470,young,13521,23,6,7612,0,8,1,1,897,2462,343,2426,3811670,147917.5,211048,16.3,123.7,1056.0,1568377,1930.5,374.7,567.2,723.8,8443,0,1542926,1337550,0,0,0,0,0,0,0,0,0,0,0,0,140.0,0,0,425,521.7,13.0,33,38.5,0,315.7,,21793,0,365.3,751.8
471,young,13660,89,5,4376,0,17,2,0,827,4911,365,3336,3816880,148175.6,200940,15.4,139.1,1056.0,1572078,1934.1,375.2,568.7,724.8,8443,0,1546702,1341078,0,0,0,0,0,0,0,0,0,0,0,0,140.0,0,0,425,454.4,13.0,33,38.5,0,331.1,,21839,0,366.2,753.7
472,young,12090,27,9,2700,0,10,1,0,971,4950,374,3334,3823770,148439.3,254918,20.3,159.4,1056.0,1575390,1936.4,375.3,569.8,725.3,8443,0,1550069,1344291,0,0,0,0,0,0,0,0,0,0,0,0,140.0,0,1,424,365.0,13.0,33,38.5,0,351.4,,21885,0,366.9,755.1
473,full-cycle,24884,25,4284,0,0,0,1,0,1149,2121,230,1164,3831115,148707.2,519101,56.5,56.5,1056.0,1579112,1940.2,375.4,571.6,726.6,8443,0,1553605,1347690,4309,15158,3864,476779,16,528,30,0,0,0,1549,0,182.0,1,0,403,727.4,1.9,33,44.6,0,256.0,promoted,21953,0,367.7,756.9
474,young,15045,27,7,7035,0,10,2,1,783,4901,337,2176,3852818,149502.3,231631,25.1,81.6,1056.0,1583331,1944.3,375.6,572.9,728.5,8539,0,1557898,1350424,0,0,0,0,0,0,0,0,0,0,0,0,184.0,0,0,403,631.4,0.0,33,38.1,0,273.6,,21997,0,368.8,759.2
475,young,9137,22,6,5547,0,8,2,0,765,1285,340,1410,3856825,149661.5,117548,9.6,91.2,1056.0,1585700,1946.0,375.7,573.7,729.0,8541,0,1560335,1352729,0,0,0,0,0,0,0,0,0,0,0,0,184.0,0,0,403,597.0,0.0,33,38.0,0,283.2,,22034,0,369.3,760.3
476,young,14910,56,6,5018,0,12,2,0,852,6610,345,2243,3862512,149915.7,225211,18.4,109.6,1056.0,1588172,1948.3,375.8,574.6,729.7,8543,0,1562851,1355053,0,0,0,0,0,0,0,0,0,0,0,0,184.0,0,0,403,527.1,0.0,33,37.9,0,301.6,,22063,0,369.9,761.5
477,young,10914,26,6,4877,0,9,1,1,819,2490,355,2594,3868020,150143.7,133488,10.0,119.6,1056.0,1590867,1950.0,375.8,575.5,730.0,8543,0,1565621,1357740,0,0,0,0,0,0,0,0,0,0,0,0,184.0,0,0,403,493.0,0.0,33,37.9,0,311.6,,22108,0,370.5,762.7
478,young,18151,96,5,5594,0,11,2,0,995,8125,358,3234,3874899,150426.5,313500,24.5,144.2,1056.0,1593601,1952.7,375.9,576.5,731.1,8543,0,1568406,1360237,0,0,0,0,0,0,0,0,0,0,0,0,184.0,0,0,403,398.6,0.0,33,37.9,0,336.2,,22150,0,371.1,763.9
479,full-cycle,33737,27,5141,0,0,0,1,0,1218,2346,227,1233,3881324,150674.8,564742,61.5,61.5,1056.0,1597682,1956.4,376.1,577.8,732.7,8584,0,1572584,1363917,5168,19513,6242,511998,22,2185,452,0,0,0,2801,0,238.0,2,17,357,640.7,3.5,33,41.8,0,256.0,promoted,22255,0,372.1,766.0
480,young,14232,24,6,6342,0,8,2,0,806,6112,305,834,3897602,151372.9,213992,19.0,80.5,1056.0,1600369,1961.2,376.2,578.7,736.1,8587,0,1575290,1365497,0,0,0,0,0,0,0,0,0,0,0,0,238.0,0,1,375,592.7,3.5,33,41.6,0,272.5,,22263,0,372.7,767.3
481,young,18326,149,4,3585,0,10,1,1,904,10802,314,2791,3901813,151563.5,346442,28.0,108.5,1056.0,1604106,1964.3,376.3,579.8,737.5,8596,0,1579084,1368830,0,0,0,0,0,0,0,0,0,0,0,0,238.0,0,0,376,483.9,3.5,33,41.0,0,300.5,,22294,0,373.7,769.2
482,young,10767,29,7,4537,0,7,2,1,855,2759,346,2452,3907772,151740.7,171256,13.5,121.9,1056.0,1607266,1968.9,376.4,580.8,740.4,8597,0,1582284,1371569,0,0,0,0,0,0,0,0,0,0,0,0,238.0,0,0,376,427.1,3.5,33,40.9,0,313.9,,22330,0,374.5,770.7
483,young,12111,31,7,4972,0,8,2,0,912,3032,344,3038,3914321,151998.2,196615,15.6,137.5,1056.0,1610104,1971.6,376.5,581.9,741.4,8602,0,1585176,1374192,0,0,0,0,0,0,0,0,0,0,0,0,238.0,0,0,376,365.6,3.5,33,40.5,0,329.5,,22369,0,375.1,772.0
484,full-cycle,38037,25,5019,0,0,0,1,0,1420,6575,345,1434,3924326,152291.3,706972,71.4,71.4,1056.0,1614426,1976.9,376.8,583.6,744.0,8635,0,1588723,1377751,5044,19504,9949,531968,19,1875,41,0,0,0,3528,0,146.0,1,20,401,701.9,1.9,33,43.3,0,263.4,promoted,22456,0,376.0,773.9
485,young,13190,34,7,8534,0,8,1,1,725,2926,350,842,3942287,153018.8,250762,22.8,94.2,1056.0,1617177,1981.3,376.9,584.5,747.1,8650,0,1591498,1379566,0,0,0,0,0,0,0,0,0,0,0,0,146.0,0,0,422,651.7,1.9,33,42.2,0,286.2,,22473,0,376.7,775.2
486,young,13682,31,7,7507,0,10,2,1,798,3199,346,2039,3946804,153206.2,251308,19.9,114.1,1056.0,1620489,1983.5,377.0,585.6,747.5,8656,0,1594874,1382814,0,0,0,0,0,0,0,0,0,0,0,0,146.0,0,0,422,575.8,1.9,33,41.7,0,306.1,,22516,0,377.4,776.7
487,young,13626,43,7,5235,0,8,1,1,844,4562,364,2819,3953081,153430.5,193746,15.4,129.6,1056.0,1623585,1986.5,377.1,586.6,748.8,8668,0,1598040,1385635,0,0,0,0,0,0,0,0,0,0,0,0,146.0,0,2,420,517.3,1.9,33,41.0,0,321.6,,22563,0,378.2,778.1
488,young,20460,28,6,10004,0,12,1,1,1044,5529,372,3730,3960557,153691.6,332337,26.3,155.9,1056.0,1626744,1989.1,377.2,587.7,749.8,8669,0,1601269,1388565,0,0,0,0,0,0,0,0,0,0,0,0,146.0,0,0,422,415.9,1.9,33,40.9,0,347.9,,22608,0,378.8,779.5
489,full-cycle,38225,34,6239,0,0,0,1,0,1261,2882,286,1277,3969388,153953.9,573999,61.9,61.9,1056.0,1632483,1993.9,377.4,589.4,751.7,8709,0,1606992,1393764,6273,18470,10028,454428,17,3430,2416,0,0,0,3445,0,216.0,2,21,364,650.4,3.7,33,41.6,0,256.0,promoted,22710,0,380.2,782.3
490,young,12741,41,5,3896,0,12,1,0,741,6845,306,1103,3987106,154673.3,275261,27.0,88.9,1056.0,1634992,1998.3,377.5,590.4,754.7,8773,0,1609514,1395291,0,0,0,0,0,0,0,0,0,0,0,0,216.0,0,1,386,586.3,3.7,33,37.9,0,280.9,,22717,0,380.8,783.6
491,young,15692,35,7,7468,0,13,2,0,804,5414,323,1846,3991307,154835.9,279032,23.0,111.8,1056.0,1637705,2000.7,377.6,591.3,755.6,8792,0,1612293,1397808,0,0,0,0,0,0,0,0,0,0,0,0,216.0,0,0,387,497.3,3.7,33,36.5,0,303.8,,22759,0,381.5,785.0
492,young,15299,51,7,7792,0,7,2,0,944,3896,339,2480,3995772,155040.9,194454,15.4,127.3,1056.0,1641017,2004.1,377.7,592.3,757.3,8794,0,1615677,1400685,0,0,0,0,0,0,0,0,0,0,0,0,216.0,0,0,387,425.7,3.7,33,36.4,0,319.3,,22803,0,382.2,786.4
493,full-cycle,37953,23,5126,0,0,0,1,1,1305,4685,300,1321,4004016,155313.4,713175,72.7,72.7,1056.0,1646276,2008.8,377.9,594.0,759.4,8821,0,1621000,1405390,5150,21401,7478,595997,25,1375,63,0,0,0,3883,0,204.0,11,19,363,620.0,20.1,33,42.7,0,264.7,promoted,22910,0,383.5,789.0
494,young,17706,143,7,11266,0,8,1,0,798,3823,332,1577,4022217,155947.3,281377,26.0,98.7,1056.0,1649337,2013.6,378.0,594.9,762.5,8845,0,1624089,1407289,0,0,0,0,0,0,0,0,0,0,0,0,204.0,0,1,392,557.4,20.1,33,40.9,0,290.7,,22931,0,384.3,790.6
495,young,14060,48,5,4914,0,9,1,1,841,5177,331,2964,4026374,156119.4,211012,15.8,114.4,1056.0,1653749,2017.2,378.2,597.1,763.1,8845,0,1628553,1411687,0,0,0,0,0,0,0,0,0,0,0,1,204.0,0,2,391,482.1,20.1,33,40.9,0,306.4,,22965,0,385.4,792.7
496,young,19102,65,6,11778,0,9,2,0,999,3653,339,2505,4031795,156350.7,294808,23.5,138.0,1056.0,1656493,2019.4,378.3,598.1,763.8,8845,0,1631342,1414323,0,0,0,0,0,0,0,0,0,0,0,0,204.0,0,0,393,392.6,20.1,33,40.9,0,330.0,,22994,0,386.0,794.0
497,young,13359,51,7,4948,0,8,1,1,956,4129,353,3167,4037360,156582.3,193162,15.0,152.9,1056.0,1660136,2022.8,378.4,599.5,764.9,8845,0,1635037,1417668,0,0,0,0,0,0,0,0,0,0,0,0,204.0,0,0,393,328.5,20.1,33,40.9,0,344.9,,23028,0,386.8,795.7
498,full-cycle,36380,26,1343,0,0,0,2,1,1361,6502,312,1379,4045641,156935.3,655162,66.8,66.8,1056.0,1664540,2058.8,409.0,601.1,767.9,8880,0,1638670,1421174,1369,16389,14086,430343,21,3462,2715,0,0,0,4437,0,160.0,10,25,380,670.3,18.1,33,42.5,0,258.8,promoted,23136,0,387.9,797.7
499,young,14663,24,5,6649,0,11,1,0,794,6009,340,1132,4064653,157648.7,278372,26.3,93.1,1056.0,1667119,2062.9,409.1,601.9,770.7,8906,0,1641273,1422967,0,0,0,0,0,0,0,0,0,0,0,1,160.0,0,4,411,611.4,18.1,33,40.9,0,285.1,,23146,0,388.4,799.0
500,young,14417,150,5,4854,0,8,1,0,838,5886,335,2544,4068825,157818.4,220141,17.9,111.0,1056.0,1671140,2065.6,409.2,603.1,771.5,8912,0,1645363,1426849,0,0,0,0,0,0,0,0,0,0,0,0,160.0,0,0,415,519.4,18.1,33,40.5,0,303.0,,23188,0,389.4,801.0
501,young,15354,18,3,10008,0,9,2,0,919,1892,348,2473,4073577,158022.8,229500,18.5,129.5,1056.0,1674537,2067.8,409.4,604.2,772.0,8912,0,1648815,1430181,0,0,0,0,0,0,0,0,0,0,0,0,160.0,0,0,415,452.4,18.1,33,40.5,0,321.5,,23223,0,390.2,802.6
502,young,14521,31,6,4519,0,12,2,1,900,5974,361,2978,4080763,158275.4,204975,14.9,144.5,1056.0,1677711,2070.9,409.5,605.2,773.5,8912,0,1652035,1433135,0,0,0,0,0,0,0,0,0,0,0,0,160.0,0,0,415,401.3,18.1,33,40.5,0,336.5,,23253,0,391.0,804.2
503,full-cycle,34380,31,5549,0,0,0,1,0,1178,737,237,1194,4088727,158561.1,485706,54.7,54.7,1056.0,1681352,2090.6,423.1,609.5,774.6,8913,0,1655749,1436515,5580,17250,9874,466286,21,7208,707,0,0,0,1662,0,242.0,0,1,373,674.1,0.0,33,44.7,0,256.0,promoted,23341,0,391.8,805.9
504,young,17738,22,6,6306,0,13,1,0,784,8004,318,2524,4106464,159290.1,316470,29.1,83.8,1056.0,1685878,2095.4,423.3,610.9,777.1,8958,0,1660350,1439164,0,0,0,0,0,0,0,0,0,0,0,0,242.0,0,4,370,554.5,0.0,33,41.2,0,275.8,,23390,0,392.9,808.2
505,young,15840,25,6,5087,0,10,1,1,802,7478,313,2330,4109740,159424.6,246631,19.6,103.4,1056.0,1688390,2097.6,423.3,611.7,778.0,8960,0,1662912,1441450,0,0,0,0,0,0,0,0,0,0,0,0,242.0,0,0,374,476.6,0.0,33,41.1,0,295.4,,23433,0,393.5,809.4
506,young,18553,30,7,12071,0,10,2,1,824,2949,325,2586,4115642,159634.4,235680,18.6,122.0,1056.0,1691034,2101.3,423.4,612.6,780.2,8960,0,1665632,1443722,0,0,0,0,0,0,0,0,0,0,0,1,242.0,0,0,374,413.7,0.0,33,41.1,0,314.0,,23472,0,394.1,810.7
507,full-cycle,29013,29,2807,0,0,0,2,0,1125,2221,259,1142,4121806,159895.2,584392,62.5,62.5,1056.0,1694637,2105.4,423.6,614.1,782.1,8988,0,1669335,1446819,2836,19098,3828,556093,20,370,69,0,0,0,3245,0,270.0,1,16,343,611.5,1.9,33,42.7,0,256.0,promoted,23578,0,394.9,812.5
508,young,15752,55,6,7032,0,11,2,1,758,6797,309,995,4135171,160530.1,228537,22.3,84.9,1056.0,1697897,2109.3,423.7,615.1,784.5,9030,0,1672656,1448685,0,0,0,0,0,0,0,0,0,0,0,0,270.0,0,1,359,546.0,1.9,33,39.8,0,276.9,,23599,0,395.7,814.2
509,young,19757,29,24,10500,0,9,1,1,855,6046,309,2199,4140277,160703.1,291393,23.9,108.7,1056.0,1700741,2111.9,423.8,616.0,785.5,9041,0,1675569,1451325,0,0,0,0,0,0,0,0,0,0,0,0,270.0,0,0,360,451.2,1.9,33,39.1,0,300.7,,23641,0,396.4,815.5
510,young,16316,27,7,5792,0,10,2,1,955,6796,328,2636,4145336,160902.7,235142,18.7,127.4,1056.0,1703647,2114.8,423.9,617.0,786.8,9046,0,1678540,1453933,0,0,0,0,0,0,0,0,0,0,0,0,270.0,0,0,360,378.3,1.9,33,38.8,0,319.4,,23686,0,397.1,816.9
511,full-cycle,24531,33,5318,0,0,0,2,0,1043,417,256,1058,4151421,161144.3,405086,48.0,48.0,1056.0,1707963,2126.7,432.0,618.6,788.4,9046,0,1682918,1457885,5351,15786,1707,401756,11,189,25,0,0,0,1680,0,296.0,1,0,346,628.9,1.9,33,45.0,0,256.0,promoted,23771,0,398.1,818.9
