gc,kind,pause_us,suspend_us,fixctx_us,roots_us,freach_us,handles_us,dep_us,after_us,weak_us,cards_us,card_regions,sweep_us,zero_us,zero_mb,marked_n,marked_mb,live_mb,committed_mb,win_n,win_ms,wait_ms,carve_ms,wzero_ms,blk_n,span_n,hole_n,clean_n,pause_a_us,window_us,pause_b_us,window_marked_n,bsusp_us,rescan_us,drain2_us,predrain_us,predrain_cards,predrain_passes,csweep_us,trim_us,pool_mb,bfresh_n,breo_n,bold_n,holes_mb,tail_mb,cls_n,clsfree_mb,spanreg_n,budget_mb,reason,cold_n,fitdisc_n,disc_mb,req_mb
0,young,8295,16,4,6066,0,690,1,0,274,2,0,1163,0,0.0,232339,15.7,15.7,96.0,508,0.7,0.0,0.5,0.0,10,0,0,508,0,0,0,0,0,0,0,0,0,0,0,0,2.0,0,0,43,9.9,22.5,4,7.4,0,256.0,,38,0,0.2,0.3
1,young,23940,84,4,17402,0,831,2,0,1269,2344,44,1934,796,9.5,308521,39.3,55.0,334.0,2429,3.4,0.3,2.6,0.1,281,0,87,2412,0,0,0,0,0,0,0,0,0,0,0,0,2.0,0,0,153,154.7,12.5,13,8.8,0,256.0,,73,0,0.8,1.5
2,full-cycle,31448,52,7734,0,0,0,1,1,932,1552,112,970,4672,165.1,571456,59.4,59.4,448.0,4637,7.1,0.5,4.1,1.7,309,0,1394,4301,7785,16078,5610,547872,20,3033,29,0,0,0,1964,0,24.0,1,0,198,308.0,1.9,13,7.4,0,64.0,starved,132,0,1.3,2.5
3,young,7919,17,4,2623,0,7,1,0,224,4398,167,634,14837,494.8,166664,15.0,74.4,448.0,5302,8.0,0.5,4.3,2.2,341,0,2116,4967,0,0,0,0,0,0,0,0,0,0,0,0,18.0,0,0,199,268.9,1.9,16,10.7,0,256.0,,164,0,1.4,2.9
4,full-cycle,38140,29,7017,0,0,0,1,0,941,1546,144,963,16392,532.8,515296,54.2,54.2,470.0,11216,11.5,0.7,6.1,2.9,373,0,7902,10697,7046,16870,11806,431208,15,6842,2436,0,0,0,2401,0,50.0,1,16,177,295.1,1.7,16,11.0,0,64.0,starved,259,0,2.8,5.7
5,young,10808,50,4,5451,0,7,1,0,267,4194,146,783,25617,823.9,177740,16.9,71.1,470.0,11884,13.5,0.8,6.3,4.6,377,0,8562,10698,0,0,0,0,0,0,0,0,0,0,0,0,50.0,0,0,194,256.9,1.7,16,10.7,0,256.0,,262,0,2.9,6.0
6,full-cycle,48768,107,9013,0,0,0,1,1,1082,5197,161,1110,29536,899.2,595455,60.4,60.4,496.0,17428,17.4,1.0,8.1,5.6,431,0,13637,15879,9120,20477,16496,445918,91,8196,1896,0,0,0,2595,0,20.0,8,16,198,325.2,14.6,16,11.3,0,64.0,starved,352,0,4.2,8.6
7,young,13949,32,5,6754,0,12,1,1,307,5925,158,850,40150,1187.8,179346,16.5,76.8,496.0,18149,19.2,1.0,8.4,6.9,438,0,14370,15879,0,0,0,0,0,0,0,0,0,0,0,1,20.0,0,0,222,284.9,14.6,16,10.8,0,256.0,,361,0,4.4,9.0
8,full-cycle,45588,112,7468,0,0,0,1,2,1015,2878,180,1032,42496,1272.0,603088,61.4,61.4,500.0,24203,23.5,1.3,10.2,8.3,478,0,20282,21419,7580,20130,14796,478705,28,8416,2437,0,0,0,3000,0,6.0,9,15,206,337.7,16.6,17,13.1,0,64.0,starved,445,0,5.7,11.7
9,young,14121,104,5,9132,0,9,1,1,282,3620,147,926,54154,1569.8,211479,20.2,81.6,500.0,25128,26.7,1.3,10.6,11.0,502,0,21220,21529,0,0,0,0,0,0,0,0,0,0,0,0,6.0,0,0,230,293.2,16.6,17,11.5,0,256.0,,452,0,6.0,12.2
10,full-cycle,47231,90,7315,0,0,0,1,1,1014,3652,169,1038,56174,1643.9,638566,64.5,64.5,522.0,31449,31.1,1.6,12.5,12.2,540,0,27344,27307,7405,23537,13376,519740,159,6810,1713,0,0,0,2838,0,14.0,10,15,212,344.9,18.5,17,13.5,0,64.5,starved,535,0,7.3,15.1
11,young,14207,83,6,5801,0,9,1,0,260,6937,162,1054,67611,1947.0,186213,17.1,81.6,522.0,32249,34.1,1.6,12.8,14.8,555,0,28160,27367,0,0,0,0,0,0,0,0,0,0,0,0,14.0,0,0,237,302.6,18.5,17,12.4,0,256.0,,546,0,7.6,15.5
12,full-cycle,65576,143,10994,0,0,0,2,0,1095,3775,196,1123,71333,2064.9,668300,68.7,68.7,544.0,39158,41.0,1.9,16.0,17.1,646,0,34832,33385,11137,26856,18031,500775,31,8209,4886,0,0,0,9455,0,0.0,7,31,217,352.3,12.4,17,9.9,0,68.7,starved,677,0,9.2,18.9
13,young,16635,90,9,8523,0,10,1,1,280,6665,186,1004,78908,2242.9,182487,18.1,86.8,544.0,39573,55.0,15.1,16.2,17.7,653,0,35279,33477,0,0,0,0,0,0,0,0,0,0,0,1,0.0,0,0,255,337.3,12.4,17,9.4,0,256.0,,687,0,9.3,19.1
14,full-cycle,51952,25,9723,0,0,0,1,1,987,5782,182,996,83424,2435.7,660417,68.3,68.3,550.0,46090,59.2,15.3,18.0,19.0,751,0,41867,39458,9748,20783,18573,517002,36,10806,945,0,0,0,2774,0,0.0,8,15,232,381.6,14.7,20,16.6,0,68.3,starved,762,0,10.7,22.2
15,young,12573,22,6,8519,0,8,1,1,329,2724,189,914,91922,2775.6,216502,20.1,88.4,550.0,46999,61.1,15.3,18.2,20.4,761,0,42775,39534,0,0,0,0,0,0,0,0,0,0,0,0,0.0,0,0,255,330.8,14.7,20,15.8,0,256.0,,775,0,10.9,22.7
16,full-cycle,37044,38,2794,0,0,0,1,0,942,2169,175,952,93584,2830.9,629778,65.2,65.2,550.0,53509,64.5,15.5,19.9,21.1,821,0,49386,45817,2831,21213,10273,500136,56,3579,3505,0,0,0,2676,0,12.0,7,14,228,376.8,12.6,20,17.6,0,65.2,starved,890,0,12.5,25.9
17,young,11839,66,6,5378,0,6,1,1,257,5132,175,923,101598,3167.8,217189,20.2,85.4,550.0,54301,66.3,15.6,20.1,22.5,833,0,50175,45830,0,0,0,0,0,0,0,0,0,0,0,0,12.0,0,0,249,331.8,12.6,20,16.6,0,256.0,,899,0,12.7,26.3
18,full-cycle,49973,74,11245,0,0,0,1,1,951,3799,198,960,103564,3225.8,601691,63.5,63.5,550.0,60659,70.3,15.8,21.8,23.8,903,0,56653,51751,11319,20286,15858,489673,74,9289,1732,0,0,0,2425,0,4.0,7,14,232,386.6,12.7,20,17.1,0,64.0,starved,1009,0,14.2,29.3
19,young,10667,29,5,5862,0,8,1,0,254,3606,181,852,115165,3560.1,223457,20.1,83.5,550.0,61210,71.8,15.8,22.0,25.0,910,0,57205,51771,0,0,0,0,0,0,0,0,0,0,0,0,6.0,0,0,252,341.9,10.9,20,16.5,0,256.0,,1018,0,14.3,29.6
20,full-cycle,45761,47,8698,0,0,0,1,0,980,2989,193,989,116794,3624.7,623999,63.1,63.1,550.0,67748,75.5,16.0,23.7,25.7,956,0,63829,58108,8745,19575,14747,485502,100,7329,3335,0,0,0,2602,0,18.0,8,15,223,367.1,14.2,20,18.9,0,64.0,starved,1106,0,15.8,32.6
21,young,12965,47,6,6604,0,8,1,1,287,4696,192,1239,125111,3955.7,205660,18.9,81.9,550.0,68485,77.3,16.0,23.9,27.2,959,0,64570,58122,0,0,0,0,0,0,0,0,0,0,0,0,18.0,0,0,246,326.5,14.2,20,18.6,0,256.0,,1111,0,16.0,33.0
22,full-cycle,53954,53,9042,0,0,0,2,1,1075,3504,214,1086,127250,4037.3,610635,63.4,63.4,550.0,75275,81.4,16.3,25.9,28.1,1013,0,71342,64633,9095,23338,17552,469497,41,11806,1107,0,0,0,3877,0,0.0,8,17,230,377.8,14.9,20,17.6,0,64.0,starved,1233,0,17.6,36.3
23,young,14837,61,6,12154,0,7,1,1,247,1629,183,640,135880,4365.3,183421,18.6,82.1,550.0,76042,83.3,16.3,26.1,29.6,1034,0,72153,64633,0,0,0,0,0,0,0,0,0,0,0,0,0.0,0,0,255,346.1,14.9,20,15.9,0,256.0,,1255,0,17.8,36.7
24,full-cycle,44820,53,11234,0,0,0,1,0,1038,3415,183,1047,141581,4437.7,613994,65.4,65.4,550.0,82528,87.0,16.5,27.8,30.3,1151,0,78745,70953,11287,22001,8435,533896,16,3908,43,0,0,0,3084,0,24.0,2,13,228,374.0,3.7,20,16.3,0,65.4,starved,1360,0,19.2,39.7
25,young,13983,36,6,7515,0,8,1,0,262,5061,199,1024,151398,4783.8,201635,18.1,83.4,550.0,83212,88.9,16.6,28.0,31.8,1156,0,79446,70953,0,0,0,0,0,0,0,0,0,0,0,0,26.0,0,0,242,334.7,1.9,20,16.0,0,256.0,,1367,0,19.4,40.0
26,full-cycle,53572,56,6300,0,0,0,2,1,1330,2252,212,1349,153355,4848.7,602659,62.6,62.6,554.0,90313,93.2,16.8,30.0,32.9,1187,0,86538,77779,6356,23389,20718,466288,61,12248,4800,0,0,0,2952,0,6.0,7,16,231,385.5,12.9,20,19.2,0,64.0,starved,1479,0,21.1,43.6
27,young,26395,125,8,18269,0,22,2,2,413,6393,194,1034,155171,4898.1,201465,20.7,83.3,554.0,91040,95.1,16.9,30.2,34.5,1243,0,87280,77779,0,0,0,0,0,0,0,0,0,0,0,0,6.0,0,0,254,346.2,12.9,20,15.4,0,256.0,,1485,0,21.3,44.0
28,full-cycle,42548,42,9012,0,0,0,2,1,1078,3262,172,1089,165475,5255.2,597861,64.1,64.1,554.0,97126,100.9,17.3,32.2,36.9,1321,0,93506,82157,9054,20841,9784,491547,19,3297,2111,0,0,0,2844,0,0.0,13,16,228,377.1,23.1,20,17.9,0,64.1,starved,1624,0,22.6,47.0
29,young,15617,44,6,11087,0,9,1,1,250,3258,176,840,173466,5575.4,202983,20.2,84.3,554.0,97860,102.4,17.4,32.4,38.0,1369,0,94237,82170,0,0,0,0,0,0,0,0,0,0,0,0,2.0,0,0,256,341.0,21.2,20,14.2,0,256.0,,1631,0,22.8,47.4
30,full-cycle,46486,104,8382,0,0,0,1,1,997,3140,181,1006,176064,5648.0,631491,67.2,67.2,554.0,103893,106.0,17.6,34.0,38.8,1484,0,100379,87955,8486,21562,13676,509347,28,8783,714,0,0,0,2679,0,4.0,9,13,233,381.7,16.5,20,16.5,0,67.2,starved,1738,0,24.1,50.1
31,young,9778,28,6,4577,0,8,1,0,234,4199,201,661,184907,5982.7,174956,18.4,85.6,554.0,104649,107.8,17.6,34.3,40.3,1550,0,101157,87967,0,0,0,0,0,0,0,0,0,0,0,0,4.0,0,0,255,349.2,16.5,20,12.4,0,256.0,,1744,0,24.3,50.5
32,full-cycle,28398,51,4107,0,0,0,1,0,1028,1493,169,1038,187110,6049.0,539127,56.5,56.5,554.0,110452,111.8,17.8,35.9,41.6,1578,0,107056,93433,4158,17505,4256,501810,17,1630,73,0,0,0,2467,0,20.0,3,13,231,395.1,5.6,20,18.8,0,64.0,starved,1834,0,25.7,53.4
33,young,10484,34,7,4440,0,10,1,0,241,4829,189,870,196646,6412.3,212867,19.0,75.5,554.0,111202,113.7,17.8,36.1,43.2,1582,0,107802,93437,0,0,0,0,0,0,0,0,0,0,0,0,22.0,0,0,246,348.9,3.7,20,18.5,0,256.0,,1842,0,25.9,53.8
34,full-cycle,42785,62,7206,0,0,0,1,1,1004,3377,193,1013,197988,6468.9,626231,65.0,65.0,554.0,116897,117.0,18.0,37.7,43.8,1630,0,113607,98967,7268,20654,12311,493754,52,7115,748,0,0,0,2467,0,12.0,8,16,227,374.5,14.6,20,18.0,0,65.0,starved,1959,0,27.2,56.7
35,young,12529,148,7,7768,0,7,1,1,224,3466,184,829,201046,6569.1,222310,20.3,85.3,554.0,117528,118.5,18.0,37.9,45.1,1645,0,114231,98967,0,0,0,0,0,0,0,0,0,0,0,0,12.0,0,0,251,335.7,14.6,20,16.8,0,256.0,,1965,0,27.4,57.0
36,full-cycle,56566,69,9140,0,0,0,1,2,1080,2892,219,1096,209931,6876.4,652834,68.0,68.0,558.0,124638,124.9,18.3,39.9,48.0,1723,0,121332,104682,9209,25229,14749,480216,29,6224,4499,0,0,0,7280,0,0.0,6,24,229,369.9,10.5,20,15.8,0,68.0,starved,2100,0,29.1,60.4
37,young,10859,29,7,5143,0,12,1,1,245,4446,204,892,217834,7194.6,209609,20.3,88.3,558.0,125098,126.0,18.3,40.1,48.8,1736,0,121831,104718,0,0,0,0,0,0,0,0,0,0,0,0,0.0,0,0,259,348.4,10.5,20,14.8,0,256.0,,2114,0,29.2,60.7
38,full-cycle,40734,30,8425,0,0,0,1,0,870,1766,188,878,219663,7268.6,548454,59.1,59.1,558.0,131069,129.8,18.5,41.6,50.0,1792,0,127931,110266,8455,18707,10120,478741,17,4536,2918,0,0,0,3438,0,14.0,1,17,234,397.1,1.9,20,15.4,0,64.0,starved,2235,0,30.7,63.7
39,young,8473,207,8,2344,0,8,1,0,249,4898,198,699,221398,7328.6,140612,17.6,76.7,558.0,131504,130.8,18.5,41.8,50.8,1841,0,128391,110309,0,0,0,0,0,0,0,0,0,0,0,0,14.0,0,0,252,368.8,1.9,20,12.4,0,256.0,,2244,0,30.8,63.9
40,full-cycle,46441,115,7000,0,0,0,1,1,954,3524,184,964,230408,7668.7,592630,63.3,63.3,558.0,136895,135.8,18.7,43.3,53.2,1903,0,133909,114623,7115,19345,16528,462828,57,10417,1561,0,0,0,3354,0,12.0,7,15,231,380.0,12.9,20,16.0,0,64.0,starved,2359,0,32.0,66.4
41,young,10070,99,6,5211,0,8,2,1,254,3566,194,845,236796,7970.9,190347,18.4,81.7,558.0,137603,137.2,18.8,43.5,54.3,1914,0,134619,114720,0,0,0,0,0,0,0,0,0,0,0,0,12.0,0,0,253,345.0,12.9,20,15.1,0,256.0,,2368,0,32.1,66.7
42,full-cycle,46228,39,9769,0,0,0,1,1,988,4071,202,999,238697,8043.9,651633,68.5,68.5,558.0,143078,140.7,18.9,45.0,55.2,1984,0,140178,119895,9808,21114,12273,510344,100,6443,656,0,0,0,2989,0,0.0,10,14,234,381.5,18.4,21,18.3,0,68.5,starved,2470,0,33.4,69.4
43,young,14108,35,7,10716,0,7,1,0,269,2204,206,766,247094,8375.1,132564,13.2,81.7,558.0,143992,142.6,19.0,45.3,56.7,1998,0,141110,120155,0,0,0,0,0,0,0,0,0,0,0,0,2.0,0,1,256,351.2,16.5,21,17.2,0,256.0,,2484,0,33.6,69.9
44,full-cycle,51413,42,10468,0,0,0,1,0,1034,3569,201,1043,249186,8456.8,656003,68.0,68.0,558.0,150260,146.4,19.2,46.9,57.7,2058,0,147455,126143,10510,22567,14869,492877,50,8922,1280,0,0,0,3374,0,2.0,9,14,234,378.5,16.5,21,18.6,0,68.0,starved,2589,0,35.1,72.8
45,young,11046,97,6,4880,0,11,2,0,255,5030,197,670,256894,8779.0,185434,18.8,86.8,558.0,150790,147.9,19.2,47.1,58.8,2099,0,148013,126159,0,0,0,0,0,0,0,0,0,0,0,0,2.0,0,0,257,343.7,16.5,21,16.1,0,256.0,,2597,0,35.2,73.1
46,full-cycle,25061,22,3491,0,0,0,1,0,809,2301,175,818,258335,8841.9,489707,53.6,53.6,558.0,156057,161.2,19.4,48.5,59.7,2117,0,153372,131192,3513,15176,4438,434144,17,1275,22,0,0,0,1929,0,22.0,0,1,246,419.9,0.0,21,21.7,0,64.0,starved,2682,0,36.4,75.5
47,young,12544,50,5,6888,0,8,1,0,247,3113,197,2116,270326,9241.1,169706,19.4,73.0,558.0,158087,162.9,19.5,49.1,60.5,2189,0,155496,132481,0,0,0,0,0,0,0,0,0,0,0,0,22.0,0,0,247,363.9,0.0,21,16.5,0,256.0,,2735,0,37.1,77.1
48,full-cycle,32020,85,7536,0,0,0,1,0,876,855,169,885,271222,9270.0,504245,55.8,55.8,558.0,161513,165.2,19.6,50.1,61.0,2276,0,159077,135792,7621,18468,3608,500299,17,1804,43,0,0,0,2312,0,42.0,1,16,220,378.7,1.9,21,17.7,0,64.0,starved,2858,0,38.0,78.8
49,young,12106,66,6,7039,0,9,2,0,263,3944,200,676,274036,9378.4,177580,18.4,74.1,558.0,162011,166.3,19.6,50.2,61.9,2286,0,159582,135866,0,0,0,0,0,0,0,0,0,0,0,0,42.0,0,0,237,344.8,1.9,21,16.9,0,256.0,,2864,0,38.1,79.1
50,full-cycle,43955,60,9432,0,0,0,2,1,949,2957,195,960,280596,9648.8,639671,66.8,66.8,558.0,167039,170.3,19.8,51.7,63.5,2377,0,164697,140241,9492,19716,10860,536412,33,6082,821,0,0,0,3793,0,28.0,13,15,216,348.1,23.5,21,19.3,0,66.8,starved,2973,0,39.3,81.5
51,young,12942,35,6,5835,0,9,1,0,296,5878,192,815,287956,9937.1,225001,23.0,89.7,558.0,167603,172.0,19.8,51.9,64.9,2439,0,165276,140254,0,0,0,0,0,0,0,0,0,0,0,0,28.0,0,0,244,306.5,23.5,21,15.4,0,256.0,,2979,0,39.4,81.8
52,full-cycle,45554,48,8299,0,0,0,1,1,775,613,147,784,289170,9991.6,529155,57.5,57.5,558.0,172261,174.7,20.0,53.1,65.5,2463,0,170006,144643,8347,18715,16865,504093,19,14613,829,0,0,0,1609,0,30.0,2,0,241,401.8,3.7,21,21.6,0,64.0,starved,3066,0,40.5,83.8
53,young,10153,37,7,5120,0,6,1,0,251,3575,191,1091,300522,10386.7,178473,18.6,76.1,558.0,173142,175.3,20.0,53.4,65.7,2514,0,170975,145452,0,0,0,0,0,0,0,0,0,0,0,0,32.0,0,0,242,352.3,1.9,21,17.6,0,256.0,,3119,0,40.7,84.5
54,full-cycle,52661,40,10634,0,0,0,1,1,1008,5426,196,1017,301270,10412.3,690515,70.6,70.6,558.0,178630,178.5,20.2,54.9,66.3,2566,0,176605,150877,10673,23499,15671,497090,103,8181,939,0,0,0,2712,0,16.0,8,15,224,354.5,14.6,24,24.0,0,70.6,starved,3256,0,42.0,87.2
55,young,15139,115,4,11645,0,7,1,0,253,2356,203,664,309874,10709.1,244582,23.5,94.1,558.0,179351,180.3,20.2,55.2,67.7,2581,0,177340,150910,0,0,0,0,0,0,0,0,0,0,0,0,16.0,0,0,247,311.0,14.6,24,22.9,0,256.0,,3268,0,42.2,87.6
56,full-cycle,34839,56,8014,0,0,0,1,0,844,1637,169,854,311368,10773.2,540352,58.6,58.6,558.0,185619,183.9,20.4,56.8,68.5,2601,0,183728,156965,8070,19344,5650,498831,19,2166,969,0,0,0,1767,0,20.0,1,11,233,402.9,1.9,24,27.1,0,64.0,starved,3362,0,43.8,90.6
57,young,13600,26,6,7538,0,10,1,1,283,4068,207,1575,321650,11155.0,194977,18.2,76.8,558.0,187700,186.4,20.5,57.3,70.2,2633,0,185821,157244,0,0,0,0,0,0,0,0,0,0,0,0,22.0,0,0,244,346.4,0.0,24,24.6,0,256.0,,3381,0,44.3,91.8
58,full-cycle,38999,49,7104,0,0,0,1,1,1043,3327,191,1052,322560,11185.0,594495,61.6,61.6,558.0,192274,189.3,20.6,58.6,70.9,2663,0,190510,161509,7153,19772,9626,494105,19,3884,1339,0,0,0,2435,0,28.0,2,15,224,372.8,3.7,24,27.0,0,64.0,starved,3484,0,45.3,93.9
59,young,8635,107,7,1768,0,8,1,0,227,5805,202,629,330442,11499.6,151728,14.6,76.2,558.0,192911,191.0,20.7,58.8,72.2,2680,0,191170,161509,0,0,0,0,0,0,0,0,0,0,0,0,28.0,0,0,241,342.7,3.7,24,25.8,0,256.0,,3494,0,45.5,94.3
60,full-cycle,47293,73,9042,0,0,0,1,1,1124,2930,185,1135,341427,11581.0,603369,63.7,63.7,558.0,198562,194.2,20.8,60.3,72.9,2719,0,196923,167000,9115,21708,13315,519656,37,8221,985,0,0,0,3073,0,20.0,11,13,221,364.8,20.0,24,26.0,0,64.0,starved,3601,0,46.7,96.8
61,young,12354,180,9,4802,0,11,1,1,252,5679,195,1323,348115,11890.4,175461,16.7,80.4,558.0,199677,195.8,20.9,60.6,74.1,2748,0,198050,167270,0,0,0,0,0,0,0,0,0,0,0,1,20.0,0,0,245,328.1,20.0,24,24.0,0,256.0,,3607,0,47.0,97.4
62,full-cycle,48460,47,19959,0,0,0,2,1,915,1360,188,924,349937,11954.9,546310,58.0,58.0,558.0,204881,199.0,21.1,62.0,74.9,2796,0,203394,172269,20006,19196,6996,472872,22,1980,2704,0,0,0,2248,1,18.0,3,16,227,386.9,5.6,24,25.1,0,64.0,starved,3731,0,48.3,100.1
63,young,14069,98,6,7082,0,10,2,1,302,5525,200,880,363258,12250.7,191897,21.1,79.1,558.0,205447,201.4,21.1,62.2,77.0,2839,0,203953,172350,0,0,0,0,0,0,0,0,0,0,0,0,20.0,0,0,245,350.7,3.7,24,22.2,0,256.0,,3741,0,48.4,100.4
64,full-cycle,32144,28,4099,0,0,0,1,1,764,907,158,774,372567,12359.7,464472,53.6,53.6,558.0,210880,205.5,21.3,63.7,78.5,2926,0,209526,177278,4128,14983,10521,434678,63,8132,639,0,0,0,2441,0,12.0,9,16,224,397.7,16.4,24,24.0,0,64.0,starved,3862,0,49.7,103.0
65,young,12876,37,7,7756,0,8,1,0,271,3694,195,1022,379125,12675.5,186048,19.9,73.4,558.0,211484,206.8,21.3,63.9,79.5,2966,0,210143,177311,0,0,0,0,0,0,0,0,0,0,0,0,12.0,0,0,249,361.9,16.4,24,21.2,0,256.0,,3868,0,49.8,103.3
66,full-cycle,57797,31,10893,0,0,0,1,0,1070,5173,206,1079,381074,12752.5,631482,65.5,65.5,558.0,217268,212.3,21.9,66.9,80.5,3018,0,215988,182650,10924,30310,13016,465811,88,5505,1166,0,0,0,3454,0,0.0,6,15,234,381.3,10.4,24,25.1,0,65.5,starved,3969,0,51.2,106.2
67,young,16259,60,6,10297,0,8,1,1,254,4538,205,1008,390384,13108.0,212437,19.7,85.3,558.0,218484,214.0,21.9,67.3,81.6,3031,0,217228,183137,0,0,0,0,0,0,0,0,0,0,0,0,2.0,0,1,253,337.3,8.5,24,24.0,0,256.0,,3981,0,51.5,106.8
68,full-cycle,54208,52,12100,0,0,0,1,1,1012,4142,190,1022,392315,13147.1,601123,63.4,63.4,562.0,224451,217.9,22.4,69.3,82.2,3135,0,223269,188990,12152,23148,16697,469524,123,10036,1368,0,0,0,2127,0,0.0,10,8,237,391.4,17.7,26,29.2,0,64.0,starved,4092,0,52.9,109.6
69,young,11307,20,4,2722,0,10,1,1,228,7025,202,1260,401272,13415.5,196360,17.9,81.3,562.0,225649,219.5,22.4,69.6,83.1,3148,0,224521,189673,0,0,0,0,0,0,0,0,0,0,0,1,0.0,0,0,255,348.4,17.7,26,28.1,0,256.0,,4110,0,53.1,110.2
70,full-cycle,57832,112,10527,0,0,0,1,0,1080,5735,219,1099,406508,13560.9,730559,72.6,72.6,574.0,231598,224.2,22.7,72.3,84.0,3185,0,230448,195289,10638,28295,15680,546088,89,7375,1374,0,0,0,3126,0,0.0,2,17,242,388.0,3.7,26,29.8,0,72.6,starved,4235,0,54.5,113.1
71,young,14007,53,4,7310,0,8,1,0,317,4339,226,1851,420939,13915.6,226170,21.8,94.5,574.0,233744,226.8,22.7,72.9,85.7,3209,0,232609,195723,0,0,0,0,0,0,0,0,0,0,0,0,0.0,0,0,261,334.6,3.7,26,28.1,0,256.0,,4241,0,55.1,114.2
72,full-cycle,31345,37,5306,0,0,0,1,0,798,1863,92,808,421994,13955.7,573821,60.9,60.9,574.0,238139,229.7,22.9,74.1,86.5,3225,0,237085,199684,5343,18165,6102,537270,20,3365,40,0,0,0,1731,0,14.0,0,1,253,419.1,0.0,26,31.7,0,64.0,starved,4321,0,56.1,116.4
73,young,15894,133,18,8087,0,8,1,0,247,5200,222,2060,438793,14136.0,185837,18.3,79.3,574.0,240278,231.8,23.0,74.7,87.7,3270,0,239299,200520,0,0,0,0,0,0,0,0,0,0,0,0,14.0,0,0,254,364.0,0.0,26,28.2,0,256.0,,4372,0,56.8,117.8
74,full-cycle,52742,68,7832,0,0,0,1,1,1038,2508,217,1047,445458,14400.4,578523,61.9,61.9,574.0,245254,235.9,23.1,76.2,89.3,3318,0,244420,204697,7900,25176,10836,448408,27,3654,3593,0,0,0,8734,0,6.0,6,29,223,369.8,11.2,26,28.5,0,64.0,starved,4509,0,58.0,120.3
75,young,14837,167,10,8314,0,10,1,0,249,5116,208,884,452059,14642.3,179714,17.5,79.4,574.0,245481,238.1,23.1,76.3,91.4,3333,0,244650,204697,0,0,0,0,0,0,0,0,0,0,0,0,8.0,0,0,257,367.1,9.4,26,27.3,0,256.0,,4511,0,58.1,120.4
76,full-cycle,36022,33,7964,0,0,0,1,0,990,2763,204,1001,455790,14788.9,560051,61.5,61.5,574.0,251295,241.9,23.3,77.9,92.5,3422,0,250554,210113,7997,19062,6388,488678,21,1787,811,0,0,0,2566,0,12.0,2,15,238,407.7,3.7,26,28.5,0,64.0,starved,4605,0,59.5,123.4
77,young,12990,51,5,5329,0,9,2,1,236,6314,216,954,462838,15125.0,225753,20.1,81.5,574.0,251892,243.4,23.4,78.0,93.7,3440,0,251158,210119,0,0,0,0,0,0,0,0,0,0,0,0,14.0,0,0,254,362.4,1.9,26,27.2,0,256.0,,4610,0,59.7,123.7
78,full-cycle,39194,51,7031,0,0,0,1,1,929,982,189,939,464283,15182.0,514163,54.4,54.4,574.0,257251,246.1,23.5,79.4,94.1,3441,0,256555,215423,7082,18465,11763,493522,20,9329,488,0,0,0,1872,0,42.0,1,2,237,399.5,1.9,26,33.1,0,64.0,starved,4672,0,60.8,126.1
79,young,18064,30,6,7650,0,12,1,0,276,7559,212,2448,475296,15594.1,214507,20.6,75.0,574.0,259304,248.6,23.6,80.0,95.5,3486,0,258667,215958,0,0,0,0,0,0,0,0,0,0,0,0,42.0,0,0,240,343.6,1.9,26,29.8,0,256.0,,4708,0,61.4,127.5
80,full-cycle,34162,50,3756,0,0,0,2,1,1122,1916,190,1132,476180,15626.1,563990,59.4,59.4,574.0,263231,251.2,23.8,81.2,96.2,3527,0,262712,219584,3806,21411,6348,516691,12,1870,1413,0,0,0,2586,0,42.0,5,16,219,367.9,9.2,26,29.2,0,64.0,starved,4823,0,62.5,129.5
81,young,15799,31,8,7630,0,10,1,0,291,6119,207,1633,484793,15946.7,192519,20.1,79.5,574.0,264542,253.2,23.8,81.5,97.6,3551,0,264030,219753,0,0,0,0,0,0,0,0,0,0,0,0,42.0,0,0,240,323.9,9.2,26,27.6,0,256.0,,4831,0,62.8,130.3
82,full-cycle,81784,86,15168,0,0,0,1,0,1208,5207,238,1230,486442,16009.4,772702,76.1,76.1,588.0,270345,258.2,24.2,84.0,98.9,3585,0,269458,224938,15254,35782,25590,486096,82,10257,8806,0,0,0,5031,0,0.0,1,15,252,391.2,1.7,26,29.6,0,76.1,starved,4934,0,64.2,133.0
83,young,14795,33,7,7931,0,9,1,0,290,5206,231,1221,499665,16375.7,161136,15.0,91.2,588.0,271889,264.4,24.2,84.7,104.2,3591,0,271014,225123,0,0,0,0,0,0,0,0,0,0,0,0,0.0,0,0,268,354.6,1.7,26,29.1,0,256.0,,4944,0,64.6,133.8
84,full-cycle,40191,56,11282,0,0,0,2,1,936,2631,205,947,502203,16433.0,537629,55.9,55.9,588.0,278107,269.1,24.4,86.5,105.9,3616,0,277314,231094,11338,18844,7600,465394,34,3633,348,0,0,0,2336,0,12.0,10,15,237,411.4,18.5,26,31.2,0,64.0,starved,5033,0,65.9,136.6
85,young,14097,99,6,7410,0,12,1,1,280,5370,209,823,510990,16775.5,187108,17.1,73.1,588.0,278712,270.9,24.5,86.7,107.4,3623,0,277910,231094,0,0,0,0,0,0,0,0,0,0,0,0,14.0,0,0,261,368.7,16.6,26,30.6,0,256.0,,5036,0,66.1,136.9
86,full-cycle,33757,35,5018,0,0,0,1,0,991,3590,205,1001,512963,16846.1,575164,59.3,59.3,588.0,284149,274.9,24.6,88.2,108.9,3676,0,283488,235999,5053,20525,5561,496413,36,861,67,0,0,0,2603,0,12.0,7,16,239,402.5,13.1,26,32.4,0,64.0,starved,5150,0,67.4,139.6
87,young,17819,107,4,10806,0,10,1,0,269,5487,201,1006,523569,17153.8,200907,20.8,80.0,588.0,284671,276.5,24.7,88.4,110.2,3729,0,283995,236007,0,0,0,0,0,0,0,0,0,0,0,1,14.0,0,1,260,369.1,11.2,26,28.5,0,256.0,,5157,0,67.5,139.8
88,full-cycle,51745,31,8615,0,0,0,1,1,1068,3422,217,1078,525628,17238.5,601200,63.6,63.6,588.0,290819,280.1,24.9,90.0,111.1,3801,0,290256,241927,8646,20977,19454,508574,30,14267,649,0,0,0,2571,0,10.0,9,16,238,399.4,16.6,26,29.9,0,64.0,starved,5275,0,68.8,142.5
89,young,14252,29,4,11320,0,9,1,0,265,1661,213,934,534463,17573.2,211478,21.8,85.4,588.0,291555,281.9,24.9,90.2,112.5,3864,0,291016,241934,0,0,0,0,0,0,0,0,0,0,0,0,10.0,0,0,263,360.1,16.6,26,25.8,0,256.0,,5285,0,69.0,142.9
90,full-cycle,44220,49,7773,0,0,0,1,0,799,734,168,808,535968,17638.6,475331,53.6,53.6,588.0,296653,284.8,25.1,91.6,113.1,3887,0,296181,246832,7822,18740,15794,455900,23,13437,786,0,0,0,1853,0,20.0,1,0,257,443.3,1.9,26,31.3,0,64.0,starved,5366,0,70.1,145.3
91,young,18233,74,8,9222,0,10,1,1,314,5997,208,2481,550787,17896.4,202394,20.6,74.2,588.0,298769,286.7,25.1,92.2,114.0,3939,0,298385,248071,0,0,0,0,0,0,0,0,0,0,0,0,22.0,0,0,257,384.6,0.0,26,27.3,0,256.0,,5421,0,70.8,146.8
92,full-cycle,48289,63,5315,0,0,0,1,1,1103,2251,221,1114,558181,18078.9,587061,62.6,62.6,588.0,302536,292.4,25.3,94.7,116.3,3979,0,302294,250822,5377,21276,15518,443386,70,7756,4320,0,0,0,6024,0,8.0,10,22,232,385.5,18.5,26,28.3,0,64.0,starved,5548,0,71.7,148.7
93,young,13795,37,6,8348,0,9,1,0,244,4402,201,638,566147,18379.2,205459,19.8,82.4,588.0,302883,293.6,25.3,94.8,117.3,3990,0,302648,250824,0,0,0,0,0,0,0,0,0,0,0,0,8.0,0,0,264,364.1,18.5,26,27.4,0,256.0,,5555,0,71.8,148.8
94,full-cycle,45274,107,4618,0,0,0,2,1,1122,4230,211,1133,568070,18453.9,611651,63.7,63.7,588.0,309315,297.8,25.5,96.6,118.6,4031,0,309172,256848,4725,21513,15996,473478,39,9030,1556,0,0,0,2937,0,4.0,7,14,245,411.6,12.9,26,29.7,0,64.0,starved,5659,0,73.2,151.9
95,young,14181,117,6,9432,0,9,1,1,288,3494,201,740,577346,18815.1,155881,16.2,79.9,588.0,310015,299.7,25.5,96.8,120.2,4063,0,309871,256865,0,0,0,0,0,0,0,0,0,0,0,0,6.0,0,0,265,370.0,11.0,26,27.6,0,256.0,,5662,0,73.4,152.2
96,full-cycle,39785,88,6270,0,0,0,1,0,810,536,153,819,578545,18863.3,547038,57.5,57.5,588.0,315285,302.9,25.7,98.2,121.1,4068,0,315197,261823,6358,19799,11957,530201,23,10272,301,0,0,0,1657,0,32.0,2,0,250,416.0,3.7,26,32.8,0,64.0,starved,5726,0,74.6,154.6
97,young,13573,35,6,6848,0,9,1,1,271,4487,214,1822,590416,19278.2,220099,19.7,77.3,588.0,317429,305.4,25.8,98.9,122.5,4099,0,317386,262344,0,0,0,0,0,0,0,0,0,0,0,0,34.0,0,0,251,355.8,1.9,26,30.4,0,256.0,,5760,0,75.1,155.9
98,full-cycle,43573,40,9411,0,0,0,1,1,1032,2679,207,1042,591052,19299.2,564585,58.6,58.6,588.0,321578,308.0,25.9,100.0,123.1,4124,0,321590,266172,9450,18522,12467,471410,38,7745,956,0,0,0,3033,0,16.0,8,12,239,403.9,14.6,27,33.0,0,64.0,starved,5848,0,76.0,157.7
99,young,10788,32,7,4519,0,9,1,0,265,4774,213,1118,599836,19658.0,194174,17.6,76.1,588.0,322439,309.7,25.9,100.3,124.4,4132,0,322482,266442,0,0,0,0,0,0,0,0,0,0,0,0,16.0,0,0,259,358.3,14.6,27,32.4,0,256.0,,5858,0,76.2,158.1
100,full-cycle,45457,47,12469,0,0,0,2,0,917,2800,190,926,600974,19703.1,641952,65.0,65.0,588.0,327826,313.0,26.1,101.9,125.2,4179,0,327945,271574,12516,23849,6110,562767,46,1846,486,0,0,0,2898,0,6.0,9,14,239,389.9,16.2,29,37.2,0,65.0,starved,5949,0,77.4,160.5
101,young,11632,64,6,4281,0,8,1,0,265,5823,196,1093,609623,20037.9,194312,18.3,83.3,588.0,328883,314.7,26.1,102.2,126.3,4202,0,329015,271968,0,0,0,0,0,0,0,0,0,0,0,0,6.0,0,1,261,349.0,16.2,29,35.4,0,256.0,,5953,0,77.7,161.1
102,full-cycle,43005,50,9125,0,0,0,1,0,874,1990,203,883,611247,20079.6,631975,64.0,64.0,588.0,334547,318.1,26.3,103.7,127.2,4294,0,334812,277423,9175,20902,10160,505266,19,3012,4251,0,0,0,2755,0,12.0,3,16,240,399.0,5.6,29,35.3,0,64.0,starved,6076,0,79.1,163.9
103,young,11639,96,7,3850,0,8,1,0,268,6558,200,726,615267,20229.8,185892,18.2,82.2,588.0,335120,319.5,26.4,103.8,128.4,4300,0,335396,277443,0,0,0,0,0,0,0,0,0,0,0,0,14.0,0,1,257,359.5,3.7,29,34.8,0,256.0,,6085,0,79.2,164.2
104,full-cycle,52537,30,9667,0,0,0,1,2,1034,2911,213,1044,621772,20485.6,680484,70.2,70.2,588.0,341239,324.5,26.6,105.5,130.6,4406,0,341615,282651,9697,25553,13738,594974,95,7131,2550,0,0,0,3462,0,0.0,13,15,237,381.9,23.4,29,34.6,0,70.2,starved,6193,0,80.7,167.3
105,young,12827,51,6,7413,0,9,1,1,259,4143,214,848,630262,20804.7,186916,16.8,86.9,588.0,341921,326.4,26.6,105.7,132.1,4412,0,342309,282695,0,0,0,0,0,0,0,0,0,0,0,0,0.0,0,1,264,348.7,23.4,29,34.2,0,256.0,,6196,0,80.9,167.6
106,full-cycle,42882,50,9705,0,0,0,1,1,1028,4082,200,1037,632298,20880.9,612715,62.6,62.6,588.0,347461,330.0,26.8,107.3,133.1,4448,0,347927,287905,9755,20637,9942,525355,18,4763,37,0,0,0,2531,0,6.0,1,14,247,417.7,1.9,29,36.9,0,64.0,starved,6282,0,82.1,170.2
107,young,15288,110,5,11153,0,8,1,1,237,2634,213,1051,641285,21229.3,241161,21.2,83.9,588.0,348110,331.8,26.8,107.5,134.5,4458,0,348613,288008,0,0,0,0,0,0,0,0,0,0,0,0,6.0,0,0,262,371.5,1.9,29,36.1,0,256.0,,6295,0,82.3,170.6
108,full-cycle,44430,27,1913,0,0,0,1,1,1067,3340,219,1078,642982,21293.4,609386,61.8,61.8,590.0,353388,335.5,27.0,109.0,135.7,4487,0,353964,292923,1940,20592,17794,475461,55,11348,1965,0,0,0,3992,0,0.0,11,17,237,396.3,20.5,30,38.7,0,64.0,starved,6384,0,83.4,173.0
109,young,12708,38,6,6273,0,16,2,1,378,5048,214,856,652705,21624.3,166729,15.4,77.2,590.0,353921,337.0,27.0,109.2,136.8,4492,0,354521,293021,0,0,0,0,0,0,0,0,0,0,0,0,4.0,0,0,263,367.0,16.6,30,38.3,0,256.0,,6390,0,83.6,173.3
110,full-cycle,46428,100,6738,0,0,0,1,1,1023,2850,214,1033,655348,21722.3,582320,60.0,60.0,590.0,359721,341.5,27.2,110.8,138.7,4581,0,360382,298149,6838,21182,10163,487875,50,5078,1144,0,0,0,8153,0,6.0,8,26,228,380.1,14.6,30,38.5,0,64.0,starved,6483,0,85.0,176.1
111,young,19304,57,7,11550,1,9,1,0,273,6239,216,1092,661110,21963.8,231141,22.3,82.3,590.0,360003,342.3,27.2,110.9,139.3,4607,0,360678,298149,0,0,0,0,0,0,0,0,0,0,0,0,6.0,0,0,262,363.8,14.6,30,37.0,0,256.0,,6487,0,85.0,176.3
112,full-cycle,33732,35,11213,0,0,0,1,1,850,1034,199,860,664220,22087.9,472659,51.5,51.5,590.0,365660,346.7,27.4,112.4,141.2,4631,0,366431,302975,11248,16944,2454,462005,20,508,24,0,0,0,3076,0,14.0,2,15,241,426.2,3.7,30,39.2,0,64.0,starved,6580,0,86.5,179.3
113,young,15912,57,4,7251,0,10,1,0,261,7252,205,982,673926,22443.6,211622,18.8,70.3,590.0,366191,348.5,27.4,112.6,142.7,4639,0,366975,302983,0,0,0,0,0,0,0,0,0,0,0,0,16.0,0,3,254,383.2,1.9,30,38.5,0,256.0,,6587,0,86.6,179.5
114,full-cycle,44240,95,7321,0,0,0,1,1,996,2457,221,1006,675923,22516.6,659757,65.4,65.4,590.0,371896,352.0,27.7,114.2,143.5,4737,0,372758,308480,7417,19875,14020,476754,97,6174,4279,0,0,0,2862,0,16.0,9,16,232,377.2,16.2,30,38.3,0,65.4,starved,6686,0,87.9,182.3
115,young,9242,28,8,2726,0,9,1,1,243,5439,219,697,684418,22826.6,186973,17.7,83.0,590.0,372431,353.7,27.7,114.4,144.8,4743,0,373314,308487,0,0,0,0,0,0,0,0,0,0,0,0,16.0,0,2,255,340.9,16.2,30,37.8,0,256.0,,6692,0,88.1,182.6
116,full-cycle,38593,34,3448,0,0,0,1,0,963,3302,213,972,686696,22905.3,613527,64.4,64.4,590.0,378387,357.6,27.9,116.0,146.1,4800,0,379342,314159,3482,22963,8838,556952,31,3962,564,0,0,0,3228,0,0.0,9,14,242,402.5,16.6,30,36.8,0,64.4,starved,6793,0,89.5,185.6
117,young,10294,67,4,4918,0,8,1,0,225,4277,204,705,695900,23260.1,180095,16.1,80.5,590.0,379036,359.2,27.9,116.2,147.4,4802,0,380008,314386,0,0,0,0,0,0,0,0,0,0,0,0,0.0,0,0,265,372.8,16.6,30,36.7,0,256.0,,6797,0,89.7,185.9
118,full-cycle,44078,119,7564,0,0,0,1,1,1026,1729,188,1048,697581,23322.0,561246,56.1,56.1,590.0,384137,364.2,28.1,119.0,148.7,4832,0,385201,319014,7683,19540,13789,498298,104,10068,835,0,0,0,2975,0,6.0,9,16,237,406.7,16.7,30,41.1,0,64.0,starved,6891,0,90.9,188.3
119,young,13633,101,7,8459,0,10,1,1,266,3772,203,930,704286,23649.1,225742,20.9,77.0,590.0,384733,365.3,28.1,119.2,149.5,4847,0,385799,319130,0,0,0,0,0,0,0,0,0,0,0,0,6.0,0,0,262,366.6,16.7,30,40.1,0,256.0,,6893,0,91.1,188.6
120,full-cycle,51326,58,7730,0,0,0,1,1,1022,2909,224,1031,706230,23723.1,659097,65.7,65.7,590.0,391047,370.3,28.5,121.4,151.0,4932,0,392205,324793,7788,21399,16857,486260,98,8604,4208,0,0,0,5189,1,0.0,4,24,237,389.3,7.4,30,38.1,0,65.7,starved,6997,0,92.7,191.9
121,young,12804,59,6,7364,0,9,1,0,280,3533,233,1439,713154,23978.5,140330,15.2,81.0,590.0,392106,371.8,28.5,121.7,152.1,4951,0,393265,325056,0,0,0,0,0,0,0,0,0,0,0,1,0.0,0,3,262,368.8,7.4,30,36.8,0,256.0,,7004,0,92.9,192.4
122,full-cycle,48316,54,7265,0,0,0,1,1,1069,3041,218,1079,724037,24132.7,626115,66.4,66.4,590.0,397559,376.2,29.0,123.7,153.1,4986,0,398824,330241,7319,23750,14190,554849,55,9418,590,0,0,0,2966,1,0.0,5,16,244,408.3,9.2,30,37.0,0,66.4,starved,7118,0,94.2,195.1
123,young,16532,119,5,11312,0,9,1,0,293,3700,216,990,736509,24476.0,255253,22.5,88.9,590.0,398293,378.0,29.0,124.0,154.5,5000,0,399573,330339,0,0,0,0,0,0,0,0,0,0,0,0,2.0,0,0,264,362.9,7.4,30,36.0,0,256.0,,7129,0,94.4,195.5
124,full-cycle,46023,34,10907,0,0,0,1,1,945,2686,234,955,740107,24550.7,647282,66.5,66.5,590.0,404534,382.1,29.2,125.7,155.9,5097,0,405979,336237,10941,20867,11154,501325,22,3502,3959,0,0,0,2985,0,0.0,6,16,243,396.2,11.1,30,35.3,0,66.5,starved,7265,0,95.8,198.5
125,young,13089,54,7,6404,0,8,1,1,279,5125,217,1106,749115,24648.3,156608,16.4,82.9,590.0,405389,389.3,29.2,125.9,162.8,5102,0,406834,336239,0,0,0,0,0,0,0,0,0,0,0,0,0.0,0,0,265,362.5,11.1,30,34.9,0,256.0,,7267,0,96.0,198.9
126,full-cycle,41465,42,3260,0,0,0,1,1,1132,3050,222,1144,758022,24959.3,624342,65.8,65.8,590.0,411369,395.0,29.4,127.6,165.7,5190,0,412915,341156,3302,18757,15294,462339,46,5060,5986,0,0,0,4048,0,8.0,5,18,238,394.1,9.0,30,36.1,0,65.8,starved,7373,0,97.4,201.8
127,young,14168,240,8,8897,0,9,1,1,241,3136,214,1503,759287,25003.3,139173,13.7,79.5,590.0,412498,396.7,29.4,127.8,166.9,5198,0,414049,341169,0,0,0,0,0,0,0,0,0,0,0,0,8.0,0,0,261,370.6,9.0,30,35.5,0,256.0,,7379,0,97.7,202.3
128,full-cycle,48582,111,11413,0,0,0,1,0,1086,7016,226,1096,771078,25375.8,681803,68.8,68.8,590.0,417623,401.2,29.6,129.5,168.8,5247,0,419270,345526,11524,22575,11921,502176,28,3449,323,0,0,0,2519,0,0.0,8,15,242,393.5,14.5,30,36.7,0,68.8,starved,7506,0,99.0,205.0
129,young,16662,128,6,9024,0,13,1,1,312,6067,213,1017,782625,25520.7,200994,18.2,87.0,590.0,418731,403.7,29.6,130.2,170.4,5248,0,420402,345736,0,0,0,0,0,0,0,0,0,0,0,0,0.0,0,0,265,344.9,14.5,30,36.6,0,256.0,,7511,0,99.3,205.5
130,full-cycle,37045,282,11216,0,0,0,1,0,948,1884,200,957,789754,25770.2,578535,60.4,60.4,590.0,424396,407.3,29.8,131.8,171.5,5299,0,426105,350714,11498,19205,4236,536027,18,1349,23,0,0,0,2101,0,10.0,1,0,259,427.7,1.9,30,40.6,0,64.0,starved,7573,0,100.6,208.3
131,young,17427,33,7,8800,0,11,1,1,250,6069,212,2170,800674,26167.9,167526,14.9,75.3,590.0,426479,409.7,29.9,132.4,172.7,5331,0,428242,351626,0,0,0,0,0,0,0,0,0,0,0,0,10.0,0,0,260,376.7,1.9,30,38.1,0,256.0,,7609,0,101.1,209.4
132,full-cycle,57220,149,8300,0,0,0,1,1,1111,2958,208,1123,802288,26209.2,647015,66.2,66.2,590.0,430897,412.8,30.1,133.8,173.5,5367,0,432788,355879,8449,23252,22149,532006,35,14981,3042,0,0,0,3267,0,4.0,12,16,233,378.2,21.5,32,42.1,0,66.2,starved,7729,0,102.1,211.6
133,young,15064,31,6,10054,0,14,2,0,363,3014,211,1488,810127,26513.6,221401,23.2,89.4,590.0,431477,417.3,31.5,135.8,174.6,5427,0,433379,355936,0,0,0,0,0,0,0,0,0,0,0,0,4.0,0,0,261,345.6,21.5,32,38.1,0,256.0,,7739,0,102.3,211.9
134,full-cycle,37600,35,4101,0,0,0,1,1,996,2183,221,1006,812237,26587.3,615347,64.7,64.7,590.0,438222,421.3,31.7,137.7,175.6,5483,0,440232,362394,4136,19582,11258,472354,19,3675,4368,0,0,0,2602,0,0.0,3,15,245,408.8,5.6,32,40.6,0,64.7,starved,7849,0,103.9,215.2
135,young,12381,28,6,6644,0,11,1,0,258,4452,219,882,821352,26941.2,182272,17.4,82.1,590.0,438885,423.2,31.7,137.9,177.1,5496,0,440880,362394,0,0,0,0,0,0,0,0,0,0,0,0,0.0,0,0,263,374.7,5.6,32,39.6,0,256.0,,7854,0,104.1,215.5
136,full-cycle,40980,40,4767,0,0,0,1,1,1078,5266,217,1089,823464,27023.3,644545,66.1,66.1,590.0,445518,429.6,32.9,140.6,178.3,5550,0,447592,368644,4807,20596,12398,500682,156,4552,1330,0,0,0,3097,0,0.0,2,18,243,406.3,3.6,32,41.4,0,66.1,starved,7957,0,105.7,218.8
137,young,16805,30,6,8234,0,9,1,1,264,6981,217,1182,833921,27385.4,229395,22.3,88.4,590.0,446739,431.3,32.9,140.9,179.5,5590,0,448835,369065,0,0,0,0,0,0,0,0,0,0,0,0,2.0,0,0,262,359.6,1.7,32,39.0,0,256.0,,7960,0,106.0,219.4
138,full-cycle,34585,96,8056,0,0,0,2,0,770,545,134,779,835673,27419.4,511411,54.5,54.5,590.0,451688,434.9,33.1,142.4,180.7,5593,0,453826,373896,8152,14049,10297,498460,20,8693,254,0,0,0,2074,0,14.0,1,2,254,434.3,1.9,31,42.7,0,64.0,starved,8023,0,107.1,221.9
139,young,12361,32,6,5573,0,8,2,1,285,5602,214,751,843162,27809.8,157857,15.6,70.0,590.0,452333,435.4,33.1,142.6,181.0,5627,0,454530,374426,0,0,0,0,0,0,0,0,0,0,0,1,14.0,0,0,257,385.9,1.9,31,40.1,0,256.0,,8060,0,107.3,222.3
140,full-cycle,45335,102,8690,0,0,0,1,1,970,3732,224,980,844436,27845.0,652563,66.8,66.8,590.0,457980,438.7,33.3,144.1,181.8,5683,0,460306,379948,8792,20681,12868,480692,40,7091,1002,0,0,0,2901,0,4.0,9,16,237,384.1,16.6,31,38.5,0,66.8,starved,8193,0,108.6,225.0
141,young,14389,26,8,8338,0,9,1,1,290,4547,215,1116,851275,28161.0,220826,23.1,89.9,590.0,458529,440.3,33.3,144.3,183.0,5726,0,460867,379949,0,0,0,0,0,0,0,0,0,0,0,0,6.0,0,0,261,347.2,14.7,31,35.8,0,256.0,,8196,0,108.7,225.3
142,full-cycle,36753,122,10946,0,0,0,2,1,878,1356,201,889,853095,28233.5,482649,54.9,54.9,590.0,464397,443.9,33.5,145.8,184.1,5780,0,466845,385514,11068,17621,5615,458138,18,2511,835,0,0,0,2437,0,14.0,2,14,241,426.6,3.7,31,38.3,0,64.0,starved,8308,0,110.1,228.2
143,young,13535,82,6,7563,0,8,1,1,249,4764,212,769,860824,28598.0,180721,17.1,72.1,590.0,464963,445.4,33.5,146.0,185.3,5794,0,467433,385610,0,0,0,0,0,0,0,0,0,0,0,1,16.0,0,0,256,382.5,1.9,31,37.2,0,256.0,,8329,0,110.3,228.4
144,full-cycle,47544,96,7030,0,0,0,1,1,1045,2620,220,1055,867799,28672.5,607271,63.7,63.7,590.0,470839,455.3,34.0,148.1,191.8,5904,0,473400,390978,7126,20772,15017,477261,29,9233,2074,0,0,0,4544,0,0.0,11,17,236,388.3,20.4,31,38.5,0,64.0,starved,8443,0,111.7,231.3
145,young,15222,37,6,9358,0,12,1,1,292,4525,215,893,875184,29002.1,162548,16.5,80.2,590.0,471290,456.4,34.0,148.2,192.7,5929,0,473866,390990,0,0,0,0,0,0,0,0,0,0,0,0,0.0,0,0,264,358.5,20.4,31,37.0,0,256.0,,8447,0,111.8,231.5
146,full-cycle,41154,54,6376,0,0,0,1,0,1023,2098,225,1031,876863,29065.9,650543,65.8,65.8,590.0,478172,461.8,34.4,151.3,193.6,5945,0,480838,397548,6430,19602,12390,466929,29,3623,5605,0,0,0,2689,0,0.0,0,16,248,411.9,0.0,31,41.7,0,65.8,starved,8541,0,113.4,235.0
147,young,14837,84,7,8203,0,8,1,0,242,5282,216,909,885748,29449.2,222141,19.8,85.5,590.0,478923,469.6,40.6,151.5,194.8,5965,0,481605,397671,0,0,0,0,0,0,0,0,0,0,0,0,0.0,0,0,264,368.2,0.0,31,40.2,0,256.0,,8543,0,113.6,235.4
148,full-cycle,39873,132,6182,0,0,0,1,1,850,1594,198,860,886674,29485.4,503434,55.5,55.5,590.0,483334,472.3,40.8,152.8,195.4,5985,0,486094,401964,6314,17493,14341,453870,17,10945,919,0,0,0,1708,1,12.0,0,1,257,440.6,0.0,31,41.2,0,64.0,starved,8634,0,114.6,237.5
149,young,15494,36,6,8618,0,14,1,1,299,4735,237,1688,896552,29868.6,171729,18.5,74.0,590.0,485432,473.7,40.9,153.5,195.8,6037,0,488281,403907,0,0,0,0,0,0,0,0,0,0,0,0,12.0,0,0,258,383.7,0.0,31,37.2,0,256.0,,8687,0,115.2,238.9
150,full-cycle,33954,54,7570,0,0,0,1,0,862,1643,198,871,896982,29885.2,501300,55.0,55.0,590.0,489135,475.8,41.0,154.5,196.1,6048,0,492063,407501,7624,18558,5817,457803,16,3231,50,0,0,0,1943,0,24.0,2,12,238,417.8,3.7,31,40.4,0,64.0,starved,8772,0,116.1,240.7
151,young,16411,92,8,10031,0,8,1,0,285,4663,230,1228,908862,30201.9,159277,18.0,73.0,590.0,490295,477.5,41.0,154.9,197.3,6119,0,493228,407926,0,0,0,0,0,0,0,0,0,0,0,0,26.0,0,1,250,370.0,1.9,31,35.8,0,256.0,,8790,0,116.5,241.4
152,full-cycle,37675,41,6206,0,0,0,2,2,1259,2857,206,1275,911856,30313.9,462894,51.4,51.4,590.0,494898,481.7,41.2,156.6,198.9,6156,0,497896,411859,6247,17695,7907,404947,60,3353,353,0,0,0,5762,0,18.0,8,18,229,403.7,14.6,31,40.7,0,64.0,starved,8867,0,117.6,243.8
153,young,13805,101,8,5861,0,12,1,2,392,6489,211,828,920718,30650.1,201630,17.9,69.3,590.0,495452,483.0,41.2,156.7,199.9,6163,0,498467,411935,0,0,0,0,0,0,0,0,0,0,0,0,20.0,0,0,254,370.5,12.7,31,40.2,0,256.0,,8876,0,117.8,244.1
154,full-cycle,57838,109,10694,0,0,0,1,1,1021,2975,222,1031,922439,30712.3,700156,69.9,69.9,590.0,500958,486.6,41.4,158.4,200.8,6249,0,504102,417212,10802,23729,20146,551788,103,12308,3722,0,0,0,3071,0,2.0,10,16,236,371.2,18.7,32,41.0,0,69.9,starved,8995,0,119.0,246.8
155,young,12720,97,8,6200,0,8,1,0,236,5029,216,1049,931934,31050.4,236638,21.9,91.8,590.0,501677,488.3,41.4,158.6,202.2,6254,0,504834,417465,0,0,0,0,0,0,0,0,0,0,0,0,4.0,0,0,261,335.1,16.9,32,40.6,0,256.0,,9000,0,119.2,247.1
156,full-cycle,49560,48,6551,0,0,0,1,1,1118,4628,235,1137,933770,31113.6,644467,66.4,66.4,604.0,508440,494.3,42.7,161.2,203.4,6299,0,511530,423752,6598,20152,19354,469266,100,10959,2524,0,0,0,3360,0,0.0,1,23,245,410.0,1.7,33,42.6,0,66.4,starved,9136,0,120.9,250.6
157,young,11035,137,5,6475,0,7,1,1,241,3114,227,910,936741,31182.0,204405,20.0,86.4,604.0,509350,495.9,42.7,161.4,204.6,6312,0,512442,423752,0,0,0,0,0,0,0,0,0,0,0,0,0.0,0,0,269,379.6,1.7,33,41.5,0,256.0,,9142,0,121.1,251.0
158,full-cycle,43963,89,9913,0,0,0,1,0,1131,6575,238,1141,948579,31543.3,674077,70.5,70.5,604.0,515561,501.2,42.9,163.2,206.9,6380,0,518766,429066,10002,21453,9471,518926,17,1681,52,0,0,0,3031,0,24.0,1,16,240,390.4,1.9,33,41.9,0,70.5,starved,9276,0,122.5,253.8
159,young,12238,65,7,8816,0,10,1,0,241,2044,230,1002,959278,31790.3,113775,12.4,82.9,604.0,516551,503.3,43.0,163.5,208.5,6402,0,519792,429170,0,0,0,0,0,0,0,0,0,0,0,0,24.0,0,0,257,369.9,1.9,33,40.2,0,256.0,,9292,0,122.8,254.5
160,full-cycle,35744,100,5648,0,0,0,1,0,1060,3098,227,1069,971403,32006.6,622882,66.7,66.7,604.0,522288,506.9,43.2,165.2,209.4,6467,0,525643,434669,5749,19463,6816,572715,16,2560,67,0,0,0,3708,0,34.0,2,17,233,380.5,3.7,33,41.4,0,66.7,starved,9405,0,124.2,257.4
161,young,16124,31,5,10797,0,8,1,0,249,3601,228,1343,980376,32348.0,214340,18.9,85.5,604.0,523201,508.7,43.2,165.5,210.8,6470,0,526573,434897,0,0,0,0,0,0,0,0,0,0,0,1,36.0,0,0,251,344.7,1.9,33,41.2,0,256.0,,9408,0,124.4,257.9
162,full-cycle,36453,168,6512,0,0,0,1,1,960,3632,210,970,981847,32401.5,632403,65.6,65.6,604.0,528701,512.1,43.4,167.0,211.6,6530,0,532184,440142,6680,13817,13337,480889,34,5895,2800,0,0,0,2529,0,20.0,10,15,234,387.2,18.2,33,42.4,0,65.6,starved,9522,0,125.8,260.7
163,young,7941,24,8,1497,0,7,1,0,280,5151,220,929,991419,32724.9,224090,20.2,85.8,604.0,529425,517.3,46.5,167.4,213.2,6534,0,532932,440150,0,0,0,0,0,0,0,0,0,0,0,0,20.0,0,0,259,341.8,18.2,33,42.2,0,256.0,,9528,0,126.0,261.0
164,full-cycle,48482,32,6052,0,0,0,1,0,1110,3476,250,1134,994671,32801.0,654038,64.6,64.6,618.0,536243,522.4,46.7,169.5,215.0,6564,0,539504,446481,6085,21429,18148,487004,48,10376,3108,0,0,0,2722,0,2.0,2,14,260,429.9,3.7,32,42.5,0,64.6,starved,9618,0,127.6,264.4
165,young,16314,91,6,10961,1,8,1,1,275,4262,243,616,1004470,33099.5,149576,16.0,80.6,618.0,536783,523.9,46.8,169.6,216.2,6591,0,540039,446605,0,0,0,0,0,0,0,0,0,0,0,0,2.0,0,0,276,393.9,3.7,32,40.9,0,256.0,,9621,0,127.7,264.6
166,full-cycle,30138,59,5324,0,0,0,1,0,943,1897,238,963,1010214,33259.8,544000,57.0,57.0,618.0,542930,528.5,46.9,171.3,218.1,6654,0,546296,452101,5382,18772,3525,501700,17,596,47,0,0,0,2448,0,20.0,2,16,249,429.1,3.7,32,42.4,0,64.0,starved,9715,0,129.3,267.9
167,young,12842,29,5,7443,0,7,1,0,279,4032,216,957,1019208,33629.7,180002,16.6,73.6,618.0,543585,530.2,47.0,171.5,219.5,6656,0,546953,452105,0,0,0,0,0,0,0,0,0,0,0,0,20.0,0,0,267,389.3,3.7,32,42.1,0,256.0,,9719,0,129.4,268.2
168,full-cycle,46315,55,11929,0,0,0,1,0,1024,1858,237,1034,1022146,33734.9,623314,64.2,64.2,618.0,549984,535.2,47.2,173.3,221.6,6807,0,553486,457716,11984,19116,8449,485233,18,1727,3803,0,0,0,6754,0,26.0,2,30,232,378.5,3.7,32,37.5,0,64.2,starved,9857,0,131.1,271.5
169,young,16341,28,6,10138,0,9,1,0,275,5146,224,626,1028323,34050.1,167686,20.4,84.6,618.0,550104,535.6,47.2,173.3,221.9,6816,0,553610,457720,0,0,0,0,0,0,0,0,0,0,0,0,26.0,0,0,264,375.2,3.7,32,37.0,0,256.0,,9859,0,131.1,271.5
170,full-cycle,56308,33,11932,0,0,0,1,2,1098,5683,240,1109,1030516,34129.1,695140,70.5,70.5,618.0,556965,546.5,53.5,175.2,223.6,6857,0,560580,464026,11965,23216,17670,545408,153,9374,1344,0,0,0,3359,0,14.0,10,17,243,389.8,18.4,32,40.5,0,70.5,starved,9970,0,132.8,275.0
171,young,11422,96,8,6265,0,8,1,0,318,3766,214,883,1035338,34290.5,229405,20.6,91.1,618.0,557587,548.2,53.5,175.4,225.0,6858,0,561220,464029,0,0,0,0,0,0,0,0,0,0,0,1,16.0,0,1,268,348.0,16.4,32,40.4,0,256.0,,9976,0,132.9,275.3
172,full-cycle,48540,103,8690,0,0,0,1,1,1294,4394,239,1306,1042257,34543.6,637467,64.5,64.5,618.0,565231,553.8,53.8,177.5,227.2,6950,0,568951,471020,8793,20494,15330,544932,28,9044,551,0,0,0,3828,0,4.0,7,19,249,410.2,13.1,32,42.0,0,64.5,starved,10066,0,134.6,278.8
173,young,8241,66,14,6052,0,10,1,0,264,1278,217,467,1051061,34805.2,108591,11.3,75.8,618.0,565696,555.6,53.8,177.7,228.7,6951,0,569431,471036,0,0,0,0,0,0,0,0,0,0,0,0,4.0,0,0,275,404.8,13.1,32,41.9,0,256.0,,10075,0,134.7,279.0
174,full-cycle,43928,18,2728,0,0,0,1,1,1125,1810,222,1136,1056660,35013.6,625683,65.0,65.0,618.0,572562,560.5,54.0,179.6,230.5,7067,0,576392,477297,2746,18032,18484,404611,91,6143,9297,0,0,0,4581,0,6.0,8,25,241,403.6,14.7,32,40.1,0,65.0,starved,10180,0,136.2,282.1
175,young,11505,105,4,5716,0,8,1,0,229,4652,221,691,1062341,35204.2,199365,18.6,83.6,618.0,572899,563.5,54.0,181.5,231.6,7068,0,576728,477297,0,0,0,0,0,0,0,0,0,0,0,1,6.0,0,2,272,385.4,14.7,32,40.0,0,256.0,,10184,0,136.3,282.4
176,full-cycle,35699,48,4798,0,0,0,1,1,1023,2411,245,1033,1069356,35418.8,581459,62.1,62.1,618.0,579252,612.9,99.3,183.1,233.2,7077,0,583164,483168,4846,20053,8738,483699,21,3524,1741,0,0,0,2055,0,16.0,1,0,269,445.6,1.9,31,40.2,0,64.0,starved,10263,0,137.8,285.5
177,young,10863,64,8,3615,0,8,1,1,269,4849,244,1962,1081390,35794.6,210158,19.2,81.3,618.0,581306,614.8,99.4,183.8,234.1,7109,0,585295,484631,0,0,0,0,0,0,0,0,0,0,0,0,16.0,0,0,270,384.4,1.9,31,37.8,0,256.0,,10301,0,138.3,286.6
178,full-cycle,33956,22,5094,0,0,0,1,0,805,749,182,814,1083144,35862.0,535810,56.6,56.6,618.0,585149,617.1,99.5,184.9,234.5,7146,0,589187,488323,5116,20035,7201,516214,17,5346,270,0,0,0,1594,0,30.0,1,2,260,440.4,1.9,31,42.8,0,64.0,starved,10351,0,139.2,288.5
179,young,11061,64,7,4715,0,8,1,0,265,4218,234,1698,1089737,36091.0,175098,16.1,72.7,618.0,587275,619.4,99.6,185.4,235.9,7177,0,591385,488999,0,0,0,0,0,0,0,0,0,0,0,0,30.0,0,0,263,384.6,1.9,31,40.4,0,256.0,,10386,0,139.8,289.7
180,full-cycle,58483,103,11051,0,0,0,1,1,1040,2920,232,1050,1096852,36346.5,704683,70.6,70.6,618.0,592455,626.9,101.3,187.4,238.9,7239,0,596681,492719,11154,20593,17541,473208,181,6387,6997,0,0,0,9105,0,8.0,12,45,217,347.1,22.4,31,38.3,0,70.6,starved,10513,0,141.0,292.2
181,young,8039,63,6,3508,0,9,1,1,248,3420,228,668,1097180,36353.6,152320,15.4,86.0,618.0,592489,627.0,101.3,187.4,239.0,7240,0,596725,492723,0,0,0,0,0,0,0,0,0,0,0,0,12.0,0,2,270,367.0,18.5,31,38.2,0,256.0,,10517,0,141.0,292.2
182,full-cycle,32509,86,5409,0,0,0,2,0,1029,1893,238,1041,1107723,36708.1,549647,59.3,59.3,618.0,598873,634.4,102.7,190.3,241.2,7298,0,603196,497777,5495,18818,5397,524360,19,2398,42,0,0,0,2789,0,16.0,2,15,253,440.6,3.7,31,38.0,0,64.0,starved,10617,0,142.5,295.5
183,young,16826,29,6,9318,0,11,1,0,294,6186,230,879,1117333,37076.1,199454,22.0,81.3,618.0,599522,636.3,102.7,190.6,242.7,7358,0,603870,497785,0,0,0,0,0,0,0,0,0,0,0,0,16.0,0,0,270,396.7,3.7,31,34.5,0,256.0,,10623,0,142.7,295.7
184,full-cycle,33964,25,8377,0,0,0,1,0,905,1408,231,914,1119394,37145.2,611338,64.8,64.8,618.0,604809,639.9,102.9,192.0,243.9,7423,0,609283,502729,8402,19154,3605,605157,19,1204,53,0,0,0,2790,0,28.0,3,17,244,408.5,5.6,31,38.3,0,64.8,starved,10745,0,143.9,298.4
185,young,4906,48,7,1613,0,9,1,0,234,2302,233,583,1127984,37435.1,99218,11.6,76.4,618.0,605549,642.2,102.9,192.3,245.9,7443,0,610059,502777,0,0,0,0,0,0,0,0,0,0,0,0,30.0,0,2,261,391.9,3.7,31,36.7,0,256.0,,10766,0,144.1,298.9
186,full-cycle,43398,90,5572,0,0,0,1,1,1106,2255,248,1117,1133487,37594.3,645508,67.3,67.3,618.0,611852,645.8,103.1,194.0,246.6,7493,0,616448,508997,5661,21764,12867,530784,104,7575,1811,0,0,0,3013,0,10.0,11,15,247,405.9,20.1,31,38.3,0,67.3,starved,10875,0,145.7,302.0
187,young,15493,35,6,9201,0,8,1,1,260,4975,234,917,1141610,37937.0,193327,20.3,87.6,618.0,612419,647.4,103.2,194.2,247.9,7544,0,617035,509025,0,0,0,0,0,0,0,0,0,0,0,0,12.0,0,0,272,369.4,18.2,31,35.2,0,256.0,,10881,0,145.8,302.3
188,full-cycle,33278,52,3667,0,0,0,1,1,1016,1915,233,1027,1143499,38003.8,600954,61.7,61.7,618.0,619306,651.8,103.4,196.1,249.3,7573,0,624010,515469,3719,16770,9936,467801,18,1249,5722,0,0,0,2835,0,20.0,3,16,249,422.4,5.7,31,40.6,0,64.0,starved,10974,0,147.4,305.5
189,young,9370,57,8,5128,0,8,1,1,234,3049,228,800,1153054,38324.2,173639,15.9,77.5,618.0,619933,653.8,103.5,196.3,250.9,7577,0,624654,515469,0,0,0,0,0,0,0,0,0,0,0,0,22.0,0,0,267,390.9,3.7,31,40.3,0,256.0,,10977,0,147.5,305.8
190,full-cycle,43042,23,8005,0,0,0,1,1,1058,5880,241,1069,1157114,38462.0,640126,67.2,67.2,618.0,626251,658.4,103.7,198.1,252.6,7644,0,631137,521279,8027,20452,11474,511022,24,4336,160,0,0,0,3061,0,16.0,6,19,245,399.7,11.1,31,38.5,0,67.2,starved,11111,0,149.1,309.0
191,young,14170,25,6,4198,0,10,1,1,274,8638,241,940,1166773,38781.6,240844,23.4,90.6,618.0,626799,659.9,103.7,198.2,253.9,7673,0,631661,521279,0,0,0,0,0,0,0,0,0,0,0,0,16.0,0,2,268,367.9,11.1,31,36.2,0,256.0,,11114,0,149.2,309.3
192,full-cycle,36713,24,3228,0,0,0,1,1,1040,3032,254,1050,1169553,38879.2,631620,67.3,67.3,618.0,634159,665.7,104.0,200.9,255.7,7740,0,639055,528030,3251,19478,9169,480981,31,2812,2236,0,0,0,4719,0,0.0,2,31,245,410.8,3.5,31,36.6,0,67.3,starved,11251,0,151.0,313.0
193,young,8269,48,6,3634,0,8,1,0,255,2941,247,1277,1170772,38920.6,132964,14.1,81.4,618.0,634830,666.7,104.0,201.0,256.5,7749,0,639706,528037,0,0,0,0,0,0,0,0,0,0,0,0,0.0,0,0,278,402.5,3.5,31,35.9,0,256.0,,11254,0,151.2,313.2
194,full-cycle,43482,93,7120,0,0,0,1,1,1177,2260,247,1189,1181704,39323.7,655106,68.7,68.7,618.0,641085,672.8,104.2,203.1,259.3,7795,0,646095,533009,7213,19776,12913,479077,85,1711,7661,0,0,0,3539,0,0.0,3,17,258,427.0,5.6,31,39.0,0,68.7,starved,11363,0,152.7,316.3
195,young,15046,68,6,7024,0,12,1,1,291,6462,234,1096,1192897,39701.6,256365,22.1,90.7,618.0,642071,675.0,104.3,203.5,261.0,7805,0,647090,533157,0,0,0,0,0,0,0,0,0,0,0,0,0.0,0,1,277,384.2,5.6,31,38.2,0,256.0,,11371,0,152.9,316.8
196,full-cycle,32435,32,6246,0,0,0,1,0,941,1436,237,950,1194344,39748.9,542198,56.6,56.6,618.0,647632,678.3,104.5,205.0,261.7,7827,0,652726,538451,6278,18859,5116,453825,18,672,2035,0,0,0,2171,0,10.0,1,15,257,452.5,1.9,31,41.3,0,64.0,starved,11454,0,154.2,319.4
197,young,10777,35,8,5476,0,8,1,0,249,4388,237,536,1202258,40127.8,187953,21.3,77.9,618.0,648176,679.7,104.5,205.2,262.8,7887,0,653325,538494,0,0,0,0,0,0,0,0,0,0,0,1,10.0,0,1,272,411.5,1.9,31,37.2,0,256.0,,11485,0,154.3,319.7
198,full-cycle,42356,90,4807,0,0,0,1,1,978,2265,245,988,1204655,40211.3,650198,67.5,67.5,618.0,653647,683.8,104.7,206.8,264.4,7935,0,658933,543483,4897,18180,15935,460152,108,5640,6928,0,0,0,3251,0,0.0,7,19,252,415.0,12.9,31,38.0,0,67.5,starved,11614,0,155.7,322.5
199,young,14094,155,10,8452,0,9,1,1,245,4120,226,1005,1211718,40469.2,248520,22.8,90.3,618.0,654290,685.4,104.7,207.0,265.7,7939,0,659573,543565,0,0,0,0,0,0,0,0,0,0,0,0,2.0,0,2,275,379.4,11.0,31,37.7,0,256.0,,11617,0,155.9,322.8
200,full-cycle,39245,74,9714,0,0,0,1,1,920,2516,235,931,1214922,40597.3,614909,64.7,64.7,618.0,660035,689.2,104.9,208.7,266.9,7983,0,665416,548947,9788,19606,7758,488625,19,1704,2581,0,0,0,2078,0,16.0,0,1,269,444.5,0.0,31,39.7,0,64.7,starved,11698,0,157.3,325.8
201,young,11846,49,8,4928,0,9,1,0,268,4442,249,2056,1226085,41006.2,187283,17.6,82.3,618.0,662106,691.0,105.0,209.3,267.6,8015,0,667545,550583,0,0,0,0,0,0,0,0,0,0,0,0,16.0,0,0,270,382.7,0.0,31,37.2,0,256.0,,11734,0,157.9,327.1
202,full-cycle,34907,24,9796,0,0,0,1,1,926,1182,214,935,1226631,41026.6,575939,60.0,60.0,618.0,665889,692.9,105.1,210.4,267.7,8065,0,671375,554405,9820,20575,2803,559276,15,645,22,0,0,0,1700,0,32.0,0,1,261,433.7,0.0,31,42.7,0,64.0,starved,11795,0,158.8,329.1
203,young,16166,28,5,6254,0,9,1,1,230,7072,237,2472,1237843,41420.1,257705,22.5,82.5,618.0,667803,694.6,105.1,211.0,268.6,8097,0,673342,555629,0,0,0,0,0,0,0,0,0,0,0,0,32.0,0,0,262,373.9,0.0,31,40.2,0,256.0,,11829,0,159.4,330.2
204,full-cycle,37860,54,7103,0,0,0,1,1,999,4152,233,1009,1238686,41449.9,634153,64.7,64.7,618.0,672285,697.5,105.3,212.2,269.3,8105,0,677883,559691,7157,19526,9335,535786,20,4092,55,0,0,0,1830,1,44.0,0,1,255,411.5,0.0,31,42.2,0,64.7,starved,11889,0,160.4,332.4
205,young,12009,28,6,4149,0,11,1,0,232,5780,230,1687,1248218,41840.3,174890,16.6,81.3,618.0,674401,700.1,105.5,213.1,270.5,8145,0,680074,560679,0,0,0,0,0,0,0,0,0,0,0,0,44.0,0,0,256,359.3,0.0,31,39.1,0,256.0,,11933,0,161.1,333.9
206,full-cycle,30722,55,5551,0,0,0,1,0,871,1027,221,880,1249200,41873.5,515057,56.9,56.9,618.0,678559,716.7,119.6,214.3,271.2,8164,0,684364,564265,5606,16085,6943,455800,18,3309,1704,0,0,0,2082,0,48.0,1,16,237,415.7,1.9,31,41.0,0,64.0,starved,12041,0,162.1,336.1
207,young,10536,45,6,5125,0,9,1,1,272,3764,223,1240,1258229,42125.4,215567,19.4,76.3,618.0,679339,718.8,119.6,214.6,272.9,8194,0,685137,564344,0,0,0,0,0,0,0,0,0,0,0,0,50.0,0,0,253,365.9,0.0,31,38.6,0,256.0,,12045,0,162.3,336.6
208,full-cycle,48283,26,9725,0,0,0,1,1,1104,2475,233,1116,1262274,42300.6,550248,57.8,57.8,618.0,685126,722.4,119.8,216.3,273.8,8277,0,690996,569840,9751,21191,14192,478197,31,9217,1347,0,0,0,3058,0,34.0,9,19,233,398.5,16.4,31,40.3,0,64.0,starved,12139,0,163.7,339.3
209,young,13481,23,5,7322,0,9,1,1,257,4385,229,1403,1269484,42633.6,202268,18.5,76.3,618.0,685637,723.8,119.8,216.5,274.9,8279,0,691513,569856,0,0,0,0,0,0,0,0,0,0,0,1,34.0,0,1,260,364.8,16.4,31,40.2,0,256.0,,12145,0,163.8,339.6
210,full-cycle,43621,52,7180,0,0,0,1,1,1067,3231,239,1078,1273530,42714.6,643108,65.6,65.6,618.0,691742,728.5,120.1,218.3,276.7,8330,0,697686,575406,7232,24362,8454,571505,22,3638,479,0,0,0,3485,0,24.0,6,19,241,395.9,10.9,31,39.6,0,65.6,starved,12237,0,165.2,342.5
211,young,11539,31,7,5535,0,9,1,0,259,4590,225,1028,1281352,43031.2,218689,19.4,85.0,618.0,692168,729.8,120.1,218.4,277.8,8333,0,698137,575418,0,0,0,0,0,0,0,0,0,0,0,0,24.0,0,0,266,367.0,10.9,31,39.4,0,256.0,,12244,0,165.3,342.7
212,full-cycle,31086,32,6703,0,0,0,1,0,906,1390,230,916,1284381,43145.3,511866,55.8,55.8,618.0,698987,734.6,120.3,220.3,279.6,8444,0,705088,581675,6735,15765,3727,488408,16,1352,48,0,0,0,4846,1,20.0,5,31,232,403.0,9.4,31,37.6,0,64.0,starved,12377,0,166.9,346.0
213,young,6815,29,7,1969,0,8,1,0,239,3751,234,729,1291633,43485.4,179222,18.3,74.1,618.0,699241,735.3,120.3,220.4,280.2,8447,0,705365,581699,0,0,0,0,0,0,0,0,0,0,0,0,22.0,0,2,265,394.6,7.5,31,37.4,0,256.0,,12385,0,167.0,346.1
214,full-cycle,38735,33,4817,0,0,0,1,1,1039,5219,238,1048,1293826,43566.2,676695,69.2,69.2,618.0,705282,739.1,120.5,222.0,281.3,8550,0,711476,587416,4850,17690,13111,449748,19,3195,3623,0,0,0,3046,0,8.0,8,19,247,399.8,14.5,31,37.6,0,69.2,starved,12477,0,168.4,349.0
215,young,14889,107,5,7214,0,8,1,1,261,6310,221,876,1301369,43740.9,226141,20.2,89.4,618.0,705843,740.7,120.5,222.2,282.6,8551,0,712040,587417,0,0,0,0,0,0,0,0,0,0,0,0,8.0,0,0,274,362.6,14.5,31,37.6,0,256.0,,12479,0,168.5,349.3
216,full-cycle,25544,35,2932,0,0,0,1,1,848,725,225,858,1306975,43952.4,457227,50.5,50.5,618.0,711350,744.5,120.7,223.6,284.0,8599,0,717596,592284,2967,17105,3860,434210,14,1370,889,0,0,0,1605,0,24.0,1,0,265,460.9,1.9,31,42.8,0,64.0,starved,12540,0,169.8,352.0
217,young,12404,22,6,8283,0,7,1,0,254,2814,225,981,1318905,44416.6,219548,21.9,72.4,618.0,712160,745.1,120.8,223.9,284.2,8671,0,718475,592997,0,0,0,0,0,0,0,0,0,0,0,0,24.0,0,3,263,406.4,1.9,31,37.9,0,256.0,,12577,0,170.1,352.6
218,full-cycle,42414,31,3595,0,0,0,1,1,1228,3264,265,1249,1320034,44450.5,783001,76.8,76.8,624.0,718627,749.2,121.0,225.9,285.2,8712,0,724904,599102,3626,21375,13684,507243,16,1441,7709,0,0,0,3708,0,0.0,5,23,253,397.7,9.1,31,39.9,0,76.8,starved,12678,0,171.6,355.7
219,young,10533,42,7,2964,0,9,1,0,233,6179,246,1024,1330213,44744.0,201679,19.0,95.8,624.0,719340,750.9,121.0,226.1,286.6,8734,0,725659,599102,0,0,0,0,0,0,0,0,0,0,0,0,0.0,0,0,281,372.0,9.1,31,38.1,0,256.0,,12695,0,171.8,356.2
220,full-cycle,22104,42,4596,0,0,0,2,0,902,1849,185,911,1334334,44867.2,472641,54.5,54.5,624.0,723943,753.8,121.1,227.3,287.5,8775,0,730332,603452,4638,12232,3484,434258,16,686,17,0,0,0,1745,0,20.0,0,1,270,470.7,0.0,31,39.2,0,64.0,starved,12774,0,172.9,358.4
221,young,6864,19,4,2142,0,7,1,1,265,3681,226,712,1343617,45316.4,192475,18.0,72.4,624.0,724630,754.3,121.2,227.6,287.7,8807,0,731073,604118,0,0,0,0,0,0,0,0,0,0,0,0,20.0,0,0,271,413.4,0.0,31,36.7,0,256.0,,12810,0,173.1,358.8
222,full-cycle,35418,26,6419,0,0,0,1,1,754,743,190,764,1344027,45334.2,474247,51.6,51.6,624.0,729049,756.5,121.3,228.7,287.9,8861,0,735548,608555,6445,18690,8756,459117,18,6867,360,0,0,0,1513,0,30.0,0,1,265,460.5,0.0,31,42.9,0,64.0,starved,12868,0,174.1,360.8
223,young,9273,26,8,2250,0,8,1,0,277,5815,236,803,1351880,45736.6,204549,18.6,70.2,624.0,729819,757.0,121.3,228.9,288.1,8893,0,736385,609208,0,0,0,0,0,0,0,0,0,0,0,0,30.0,0,0,266,407.8,0.0,31,40.4,0,256.0,,12902,0,174.3,361.4
224,full-cycle,31952,22,4145,0,0,0,1,0,915,2270,210,926,1353079,45771.2,560964,58.3,58.3,624.0,734842,760.1,121.5,230.4,288.9,8944,0,741527,614034,4167,15956,8900,429917,19,2327,3354,0,0,0,2911,0,36.0,5,16,242,407.0,9.2,31,39.0,0,64.0,starved,13011,0,175.4,363.9
225,young,11436,29,7,3803,0,10,1,1,215,6509,221,786,1360911,46075.5,202038,20.1,78.4,624.0,735241,761.4,121.5,230.5,290.0,8949,0,741951,614039,0,0,0,0,0,0,0,0,0,0,0,0,36.0,0,0,263,381.0,9.2,31,38.6,0,256.0,,13016,0,175.5,364.1
226,full-cycle,29894,32,4087,0,0,0,1,0,892,4496,217,902,1362689,46149.4,561763,59.7,59.7,624.0,740665,764.3,121.6,232.1,290.5,8965,0,747440,619382,4119,17906,6045,457832,18,591,30,0,0,0,1814,0,38.0,1,0,261,434.7,1.9,31,40.9,0,64.0,starved,13098,0,176.8,366.7
227,young,12171,78,7,3872,0,10,1,0,272,6018,238,1800,1371871,46360.4,179378,19.0,78.8,624.0,742597,766.2,121.7,232.7,291.4,9017,0,749469,620666,0,0,0,0,0,0,0,0,0,0,0,0,38.0,0,0,262,376.9,1.9,31,36.8,0,256.0,,13156,0,177.4,368.2
228,full-cycle,30810,27,4340,0,0,0,1,1,841,1167,197,851,1377820,46553.0,531010,57.7,57.7,624.0,746541,768.4,121.8,233.8,291.7,9062,0,753468,624499,4367,14264,10478,498613,20,7517,917,0,0,0,1684,0,42.0,2,1,257,434.9,3.7,31,41.1,0,64.0,starved,13253,0,178.3,370.0
229,young,18373,31,7,9849,0,11,2,1,340,6909,229,1117,1385771,46949.6,188888,20.5,78.2,624.0,747303,768.9,121.9,234.0,292.0,9123,0,754306,625122,0,0,0,0,0,0,0,0,0,0,0,0,42.0,0,0,260,383.9,3.7,31,36.6,0,256.0,,13304,0,178.6,370.6
230,full-cycle,38810,38,5273,0,0,0,1,0,988,1950,232,997,1387734,47013.8,570042,61.9,61.9,624.0,753500,773.6,122.1,235.8,293.7,9194,0,760633,630802,5312,20716,6652,524380,20,3601,76,0,0,0,6117,0,44.0,1,35,223,371.5,1.9,31,35.6,0,64.0,starved,13438,0,180.0,373.5
231,young,10453,48,7,4290,0,10,1,0,272,4928,215,779,1388318,47018.8,194875,19.7,81.5,624.0,753549,773.7,122.1,235.8,293.8,9195,0,760709,630802,0,0,0,0,0,0,0,0,0,0,0,0,44.0,0,2,257,373.6,1.9,31,35.6,0,256.0,,13446,0,180.0,373.6
232,full-cycle,26940,25,1770,0,0,0,2,1,841,2169,207,851,1397591,47396.0,542157,58.8,58.8,624.0,758910,779.4,122.5,237.5,296.7,9256,0,766141,635249,1796,13926,8414,426611,24,2996,2367,0,0,0,2728,0,22.0,12,16,242,417.2,22.0,31,39.4,0,64.0,starved,13549,0,181.4,376.3
233,young,10753,44,6,5312,0,12,2,0,294,4275,227,724,1405494,47673.1,192829,17.8,76.5,624.0,759453,781.1,122.5,237.7,298.0,9267,0,766701,635397,0,0,0,0,0,0,0,0,0,0,0,1,22.0,0,2,268,378.0,22.0,31,38.5,0,256.0,,13553,0,181.5,376.6
234,full-cycle,42464,31,4316,0,0,0,1,1,1174,2697,244,1184,1409738,47794.9,690520,69.1,69.1,624.0,765488,785.3,122.7,239.4,299.4,9325,0,772742,641029,4347,19522,15426,466648,16,3031,8492,0,0,0,3155,0,18.0,2,17,253,411.8,3.7,31,40.6,0,69.1,starved,13655,0,182.8,379.4
235,young,12079,55,7,7941,0,14,2,1,259,2343,233,1344,1416034,47921.6,212080,20.8,90.0,624.0,766389,787.7,122.7,239.6,301.4,9353,0,773685,641075,0,0,0,0,0,0,0,0,0,0,0,0,18.0,0,0,272,373.2,3.7,31,38.4,0,256.0,,13685,0,183.1,380.0
236,full-cycle,49614,35,8426,0,0,0,1,1,976,3512,233,986,1425732,48241.0,653228,68.2,68.2,624.0,772362,794.2,122.9,241.6,304.9,9408,0,779781,645959,8461,23261,13058,576524,25,7912,615,0,0,0,4748,0,0.0,13,25,243,399.1,23.5,31,37.6,0,68.2,starved,13816,0,184.5,382.9
237,young,9983,26,7,4117,0,8,1,0,268,4654,229,831,1434599,48593.7,248327,24.9,93.1,624.0,772882,795.5,122.9,241.8,305.9,9450,0,780311,646043,0,0,0,0,0,0,0,0,0,0,0,1,0.0,0,2,279,373.6,23.5,31,35.1,0,256.0,,13824,0,184.6,383.2
238,full-cycle,43919,22,5016,0,0,0,1,1,1027,3356,256,1043,1436762,48665.8,729878,73.8,73.8,630.0,779618,800.2,123.2,243.8,307.4,9493,0,787033,652236,5038,24563,10521,616514,72,4964,1081,0,0,0,3707,0,0.0,5,18,261,415.0,9.1,31,38.8,0,73.8,starved,13938,0,186.2,386.5
239,young,10613,55,6,4632,0,9,1,0,237,4875,251,727,1447565,49040.0,189672,16.9,90.7,630.0,780177,801.9,123.2,244.0,308.9,9497,0,787630,652252,0,0,0,0,0,0,0,0,0,0,0,0,0.0,0,1,283,391.0,9.1,31,38.5,0,256.0,,13946,0,186.4,386.8
240,full-cycle,29807,27,8122,0,0,0,1,0,893,764,218,902,1449059,49103.6,475928,52.1,52.1,630.0,786091,805.5,123.4,245.6,309.8,9539,0,793633,657896,8150,16856,3105,458013,17,783,634,0,0,0,1689,0,26.0,1,14,256,461.8,2.0,31,42.8,0,64.0,starved,14031,0,187.7,389.6
241,young,9267,43,5,3685,0,8,1,0,241,3917,221,1283,1459491,49545.6,200159,18.1,70.2,630.0,787378,808.0,123.5,246.0,311.7,9571,0,794914,657988,0,0,0,0,0,0,0,0,0,0,0,0,28.0,0,0,270,411.7,0.0,31,40.3,0,256.0,,14040,0,188.1,390.4
242,full-cycle,36278,24,6007,0,0,0,1,1,928,1508,238,938,1461237,49603.1,575904,59.0,59.0,630.0,792532,811.7,123.7,247.6,312.9,9645,0,800118,662636,6032,18890,8378,464709,16,2407,3504,0,0,0,2961,0,16.0,11,16,248,418.9,19.2,32,42.5,0,64.0,starved,14131,0,189.2,392.8
243,young,10210,76,7,3085,0,9,1,1,281,5673,227,999,1467010,49797.9,205242,18.5,77.4,630.0,793328,812.9,123.7,247.8,313.7,9648,0,800933,662882,0,0,0,0,0,0,0,0,0,0,0,0,16.0,0,0,275,381.6,19.2,32,42.3,0,256.0,,14136,0,189.5,393.3
244,full-cycle,29399,30,6382,0,0,0,1,0,863,1258,234,874,1471266,49994.6,529791,59.1,59.1,630.0,798732,818.9,123.9,249.3,315.1,9749,0,806498,667670,6412,18208,2765,513410,15,577,37,0,0,0,2009,0,22.0,0,16,256,449.8,0.0,32,41.1,0,64.0,starved,14263,0,190.8,396.0
245,young,12920,66,6,7252,0,11,1,1,267,3790,223,1466,1479391,50204.6,212724,22.9,82.0,630.0,799685,822.0,123.9,249.6,317.7,9825,0,807453,667710,0,0,0,0,0,0,0,0,0,0,0,0,22.0,0,0,272,408.2,0.0,32,35.7,0,256.0,,14282,0,191.1,396.5
246,full-cycle,33109,27,5796,0,0,0,1,0,893,910,190,904,1486185,50451.6,558060,61.4,61.4,630.0,802977,826.1,124.1,250.8,320.0,9871,0,810839,670508,5823,19610,4504,549719,20,2635,28,0,0,0,3155,0,20.0,6,18,249,426.4,11.1,32,40.1,0,64.0,starved,14400,0,191.8,398.1
247,young,12719,76,8,6214,0,11,1,1,223,5178,227,918,1493460,50709.9,155674,14.2,75.6,630.0,803409,827.9,124.1,251.0,321.4,9879,0,811295,670528,0,0,0,0,0,0,0,0,0,0,0,0,20.0,0,0,273,408.8,11.1,32,39.4,0,256.0,,14404,0,191.9,398.3
248,full-cycle,27635,32,2132,0,0,0,1,0,1011,2262,202,1021,1497544,50842.9,503832,55.2,55.2,630.0,809120,832.9,124.3,252.7,322.9,9936,0,817135,675726,2163,18027,4377,461760,21,1036,30,0,0,0,3052,0,28.0,1,20,248,436.6,1.9,32,39.9,0,64.0,starved,14530,0,193.4,401.5
249,young,9810,21,6,2071,0,11,1,1,273,6372,214,974,1509118,51208.4,175073,21.1,76.3,630.0,809710,834.2,124.3,252.8,323.9,9993,0,817739,675770,0,0,0,0,0,0,0,0,0,0,0,0,28.0,0,0,269,408.5,1.9,32,36.5,0,256.0,,14535,0,193.5,401.8
250,full-cycle,49443,34,5796,0,0,0,1,1,1062,4350,236,1072,1512016,51300.8,674165,68.9,68.9,630.0,815841,839.2,124.5,254.6,326.0,10029,0,823978,681257,5830,21493,16738,489910,24,7217,4065,0,0,0,5295,0,12.0,10,29,238,380.9,18.4,32,40.5,0,68.9,starved,14662,0,195.0,404.7
251,young,11633,91,8,4175,0,8,1,0,267,6021,234,974,1518216,51515.6,180337,17.6,86.5,630.0,816044,840.1,124.5,254.7,326.8,10034,0,824201,681269,0,0,0,0,0,0,0,0,0,0,0,0,14.0,0,0,276,379.7,16.5,32,40.1,0,256.0,,14669,0,195.0,404.8
252,full-cycle,37306,34,4545,0,0,0,1,1,1002,3001,226,1013,1524978,51703.5,606752,63.6,63.6,630.0,822391,845.3,124.7,256.5,329.1,10099,0,830660,686949,4580,18203,10033,463227,20,925,5067,0,0,0,4468,0,10.0,4,23,251,420.5,7.4,32,40.7,0,64.0,starved,14784,0,196.6,408.0
253,young,12510,67,6,8107,0,10,1,1,243,3011,233,978,1526545,51755.9,247785,22.2,85.8,630.0,822709,846.3,124.8,256.6,329.9,10104,0,830992,686972,0,0,0,0,0,0,0,0,0,0,0,0,10.0,0,0,278,397.6,7.4,32,40.3,0,256.0,,14792,0,196.7,408.2
254,full-cycle,41965,34,5643,0,0,0,1,1,991,2218,219,1001,1537922,52152.7,629641,64.5,64.5,630.0,829836,853.6,125.0,258.9,333.8,10152,0,838213,692258,5676,19427,10696,476139,18,1824,5631,0,0,0,6144,0,10.0,6,42,223,381.1,11.1,39,54.5,0,64.5,starved,14895,0,198.3,411.6
255,young,10822,45,7,4484,0,8,1,1,239,4753,233,1170,1538182,52161.3,160361,15.9,80.4,630.0,830015,853.9,125.0,258.9,334.0,10158,0,838413,692291,0,0,0,0,0,0,0,0,0,0,0,0,10.0,0,0,271,383.3,11.1,39,54.0,0,256.0,,14902,0,198.4,411.7
256,full-cycle,45734,47,5056,0,0,0,1,1,1202,5629,248,1213,1551266,52557.2,712177,72.7,72.7,630.0,836436,862.7,125.2,261.1,339.5,10240,0,844959,696898,5103,22887,13275,573997,22,5737,667,0,0,0,4370,0,0.0,7,25,243,389.1,12.6,40,53.5,0,72.7,starved,15036,0,199.9,415.0
257,young,13310,45,10,8250,0,7,1,1,262,3477,227,1153,1553080,52614.5,252937,23.9,96.5,630.0,837012,864.2,125.2,261.4,340.6,10241,0,845539,696898,0,0,0,0,0,0,0,0,0,0,0,0,0.0,0,0,275,359.5,12.6,40,53.5,0,256.0,,15042,0,200.1,415.3
258,full-cycle,29983,27,5555,0,0,0,1,1,928,2230,228,938,1563372,52947.1,558426,61.3,61.3,630.0,842925,869.2,125.4,263.1,342.9,10264,0,851522,701429,5582,18236,3979,527983,21,759,26,0,0,0,2180,0,14.0,1,0,269,450.5,1.9,38,53.7,0,64.0,starved,15112,0,201.4,418.1
259,young,13322,26,7,5749,0,10,1,1,226,6059,226,1160,1571709,53374.3,199897,18.5,79.8,630.0,843814,869.7,125.5,263.4,342.9,10306,0,852465,702338,0,0,0,0,0,0,0,0,0,0,0,0,14.0,0,0,270,404.4,1.9,38,50.5,0,256.0,,15150,0,201.7,418.6
260,full-cycle,34606,24,5153,0,0,0,1,1,1097,2692,237,1108,1572547,53401.0,617195,66.0,66.0,630.0,849355,872.6,125.6,264.9,343.4,10363,0,858102,707844,5177,18193,8781,463187,18,524,4433,0,0,0,2442,1,10.0,3,12,257,435.0,5.6,38,52.2,0,66.0,starved,15250,0,203.0,421.3
261,young,13350,38,6,9264,0,8,1,1,256,2810,230,887,1580332,53763.7,256509,22.4,88.4,630.0,850148,874.3,125.7,265.2,344.7,10380,0,858932,707971,0,0,0,0,0,0,0,0,0,0,0,0,12.0,0,0,271,381.0,3.7,38,50.9,0,256.0,,15270,0,203.2,421.8
262,full-cycle,33606,28,6542,0,0,0,1,1,1034,2564,240,1044,1581876,53819.1,579786,59.8,59.8,630.0,856753,878.7,125.9,267.1,345.8,10413,0,865619,714287,6570,18745,5510,447657,19,334,1542,0,0,0,2766,0,6.0,4,17,253,431.3,7.5,38,53.6,0,64.0,starved,15364,0,204.7,424.8
263,young,12650,30,6,6964,0,8,1,1,293,4337,226,911,1590891,54183.1,212408,22.0,81.8,630.0,857215,880.4,125.9,267.3,347.2,10456,0,866083,714287,0,0,0,0,0,0,0,0,0,0,0,0,8.0,0,0,273,393.6,5.6,38,51.1,0,256.0,,15366,0,204.8,425.0
264,full-cycle,38633,41,5473,0,0,0,1,0,1008,2314,231,1018,1593449,54273.5,561761,58.3,58.3,630.0,863725,885.1,126.1,269.1,348.5,10489,0,872686,720465,5515,21404,8652,499534,47,4620,646,0,0,0,2991,0,0.0,6,19,252,431.1,11.1,38,54.0,0,64.0,starved,15460,0,206.4,428.2
265,young,11112,61,10,5361,0,9,2,0,264,4473,222,846,1599876,54491.2,210221,18.8,77.1,630.0,864162,886.6,126.1,269.3,349.8,10491,0,873126,720485,0,0,0,0,0,0,0,0,0,0,0,0,0.0,0,2,275,399.6,11.1,38,53.9,0,256.0,,15466,0,206.5,428.5
266,full-cycle,36860,105,4747,0,0,0,2,1,992,1795,235,1002,1608217,54722.5,611637,63.2,63.2,630.0,869826,891.8,126.3,270.9,352.1,10549,0,878876,725398,4852,18982,9742,528128,17,3126,3798,0,0,0,3267,0,0.0,2,20,255,428.9,3.7,38,54.1,0,64.0,starved,15556,0,207.9,431.3
267,young,12186,152,6,6040,0,10,1,0,220,4584,227,1089,1616227,55069.5,215411,18.6,81.8,630.0,870547,903.5,136.6,271.1,353.3,10555,0,879606,725478,0,0,0,0,0,0,0,0,0,0,0,0,0.0,0,0,277,402.7,3.7,38,53.6,0,256.0,,15561,0,208.1,431.7
268,full-cycle,28870,24,1848,0,0,0,2,1,854,1125,178,864,1618998,55153.5,493419,52.7,52.7,630.0,875348,906.8,136.8,272.5,354.3,10587,0,884497,730048,1873,18579,5487,486790,24,3400,70,0,0,0,2916,0,12.0,4,18,249,438.7,7.5,38,54.1,0,64.0,starved,15651,0,209.2,434.0
269,young,8207,35,6,2852,0,10,1,1,294,4277,232,641,1625322,55372.7,139607,13.9,66.6,630.0,875840,908.5,136.8,272.7,355.8,10588,0,884987,730087,0,0,0,0,0,0,0,0,0,0,0,0,12.0,0,0,271,412.9,7.5,38,54.0,0,256.0,,15655,0,209.3,434.2
270,full-cycle,55027,27,8834,0,0,0,1,1,1151,3990,240,1162,1631108,55583.1,698923,68.8,68.8,630.0,881754,914.0,137.0,274.4,358.4,10637,0,890985,735055,8861,24629,17477,534251,24,7131,5161,0,0,0,3957,1,4.0,7,25,243,391.0,12.7,38,54.0,0,68.8,starved,15748,0,210.8,437.3
271,young,10904,29,6,6304,0,10,2,0,327,3430,229,710,1634167,55681.2,114630,11.7,80.5,630.0,882239,915.3,137.0,274.6,359.5,10638,0,891476,735071,0,0,0,0,0,0,0,0,0,0,0,0,4.0,0,1,274,386.1,12.7,38,54.0,0,256.0,,15754,0,210.9,437.5
272,full-cycle,44724,35,7941,0,0,0,1,1,1047,3330,232,1059,1643815,55999.4,615322,62.9,62.9,630.0,887871,921.1,137.2,276.3,362.7,10722,0,897187,739734,7976,18397,14856,440531,15,5455,4990,0,0,0,3477,1,18.0,2,18,248,411.1,3.7,38,54.0,0,64.0,starved,15839,0,212.2,440.2
273,young,13474,67,8,6700,0,9,1,1,260,5344,234,1014,1650349,56191.7,251205,22.0,84.9,630.0,888422,922.7,137.2,276.5,364.0,10728,0,897762,739905,0,0,0,0,0,0,0,0,0,0,0,0,18.0,0,1,267,376.5,3.7,38,53.5,0,256.0,,15851,0,212.4,440.5
274,full-cycle,33027,28,5697,0,0,0,1,1,988,2393,232,1000,1655510,56402.5,579706,60.0,60.0,630.0,894121,927.7,137.3,278.1,366.3,10742,0,903558,744785,5725,17504,7235,471403,23,801,3012,0,0,0,2556,0,22.0,1,17,248,429.2,1.9,38,55.2,0,64.0,starved,15939,0,213.7,443.3
275,young,13765,33,6,4550,0,11,1,1,251,7576,230,1237,1665618,56789.0,217684,18.8,78.8,630.0,895051,929.9,137.4,278.4,368.0,10760,0,904473,744869,0,0,0,0,0,0,0,0,0,0,0,0,24.0,0,0,265,386.7,0.0,38,53.8,0,256.0,,15942,0,214.0,443.8
276,full-cycle,22510,23,1776,0,0,0,1,0,842,717,203,852,1667138,56837.4,462062,49.9,49.9,630.0,899143,932.5,137.5,279.6,368.6,10777,0,908619,748639,1798,16465,2657,457483,20,1025,38,0,0,0,1584,0,38.0,1,0,257,445.8,1.9,38,56.5,0,64.0,starved,15999,0,214.9,445.7
277,young,9402,18,6,6068,0,8,1,0,261,2263,223,733,1674772,57244.4,192907,22.8,72.7,630.0,899823,932.8,137.5,279.8,368.7,10876,0,909393,749404,0,0,0,0,0,0,0,0,0,0,0,0,38.0,0,4,254,396.4,1.9,38,49.7,0,256.0,,16055,0,215.1,446.1
278,full-cycle,34745,25,5816,0,0,0,1,1,726,716,186,737,1675093,57258.4,481802,54.3,54.3,630.0,904307,935.0,137.7,281.0,368.9,10880,0,913944,753913,5841,17180,10109,458847,18,7863,769,0,0,0,1606,0,38.0,1,0,257,440.7,1.9,38,54.5,0,64.0,starved,16142,0,216.1,448.2
279,young,8919,61,8,3623,0,8,1,0,244,3215,227,1697,1683463,57449.3,141623,15.8,70.1,630.0,906300,937.5,137.7,281.7,370.4,10931,0,916021,754551,0,0,0,0,0,0,0,0,0,0,0,0,38.0,0,0,258,387.7,1.9,38,50.5,0,256.0,,16195,0,216.7,449.8
280,full-cycle,33269,26,6337,0,0,0,1,0,894,1461,227,903,1689808,57648.4,563756,60.8,60.8,630.0,910154,942.2,137.9,283.0,371.9,10989,0,920017,757799,6363,19484,4974,514972,19,1239,1348,0,0,0,2435,0,34.0,4,17,239,400.5,7.5,38,50.1,0,64.0,starved,16331,0,217.7,451.8
281,young,7666,26,15,1087,0,11,2,0,238,5420,231,771,1696674,57965.2,164926,18.4,79.3,630.0,910546,943.4,137.9,283.1,372.8,11013,0,920420,757819,0,0,0,0,0,0,0,0,0,0,0,0,34.0,0,0,260,375.7,7.5,38,48.7,0,256.0,,16333,0,217.8,452.0
282,full-cycle,34724,30,4333,0,0,0,1,1,1046,6050,230,1057,1698968,58042.4,669553,70.4,70.4,630.0,916531,947.8,138.1,284.8,374.5,11064,0,926539,763301,4362,19448,7907,525032,19,719,55,0,0,0,2986,0,30.0,3,16,243,392.0,5.6,38,51.7,0,70.4,starved,16434,0,219.1,454.8
283,young,17699,55,6,5877,0,11,1,1,269,10087,224,1328,1707747,58369.8,286623,24.6,94.9,630.0,917331,949.6,138.1,285.1,375.9,11075,0,927362,763496,0,0,0,0,0,0,0,0,0,0,0,0,32.0,0,0,261,345.5,3.7,38,50.8,0,256.0,,16446,0,219.4,455.4
284,full-cycle,32686,23,5662,0,0,0,1,0,922,2224,217,932,1709918,58443.7,683088,67.3,67.3,630.0,923543,953.6,138.3,286.9,377.1,11107,0,933668,769249,5686,15598,7854,525086,18,1248,3428,0,0,0,3543,0,34.0,1,21,238,385.8,1.9,38,54.1,0,67.3,starved,16538,0,220.9,458.5
285,young,7138,29,6,2960,0,8,1,1,263,2908,226,875,1717666,58782.1,148803,15.5,82.8,630.0,924033,955.1,138.3,287.0,378.3,11129,0,934163,769275,0,0,0,0,0,0,0,0,0,0,0,0,34.0,0,0,260,360.9,1.9,38,52.8,0,256.0,,16543,0,220.9,458.6
286,full-cycle,33936,31,9488,0,0,0,1,1,970,1789,227,980,1720036,58855.9,609141,62.7,62.7,630.0,929700,959.4,138.6,288.7,380.0,11162,0,939905,774404,9519,17218,3557,594912,22,677,82,0,0,0,3630,0,26.0,5,20,239,397.5,9.4,38,54.1,0,64.0,starved,16637,0,222.3,461.5
287,young,11350,66,6,6363,0,8,1,1,245,3575,228,1040,1725993,59061.6,225373,19.9,82.6,630.0,930209,961.0,138.6,288.9,381.3,11167,0,940437,774518,0,0,0,0,0,0,0,0,0,0,0,0,28.0,0,1,262,369.4,7.5,38,53.7,0,256.0,,16643,0,222.4,461.8
288,full-cycle,30061,34,5250,0,0,0,2,0,1021,2918,226,1031,1730430,59262.6,628892,63.6,63.6,630.0,936342,965.3,138.8,291.0,382.4,11195,0,946642,780399,5284,12493,9258,451247,20,3092,2190,0,0,0,3011,0,26.0,4,16,244,398.9,7.5,38,54.5,0,64.0,starved,16730,0,223.8,464.6
289,young,8244,26,7,4236,0,8,1,0,258,3079,231,566,1737793,59599.7,161124,14.8,78.3,630.0,936790,966.8,138.8,291.2,383.7,11203,0,947114,780403,0,0,0,0,0,0,0,0,0,0,0,0,28.0,0,3,260,374.4,5.6,38,53.9,0,256.0,,16738,0,223.9,464.8
290,full-cycle,32397,33,4984,0,0,0,1,0,929,1670,234,939,1740354,59688.7,629481,65.1,65.1,630.0,943307,971.7,139.2,293.2,385.3,11281,0,953758,786483,5017,14941,8798,493410,18,2170,3996,0,0,0,3624,0,12.0,9,24,238,393.4,16.9,38,51.3,0,65.1,starved,16877,0,225.5,468.1
291,young,8999,40,7,4086,0,7,1,0,272,3821,231,658,1744863,59838.1,181187,18.2,83.4,630.0,943646,972.9,139.2,293.3,386.3,11284,0,954113,786490,0,0,0,0,0,0,0,0,0,0,0,0,14.0,0,1,269,371.1,15.0,38,51.0,0,256.0,,16883,0,225.6,468.3
292,full-cycle,39305,88,6852,0,0,0,1,2,1008,1758,230,1018,1753203,60087.1,604542,64.2,64.2,630.0,950245,978.2,139.4,295.1,388.7,11350,0,960821,792440,6940,19060,9070,516778,17,2865,3406,0,0,0,4220,1,10.0,2,23,247,414.8,3.7,38,52.5,0,64.2,starved,16994,0,227.1,471.5
293,young,12648,31,6,6573,0,7,1,1,208,4905,231,834,1760425,60430.9,233976,21.9,86.2,630.0,950636,979.3,139.4,295.3,389.5,11371,0,961257,792440,0,0,0,0,0,0,0,0,0,0,0,1,10.0,0,2,270,392.8,3.7,38,50.8,0,256.0,,17014,0,227.3,471.8
294,full-cycle,17653,19,1057,0,0,0,1,0,740,80,30,750,1762523,60508.7,439722,51.0,51.0,630.0,955832,986.5,143.2,297.0,390.6,11418,0,966576,797373,1076,12915,1361,439603,19,468,39,0,0,0,2293,0,8.0,2,14,257,466.0,3.7,38,51.7,0,64.0,starved,17101,0,228.6,474.4
295,young,12956,27,7,6632,0,10,1,1,282,5301,242,602,1771138,60871.3,191075,20.5,71.4,630.0,956405,988.2,143.3,297.2,392.0,11471,0,967148,797451,0,0,0,0,0,0,0,0,0,0,0,0,10.0,0,1,271,423.3,1.9,38,48.6,0,256.0,,17103,0,228.7,474.6
296,full-cycle,34732,22,5740,0,0,0,2,1,927,1095,210,940,1772986,60933.7,488469,52.1,52.1,630.0,960397,991.3,143.4,298.4,393.1,11504,0,971230,801098,5762,18620,6527,419613,25,974,3485,0,0,0,3810,0,30.0,3,20,239,417.9,5.6,38,54.0,0,64.0,starved,17192,0,229.7,476.6
297,young,9218,24,6,4076,0,9,2,1,285,4149,219,596,1780043,61271.9,185056,19.6,71.7,630.0,960744,992.4,143.4,298.5,394.0,11543,0,971601,801140,0,0,0,0,0,0,0,0,0,0,0,1,32.0,0,0,261,395.3,3.7,38,51.7,0,256.0,,17197,0,229.8,476.8
298,full-cycle,31581,22,5312,0,0,0,1,0,760,508,169,771,1781546,61330.6,502263,55.0,55.0,630.0,965191,995.0,143.6,299.8,394.6,11563,0,976111,805494,5335,13133,11339,486657,23,9457,572,0,0,0,1762,0,40.0,1,0,256,436.9,1.9,38,55.1,0,64.0,starved,17270,0,230.8,478.9
299,young,7313,28,14,2672,0,7,1,1,259,3581,227,644,1789026,61709.9,142115,16.0,71.0,630.0,965910,995.5,143.6,300.0,394.7,11613,0,976911,806134,0,0,0,0,0,0,0,0,0,0,0,0,40.0,0,0,257,387.1,1.9,38,51.1,0,256.0,,17324,0,231.0,479.4
300,full-cycle,37731,36,6353,0,0,0,1,1,960,2095,241,969,1789863,61738.4,587303,62.9,62.9,630.0,971511,998.7,143.8,301.6,395.4,11667,0,982604,811631,6388,19787,9038,488915,18,2546,3403,0,0,0,2507,0,38.0,1,14,243,407.5,1.7,38,51.3,0,64.0,starved,17444,0,232.4,482.3
301,young,9028,23,6,2473,0,10,1,0,304,5237,223,880,1798553,62087.3,180535,19.6,82.5,630.0,972081,1000.7,143.8,301.8,396.9,11719,0,983200,811633,0,0,0,0,0,0,0,0,0,0,0,0,38.0,0,1,257,368.1,1.7,38,48.2,0,256.0,,17448,0,232.5,482.5
302,full-cycle,29909,27,6132,0,0,0,2,1,783,747,204,793,1800767,62164.9,467014,52.6,52.6,630.0,977342,1004.5,144.0,303.3,398.3,11784,0,988608,816526,6159,17131,3558,463661,19,1974,19,0,0,0,3045,0,30.0,6,22,234,412.4,11.1,38,51.5,0,64.0,starved,17586,0,233.8,485.1
303,young,8829,77,7,2353,0,9,1,0,273,5358,226,655,1803904,62235.0,176893,17.7,70.3,630.0,977697,1005.7,144.0,303.5,399.2,11785,0,988984,816544,0,0,0,0,0,0,0,0,0,0,0,0,30.0,0,0,262,390.7,11.1,38,51.4,0,256.0,,17590,0,233.9,485.3
304,full-cycle,37181,35,6912,0,0,0,1,0,776,747,206,786,1812242,62568.2,516126,56.9,56.9,630.0,981937,1009.6,144.2,304.8,401.0,11855,0,993302,820158,6947,18610,9941,501419,22,7949,431,0,0,0,1673,0,32.0,1,0,260,441.8,1.9,38,54.5,0,64.0,starved,17676,0,234.9,487.3
305,young,12908,102,8,5013,0,7,1,1,262,5434,234,1985,1819240,62746.7,195910,20.0,76.9,630.0,983848,1011.3,144.2,305.4,401.8,11905,0,995308,821533,0,0,0,0,0,0,0,0,0,0,0,0,32.0,0,0,261,382.6,1.9,38,50.6,0,256.0,,17732,0,235.5,488.6
306,full-cycle,29413,32,7932,0,0,0,2,1,840,1764,210,851,1825952,62981.5,510619,56.4,56.4,630.0,987919,1015.0,144.4,306.6,403.5,11960,0,999507,824929,7964,14657,3734,470200,21,1062,28,0,0,0,3049,0,38.0,2,24,232,401.5,3.7,38,50.3,0,64.0,starved,17874,0,236.4,490.6
307,young,7756,28,8,2049,0,9,1,1,261,4610,217,695,1832162,63283.1,157494,18.9,75.3,630.0,988200,1015.8,144.4,306.7,404.2,11999,0,999807,824958,0,0,0,0,0,0,0,0,0,0,0,0,38.0,0,0,258,385.3,3.7,38,48.0,0,256.0,,17879,0,236.5,490.7
308,full-cycle,36522,43,4882,0,0,0,1,1,1048,2605,231,1058,1834611,63366.9,674244,69.2,69.2,630.0,994182,1020.5,144.7,308.7,405.8,12034,0,1005871,830397,4924,18326,10072,536352,17,1143,5243,0,0,0,3186,0,38.0,1,19,238,385.7,1.9,38,52.6,0,69.2,starved,17971,0,237.9,493.5
309,young,10173,84,10,6242,0,8,1,0,218,2840,231,660,1840027,63521.2,215068,20.7,90.0,630.0,994682,1022.2,144.7,308.9,407.1,12054,0,1006416,830412,0,0,0,0,0,0,0,0,0,0,0,0,38.0,0,0,258,356.4,1.9,38,51.0,0,256.0,,17991,0,238.1,493.9
310,full-cycle,33969,30,7081,0,0,0,1,1,934,2131,233,944,1846994,63759.4,606649,63.9,63.9,630.0,1000284,1027.6,144.9,310.5,409.9,12137,0,1012152,835257,7111,17217,7074,519794,19,1479,2494,0,0,0,2558,0,42.0,1,15,240,401.8,1.9,38,52.9,0,64.0,starved,18115,0,239.4,496.6
311,young,12663,19,5,7901,0,10,1,0,259,3541,222,865,1854047,64092.6,214487,20.9,84.9,630.0,1000768,1029.0,144.9,310.7,411.0,12162,0,1012692,835265,0,0,0,0,0,0,0,0,0,0,0,0,42.0,0,0,256,363.8,1.9,38,51.2,0,256.0,,18142,0,239.5,496.9
312,full-cycle,30924,24,2585,0,0,0,1,1,926,2647,225,936,1856544,64183.2,541184,57.4,57.4,630.0,1007129,1033.6,145.2,312.5,412.7,12207,0,1019129,841130,2608,14515,10694,445604,27,6015,1062,0,0,0,3018,0,34.0,8,18,236,399.8,15.0,36,49.2,0,64.0,starved,18232,0,241.0,500.0
313,young,10707,17,4,7336,0,8,1,0,258,2402,220,666,1864622,64531.3,230112,22.1,79.5,630.0,1007562,1034.9,145.2,312.6,413.8,12226,0,1019564,841201,0,0,0,0,0,0,0,0,0,0,0,0,34.0,0,0,262,370.2,15.0,36,48.1,0,256.0,,18235,0,241.1,500.2
314,full-cycle,29499,31,5837,0,0,0,1,0,691,540,162,700,1865484,64579.6,477770,51.7,51.7,630.0,1011892,1037.0,145.3,313.9,414.0,12226,0,1023942,845549,5868,14164,7743,452463,17,6085,395,0,0,0,1714,0,38.0,1,0,259,447.2,1.9,36,52.7,0,64.0,starved,18296,0,242.1,502.2
315,young,9504,28,5,2109,0,9,1,1,250,6223,215,809,1873306,64971.2,178583,16.1,67.8,630.0,1012703,1037.4,145.4,314.1,414.0,12258,0,1024811,846407,0,0,0,0,0,0,0,0,0,0,0,0,40.0,0,0,259,397.6,0.0,36,50.2,0,256.0,,18331,0,242.3,502.7
316,full-cycle,34429,28,8114,0,0,0,1,1,957,1050,236,967,1874540,65011.5,529275,56.5,56.5,630.0,1018166,1040.9,145.5,315.7,415.0,12316,0,1030395,851657,8142,17874,5575,480158,20,1742,1792,0,0,0,2825,0,38.0,4,21,235,403.4,7.5,36,48.4,0,64.0,starved,18452,0,243.6,505.4
317,young,7423,176,8,3320,0,8,2,1,240,2916,223,627,1876081,65055.5,147322,15.6,72.1,630.0,1018558,1042.0,145.5,315.8,415.9,12318,0,1030799,851681,0,0,0,0,0,0,0,0,0,0,0,0,38.0,0,0,260,384.3,7.5,36,48.2,0,256.0,,18455,0,243.7,505.5
318,full-cycle,33226,55,5254,0,0,0,1,0,904,1256,207,914,1886871,65423.4,591604,64.1,64.1,630.0,1023592,1047.8,145.7,317.6,419.0,12397,0,1035966,854818,5310,18066,6942,553771,19,2346,2400,0,0,0,2898,0,28.0,7,18,240,400.0,13.1,36,47.9,0,64.1,starved,18586,0,244.9,508.2
319,young,13570,87,5,9230,0,8,1,0,208,2702,222,1235,1892375,65613.1,247520,23.2,87.3,630.0,1024455,1049.6,145.8,317.9,420.2,12422,0,1036876,855111,0,0,0,0,0,0,0,0,0,0,0,0,30.0,0,0,264,366.1,11.2,36,45.9,0,256.0,,18606,0,245.2,509.0
320,full-cycle,30793,30,4669,0,0,0,1,0,919,1604,225,929,1896956,65797.4,526998,57.8,57.8,630.0,1030069,1054.0,145.9,319.6,421.9,12448,0,1042589,859776,4699,18572,5042,471153,20,1355,1127,0,0,0,2472,0,36.0,0,17,244,424.3,0.0,36,49.6,0,64.0,starved,18715,0,246.6,511.7
321,young,12157,30,5,6913,0,8,1,1,258,3493,215,1360,1905204,66176.8,224129,20.5,78.3,630.0,1030740,1055.4,146.0,319.8,422.9,12467,0,1043293,859899,0,0,0,0,0,0,0,0,0,0,0,1,36.0,0,2,259,381.7,0.0,36,48.1,0,256.0,,18727,0,246.8,512.2
322,full-cycle,31868,36,5626,0,0,0,1,1,752,965,173,763,1907820,66221.6,541831,59.3,59.3,630.0,1034679,1057.9,146.1,320.9,423.7,12534,0,1047303,863609,5662,14330,9979,514935,21,7560,664,0,0,0,1881,0,54.0,2,1,249,416.7,3.7,36,50.2,0,64.0,starved,18819,0,247.8,514.2
323,young,9738,40,6,5320,0,9,1,0,248,3439,225,576,1915324,66607.2,141066,15.2,74.5,630.0,1035513,1058.5,146.1,321.1,423.9,12583,0,1048218,864257,0,0,0,0,0,0,0,0,0,0,0,0,54.0,0,0,252,372.4,3.7,36,46.4,0,256.0,,18871,0,248.0,514.8
324,full-cycle,38815,32,6812,0,0,0,1,1,1128,3088,245,1138,1916387,66640.2,641410,66.9,66.9,630.0,1041184,1062.5,146.3,322.8,424.6,12608,0,1053828,869765,6845,18113,11107,451626,18,1104,5751,0,0,0,2733,0,20.0,2,15,252,414.2,3.7,36,48.5,0,66.9,starved,18988,0,249.3,517.5
325,young,9215,33,7,3813,0,8,1,0,234,4224,240,821,1924780,67002.0,191010,19.1,86.0,630.0,1041861,1064.1,146.3,323.0,425.9,12635,0,1054557,869862,0,0,0,0,0,0,0,0,0,0,0,0,22.0,0,2,266,379.6,1.9,36,46.4,0,256.0,,19014,0,249.5,517.9
326,full-cycle,42650,30,4382,0,0,0,2,1,1079,5347,246,1089,1927993,67112.1,718374,71.7,71.7,630.0,1049157,1070.3,146.5,325.2,428.7,12680,0,1061980,876295,4412,17524,15423,469546,28,7577,1376,0,0,0,5200,1,0.0,11,35,233,367.9,20.2,36,47.5,0,71.7,starved,19133,0,251.1,521.3
327,young,11394,45,7,5658,0,9,1,1,243,4598,228,778,1931982,67263.1,228964,22.2,93.9,630.0,1049356,1071.0,146.5,325.3,429.2,12685,0,1062177,876307,0,0,0,0,0,0,0,0,0,0,0,0,2.0,0,0,278,360.5,18.4,36,47.1,0,256.0,,19140,0,251.1,521.4
328,full-cycle,44023,30,941,0,0,0,1,1,1154,2599,275,1184,1939108,67508.0,724312,73.3,73.3,658.0,1057171,1077.7,146.8,327.8,432.1,12738,0,1069826,883316,971,20310,18931,489760,22,5620,9500,0,0,0,3710,0,2.0,5,22,266,430.2,9.2,35,46.2,0,73.3,starved,19268,0,252.9,525.2
329,young,8773,29,7,4280,0,7,1,0,242,3397,248,715,1950504,67896.3,202354,19.1,92.5,658.0,1057857,1079.2,146.9,327.9,433.3,12751,0,1070517,883347,0,0,0,0,0,0,0,0,0,0,0,0,2.0,0,2,291,407.2,9.2,35,45.2,0,256.0,,19277,0,253.1,525.6
330,full-cycle,27147,155,2446,0,0,0,1,0,1040,3392,249,1050,1952038,67958.4,649755,67.4,67.4,658.0,1064715,1083.7,147.5,330.1,434.2,12768,0,1077473,889997,2601,17168,5449,540097,19,932,50,0,0,0,1923,0,14.0,1,10,277,469.4,1.9,34,46.9,0,67.4,starved,19381,0,254.7,528.9
331,young,10918,32,6,5418,0,7,1,0,217,3541,258,1624,1963428,68401.2,189155,17.2,84.6,658.0,1066894,1087.0,147.6,330.8,436.4,12800,0,1079674,890263,0,0,0,0,0,0,0,0,0,0,0,0,16.0,0,0,287,414.2,0.0,34,44.4,0,256.0,,19399,0,255.3,530.1
332,full-cycle,23523,23,1796,0,0,0,2,0,943,1736,201,953,1964218,68425.5,584725,60.4,60.4,658.0,1071812,1089.5,147.7,332.1,436.8,12804,0,1084643,894988,1819,16252,3677,565895,19,915,48,0,0,0,1771,0,34.0,1,0,277,464.1,1.9,34,48.6,0,64.0,starved,19464,0,256.5,532.5
333,young,7842,26,5,3942,0,9,1,0,216,2967,228,600,1974057,68863.3,161753,14.8,75.3,658.0,1072586,1090.1,147.8,332.4,436.9,12838,0,1085491,895663,0,0,0,0,0,0,0,0,0,0,0,0,34.0,0,0,278,425.3,1.9,34,46.0,0,256.0,,19502,0,256.7,533.0
334,full-cycle,34290,27,6495,0,0,0,2,1,937,1277,216,948,1975473,68906.3,614515,64.8,64.8,658.0,1077648,1093.2,147.9,333.8,437.7,12902,0,1090690,900630,6522,21874,2661,609457,21,370,38,0,0,0,3222,0,42.0,2,20,250,418.9,3.7,36,47.8,0,64.8,starved,19636,0,257.9,535.4
335,young,12935,77,7,5551,0,11,1,0,202,5739,233,1231,1980358,69013.2,220905,21.0,85.8,658.0,1078591,1094.5,148.0,334.0,438.6,12911,0,1091668,901053,0,0,0,0,0,0,0,0,0,0,0,1,44.0,0,3,268,387.8,1.9,36,47.1,0,256.0,,19648,0,258.1,535.9
336,full-cycle,34357,35,6520,0,0,0,1,0,761,1232,184,770,1988833,69292.8,560621,60.5,60.5,658.0,1083221,1098.2,148.1,335.4,440.2,12929,0,1096363,904817,6555,14953,10996,526710,20,8356,612,0,0,0,1839,0,54.0,2,1,263,441.6,3.7,36,50.4,0,64.0,starved,19737,0,259.2,538.2
337,young,9382,23,6,6563,0,7,1,0,258,1857,227,586,1996478,69686.5,202483,20.4,80.9,658.0,1083973,1098.8,148.2,335.6,440.4,12978,0,1097208,905447,0,0,0,0,0,0,0,0,0,0,0,0,54.0,0,0,266,390.2,3.7,36,46.5,0,256.0,,19790,0,259.5,538.7
338,full-cycle,28954,27,9606,0,0,0,1,0,739,2114,197,749,1996801,69699.9,471022,53.1,53.1,658.0,1088969,1101.1,148.3,337.0,440.5,12982,0,1102257,910483,9633,14533,3229,431269,20,324,16,0,0,0,1555,0,64.0,1,0,260,449.9,1.9,36,50.3,0,64.0,starved,19865,0,260.5,540.9
339,young,12806,31,7,5072,0,8,1,1,250,5465,225,1882,2007098,70102.8,222388,19.8,72.9,658.0,1091041,1103.4,148.4,337.6,441.7,13014,0,1104380,911615,0,0,0,0,0,0,0,0,0,0,0,1,64.0,0,0,261,387.9,1.9,36,47.8,0,256.0,,19898,0,261.1,542.1
340,full-cycle,41100,29,5575,0,0,0,1,1,1032,2602,231,1042,2008532,70141.1,705197,69.4,69.4,658.0,1095227,1106.6,148.6,338.9,442.8,13098,0,1108652,915435,5605,20800,11311,605872,23,6624,1015,0,0,0,3294,0,60.0,5,19,240,382.1,9.0,35,48.4,0,69.4,starved,19989,0,262.1,544.2
341,young,10847,20,5,2783,0,8,1,0,314,6615,235,1022,2016337,70468.6,221675,20.7,90.2,658.0,1095645,1108.0,148.6,339.0,444.1,13118,0,1109088,915439,0,0,0,0,0,0,0,0,0,0,0,0,62.0,0,0,263,351.0,7.1,35,47.2,0,256.0,,19994,0,262.3,544.4
342,full-cycle,25881,24,2104,0,0,0,1,1,920,1812,219,929,2018072,70533.3,525999,55.5,55.5,658.0,1102642,1112.1,148.9,341.0,445.0,13183,0,1116159,922198,2129,17505,3818,488584,19,1014,38,0,0,0,2423,1,62.0,1,14,249,435.9,1.9,34,45.6,0,64.0,starved,20087,0,263.9,548.0
343,young,10479,28,6,2222,0,13,1,1,276,6926,208,918,2028257,70928.7,195852,20.4,75.8,658.0,1103423,1114.1,148.9,341.3,446.6,13224,0,1116955,922223,0,0,0,0,0,0,0,0,0,0,0,1,64.0,0,3,260,389.5,0.0,34,43.2,0,256.0,,20093,0,264.1,548.3
344,full-cycle,33117,30,4272,0,0,0,2,0,1228,2496,227,1240,2029621,70979.4,580676,60.6,60.6,658.0,1108241,1116.8,149.1,342.7,447.1,13258,0,1121833,926936,4302,20832,5684,524801,22,1025,894,0,0,0,2283,0,48.0,10,8,251,424.5,16.2,36,50.1,0,64.0,starved,20194,0,265.3,550.7
345,young,10433,30,9,2125,0,11,1,1,299,6942,228,939,2036986,71339.8,197785,23.2,83.8,658.0,1108854,1117.8,149.1,342.8,447.8,13340,0,1122509,927256,0,0,0,0,0,0,0,0,0,0,0,0,48.0,0,3,266,380.2,16.2,36,44.7,0,256.0,,20227,0,265.5,551.1
346,full-cycle,40736,86,7595,0,0,0,1,1,727,1390,221,738,2037841,71374.0,562710,60.5,60.5,658.0,1114036,1120.3,149.2,344.2,448.0,13340,0,1127765,932502,7681,18925,12470,527866,23,9636,677,0,0,0,1646,0,50.0,2,0,266,443.5,3.7,36,50.9,0,64.0,starved,20310,0,266.8,553.6
347,young,9570,23,6,5420,0,8,1,1,257,1998,227,1773,2047720,71751.0,160956,16.9,77.4,658.0,1116095,1122.4,149.3,344.8,449.1,13390,0,1129919,933316,0,0,0,0,0,0,0,0,0,0,0,0,50.0,0,0,268,393.2,3.7,36,47.0,0,256.0,,20362,0,267.5,555.2
348,full-cycle,28373,34,3328,0,0,0,1,1,799,851,211,810,2048313,71771.5,459372,53.2,53.2,658.0,1119799,1124.5,149.4,345.9,449.5,13406,0,1133687,936930,3362,16714,6636,443877,21,4497,451,0,0,0,1652,0,58.0,1,0,263,456.7,1.9,36,50.0,0,64.0,starved,20430,0,268.3,556.9
349,young,7470,21,4,1412,0,8,1,0,239,4190,229,1544,2057711,72163.8,153811,14.7,67.9,658.0,1121837,1126.4,149.5,346.5,450.4,13438,0,1135783,938341,0,0,0,0,0,0,0,0,0,0,0,1,58.0,0,3,261,399.5,1.9,36,47.5,0,256.0,,20466,0,268.9,558.1
350,full-cycle,36767,33,10722,0,0,0,1,0,761,370,171,770,2058254,72186.0,475520,51.6,51.6,658.0,1125176,1128.4,149.6,347.5,450.9,13442,0,1139151,941423,10755,17776,6681,465320,20,5145,371,0,0,0,1546,0,62.0,1,0,261,451.2,1.9,36,52.6,0,64.0,starved,20522,0,269.7,559.7
351,young,7478,24,5,2001,0,8,1,0,268,3969,229,1174,2066486,72564.7,164131,15.7,67.2,658.0,1126043,1129.0,149.6,347.7,451.0,13474,0,1140074,942174,0,0,0,0,0,0,0,0,0,0,0,0,62.0,0,0,262,398.6,1.9,36,50.1,0,256.0,,20558,0,269.9,560.3
352,full-cycle,29061,27,4976,0,0,0,1,0,959,1315,202,971,2066753,72576.9,565424,59.7,59.7,658.0,1130711,1131.3,149.8,349.0,451.3,13482,0,1144799,946855,5003,18879,3299,531682,19,967,22,0,0,0,1873,0,70.0,1,0,257,426.3,1.9,36,52.0,0,64.0,starved,20624,0,271.0,562.3
353,young,14900,34,7,8096,0,8,1,1,212,4362,235,2081,2074498,72936.9,216467,20.8,80.5,658.0,1132722,1133.4,149.9,349.5,452.5,13532,0,1146877,947566,0,0,0,0,0,0,0,0,0,0,0,0,72.0,0,0,257,371.8,0.0,36,48.1,0,256.0,,20676,0,271.5,563.6
354,full-cycle,40901,23,1565,0,0,0,1,1,1103,2780,239,1113,2076607,72998.6,728157,74.4,74.4,658.0,1137821,1137.4,150.0,351.0,454.1,13605,0,1152023,952191,1588,17124,17898,482444,28,5965,8004,0,0,0,4195,0,26.0,9,25,245,384.3,16.9,37,48.1,0,74.4,starved,20806,0,272.7,565.9
355,young,13483,60,9,8740,0,9,1,1,246,3043,235,1266,2082795,73212.0,277252,25.0,99.5,658.0,1138451,1138.9,150.0,351.2,455.3,13607,0,1152660,952390,0,0,0,0,0,0,0,0,0,0,0,0,26.0,0,0,279,357.5,16.9,37,47.9,0,256.0,,20810,0,272.8,566.3
356,full-cycle,30119,33,4852,0,0,0,1,0,746,1011,197,755,2089091,73388.3,554525,60.3,60.3,658.0,1143191,1142.9,150.2,352.6,457.0,13622,0,1157451,956720,4886,12803,10681,526809,19,8437,454,0,0,0,1735,0,42.0,2,0,269,452.1,3.7,37,52.0,0,64.0,starved,20903,0,273.9,568.5
357,young,9152,19,7,5463,0,6,1,1,253,1835,236,1490,2098902,73809.1,176217,18.0,78.3,658.0,1145196,1145.5,150.3,353.3,458.4,13671,0,1159539,957527,0,0,0,0,0,0,0,0,0,0,0,0,44.0,0,1,269,396.8,1.9,37,48.2,0,256.0,,20957,0,274.6,570.0
358,full-cycle,35530,24,6641,0,0,0,1,1,926,3608,201,935,2099747,73841.6,610640,64.3,64.3,658.0,1149312,1151.0,153.0,354.8,459.2,13671,0,1163688,961113,6665,20272,6795,532488,19,2180,48,0,0,0,1790,0,54.0,1,0,264,433.6,1.9,37,52.2,0,64.3,starved,21016,0,275.6,572.0
359,young,10950,68,9,5362,0,8,1,0,218,4365,219,825,2109066,74201.1,187596,17.1,81.4,658.0,1150280,1151.7,153.1,355.1,459.4,13703,0,1164731,961987,0,0,0,0,0,0,0,0,0,0,0,1,54.0,0,2,263,386.1,1.9,37,49.7,0,256.0,,21054,0,275.8,572.5
360,full-cycle,22855,32,5850,0,0,0,1,1,860,970,215,870,2110254,74250.5,446397,50.0,50.0,658.0,1155069,1154.1,153.2,356.5,459.6,13704,0,1169557,966784,5882,12958,2369,429645,18,486,21,0,0,0,1640,0,52.0,1,0,265,463.8,1.9,37,53.7,0,64.0,starved,21113,0,277.0,574.9
361,young,10758,96,8,3859,0,8,1,0,241,4484,247,1956,2116863,74363.1,181171,18.4,68.4,658.0,1157042,1155.6,153.3,357.0,460.2,13751,0,1171608,968140,0,0,0,0,0,0,0,0,0,0,0,0,52.0,0,0,266,405.8,1.9,37,50.1,0,256.0,,21162,0,277.5,576.1
362,full-cycle,37498,37,4785,0,0,0,1,0,1071,2028,237,1080,2125949,74693.5,669293,69.8,69.8,658.0,1161558,1160.1,153.5,358.4,462.4,13841,0,1176240,971828,4822,13125,15580,446023,23,4274,8168,0,0,0,3924,0,34.0,9,24,241,390.9,16.7,38,51.7,0,69.8,starved,21284,0,278.5,578.2
363,young,12055,82,8,7137,0,7,1,1,227,3403,221,1110,2131443,74875.3,249532,23.4,93.2,658.0,1162074,1161.6,153.5,358.6,463.6,13861,0,1176782,971847,0,0,0,0,0,0,0,0,0,0,0,0,36.0,0,0,273,365.9,14.9,38,50.1,0,256.0,,21295,0,278.7,578.6
364,full-cycle,24628,26,3520,0,0,0,1,0,948,1942,220,957,2138595,75070.3,577186,61.7,61.7,658.0,1167979,1166.0,153.7,360.3,465.3,13869,0,1182769,977115,3546,15316,3924,524955,18,675,326,0,0,0,1837,0,42.0,0,1,269,449.9,0.0,38,54.7,0,64.0,starved,21378,0,280.1,581.6
365,young,9346,30,6,3627,0,8,1,0,263,4273,220,1040,2148418,75497.9,175128,20.3,82.0,658.0,1169168,1166.8,153.8,360.7,465.5,13958,0,1184040,978177,0,0,0,0,0,0,0,0,0,0,0,1,42.0,0,0,270,398.5,0.0,38,48.5,0,256.0,,21428,0,280.5,582.3
366,full-cycle,31452,34,5997,0,0,0,2,1,744,517,167,754,2148747,75510.9,507392,55.4,55.4,658.0,1174214,1169.1,153.9,362.0,465.7,13959,0,1189167,983296,6031,13355,10177,491924,18,8367,514,0,0,0,1878,0,54.0,1,0,264,450.9,1.9,37,53.2,0,64.0,starved,21517,0,281.6,584.6
367,young,8992,31,7,2830,0,8,1,1,276,4691,225,1059,2155633,75898.8,199015,20.2,75.7,658.0,1175052,1169.5,153.9,362.2,465.8,14008,0,1190082,984044,0,0,0,0,0,0,0,0,0,0,0,0,56.0,0,0,264,399.5,0.0,37,49.4,0,256.0,,21569,0,281.9,585.2
368,full-cycle,44641,27,5661,0,0,0,1,1,1085,3909,233,1096,2156754,75933.4,703813,71.7,71.7,658.0,1180627,1173.1,154.1,363.8,466.7,14063,0,1195765,989437,5688,23354,12110,554993,26,4467,2603,0,0,0,3390,1,44.0,7,19,244,390.7,13.0,37,49.6,0,71.7,starved,21672,0,283.2,587.9
369,young,10050,36,9,4800,0,9,1,1,284,4085,218,752,2164599,76243.2,173932,16.2,87.9,658.0,1181215,1174.8,154.1,364.0,468.1,14064,0,1196369,989441,0,0,0,0,0,0,0,0,0,0,0,0,44.0,0,0,270,363.1,13.0,37,49.5,0,256.0,,21675,0,283.4,588.2
370,full-cycle,39405,169,3287,0,0,0,1,2,1249,3717,226,1262,2166668,76325.6,564144,58.2,58.2,658.0,1187944,1178.6,154.4,366.0,468.8,14139,0,1203153,995959,3457,18617,14025,427696,27,4258,4752,0,0,0,3216,0,28.0,8,13,257,440.1,14.6,37,53.1,0,64.0,starved,21749,0,285.0,591.6
371,young,14647,132,7,7258,0,9,1,0,273,5791,221,1105,2173470,76564.2,232801,20.4,78.6,658.0,1188501,1180.1,154.4,366.1,470.0,14146,0,1203719,996067,0,0,0,0,0,0,0,0,0,0,0,0,28.0,0,2,276,395.9,14.6,37,52.6,0,256.0,,21758,0,285.1,591.9
372,full-cycle,33756,30,5550,0,0,0,1,1,730,694,149,740,2179075,76748.3,507008,55.4,55.4,658.0,1192558,1185.3,154.6,367.4,473.2,14181,0,1207841,999344,5580,15804,10758,481757,18,8522,779,0,0,0,1603,0,30.0,1,0,276,476.1,1.9,37,53.2,0,64.0,starved,21841,0,286.0,593.8
373,young,9499,76,9,2319,0,10,1,0,272,4663,237,2053,2188922,77164.9,151016,16.4,71.8,658.0,1194658,1187.2,154.7,368.0,474.1,14230,0,1210021,1000607,0,0,0,0,0,0,0,0,0,0,0,0,30.0,0,0,277,418.0,1.9,37,49.4,0,256.0,,21891,0,286.8,595.5
374,full-cycle,29815,31,6037,0,0,0,1,0,895,1242,226,904,2189509,77187.7,581480,63.0,63.0,658.0,1197978,1189.3,154.8,369.0,474.6,14246,0,1213423,1003717,6068,19431,2567,571543,18,376,22,0,0,0,1744,0,36.0,1,0,273,453.8,1.9,37,52.2,0,64.0,starved,21977,0,287.6,597.1
375,young,11896,24,6,3569,0,8,1,1,223,5874,239,2109,2199924,77572.9,240076,22.3,85.3,658.0,1199973,1191.7,154.9,369.6,476.0,14295,0,1215495,1004395,0,0,0,0,0,0,0,0,0,0,0,0,36.0,0,2,272,397.4,1.9,37,48.4,0,256.0,,22030,0,288.1,598.2
376,full-cycle,27756,34,5793,0,0,0,1,1,718,635,130,728,2200529,77597.3,469071,52.8,52.8,658.0,1203883,1193.9,155.0,370.8,476.4,14295,0,1219442,1008199,5828,12280,8079,456725,16,6294,401,0,0,0,1561,0,48.0,0,1,267,466.1,0.0,37,52.9,0,64.0,starved,22090,0,289.0,600.0
377,young,7762,28,8,848,0,8,1,0,265,4787,230,1731,2210005,77984.2,158129,15.1,67.9,658.0,1205938,1196.2,155.1,371.4,477.7,14327,0,1221548,1008969,0,0,0,0,0,0,0,0,0,0,0,1,48.0,0,0,268,406.0,0.0,37,50.4,0,256.0,,22124,0,289.6,601.3
378,full-cycle,25688,24,3936,0,0,0,1,1,880,1096,214,890,2210617,78007.0,495144,52.7,52.7,658.0,1209256,1198.3,155.2,372.4,478.2,14327,0,1224910,1011852,3959,14328,5715,481172,20,3635,69,0,0,0,1675,0,48.0,1,0,267,459.7,1.9,37,54.5,0,64.0,starved,22180,0,290.4,603.1
379,young,7411,22,6,1989,0,8,1,1,274,4278,223,755,2218893,78398.3,188665,17.6,70.3,658.0,1210130,1198.9,155.3,372.7,478.4,14359,0,1225841,1012610,0,0,0,0,0,0,0,0,0,0,0,0,50.0,0,0,267,404.4,0.0,37,52.0,0,256.0,,22215,0,290.7,603.6
380,full-cycle,30958,34,8085,0,0,0,1,0,828,517,173,839,2219281,78413.7,439466,49.0,49.0,658.0,1214661,1201.1,155.4,373.9,478.6,14412,0,1230424,1017162,8119,14072,7023,434028,19,5402,240,0,0,0,1732,0,58.0,1,0,262,459.7,1.9,37,54.4,0,64.0,starved,22274,0,291.8,605.8
381,young,9623,26,6,3744,0,9,1,0,257,3590,229,1892,2227470,78794.2,165337,15.4,64.4,658.0,1216727,1203.4,155.5,374.4,479.9,14444,0,1232554,1017710,0,0,0,0,0,0,0,0,0,0,0,0,58.0,0,0,263,401.4,1.9,37,51.9,0,256.0,,22309,0,292.2,606.9
382,full-cycle,38862,34,4121,0,0,0,1,1,1079,4070,247,1090,2229292,78851.0,694417,69.7,69.7,658.0,1221029,1207.9,155.8,376.4,481.5,14521,0,1237008,1021452,4155,18053,12470,532428,100,4647,2557,0,0,0,4091,0,50.0,5,27,235,374.4,9.1,37,49.9,0,69.7,starved,22438,0,293.3,609.0
383,young,10346,34,7,5519,0,9,1,1,272,3370,236,1048,2236638,79165.1,223096,21.4,91.2,658.0,1221317,1209.0,155.8,376.5,482.3,14526,0,1237300,1021464,0,0,0,0,0,0,0,0,0,0,0,0,50.0,0,0,267,355.6,9.1,37,49.5,0,256.0,,22440,0,293.4,609.1
384,full-cycle,28579,24,2220,0,0,0,1,0,998,2449,239,1007,2238391,79230.0,664881,68.0,68.0,658.0,1228087,1213.1,156.1,378.4,483.5,14581,0,1244153,1027911,2244,16120,8062,521791,30,1240,3330,0,0,0,2072,0,44.0,5,8,257,421.2,9.2,37,52.4,0,68.0,starved,22530,0,294.9,612.3
385,young,8186,30,7,3248,0,8,1,1,276,3979,230,556,2246876,79627.8,200187,22.0,90.0,658.0,1228745,1214.5,156.1,378.6,484.6,14673,0,1244845,1028119,0,0,0,0,0,0,0,0,0,0,0,0,46.0,0,0,269,370.1,7.4,37,46.3,0,256.0,,22548,0,295.1,612.7
386,full-cycle,37739,31,3787,0,0,0,1,1,1042,2111,244,1051,2248645,79686.6,605152,62.9,62.9,658.0,1236179,1219.2,156.3,380.7,486.0,14718,0,1252382,1035189,3818,19599,9821,469294,19,1315,5321,0,0,0,4487,0,46.0,1,24,244,403.7,1.9,37,51.4,0,64.0,starved,22643,0,296.8,616.3
387,young,10985,27,6,3850,0,8,1,0,227,5731,231,1046,2256769,80032.4,222227,19.3,82.2,658.0,1236452,1220.2,156.3,380.8,486.9,14719,0,1252662,1035197,0,0,0,0,0,0,0,0,0,0,0,0,46.0,0,0,269,389.8,1.9,37,51.3,0,256.0,,22647,0,296.8,616.4
388,full-cycle,35758,23,6157,0,0,0,1,0,943,1642,242,953,2259162,80116.6,596722,60.6,60.6,658.0,1242522,1224.0,156.5,382.5,487.7,14753,0,1258816,1041083,6180,18567,8546,498435,18,2643,3284,0,0,0,2456,1,42.0,4,16,251,423.2,7.5,37,52.2,0,64.0,starved,22738,0,298.3,619.3
389,young,11202,68,6,6583,0,8,1,1,301,3356,225,802,2264882,80299.2,216154,20.1,80.8,658.0,1243019,1225.5,156.6,382.7,489.0,14756,0,1259328,1041136,0,0,0,0,0,0,0,0,0,0,0,0,44.0,0,0,270,384.1,5.6,37,52.0,0,256.0,,22744,0,298.4,619.5
390,full-cycle,29024,25,5989,0,0,0,1,0,829,1070,224,839,2269938,80522.5,497755,52.8,52.8,658.0,1248888,1230.2,156.8,384.4,490.9,14800,0,1265313,1046041,6013,18242,2764,479687,24,787,38,0,0,0,2000,0,46.0,1,15,253,452.1,1.9,37,54.5,0,64.0,starved,22835,0,299.8,622.6
391,young,12169,96,7,4747,0,10,1,0,271,5246,229,1711,2279827,80867.8,188889,17.6,70.4,658.0,1250506,1233.0,156.8,384.9,493.0,14831,0,1266917,1046180,0,0,0,0,0,0,0,0,0,0,0,0,46.0,0,0,269,400.5,1.9,37,52.1,0,256.0,,22840,0,300.2,623.3
392,full-cycle,35835,28,4835,0,0,0,2,1,1021,2561,231,1032,2282998,80986.6,673726,67.2,67.2,658.0,1254837,1236.3,157.0,386.3,494.1,14920,0,1271345,1050184,4864,16081,11569,517071,17,2338,5616,0,0,0,3304,0,50.0,2,21,245,397.9,3.6,36,50.2,0,67.2,starved,22932,0,301.2,625.4
393,young,11878,31,6,4791,0,9,1,0,260,5734,232,956,2290337,81317.7,217324,19.1,86.3,658.0,1255297,1237.7,157.0,386.5,495.2,14921,0,1271800,1050243,0,0,0,0,0,0,0,0,0,0,0,0,52.0,0,0,267,370.1,1.7,36,50.2,0,256.0,,22935,0,301.3,625.6
394,full-cycle,26862,19,1621,0,0,0,2,0,852,2958,121,862,2291579,81369.3,581259,60.6,60.6,658.0,1260619,1240.6,157.2,387.9,495.8,14935,0,1277168,1055416,1640,19029,4449,542090,22,577,24,0,0,0,1738,0,50.0,1,0,267,444.2,1.9,36,52.1,0,64.0,starved,22994,0,302.6,628.3
395,young,16035,100,7,9201,1,11,1,1,277,3628,247,2713,2300677,81650.8,227327,20.3,80.9,658.0,1262680,1242.7,157.3,388.5,496.9,14967,0,1279288,1056484,0,0,0,0,0,0,0,0,0,0,0,0,52.0,0,0,267,387.4,0.0,36,49.6,0,256.0,,23029,0,303.2,629.6
396,full-cycle,26476,24,5670,0,0,0,1,0,778,3183,197,788,2303442,81758.3,556446,59.2,59.2,658.0,1266539,1244.8,157.4,389.7,497.1,14994,0,1283214,1060318,5695,13681,5374,469253,18,1355,24,0,0,0,1719,0,50.0,1,0,267,448.0,1.9,36,50.8,0,64.0,starved,23106,0,304.0,631.4
397,young,10673,56,11,3573,0,9,1,0,278,5297,221,1373,2312273,82113.7,151363,17.9,77.0,658.0,1267850,1245.5,157.5,390.1,497.2,15075,0,1284600,1061626,0,0,0,0,0,0,0,0,0,0,0,0,50.0,0,0,268,392.1,1.9,36,45.2,0,256.0,,23153,0,304.5,632.2
398,full-cycle,42626,25,5431,0,0,0,1,1,1181,9525,259,1192,2314391,82187.9,761416,76.6,76.6,658.0,1273479,1249.3,157.7,391.9,498.2,15127,0,1290182,1067040,5456,21307,12294,523707,19,1496,55,0,0,0,3552,0,22.0,2,20,260,405.3,3.7,36,48.3,0,76.6,starved,23266,0,305.8,635.1
399,young,9891,106,6,3916,0,8,1,0,250,4858,249,659,2321941,82436.7,177621,15.7,92.3,658.0,1274039,1251.2,157.7,392.1,499.8,15134,0,1290739,1067093,0,0,0,0,0,0,0,0,0,0,0,1,24.0,0,0,281,388.8,1.9,36,47.8,0,256.0,,23272,0,306.0,635.4
400,full-cycle,33436,157,5651,0,0,0,1,1,1009,1474,240,1020,2328241,82638.9,539516,58.4,58.4,658.0,1280518,1257.9,157.9,394.4,502.4,15183,0,1297340,1072670,5808,18350,5862,521929,20,2798,541,0,0,0,3395,0,12.0,7,20,260,449.8,13.1,36,48.9,0,64.0,starved,23388,0,307.6,638.8
401,young,10576,29,6,5275,0,9,1,0,232,4248,242,701,2336910,83015.5,206859,19.0,77.3,658.0,1280881,1259.1,157.9,394.5,503.4,15190,0,1297716,1072694,0,0,0,0,0,0,0,0,0,0,0,0,12.0,0,0,287,424.1,13.1,36,48.3,0,256.0,,23394,0,307.7,639.0
402,full-cycle,24808,30,2859,0,0,0,1,0,869,1886,238,880,2338693,83083.1,487472,54.3,54.3,658.0,1286106,1263.6,158.4,396.4,504.9,15212,0,1302996,1077502,2889,16905,3432,448959,19,616,26,0,0,0,1576,0,20.0,1,0,282,489.4,1.9,36,51.1,0,64.0,starved,23472,0,308.9,641.5
403,young,12571,70,8,6465,0,10,1,1,283,4258,229,1346,2348501,83395.2,173887,17.6,71.9,658.0,1287566,1265.0,158.9,396.8,505.0,15260,0,1304526,1078873,0,0,0,0,0,0,0,0,0,0,0,1,20.0,0,0,283,430.1,1.9,36,47.4,0,256.0,,23524,0,309.3,642.4
404,full-cycle,22980,25,2199,0,0,0,1,1,808,2577,148,818,2352895,83545.9,578528,62.0,62.0,658.0,1290400,1268.8,159.0,397.9,507.3,15330,0,1307409,1081087,2224,15050,3919,539456,21,478,20,0,0,0,1780,0,36.0,1,0,274,458.2,1.9,36,50.7,0,64.0,starved,23592,0,310.1,644.0
405,young,12626,31,7,4313,0,10,1,1,242,6091,237,1846,2362326,83900.1,197628,18.1,80.1,658.0,1292278,1270.4,159.1,398.4,507.9,15362,0,1309336,1082529,0,0,0,0,0,0,0,0,0,0,0,0,38.0,0,0,274,401.6,0.0,36,48.2,0,256.0,,23626,0,310.6,645.0
406,full-cycle,27984,27,4922,0,0,0,1,1,801,1090,188,811,2363819,83952.8,493500,52.4,52.4,658.0,1296356,1272.7,159.2,399.6,508.3,15393,0,1313523,1086520,4949,17372,3509,475369,17,1562,23,0,0,0,2148,0,50.0,1,17,250,448.7,1.9,36,50.2,0,64.0,starved,23719,0,311.6,647.1
407,young,10294,22,6,3269,0,8,1,0,264,4899,225,1753,2374955,84324.6,216959,19.8,72.2,658.0,1297566,1274.1,159.3,399.9,509.2,15394,0,1314746,1087037,0,0,0,0,0,0,0,0,0,0,0,0,50.0,0,0,268,398.4,1.9,36,50.2,0,256.0,,23723,0,312.0,647.8
408,full-cycle,47742,33,9688,0,0,0,1,0,954,2688,239,964,2375946,84355.2,690802,67.9,67.9,658.0,1301837,1277.0,159.4,401.3,510.0,15440,0,1319099,1091058,9721,22937,12281,574366,21,5879,2723,0,0,0,2709,0,32.0,11,9,257,413.1,20.0,36,52.7,0,67.9,starved,23813,0,312.9,649.8
409,young,12094,26,6,5965,0,7,1,0,258,4565,230,1204,2383920,84736.0,227697,20.2,88.1,658.0,1302953,1278.1,159.4,401.5,510.6,15472,0,1320217,1091917,0,0,0,0,0,0,0,0,0,0,0,0,32.0,0,1,276,363.3,20.0,36,50.2,0,256.0,,23820,0,313.2,650.3
410,full-cycle,27971,29,5402,0,0,0,1,0,915,2770,232,924,2384332,84752.3,601450,61.7,61.7,658.0,1308743,1280.9,159.7,403.2,510.8,15534,0,1326055,1097741,5431,16359,4492,558892,14,746,31,0,0,0,1683,0,32.0,1,0,276,458.5,1.9,36,52.6,0,64.0,starved,23881,0,314.5,653.0
411,young,12264,26,6,4973,0,8,1,0,218,5001,250,1934,2394605,85167.0,171629,15.6,77.3,658.0,1310973,1283.0,159.8,403.8,511.9,15566,0,1328347,1098942,0,0,0,0,0,0,0,0,0,0,0,0,34.0,0,6,270,407.1,0.0,36,50.1,0,256.0,,23918,0,315.0,654.2
412,full-cycle,29044,33,6171,0,0,0,2,0,1052,4362,232,1062,2395653,85193.8,622211,64.2,64.2,658.0,1315244,1285.5,159.9,405.1,512.3,15580,0,1332674,1102999,6204,14512,6530,490922,17,1044,38,0,0,0,1792,0,40.0,1,0,272,446.9,1.9,36,51.7,0,64.2,starved,23990,0,316.0,656.2
413,young,7898,40,6,3285,0,8,1,1,210,2937,238,1299,2404396,85523.7,151019,15.0,79.2,658.0,1316576,1286.4,160.0,405.5,512.5,15623,0,1334072,1104238,0,0,0,0,0,0,0,0,0,0,0,0,40.0,0,0,273,404.8,1.9,36,48.4,0,256.0,,24035,0,316.4,657.1
414,full-cycle,26318,28,1415,0,0,0,1,1,951,3393,221,961,2408666,85630.5,535486,58.0,58.0,658.0,1322010,1289.6,160.1,407.1,513.1,15637,0,1339588,1109457,1443,18298,4920,466498,17,516,27,0,0,0,1650,0,40.0,1,0,272,461.7,1.9,36,51.0,0,64.0,starved,24114,0,317.6,659.8
415,young,10248,68,9,4672,0,10,1,1,279,3714,222,1415,2418045,85981.1,197110,19.4,77.4,658.0,1323630,1290.6,160.2,407.6,513.3,15685,0,1341306,1111004,0,0,0,0,0,0,0,0,0,0,0,0,42.0,0,1,271,401.9,0.0,36,47.3,0,256.0,,24164,0,318.0,660.7
416,full-cycle,33274,25,5384,0,0,0,2,0,974,3098,210,985,2421184,86093.5,582609,63.1,63.1,658.0,1328061,1293.5,160.3,409.0,514.0,15797,0,1345839,1115327,5409,19493,5127,518354,28,978,32,0,0,0,3236,0,42.0,2,17,253,427.2,3.7,36,47.8,0,64.0,starved,24269,0,319.0,662.7
417,young,11723,56,5,7086,0,10,1,1,231,3694,232,547,2427196,86294.2,215159,19.1,82.1,658.0,1328540,1295.1,160.4,409.2,515.4,15803,0,1346350,1115358,0,0,0,0,0,0,0,0,0,0,0,0,42.0,0,1,271,400.0,3.7,36,47.3,0,256.0,,24274,0,319.1,662.9
418,full-cycle,36402,38,4182,0,0,0,1,1,1059,2489,239,1070,2432558,86501.8,627193,64.6,64.6,658.0,1334469,1299.3,160.6,411.1,516.6,15846,0,1352349,1120913,4220,18263,9929,484975,20,702,5642,0,0,0,3976,0,42.0,4,20,248,410.9,7.4,36,49.5,0,64.6,starved,24369,0,320.6,666.0
419,young,13860,93,8,8536,0,9,1,1,241,3906,239,1000,2437556,86589.9,225765,20.3,84.9,658.0,1335005,1300.7,160.6,411.2,517.8,15854,0,1352923,1120949,0,0,0,0,0,0,0,0,0,0,0,0,42.0,0,0,272,383.7,7.4,36,48.9,0,256.0,,24378,0,320.7,666.2
420,full-cycle,37387,27,3895,0,0,0,1,0,1048,2261,248,1059,2446768,86924.4,622602,64.3,64.3,658.0,1341195,1306.6,160.8,413.1,520.7,15897,0,1359229,1126118,3922,19758,9616,525601,17,2787,3486,0,0,0,4074,0,34.0,4,22,250,414.4,7.4,36,49.0,0,64.3,starved,24484,0,322.3,669.5
421,young,10365,23,7,2960,0,8,1,0,275,6270,235,742,2454078,87266.4,186218,17.1,81.4,658.0,1341571,1307.7,160.8,413.3,521.6,15898,0,1359610,1126183,0,0,0,0,0,0,0,0,0,0,0,0,34.0,0,0,276,392.6,7.4,36,49.0,0,256.0,,24488,0,322.4,669.6
422,full-cycle,33458,26,3845,0,0,0,1,0,871,1656,242,881,2456351,87346.5,587886,60.2,60.2,658.0,1347346,1311.4,161.0,414.9,522.6,15980,0,1365471,1131707,3871,18565,8546,483168,16,2764,3222,0,0,0,2461,0,36.0,2,16,257,435.2,3.7,36,50.0,0,64.0,starved,24576,0,323.7,672.3
423,young,8391,26,6,2710,0,9,1,0,256,4523,234,775,2464242,87695.4,165771,17.9,78.1,658.0,1347736,1312.5,161.0,415.1,523.4,16025,0,1365887,1131832,0,0,0,0,0,0,0,0,0,0,0,0,38.0,0,0,274,403.3,1.9,36,47.3,0,256.0,,24584,0,323.8,672.5
424,full-cycle,32927,25,10145,0,0,0,2,0,764,445,171,775,2465718,87751.1,465256,50.8,50.8,658.0,1352451,1315.2,161.2,416.4,524.0,16028,0,1370635,1136423,10170,15015,6168,455203,19,4642,282,0,0,0,1567,0,60.0,1,0,263,456.5,1.9,35,50.5,0,64.0,starved,24643,0,324.9,674.8
425,young,13665,24,7,4332,0,9,1,1,243,6708,232,2254,2477314,88175.3,192335,17.4,68.2,658.0,1354649,1317.8,161.3,417.0,525.5,16060,0,1372907,1137238,0,0,0,0,0,0,0,0,0,0,0,0,60.0,0,0,264,399.5,1.9,35,48.0,0,256.0,,24677,0,325.5,676.3
426,full-cycle,29362,24,3962,0,0,0,1,1,895,3109,177,905,2478338,88211.1,585459,60.6,60.6,658.0,1357966,1320.2,161.4,418.1,526.3,16089,0,1376322,1140114,3986,18332,4853,501571,18,795,21,0,0,0,2185,0,64.0,1,14,247,420.7,1.9,35,48.5,0,64.0,starved,24769,0,326.4,678.0
427,young,8909,22,6,2423,0,8,1,1,227,4827,236,1305,2488241,88541.0,215130,20.3,80.9,658.0,1359101,1322.4,161.4,418.4,528.0,16108,0,1377491,1140406,0,0,0,0,0,0,0,0,0,0,0,0,64.0,0,0,262,378.9,1.9,35,47.0,0,256.0,,24789,0,326.7,678.7
428,full-cycle,27632,28,4893,0,0,0,1,0,922,1840,234,931,2489430,88583.9,555286,59.5,59.5,658.0,1363800,1325.1,161.6,419.7,528.6,16122,0,1382245,1144931,4921,16196,4742,501777,17,1259,689,0,0,0,1768,0,64.0,1,1,260,435.4,1.9,35,49.0,0,64.0,starved,24858,0,327.8,680.9
429,young,11105,87,6,3282,0,6,1,1,248,5211,224,2191,2498533,88984.0,214520,19.2,78.8,658.0,1366056,1327.7,161.7,420.4,530.1,16154,0,1384549,1145715,0,0,0,0,0,0,0,0,0,0,0,0,66.0,0,0,261,373.4,0.0,35,46.5,0,256.0,,24893,0,328.4,682.1
430,full-cycle,36855,24,5989,0,0,0,1,1,995,1708,235,1005,2499851,89022.1,638934,64.9,64.9,658.0,1370408,1331.0,161.8,421.8,531.2,16235,0,1388990,1149800,6013,16396,11005,502082,17,2494,5776,0,0,0,3430,0,62.0,2,20,241,392.8,3.7,35,48.3,0,64.9,starved,24985,0,329.4,684.3
431,young,11160,40,6,4412,0,8,1,0,218,5546,241,847,2504203,89155.6,185070,16.6,81.5,658.0,1370999,1332.5,161.9,421.9,532.4,16238,0,1389599,1149840,0,0,0,0,0,0,0,0,0,0,0,1,62.0,0,3,260,372.0,3.7,35,48.1,0,256.0,,24990,0,329.6,684.7
432,full-cycle,31546,32,4811,0,0,0,1,0,831,2079,214,841,2510872,89442.4,633392,63.2,63.2,658.0,1375942,1337.6,162.0,423.4,535.2,16269,0,1394627,1153854,4843,15444,7591,559118,16,3786,864,0,0,0,3660,0,66.0,1,19,241,392.0,1.9,35,48.3,0,64.0,starved,25083,0,330.7,687.0
433,young,8434,28,8,2681,0,9,1,0,252,4280,226,1097,2517215,89759.8,197734,21.2,84.4,658.0,1376299,1338.6,162.0,423.5,536.1,16322,0,1394994,1153866,0,0,0,0,0,0,0,0,0,0,0,0,66.0,0,1,260,367.3,1.9,35,45.2,0,256.0,,25089,0,330.8,687.2
434,full-cycle,34110,26,3875,0,0,0,2,1,868,2964,207,879,2519453,89842.7,706654,69.4,69.4,658.0,1381734,1342.6,162.2,425.0,537.5,16364,0,1400507,1158847,3901,14900,11812,526362,28,4924,3008,0,0,0,3409,0,56.0,9,20,237,375.7,16.6,35,47.7,0,69.4,starved,25178,0,332.1,690.0
435,young,8753,20,5,3319,0,8,1,0,277,4127,224,917,2526453,90151.2,210683,19.2,88.6,658.0,1382417,1344.0,162.3,425.2,538.6,16366,0,1401204,1159143,0,0,0,0,0,0,0,0,0,0,0,0,56.0,0,0,266,346.3,16.6,35,47.5,0,256.0,,25182,0,332.3,690.3
436,full-cycle,28877,23,3439,0,0,0,1,1,976,1447,244,986,2527870,90202.9,575821,59.2,59.2,658.0,1388944,1347.9,162.5,427.1,539.6,16385,0,1407789,1165406,3462,15788,7133,491362,150,2602,1943,0,0,0,2333,0,50.0,3,11,255,435.1,5.4,35,49.9,0,64.0,starved,25263,0,333.7,693.4
437,young,11920,22,6,6707,0,8,1,1,272,4265,213,558,2535869,90605.6,202889,21.8,81.0,658.0,1389485,1349.3,162.5,427.2,540.7,16460,0,1408328,1165491,0,0,0,0,0,0,0,0,0,0,0,0,50.0,0,0,269,390.2,5.4,35,45.1,0,256.0,,25276,0,333.9,693.8
438,full-cycle,17094,22,1521,0,0,0,1,0,833,598,154,844,2536980,90647.1,446578,49.1,49.1,658.0,1394529,1352.0,162.7,428.6,541.2,16463,0,1413418,1170448,1542,12042,1858,446277,20,371,20,0,0,0,1647,0,54.0,1,0,266,466.7,1.9,35,50.5,0,64.0,starved,25339,0,335.0,696.2
439,young,11949,26,7,6098,0,7,1,1,259,3473,235,1990,2547012,91079.4,185588,20.2,69.3,658.0,1396676,1354.1,162.8,429.2,542.3,16547,0,1415610,1171633,0,0,0,0,0,0,0,0,0,0,0,0,56.0,0,0,266,408.0,0.0,35,45.0,0,256.0,,25373,0,335.7,697.6
440,full-cycle,27659,26,7551,0,0,0,1,0,820,815,216,830,2547638,91103.3,467821,51.0,51.0,658.0,1399915,1356.4,162.9,430.2,542.9,16549,0,1418900,1174584,7576,15098,3404,461314,18,1711,25,0,0,0,1577,0,64.0,1,0,261,451.7,1.9,35,50.6,0,64.0,starved,25435,0,336.4,699.2
441,young,12729,158,8,5642,0,9,1,0,278,4673,239,1867,2557399,91446.0,199631,18.1,69.1,658.0,1402021,1357.7,163.0,430.9,543.0,16581,0,1421055,1176576,0,0,0,0,0,0,0,0,0,0,0,0,64.0,0,0,262,389.1,1.9,35,48.1,0,256.0,,25470,0,337.0,700.4
442,full-cycle,32221,32,5907,0,0,0,2,0,1019,1363,229,1030,2559465,91522.7,541251,56.2,56.2,658.0,1405740,1360.2,163.1,432.1,543.6,16659,0,1424845,1180108,5940,17140,6930,468499,19,1551,2963,0,0,0,2200,0,66.0,2,15,245,423.9,3.7,34,46.4,0,64.0,starved,25561,0,337.8,702.2
443,young,10918,154,6,2057,0,10,1,0,417,7070,212,1129,2568762,91875.1,190883,20.6,76.8,658.0,1406207,1361.8,163.1,432.3,544.9,16711,0,1425331,1180168,0,0,0,0,0,0,0,0,0,0,0,0,68.0,0,0,261,385.9,1.9,34,43.3,0,256.0,,25566,0,337.9,702.4
444,full-cycle,30175,38,2593,0,0,0,2,0,1020,2896,235,1031,2570164,91929.7,608138,62.4,62.4,658.0,1411840,1364.7,163.3,433.9,545.3,16713,0,1431022,1185756,2631,17381,8250,473066,20,1311,2987,0,0,0,1906,0,68.0,1,0,260,424.5,1.9,34,48.6,0,64.0,starved,25629,0,339.2,705.0
445,young,15200,104,8,8050,0,10,1,0,218,4472,228,2238,2578960,92170.4,239207,21.8,84.1,658.0,1413903,1366.8,163.4,434.5,546.4,16756,0,1433171,1186886,0,0,0,0,0,0,0,0,0,0,0,0,68.0,0,0,261,365.8,1.9,34,45.3,0,256.0,,25678,0,339.8,706.2
446,full-cycle,38713,28,1640,0,0,0,1,1,1064,2981,234,1076,2583383,92347.6,696092,71.0,71.0,658.0,1418663,1370.7,163.5,436.0,548.0,16792,0,1438028,1191237,1668,19645,14210,482851,19,2787,7340,0,0,0,3167,0,62.0,4,16,244,386.7,7.5,34,45.2,0,71.0,starved,25792,0,340.9,708.6
447,young,11676,149,5,7041,0,8,1,1,240,3476,228,640,2590113,92562.3,158039,15.5,86.5,658.0,1419307,1372.6,163.5,436.2,549.5,16813,0,1438713,1191454,0,0,0,0,0,0,0,0,0,0,0,0,62.0,0,0,264,364.0,7.5,34,43.5,0,256.0,,25817,0,341.1,709.0
448,full-cycle,25576,25,1949,0,0,0,1,1,904,2139,236,914,2596048,92751.7,612574,63.7,63.7,658.0,1425602,1376.7,163.7,438.0,550.8,16829,0,1445092,1197454,1974,16064,5751,514120,13,1074,1607,0,0,0,1780,0,64.0,1,0,262,426.9,1.9,34,47.1,0,64.0,starved,25904,0,342.7,712.1
449,young,11385,18,5,3752,0,8,1,1,231,6003,224,1296,2605838,93168.7,216055,19.2,82.9,658.0,1427191,1377.6,163.8,438.4,551.0,16861,0,1446745,1198969,0,0,0,0,0,0,0,0,0,0,0,0,64.0,0,0,263,369.1,1.9,34,44.6,0,256.0,,25939,0,343.1,713.1
450,full-cycle,29703,22,6372,0,0,0,1,0,899,1684,228,910,2606099,93178.9,629414,63.8,63.8,658.0,1432003,1379.8,164.0,439.7,551.1,16924,0,1451607,1203820,6394,14318,7266,528984,18,2721,1929,0,0,0,1718,0,66.0,1,0,261,423.2,1.9,34,48.7,0,64.0,starved,25998,0,344.2,715.4
451,young,9164,27,6,3059,0,8,1,0,267,3646,232,2064,2613966,93567.2,203954,18.5,82.3,658.0,1434096,1381.1,164.0,440.2,551.6,16956,0,1453759,1205403,0,0,0,0,0,0,0,0,0,0,0,0,68.0,0,0,261,367.7,0.0,34,46.2,0,256.0,,26033,0,344.7,716.6
452,full-cycle,31242,31,4120,0,0,0,1,0,982,2302,221,991,2615368,93608.7,664707,66.9,66.9,658.0,1438893,1384.3,164.2,441.7,552.5,17028,0,1458641,1209929,4151,14802,8983,473273,16,529,5139,0,0,0,3296,0,70.0,2,20,238,386.3,3.7,34,45.9,0,66.9,starved,26127,0,345.9,719.0
453,young,11834,66,8,8033,0,7,1,0,227,2754,220,661,2620374,93768.3,229736,20.3,87.2,658.0,1439319,1386.0,164.2,441.9,553.9,17029,0,1459067,1209935,0,0,0,0,0,0,0,0,0,0,0,0,72.0,0,0,259,357.8,1.9,34,45.8,0,256.0,,26132,0,346.0,719.2
454,full-cycle,32710,24,6450,0,0,0,1,1,940,1862,226,950,2625551,94000.5,609965,62.1,62.1,658.0,1445854,1390.5,164.4,443.7,555.5,17058,0,1465694,1215802,6475,14197,9215,476811,13,2518,3866,0,0,0,2808,0,64.0,5,16,242,400.8,9.2,34,46.1,0,64.0,starved,26220,0,347.6,722.6
455,young,11457,21,5,3320,0,9,1,1,297,6703,220,1019,2633886,94340.8,229580,22.3,84.4,658.0,1446300,1391.9,164.4,443.9,556.7,17087,0,1466150,1215860,0,0,0,0,0,0,0,0,0,0,0,1,64.0,0,0,263,365.1,9.2,34,44.4,0,256.0,,26228,0,347.7,722.8
456,full-cycle,29951,27,1463,0,0,0,1,1,1003,3050,232,1014,2635835,94411.2,637491,65.8,65.8,658.0,1453015,1396.4,164.7,445.8,558.1,17152,0,1472950,1222159,1490,16994,8464,451273,16,1091,3287,0,0,0,2995,0,56.0,1,17,249,409.8,1.9,34,43.5,0,65.8,starved,26360,0,349.3,726.1
457,young,13002,66,4,7926,0,10,1,0,253,3474,218,1174,2641248,94565.7,235952,22.4,88.2,658.0,1453505,1398.1,164.7,446.0,559.6,17153,0,1473468,1222159,0,0,0,0,0,0,0,0,0,0,0,0,58.0,0,1,265,375.9,0.0,34,43.4,0,256.0,,26366,0,349.4,726.3
458,full-cycle,41806,34,5726,0,0,0,1,0,930,2667,241,939,2649135,94863.4,673181,69.3,69.3,658.0,1459769,1404.2,164.9,447.9,562.7,17214,0,1479821,1227336,5760,22271,9659,588814,50,5399,596,0,0,0,4039,0,54.0,10,25,234,378.6,18.6,33,42.3,0,69.3,starved,26485,0,351.0,729.6
459,young,10112,18,5,2061,0,8,1,1,280,6428,225,1264,2656942,95187.1,258655,24.1,93.4,658.0,1460255,1405.7,164.9,448.0,563.9,17243,0,1480320,1227360,0,0,0,0,0,0,0,0,0,0,0,0,54.0,0,0,269,352.2,18.6,33,40.6,0,256.0,,26489,0,351.1,729.8
460,full-cycle,29135,28,3942,0,0,0,2,0,922,1713,227,932,2659385,95268.5,633816,66.1,66.1,658.0,1466395,1412.8,166.8,451.1,565.3,17308,0,1486590,1233063,3970,17886,3603,592862,20,896,34,0,0,0,3667,0,50.0,2,26,243,408.7,3.7,33,42.0,0,66.1,starved,26621,0,352.6,732.9
461,young,11264,83,9,7481,0,8,1,0,239,2416,230,949,2663944,95406.6,213699,20.1,86.2,658.0,1466946,1414.6,166.8,451.3,566.8,17315,0,1487153,1233063,0,0,0,0,0,0,0,0,0,0,0,0,52.0,0,0,270,386.5,1.9,33,41.5,0,256.0,,26626,0,352.7,733.1
462,full-cycle,32587,29,6756,0,0,0,1,0,918,1123,243,929,2671846,95701.9,514003,56.1,56.1,658.0,1472930,1420.4,167.0,453.2,569.7,17373,0,1493258,1237991,6785,16313,5946,457053,16,1895,1978,0,0,0,3530,1,48.0,4,26,242,423.3,7.5,33,41.9,0,64.0,starved,26756,0,354.1,736.1
463,young,9566,88,8,4578,0,8,1,0,242,4005,224,548,2674298,95781.5,190388,18.6,74.8,658.0,1473213,1421.4,167.0,453.3,570.5,17374,0,1493566,1238005,0,0,0,0,0,0,0,0,0,0,0,0,48.0,0,0,272,404.5,7.5,33,41.8,0,256.0,,26761,0,354.2,736.2
464,full-cycle,37766,25,8700,0,0,0,2,0,940,2075,237,950,2682107,96105.8,620508,65.4,65.4,658.0,1478048,1424.8,167.2,454.7,571.7,17442,0,1498469,1242608,8725,21967,5357,590879,18,2254,55,0,0,0,1710,0,52.0,1,0,269,441.0,1.9,33,44.5,0,65.4,starved,26844,0,355.4,738.6
465,young,14375,24,8,8869,0,8,1,1,208,3692,226,1475,2691019,96521.3,225408,21.6,87.0,658.0,1478916,1425.4,167.2,455.0,571.8,17489,0,1499416,1243385,0,0,0,0,0,0,0,0,0,0,0,0,52.0,0,2,268,386.9,1.9,33,40.8,0,256.0,,26894,0,355.6,739.2
466,full-cycle,22985,58,1662,0,0,0,1,0,946,2160,238,955,2691306,96533.4,485666,53.8,53.8,658.0,1484927,1428.2,167.4,456.7,572.0,17489,0,1505505,1249451,1720,16191,3517,433935,18,350,30,0,0,0,1553,0,56.0,0,1,267,461.2,0.0,33,45.6,0,64.0,starved,26969,0,357.0,742.1
467,young,10434,26,8,3548,0,8,1,0,253,4619,218,1884,2701545,96959.1,186364,22.5,76.3,658.0,1486927,1430.8,167.5,457.2,573.6,17604,0,1507583,1249990,0,0,0,0,0,0,0,0,0,0,0,0,56.0,0,0,268,406.3,0.0,33,38.0,0,256.0,,27018,0,357.5,743.2
468,full-cycle,36794,26,6507,0,0,0,1,1,1001,2042,231,1013,2702654,96995.8,594104,62.3,62.3,658.0,1491299,1433.9,167.6,458.6,574.6,17629,0,1512013,1253828,6533,18210,9434,481319,19,3497,2858,0,0,0,2598,0,46.0,14,14,244,408.4,24.5,34,45.6,0,64.0,starved,27102,0,358.6,745.5
469,young,10787,68,6,2440,0,10,1,1,270,7078,225,828,2711234,97310.4,227444,21.0,83.3,658.0,1491944,1435.8,167.6,458.8,576.2,17646,0,1512675,1253844,0,0,0,0,0,0,0,0,0,0,0,1,46.0,0,0,272,366.9,24.5,34,44.5,0,256.0,,27108,0,358.8,745.8
470,full-cycle,38415,44,4152,0,0,0,2,1,1007,3702,231,1018,2714545,97413.5,671577,67.5,67.5,658.0,1498480,1441.0,167.9,460.7,578.4,17675,0,1519319,1259685,4196,19166,11737,462528,17,579,6416,0,0,0,3299,0,48.0,2,20,249,406.5,3.7,34,46.3,0,67.5,starved,27201,0,360.3,749.0
471,young,13058,57,5,9582,0,8,1,1,256,2312,216,758,2719982,97556.6,237923,21.1,88.5,658.0,1498915,1442.5,167.9,460.8,579.6,17682,0,1519757,1259701,0,0,0,0,0,0,0,0,0,0,0,0,50.0,0,0,270,375.4,1.9,34,45.8,0,256.0,,27210,0,360.4,749.4
472,full-cycle,28442,33,5116,0,0,0,1,0,746,781,149,755,2727021,97833.3,522821,55.2,55.2,658.0,1503354,1445.7,168.0,462.2,580.6,17683,0,1524232,1263692,5150,14441,7103,499133,19,5260,282,0,0,0,1742,0,60.0,1,0,265,451.2,1.9,33,46.7,0,64.0,starved,27266,0,361.4,751.4
473,young,11327,53,7,5118,1,7,1,1,230,3972,241,1839,2736200,98235.5,219446,21.3,76.5,658.0,1505363,1447.7,168.1,462.8,581.7,17732,0,1526315,1264828,0,0,0,0,0,0,0,0,0,0,0,0,60.0,0,0,266,391.7,1.9,33,42.9,0,256.0,,27315,0,362.1,752.8
474,full-cycle,37171,32,8028,0,0,0,1,1,970,1486,226,980,2737228,98269.3,544516,59.0,59.0,658.0,1509400,1451.1,168.3,464.2,582.6,17767,0,1530464,1268386,8060,20273,6242,520062,23,3684,63,0,0,0,2582,0,42.0,13,20,242,420.0,23.5,33,43.1,0,64.0,starved,27439,0,363.1,754.8
475,young,13393,50,8,5983,0,11,2,1,254,5871,224,1132,2745053,98611.8,193074,19.1,78.2,658.0,1510098,1452.4,168.3,464.4,583.6,17788,0,1531163,1268546,0,0,0,0,0,0,0,0,0,0,0,0,42.0,0,0,275,387.2,23.5,33,41.5,0,256.0,,27442,0,363.2,755.2
476,full-cycle,27183,24,5321,0,0,0,1,0,790,816,175,800,2746338,98660.3,534340,57.3,57.3,658.0,1514994,1455.4,168.5,465.8,584.2,17793,0,1536136,1273223,5344,13367,6638,507025,20,4796,198,0,0,0,1822,0,48.0,3,2,267,456.1,5.6,33,45.4,0,64.0,starved,27518,0,364.3,757.5
477,young,9346,21,6,3414,0,7,1,1,246,3650,235,1926,2756309,99039.1,185678,17.1,74.4,658.0,1516944,1457.6,168.5,466.4,585.3,17823,0,1538142,1274082,0,0,0,0,0,0,0,0,0,0,0,0,50.0,0,4,267,400.6,3.7,33,43.0,0,256.0,,27551,0,365.0,758.8
478,full-cycle,25755,28,5870,0,0,0,1,0,829,1015,136,838,2757104,99066.0,557403,60.0,60.0,658.0,1520144,1459.6,168.7,467.3,585.8,17844,0,1541403,1277009,5899,15792,2467,522347,18,566,23,0,0,0,1593,0,68.0,1,0,261,435.2,1.9,33,45.5,0,64.0,starved,27629,0,365.7,760.4
479,young,11115,62,7,5108,0,9,1,0,201,4717,226,916,2765872,99421.4,241055,22.3,82.3,658.0,1520916,1460.3,168.7,467.6,586.0,17891,0,1542255,1277695,0,0,0,0,0,0,0,0,0,0,0,0,70.0,0,0,261,383.6,0.0,33,41.8,0,256.0,,27679,0,365.9,760.8
480,full-cycle,37438,26,1444,0,0,0,1,1,1045,3256,232,1056,2768295,99514.9,600118,63.4,63.4,658.0,1527128,1464.4,168.9,469.5,587.1,17943,0,1548580,1283665,1470,17997,14677,440785,27,8647,1684,0,0,0,3197,0,38.0,16,22,238,391.1,28.7,34,43.8,0,64.0,starved,27806,0,367.4,763.9
481,young,11385,25,8,7781,0,8,1,0,254,2390,219,867,2775460,99845.5,210911,21.0,84.4,658.0,1527504,1465.3,168.9,469.7,587.8,17952,0,1548958,1283682,0,0,0,0,0,0,0,0,0,0,0,0,38.0,0,0,276,373.0,28.7,34,43.1,0,256.0,,27808,0,367.5,764.1
482,full-cycle,29438,31,5399,0,0,0,1,1,794,1409,213,803,2777320,99922.4,523387,57.5,57.5,658.0,1533649,1469.2,169.1,471.3,589.0,17999,0,1555239,1289456,5430,15985,5332,499461,18,2672,425,0,0,0,2686,0,38.0,1,17,258,449.7,1.9,34,44.0,0,64.0,starved,27940,0,368.9,767.1
483,young,9914,52,9,3957,0,8,1,0,236,4603,232,952,2783576,100126.4,206293,19.7,77.2,658.0,1534161,1470.7,169.2,471.5,590.3,18006,0,1555763,1289514,0,0,0,0,0,0,0,0,0,0,0,0,40.0,0,0,275,417.6,0.0,34,43.5,0,256.0,,27944,0,369.0,767.4
484,full-cycle,21431,22,1192,0,0,0,1,0,892,714,226,902,2788942,100352.6,458369,52.6,52.6,658.0,1538423,1475.3,169.3,473.2,592.4,18067,0,1560109,1293031,1214,12864,4139,415508,18,482,2016,0,0,0,3204,1,58.0,2,19,245,432.7,3.7,34,43.6,0,64.0,starved,28040,0,370.2,769.7
485,young,8584,58,8,3966,0,8,1,0,248,3718,230,505,2793308,100464.7,191222,17.6,70.3,658.0,1538806,1476.6,169.3,473.3,593.5,18068,0,1560519,1293051,0,0,0,0,0,0,0,0,0,0,0,0,58.0,0,0,266,403.9,3.7,34,43.6,0,256.0,,28044,0,370.2,769.9
486,full-cycle,39183,25,5294,0,0,0,1,1,1065,2384,238,1076,2802623,100786.2,640149,65.2,65.2,658.0,1544415,1481.3,169.5,475.1,595.4,18146,0,1566212,1298101,5319,17610,12444,476695,18,3530,5431,0,0,0,3798,0,64.0,2,20,240,391.1,3.7,35,48.5,0,65.2,starved,28137,0,371.5,772.5
487,young,9676,56,8,3887,0,8,1,1,230,4232,231,1162,2807047,100863.2,163566,14.9,80.1,658.0,1545317,1482.6,169.6,475.3,596.3,18156,0,1567145,1298381,0,0,0,0,0,0,0,0,0,0,0,0,66.0,0,0,261,371.4,1.9,35,47.8,0,256.0,,28141,0,371.7,773.0
488,full-cycle,37053,30,5421,0,0,0,1,1,934,1878,230,945,2816911,101210.5,614942,63.0,63.0,658.0,1550572,1488.6,169.7,477.0,599.2,18214,0,1572543,1302425,5451,18855,9776,491628,17,3569,3360,0,0,0,2955,0,64.0,2,23,237,395.7,3.7,35,46.3,0,64.0,starved,28266,0,372.9,775.5
489,young,6727,20,6,1213,0,8,1,0,239,4627,227,545,2823658,101520.9,164307,18.3,81.4,658.0,1550947,1489.7,169.8,477.1,600.1,18242,0,1572945,1302432,0,0,0,0,0,0,0,0,0,0,0,0,66.0,0,1,260,372.3,1.9,35,44.6,0,256.0,,28272,0,373.0,775.7
490,full-cycle,33462,23,6816,0,0,0,1,0,971,1233,215,982,2825991,101596.5,581265,62.6,62.6,658.0,1556393,1493.2,169.9,478.7,601.1,18258,0,1578504,1307621,6839,17681,7083,549501,21,3675,1165,0,0,0,1845,0,66.0,2,14,246,421.4,3.7,34,46.7,0,64.0,starved,28364,0,374.4,778.4
491,young,9570,26,6,4459,0,8,1,0,216,4231,222,540,2833737,101932.7,235399,20.5,83.1,658.0,1556994,1495.3,169.9,478.9,603.0,18290,0,1579130,1307700,0,0,0,0,0,0,0,0,0,0,0,0,66.0,0,1,261,376.3,3.7,34,44.2,0,256.0,,28377,0,374.5,778.7
492,full-cycle,20850,24,971,0,0,0,1,0,703,494,109,712,2836752,101998.0,454173,49.6,49.6,658.0,1561886,1497.9,170.1,480.2,603.4,18293,0,1584065,1312524,996,16498,1843,445123,18,591,23,0,0,0,1509,0,76.0,1,0,256,445.6,1.9,34,48.6,0,64.0,starved,28421,0,375.7,781.2
493,young,13235,26,5,5091,0,8,1,0,283,6898,219,849,2844791,102401.0,206966,23.1,72.7,658.0,1562622,1498.4,170.1,480.4,603.5,18389,0,1584859,1313157,0,0,0,0,0,0,0,0,0,0,0,0,76.0,0,0,257,392.7,1.9,34,42.3,0,256.0,,28456,0,376.0,781.7
494,full-cycle,30893,23,6052,0,0,0,1,0,726,512,190,736,2844972,102408.8,462189,50.6,50.6,658.0,1567111,1500.5,170.3,481.7,603.7,18391,0,1589395,1317674,6074,16108,7057,449953,20,5363,421,0,0,0,1647,0,74.0,1,0,257,444.6,1.9,34,48.6,0,64.0,starved,28512,0,377.0,783.8
495,young,9151,28,6,3965,0,7,1,0,280,2841,238,1943,2854367,102762.9,191091,17.9,68.5,658.0,1569250,1503.3,170.4,482.4,605.3,18423,0,1591600,1318251,0,0,0,0,0,0,0,0,0,0,0,0,76.0,0,0,257,385.6,0.0,34,46.1,0,256.0,,28550,0,377.6,785.1
496,full-cycle,51620,24,6331,0,0,0,1,1,1104,7213,237,1116,2855606,102801.4,865487,82.3,82.3,658.0,1573924,1506.8,170.5,483.8,606.5,18452,0,1596287,1322060,6356,31663,9621,692866,18,1153,117,0,0,0,3966,0,38.0,14,24,231,354.9,20.6,41,60.1,0,82.3,starved,28642,0,378.7,787.5
497,young,12966,104,5,5644,0,9,1,1,279,5265,236,1589,2863415,103003.2,207064,18.4,100.7,658.0,1575882,1509.3,170.6,484.4,608.1,18458,0,1598263,1322936,0,0,0,0,0,0,0,0,0,0,0,0,38.0,0,0,269,314.5,20.6,41,59.6,0,256.0,,28647,0,379.2,788.4
498,full-cycle,24693,24,4246,0,0,0,2,0,757,1136,195,767,2869588,103173.9,515239,54.5,54.5,658.0,1581131,1527.0,184.9,485.9,609.2,18461,0,1603558,1327459,4271,13941,4890,476831,19,2923,41,0,0,0,1585,0,36.0,1,0,269,460.0,1.9,41,62.2,0,64.0,starved,28707,0,380.3,790.8
499,young,9150,45,7,3013,0,10,1,0,269,4609,239,1106,2879996,103535.9,183938,17.0,71.5,658.0,1582078,1527.6,185.0,486.2,609.3,18493,0,1604551,1328317,0,0,0,0,0,0,0,0,0,0,0,1,38.0,0,1,268,402.1,0.0,41,59.7,0,256.0,,28743,0,380.5,791.3
500,full-cycle,31222,34,6206,0,0,0,1,0,1052,1576,240,1062,2882774,103640.4,542510,57.1,57.1,658.0,1587654,1530.8,185.2,487.9,610.0,18571,0,1610199,1333770,6240,18393,4068,469278,17,371,1037,0,0,0,2514,0,36.0,3,17,251,433.1,5.5,40,58.0,0,64.0,starved,28834,0,381.8,793.9
501,young,8318,20,4,1031,0,8,1,0,242,5993,223,969,2891095,104029.4,170919,16.9,74.0,658.0,1588519,1532.3,185.2,488.1,611.0,18597,0,1611083,1334287,0,0,0,0,0,0,0,0,0,0,0,0,38.0,0,0,270,395.1,3.6,40,56.5,0,256.0,,28840,0,382.0,794.2
502,full-cycle,29454,60,5351,0,0,0,1,0,798,679,169,808,2892048,104068.9,549715,57.2,57.2,658.0,1593308,1535.0,185.4,489.4,611.6,18598,0,1615910,1338947,5411,13192,8957,530538,21,7159,286,0,0,0,1882,0,36.0,2,1,268,453.3,3.7,40,60.4,0,64.0,starved,28897,0,383.1,796.6
503,young,6744,27,7,1827,0,8,1,0,252,3866,233,675,2899638,104451.7,157604,15.4,72.6,658.0,1594087,1535.6,185.4,489.7,611.8,18631,0,1616737,1339539,0,0,0,0,0,0,0,0,0,0,0,0,36.0,0,0,271,406.6,3.7,40,57.9,0,256.0,,28930,0,383.3,797.1
504,full-cycle,26238,33,5615,0,0,0,1,0,836,1270,223,846,2900026,104468.3,493728,52.6,52.6,658.0,1599432,1538.2,185.6,491.2,612.1,18631,0,1622131,1344881,5648,14297,4753,454507,18,2574,40,0,0,0,1536,0,42.0,1,0,267,459.6,1.9,40,60.5,0,64.0,starved,28990,0,384.6,799.8
505,young,10209,26,5,3080,0,8,1,0,281,5693,230,1029,2909454,104894.6,180303,19.9,72.4,658.0,1600184,1538.9,185.6,491.4,612.3,18713,0,1622927,1345509,0,0,0,0,0,0,0,0,0,0,0,0,44.0,0,0,267,406.9,0.0,40,55.1,0,256.0,,29025,0,384.8,800.2
506,full-cycle,31204,158,4933,0,0,0,1,0,905,2026,227,914,2910075,104916.2,631394,63.6,63.6,658.0,1605481,1541.7,185.8,492.9,612.7,18766,0,1628341,1350717,5091,16640,6800,493425,16,565,3274,0,0,0,2667,1,54.0,1,17,245,406.2,1.9,39,54.4,0,64.0,starved,29131,0,386.1,802.9
507,young,12397,44,8,6905,0,12,1,2,348,3632,220,1402,2914573,105033.8,203566,21.8,85.4,658.0,1606330,1543.4,185.8,493.2,614.0,18794,0,1629177,1350780,0,0,0,0,0,0,0,0,0,0,0,0,56.0,0,0,262,368.4,0.0,39,52.8,0,256.0,,29135,0,386.3,803.3
508,full-cycle,32544,29,4938,0,0,0,1,0,1049,2422,255,1058,2923743,105308.0,621784,64.9,64.9,658.0,1612494,1547.7,186.0,495.0,615.4,18843,0,1635277,1356396,4967,18356,6456,501612,18,866,2085,0,0,0,2754,0,24.0,2,14,262,440.1,3.7,39,54.7,0,64.9,starved,29243,0,387.6,806.1
509,young,11384,43,7,4214,0,12,2,0,262,5826,231,886,2931976,105701.8,210340,19.8,84.7,658.0,1613077,1549.3,186.0,495.3,616.7,18856,0,1635896,1356416,0,0,0,0,0,0,0,0,0,0,0,0,24.0,0,1,277,397.3,3.7,39,53.6,0,256.0,,29261,0,387.8,806.4
510,full-cycle,37062,34,7805,0,0,0,1,1,735,577,177,747,2933467,105755.9,497217,54.8,54.8,658.0,1618295,1553.1,186.2,496.7,618.0,18925,0,1641187,1361281,7838,17103,10211,479633,20,8562,301,0,0,0,1897,0,44.0,2,0,267,458.3,3.7,38,55.2,0,64.0,starved,29341,0,389.0,808.9
511,young,9482,77,8,3056,0,8,1,0,263,4058,239,1945,2942456,106019.9,144531,15.3,70.0,658.0,1620432,1555.5,186.3,497.4,619.4,18970,0,1643402,1362083,0,0,0,0,0,0,0,0,0,0,0,0,46.0,0,0,268,403.9,1.9,38,51.7,0,256.0,,29389,0,389.7,810.4
512,full-cycle,32974,20,4054,0,0,0,1,0,826,10,5,836,2946584,106210.3,573483,61.8,61.8,658.0,1623315,1557.5,186.4,498.2,620.0,18984,0,1646336,1364790,4074,22664,4779,573395,20,3882,26,0,0,0,1446,0,50.0,1,0,265,440.9,1.9,38,54.5,0,64.0,starved,29433,0,390.3,811.7
513,young,15957,29,7,7772,0,20,2,1,336,5256,227,2414,2953782,106564.4,184717,16.8,78.6,658.0,1624750,1558.7,186.4,498.6,620.6,19016,0,1647823,1365455,0,0,0,0,0,0,0,0,0,0,0,0,50.0,0,0,266,393.1,1.9,38,52.0,0,256.0,,29467,0,390.7,812.5
514,full-cycle,35709,30,7752,0,0,0,1,1,1110,2625,251,1121,2955179,106608.8,560241,58.1,58.1,658.0,1630359,1564.2,187.2,501.4,621.7,19049,0,1653513,1370693,7783,18465,6422,457361,19,1133,1516,0,0,0,3026,0,42.0,6,19,245,413.5,11.2,38,54.0,0,64.0,starved,29561,0,392.0,815.3
515,young,13883,26,7,5970,0,10,1,1,305,6638,211,823,2963128,106946.9,178849,19.2,77.3,658.0,1630725,1565.5,187.2,501.6,622.7,19096,0,1653879,1370702,0,0,0,0,0,0,0,0,0,0,0,0,42.0,0,0,270,385.8,11.2,38,51.3,0,256.0,,29563,0,392.0,815.4
516,full-cycle,36170,25,4827,0,0,0,2,1,1025,2026,246,1037,2965487,107009.5,619866,63.9,63.9,658.0,1637183,1570.3,187.4,503.5,624.6,19131,0,1660413,1376687,4852,19745,9268,495877,19,1537,4644,0,0,0,2291,0,44.0,2,13,255,426.0,3.7,37,52.1,0,64.0,starved,29651,0,393.6,818.7
517,young,10606,32,7,5647,0,10,2,1,230,3736,222,855,2973985,107380.6,239287,21.0,84.9,658.0,1637737,1572.0,187.4,503.7,626.0,19140,0,1660977,1376720,0,0,0,0,0,0,0,0,0,0,0,0,46.0,0,0,269,383.1,1.9,37,51.4,0,256.0,,29662,0,393.8,819.0
518,full-cycle,31984,26,4911,0,0,0,1,0,950,1248,227,960,2976100,107439.1,528584,56.3,56.3,658.0,1643655,1576.2,187.7,505.3,627.6,19162,0,1666984,1382269,4936,20084,4575,505767,19,1798,544,0,0,0,2379,0,42.0,2,11,258,443.3,3.7,37,52.6,0,64.0,starved,29748,0,395.1,822.0
519,young,10004,37,7,4793,0,7,1,1,229,4269,236,580,2984536,107836.3,187405,17.0,73.4,658.0,1644307,1577.7,187.7,505.5,628.8,19172,0,1667636,1382316,0,0,0,0,0,0,0,0,0,0,0,0,42.0,0,0,271,407.7,3.7,37,51.8,0,256.0,,29754,0,395.3,822.3
520,full-cycle,41575,32,5208,0,0,0,1,0,1028,4740,236,1039,2986378,107895.3,666944,66.9,66.9,658.0,1650109,1581.4,187.9,507.2,629.8,19235,0,1673494,1387814,5240,20604,12460,553589,34,6429,210,0,0,0,3207,0,24.0,9,16,255,421.0,16.7,37,52.4,0,66.9,starved,29844,0,396.7,825.3
521,young,10526,25,8,5118,0,8,2,0,253,4449,227,606,2994250,108245.0,180689,16.0,82.9,658.0,1650773,1582.8,187.9,507.4,630.9,19241,0,1674192,1387891,0,0,0,0,0,0,0,0,0,0,0,0,26.0,0,0,279,393.4,14.9,37,52.0,0,256.0,,29851,0,396.9,825.7
522,full-cycle,32052,36,5440,0,0,0,1,1,866,1417,223,877,2997099,108323.3,533686,56.4,56.4,658.0,1656901,1586.9,188.1,509.2,632.2,19297,0,1680417,1393752,5477,16592,7071,476641,18,3364,1388,0,0,0,2902,0,30.0,3,18,257,443.0,5.6,36,50.2,0,64.0,starved,29945,0,398.4,828.8
523,young,11853,21,6,4475,0,7,1,0,214,6084,214,972,3005524,108694.3,212055,18.5,75.0,658.0,1657299,1588.3,188.1,509.3,633.4,19299,0,1680838,1393774,0,0,0,0,0,0,0,0,0,0,0,0,30.0,0,0,278,413.4,5.6,36,50.1,0,256.0,,29951,0,398.5,829.0
524,full-cycle,25519,27,3901,0,0,0,1,1,986,1352,217,995,3006778,108742.3,573350,59.3,59.3,658.0,1662459,1591.2,188.3,510.8,634.0,19326,0,1686037,1398814,3928,16264,3645,540539,18,641,634,0,0,0,1677,0,50.0,1,0,268,447.1,1.9,35,50.4,0,64.0,starved,30012,0,399.8,831.6
525,young,12305,22,6,3491,0,9,1,0,248,7026,233,1428,3016919,109183.3,206932,19.0,78.3,658.0,1663966,1592.0,188.3,511.2,634.1,19358,0,1687597,1400240,0,0,0,0,0,0,0,0,0,0,0,0,52.0,0,1,267,389.8,0.0,35,47.9,0,256.0,,30048,0,400.1,832.4
526,full-cycle,46590,34,5394,0,0,0,1,1,1129,2792,244,1140,3017807,109210.6,680700,67.6,67.6,658.0,1669860,1595.5,188.5,513.0,634.9,19427,0,1693531,1405938,5428,23244,14806,574487,26,9034,1805,0,0,0,3020,1,18.0,11,17,257,420.6,19.9,35,48.3,0,67.6,starved,30136,0,401.5,835.1
527,young,10480,34,7,4905,0,8,1,0,259,4251,224,936,3028216,109611.9,183604,16.6,84.2,658.0,1670799,1597.4,188.6,513.2,636.3,19431,0,1694485,1406159,0,0,0,0,0,0,0,0,0,0,0,0,20.0,0,0,284,387.2,18.0,35,48.0,0,256.0,,30143,0,401.7,835.6
528,full-cycle,45386,24,5006,0,0,0,1,1,1137,2759,251,1148,3029912,109669.0,678562,68.2,68.2,658.0,1677601,1601.9,188.8,515.2,637.7,19508,0,1701365,1412556,5030,26107,10632,585518,47,5296,1376,0,0,0,3529,0,2.0,10,18,265,433.7,18.4,35,47.5,0,68.2,starved,30251,0,403.3,838.9
529,young,12138,84,8,8518,0,8,1,1,261,2354,237,810,3036959,109721.2,246197,23.1,91.4,658.0,1678043,1605.5,188.8,515.4,641.1,19519,0,1701822,1412556,0,0,0,0,0,0,0,0,0,0,0,0,2.0,0,2,291,400.2,18.4,35,46.7,0,256.0,,30263,0,403.5,839.2
530,full-cycle,41591,37,5700,0,0,0,1,1,1082,3094,247,1094,3046255,110131.0,709445,72.1,72.1,658.0,1685587,1611.6,189.1,517.5,643.7,19587,0,1709457,1418614,5736,19144,13255,474702,17,2741,6304,0,0,0,3442,0,2.0,5,20,269,439.4,9.4,34,44.9,0,72.1,starved,30369,0,405.2,842.7
531,young,15520,55,7,9689,0,7,1,1,248,3870,229,1580,3050403,110247.3,284732,25.8,98.0,658.0,1686659,1613.8,189.1,518.0,645.3,19605,0,1710579,1418743,0,0,0,0,0,0,0,0,0,0,0,1,2.0,0,3,291,395.6,9.4,34,43.5,0,256.0,,30393,0,405.6,843.5
532,full-cycle,36549,38,4513,0,0,0,2,1,1022,3593,238,1033,3059994,110583.2,629087,65.0,65.0,658.0,1692008,1619.1,189.5,519.8,647.7,19639,0,1715985,1423209,4552,13584,15137,444855,26,6254,4224,0,0,0,3190,1,0.0,10,20,265,445.4,18.2,34,45.1,0,65.0,starved,30484,0,406.7,845.9
533,young,11575,20,6,5932,0,7,1,0,242,4349,227,926,3067725,110956.0,215142,19.1,84.0,658.0,1692405,1620.2,189.5,519.9,648.6,19641,0,1716400,1423237,0,0,0,0,0,0,0,0,0,0,0,0,0.0,0,0,295,420.2,18.2,34,45.0,0,256.0,,30485,0,406.8,846.1
534,full-cycle,35894,26,9340,0,0,0,2,0,982,1200,256,992,3069576,111021.3,515060,54.8,54.8,658.0,1698896,1624.4,189.7,521.8,649.8,19688,0,1722967,1429371,9366,18503,5545,454272,16,821,2512,0,0,0,2472,0,8.0,2,15,274,482.0,3.7,34,45.9,0,64.0,starved,30581,0,408.4,849.3
535,young,10619,26,7,3975,0,7,1,0,291,5458,229,762,3078692,111432.4,198309,21.1,75.9,658.0,1699387,1625.9,189.7,521.9,651.1,19737,0,1723473,1429397,0,0,0,0,0,0,0,0,0,0,0,0,8.0,0,0,291,447.4,3.7,34,43.0,0,256.0,,30582,0,408.4,849.5
536,full-cycle,38090,33,7102,0,0,0,1,0,739,1414,223,750,3079831,111478.3,539932,58.0,58.0,658.0,1703904,1628.4,189.8,523.2,651.6,19752,0,1728061,1433822,7134,19024,10273,509662,21,7539,542,0,0,0,1641,0,42.0,1,1,272,461.1,1.9,34,47.6,0,64.0,starved,30670,0,409.5,851.7
537,young,9924,100,7,4933,0,6,1,1,246,2628,226,1898,3088980,111773.3,164987,17.0,75.0,658.0,1705998,1631.0,189.9,523.9,653.1,19799,0,1730237,1434561,0,0,0,0,0,0,0,0,0,0,0,0,42.0,0,0,274,409.3,1.9,34,43.9,0,256.0,,30718,0,410.2,853.4
538,full-cycle,32149,29,9289,0,0,0,2,1,846,2281,200,858,3094700,111948.6,553296,60.4,60.4,658.0,1709944,1634.8,190.1,525.2,654.9,19837,0,1734274,1437794,9318,13668,6246,510805,19,2945,137,0,0,0,2908,0,36.0,7,18,252,432.5,13.1,34,45.1,0,64.0,starved,30828,0,411.2,855.2
539,young,14175,26,6,9296,0,11,1,1,239,3527,223,977,3101346,112268.5,260418,22.4,82.9,658.0,1710427,1635.8,190.1,525.3,655.7,19847,0,1734790,1437931,0,0,0,0,0,0,0,0,0,0,0,0,38.0,0,0,276,397.7,11.2,34,44.3,0,256.0,,30841,0,411.3,855.4
540,full-cycle,27612,24,4902,0,0,0,1,1,774,1453,187,785,3102416,112316.5,462710,51.0,51.0,658.0,1715488,1638.5,190.3,526.7,656.1,19848,0,1739971,1442892,4925,15798,5080,436628,19,2791,28,0,0,0,1804,0,48.0,1,15,255,463.0,1.9,34,48.2,0,64.0,starved,30931,0,412.4,858.0
541,young,10923,130,5,3414,0,9,1,0,261,5622,230,1382,3110227,112468.1,203328,18.6,69.6,658.0,1716589,1640.6,190.3,527.0,657.8,19879,0,1741054,1442965,0,0,0,0,0,0,0,0,0,0,0,0,48.0,0,0,271,413.1,1.9,34,45.8,0,256.0,,30933,0,412.7,858.6
542,full-cycle,29614,26,2893,0,0,0,1,0,947,1855,234,956,3116691,112741.0,571453,58.5,58.5,658.0,1720864,1643.6,190.4,528.4,658.4,19921,0,1745380,1447049,2919,18792,6227,461513,17,471,2922,0,0,0,1671,0,52.0,1,0,268,447.3,1.9,34,48.6,0,64.0,starved,30997,0,413.7,860.5
543,young,11284,27,8,3059,0,7,1,0,287,6286,223,1536,3126347,113156.9,213318,22.6,81.1,658.0,1722725,1644.8,190.5,529.0,658.6,20003,0,1747311,1448843,0,0,0,0,0,0,0,0,0,0,0,0,54.0,0,0,268,387.6,0.0,34,43.2,0,256.0,,31035,0,414.2,861.6
544,full-cycle,30978,33,9433,0,0,0,1,1,850,774,222,861,3126908,113175.9,463559,51.3,51.3,658.0,1727287,1647.4,190.7,530.3,659.1,20030,0,1751933,1453287,9465,14296,4960,438009,11,2339,971,0,0,0,2247,0,52.0,3,15,252,448.9,5.6,33,45.2,0,64.0,starved,31123,0,415.3,863.9
545,young,10958,155,4,6157,0,8,1,1,275,3691,218,580,3135728,113530.5,195500,20.6,71.9,658.0,1727740,1649.0,190.7,530.5,660.4,20089,0,1752413,1453291,0,0,0,0,0,0,0,0,0,0,0,0,54.0,0,0,269,412.4,3.7,33,41.4,0,256.0,,31127,0,415.4,864.1
546,full-cycle,35124,26,4252,0,0,0,1,1,829,1979,210,839,3138099,113609.3,594806,60.1,60.1,658.0,1732909,1652.4,190.9,532.0,661.6,20120,0,1757676,1458181,4278,18510,9893,471007,16,3303,3751,0,0,0,2430,0,60.0,2,15,249,421.0,3.7,33,44.4,0,64.0,starved,31221,0,416.5,866.5
547,young,9953,36,8,4113,0,7,1,1,284,4736,225,673,3146293,113937.4,189510,20.4,80.5,658.0,1733597,1654.1,190.9,532.2,662.9,20169,0,1758355,1458410,0,0,0,0,0,0,0,0,0,0,0,0,62.0,0,0,265,381.6,1.9,33,41.5,0,256.0,,31224,0,416.7,866.9
548,full-cycle,27851,33,5591,0,0,0,1,0,872,3240,195,881,3147791,113998.1,568155,59.5,59.5,658.0,1739219,1657.1,191.1,533.7,663.4,20172,0,1764017,1463963,5624,13231,7285,479782,22,3115,22,0,0,0,1706,0,66.0,1,0,262,436.0,1.9,33,46.6,0,64.0,starved,31286,0,418.1,869.7
549,young,12657,28,7,7239,0,7,2,0,212,3257,231,1818,3157574,114382.1,177801,15.7,75.2,658.0,1741246,1659.3,192.0,534.4,663.8,20204,0,1766093,1465717,0,0,0,0,0,0,0,0,0,0,0,0,68.0,0,0,262,383.2,0.0,33,44.1,0,256.0,,31320,0,418.6,870.8
550,full-cycle,29625,33,5080,0,0,0,1,0,773,418,124,782,3158232,114406.8,492943,52.6,52.6,658.0,1744819,1661.2,192.1,535.4,664.1,20207,0,1769717,1469173,5112,15352,7459,483180,19,5892,341,0,0,0,1696,0,76.0,1,0,258,442.7,1.9,32,44.8,0,64.0,starved,31378,0,419.5,872.6
551,young,11767,29,6,3342,0,7,1,0,234,6166,230,1924,3167471,114791.3,205444,19.4,72.0,658.0,1747033,1664.1,192.2,536.1,665.8,20241,0,1772003,1469990,0,0,0,0,0,0,0,0,0,0,0,0,76.0,0,0,259,384.5,1.9,32,42.2,0,256.0,,31416,0,420.1,873.9
552,full-cycle,26182,25,5970,0,0,0,1,0,892,1130,213,901,3167772,114803.4,477414,51.8,51.8,658.0,1750313,1665.8,192.3,537.0,666.1,20243,0,1775310,1473141,5995,16147,2480,452393,18,396,30,0,0,0,1557,0,74.0,1,0,259,445.8,1.9,32,44.7,0,64.0,starved,31476,0,420.9,875.4
553,young,11333,28,6,5559,0,8,1,0,258,4222,213,1155,3176750,115203.0,222395,20.1,71.8,658.0,1751497,1666.6,192.3,537.4,666.2,20275,0,1776554,1474219,0,0,0,0,0,0,0,0,0,0,0,0,76.0,0,1,258,387.1,0.0,32,42.2,0,256.0,,31511,0,421.2,876.1
554,full-cycle,25822,34,4825,0,0,0,1,0,726,716,150,735,3177035,115214.8,482671,52.4,52.4,658.0,1755353,1668.5,192.5,538.5,666.4,20325,0,1780452,1478083,4859,12156,7058,465485,22,5268,313,0,0,0,1740,0,74.0,2,1,257,443.2,3.7,32,44.6,0,64.0,starved,31568,0,422.1,878.0
555,young,9510,22,6,3510,0,8,1,0,259,3796,229,1820,3185944,115567.8,173537,16.3,68.7,658.0,1757444,1669.8,192.6,539.0,666.7,20356,0,1782612,1479980,0,0,0,0,0,0,0,0,0,0,0,0,76.0,0,2,257,384.9,1.9,32,42.2,0,256.0,,31605,0,422.7,879.3
556,full-cycle,31756,30,5386,0,0,0,1,1,811,947,101,823,3186320,115583.2,475031,51.9,51.9,658.0,1760335,1671.5,192.7,539.9,667.1,20359,0,1785545,1482843,5416,15797,8484,445402,18,6279,413,0,0,0,2043,0,74.0,2,1,257,444.4,3.7,32,44.8,0,64.0,starved,31654,0,423.3,880.7
557,young,14860,24,6,8769,0,8,2,0,281,3792,220,1915,3195898,115943.8,237662,21.2,73.1,658.0,1762316,1674.0,192.7,540.5,668.5,20389,0,1787590,1483591,0,0,0,0,0,0,0,0,0,0,0,0,74.0,0,0,260,382.2,3.7,32,42.4,0,256.0,,31690,0,423.9,881.8
558,full-cycle,49858,27,8068,0,0,0,2,1,1047,8936,231,1059,3197396,115992.0,706403,70.3,70.3,658.0,1766805,1677.8,192.9,541.9,670.0,20431,0,1792131,1487210,8095,20168,16284,480944,25,5480,776,0,0,0,5233,0,42.0,13,24,236,371.5,22.2,35,47.7,0,70.3,starved,31778,0,425.0,884.0
559,young,7460,19,6,3895,0,9,1,0,242,2516,222,738,3204595,116312.2,161454,14.5,84.8,658.0,1767159,1678.9,193.0,542.0,671.0,20432,0,1792507,1487212,0,0,0,0,0,0,0,0,0,0,0,0,44.0,0,2,270,365.8,20.4,35,47.6,0,256.0,,31785,0,425.0,884.2
560,full-cycle,41914,32,7550,0,0,0,1,1,1157,1709,239,1168,3207173,116408.1,620972,63.9,63.9,658.0,1774593,1684.4,193.3,544.3,672.8,20502,0,1800017,1494041,7582,20150,10657,492263,19,2440,5314,0,0,0,3505,0,42.0,3,20,250,415.8,5.6,35,48.2,0,64.0,starved,31871,0,426.8,887.8
561,young,14430,67,6,6324,0,8,1,0,193,6694,220,1068,3211466,116515.7,246088,22.6,86.5,658.0,1775158,1685.8,193.3,544.5,674.0,20520,0,1800648,1494050,0,0,0,0,0,0,0,0,0,0,0,0,42.0,0,2,271,388.4,5.6,35,46.8,0,256.0,,31894,0,427.0,888.2
562,full-cycle,33045,41,3768,0,0,0,2,0,1054,2984,246,1064,3218948,116853.7,556406,60.9,60.9,658.0,1780593,1689.9,193.5,546.2,675.5,20583,0,1806203,1499047,3809,20858,4884,500024,20,758,52,0,0,0,3483,0,36.0,4,22,251,430.3,7.4,34,43.3,0,64.0,starved,32008,0,428.2,890.9
563,young,11282,39,8,5426,0,9,1,0,252,4659,231,774,3220553,116897.2,208572,19.4,80.3,658.0,1781014,1691.0,193.5,546.3,676.4,20590,0,1806639,1499047,0,0,0,0,0,0,0,0,0,0,0,0,36.0,0,0,277,404.8,7.4,34,42.8,0,256.0,,32017,0,428.3,891.1
564,full-cycle,40297,34,6819,0,0,0,1,1,1013,3632,238,1024,3229076,117274.2,619608,63.9,63.9,658.0,1786041,1734.0,230.6,548.9,678.8,20638,0,1811738,1503047,6852,22746,8764,537593,23,3646,414,0,0,0,1862,0,20.0,11,4,270,448.4,20.4,34,47.2,0,64.0,starved,32111,0,429.5,893.5
565,young,9662,34,7,2238,0,9,1,0,268,6088,232,911,3239386,117686.8,171632,17.3,81.2,658.0,1786878,1740.4,230.6,554.5,679.4,20681,0,1812625,1503665,0,0,0,0,0,0,0,0,0,0,0,0,20.0,0,0,285,396.1,20.4,34,43.8,0,256.0,,32138,0,429.7,894.0
566,full-cycle,32004,30,5269,0,0,0,1,0,869,2403,203,879,3240010,117708.4,585790,63.5,63.5,658.0,1791843,1809.1,296.7,555.9,679.9,20755,0,1817654,1508586,5298,18223,6544,528280,16,3217,23,0,0,0,1934,0,34.0,1,0,277,461.5,1.9,34,46.1,0,64.0,starved,32212,0,430.9,896.4
567,young,11390,23,6,3784,0,8,2,0,232,5524,232,1714,3250629,118137.1,192278,17.3,80.8,658.0,1793963,1811.3,296.8,556.5,681.2,20787,0,1819827,1509490,0,0,0,0,0,0,0,0,0,0,0,1,36.0,0,0,277,409.7,0.0,34,43.6,0,256.0,,32248,0,431.4,897.4
568,full-cycle,30986,155,4686,0,0,0,1,0,902,3087,210,912,3252117,118183.1,630111,65.3,65.3,658.0,1798205,1814.3,296.9,557.7,682.2,20837,0,1824193,1513376,4841,14339,8589,466753,20,364,4199,0,0,0,3212,0,48.0,1,24,246,416.9,1.9,34,45.1,0,65.3,starved,32362,0,432.5,899.6
569,young,10286,80,7,5680,0,8,1,1,256,3159,232,999,3254072,118237.9,201625,19.6,84.9,658.0,1798926,1815.8,297.0,557.9,683.3,20855,0,1824913,1513478,0,0,0,0,0,0,0,0,0,0,0,0,50.0,0,0,270,392.0,0.0,34,43.7,0,256.0,,32371,0,432.8,900.1
570,full-cycle,28165,26,5252,0,0,0,1,1,891,914,227,900,3262869,118586.7,501651,54.9,54.9,658.0,1803697,1820.1,297.1,559.4,685.3,20871,0,1829756,1517080,5278,16690,4643,444652,20,442,2360,0,0,0,1550,0,56.0,1,0,266,455.9,1.9,34,46.9,0,64.0,starved,32444,0,433.8,902.4
571,young,8728,20,6,2294,0,9,1,0,286,4615,220,1404,3272554,119012.2,200556,22.2,77.1,658.0,1804962,1820.8,297.2,559.8,685.4,20961,0,1831068,1518372,0,0,0,0,0,0,0,0,0,0,0,0,56.0,0,0,267,398.7,1.9,34,41.0,0,256.0,,32479,0,434.2,903.2
572,full-cycle,42076,27,11699,0,0,0,1,1,851,1383,206,861,3273182,119031.7,562683,60.3,60.3,658.0,1809333,1823.4,297.3,561.0,685.9,21017,0,1835524,1522670,11726,17499,9851,539983,35,7357,206,0,0,0,2933,0,42.0,8,19,246,419.4,14.7,35,46.6,0,64.0,starved,32592,0,435.2,905.3
573,young,9766,52,10,4898,0,8,1,0,228,3650,227,837,3277195,119122.5,179605,16.6,76.9,658.0,1809845,1824.4,297.4,561.2,686.7,21019,0,1836062,1522793,0,0,0,0,0,0,0,0,0,0,0,0,44.0,0,0,272,395.3,12.9,35,46.4,0,256.0,,32597,0,435.3,905.5
574,full-cycle,27816,29,4948,0,0,0,1,1,868,1282,236,878,3284635,119417.6,511679,52.5,52.5,658.0,1814244,1827.6,297.5,562.6,687.7,21021,0,1840499,1526960,4977,18514,2782,483835,17,418,182,0,0,0,1538,0,44.0,1,0,271,464.3,1.9,35,52.1,0,64.0,starved,32661,0,436.3,907.6
575,young,14960,35,6,6287,0,9,2,1,271,6227,222,2029,3295309,119845.3,199498,22.5,75.0,658.0,1816372,1830.1,297.6,563.2,689.2,21121,0,1842671,1528152,0,0,0,0,0,0,0,0,0,0,0,0,44.0,0,0,272,405.1,1.9,35,45.6,0,256.0,,32693,0,437.0,909.0
576,full-cycle,43986,25,7047,0,0,0,1,1,1015,1725,230,1025,3296746,119883.7,669322,67.3,67.3,658.0,1820642,1835.4,297.8,566.1,690.6,21158,0,1847047,1531888,7072,18422,14490,476439,17,3945,7772,0,0,0,3988,0,32.0,2,23,247,403.6,3.7,41,59.6,0,67.3,starved,32792,0,438.0,911.0
577,young,12129,61,9,7713,0,7,1,0,228,2926,226,1086,3301886,120050.9,195127,18.9,86.2,658.0,1821478,1837.0,297.8,566.4,691.8,21170,0,1847893,1531955,0,0,0,0,0,0,0,0,0,0,0,0,34.0,0,0,271,381.5,1.9,41,58.7,0,256.0,,32805,0,438.2,911.6
578,full-cycle,36628,25,5643,0,0,0,1,1,1030,2704,228,1041,3308006,120303.6,698140,70.7,70.7,658.0,1827806,1841.9,298.0,568.2,693.7,21208,0,1854339,1537157,5668,14698,12767,484369,18,1417,7582,0,0,0,3480,0,28.0,5,20,249,401.3,9.4,41,58.7,0,70.7,starved,32917,0,439.7,914.6
579,young,9731,64,5,5636,0,8,1,0,245,3053,233,649,3316900,120618.9,171546,15.8,86.5,658.0,1828312,1843.8,298.0,568.4,695.3,21213,0,1854857,1537200,0,0,0,0,0,0,0,0,0,0,0,1,30.0,0,1,272,383.3,7.5,41,58.3,0,256.0,,32928,0,439.9,914.9
580,full-cycle,36969,28,5007,0,0,0,2,1,1002,2285,240,1014,3319785,120738.9,612992,61.8,61.8,658.0,1835260,1848.2,298.2,570.3,696.7,21242,0,1861866,1543747,5034,20334,8848,478136,20,2483,3041,0,0,0,2739,0,30.0,2,16,256,426.5,3.7,40,58.3,0,64.0,starved,33011,0,441.5,918.3
581,young,10788,23,6,4122,0,10,1,1,260,5456,232,821,3328309,121118.7,196577,20.0,81.8,658.0,1835838,1849.7,298.3,570.5,697.9,21279,0,1862452,1543767,0,0,0,0,0,0,0,0,0,0,0,0,30.0,0,0,274,392.8,3.7,40,56.0,0,256.0,,33018,0,441.6,918.6
582,full-cycle,30438,30,4681,0,0,0,2,2,1229,2869,194,1244,3329572,121166.8,488935,51.9,51.9,658.0,1841240,1852.8,298.4,571.9,698.7,21293,0,1867896,1548892,4711,18023,5348,447570,21,1162,44,0,0,0,2335,0,36.0,1,0,271,469.1,1.9,39,58.5,0,64.0,starved,33072,0,442.8,921.2
583,young,14000,100,7,7286,0,18,2,1,334,4994,232,1176,3339505,121601.3,212698,19.6,71.5,658.0,1842064,1853.3,298.5,572.2,698.8,21321,0,1868780,1549610,0,0,0,0,0,0,0,0,0,0,0,0,38.0,0,0,271,410.0,0.0,39,56.3,0,256.0,,33106,0,443.1,921.7
584,full-cycle,43749,22,6615,0,0,0,2,1,1081,2495,233,1093,3340430,121629.2,610410,63.4,63.4,658.0,1847871,1856.8,298.7,574.0,699.5,21403,0,1874653,1555275,6637,23199,10711,553182,31,6806,279,0,0,0,3125,0,22.0,12,16,249,412.6,21.6,41,59.2,0,64.0,starved,33199,0,444.6,924.6
585,young,10983,42,7,4840,0,10,1,1,269,4937,225,771,3348568,121964.8,208469,18.8,82.3,658.0,1848377,1858.2,298.7,574.1,700.6,21411,0,1875174,1555328,0,0,0,0,0,0,0,0,0,0,0,0,22.0,0,0,277,387.7,21.6,41,58.6,0,256.0,,33203,0,444.7,924.9
586,full-cycle,34250,25,4425,0,0,0,1,1,1116,3735,223,1126,3351138,122046.1,658310,68.2,68.2,658.0,1854970,1863.0,298.9,576.1,702.4,21484,0,1881878,1561309,4450,21180,5570,553210,19,650,34,0,0,0,3038,0,16.0,3,18,259,429.7,5.6,41,58.3,0,68.2,starved,33312,0,446.2,928.0
587,young,11539,77,7,5799,0,8,1,0,246,4712,229,607,3356762,122225.0,202170,18.1,86.2,658.0,1855529,1864.8,298.9,576.3,704.0,21488,0,1882462,1561353,0,0,0,0,0,0,0,0,0,0,0,0,16.0,0,3,277,397.8,5.6,41,58.0,0,256.0,,33319,0,446.3,928.4
588,full-cycle,35661,28,4166,0,0,0,2,0,1064,2106,250,1074,3364553,122519.5,611035,62.7,62.7,658.0,1862864,1871.8,299.1,578.6,707.5,21577,0,1889905,1567545,4194,20323,7196,490261,16,948,3046,0,0,0,3932,0,12.0,3,29,251,423.5,5.6,40,54.2,0,64.0,starved,33435,0,448.1,932.0
589,young,10505,26,8,3737,0,11,1,0,277,5684,223,680,3371695,122865.7,186892,22.3,85.1,658.0,1863041,1872.4,299.2,578.6,707.9,21608,0,1890105,1567546,0,0,0,0,0,0,0,0,0,0,0,0,14.0,0,0,282,413.3,3.7,40,52.4,0,256.0,,33439,0,448.2,932.1
590,full-cycle,34280,31,6444,0,0,0,1,0,1104,1260,240,1114,3374061,122953.4,533102,57.4,57.4,658.0,1869051,1877.2,299.4,580.4,709.9,21651,0,1896224,1572918,6475,19159,6105,463268,18,966,2742,0,0,0,2530,0,22.0,2,17,260,452.3,3.7,39,53.5,0,64.0,starved,33567,0,449.6,935.0
591,young,10979,28,6,4008,0,10,1,1,263,5688,223,875,3383793,123346.3,167734,19.8,77.2,658.0,1869472,1878.6,299.4,580.5,711.0,21697,0,1896660,1572934,0,0,0,0,0,0,0,0,0,0,0,0,24.0,0,0,278,421.4,1.9,39,50.7,0,256.0,,33570,0,449.7,935.2
592,full-cycle,25026,23,1924,0,0,0,1,0,853,3617,230,862,3385850,123412.6,630034,65.4,65.4,658.0,1874786,1882.2,299.6,582.1,712.1,21709,0,1902044,1577958,1947,15970,5418,535738,18,882,33,0,0,0,1687,0,34.0,1,0,272,444.9,1.9,39,56.8,0,65.4,starved,33647,0,450.9,937.8
593,young,10513,26,7,2386,0,11,1,1,291,6338,226,1365,3395824,123839.4,199274,20.2,85.5,658.0,1875930,1883.0,299.6,582.5,712.3,21779,0,1903251,1578998,0,0,0,0,0,0,0,0,0,0,0,0,36.0,0,1,271,387.9,0.0,39,52.1,0,256.0,,33685,0,451.2,938.6
594,full-cycle,36635,30,5358,0,0,0,1,1,953,3002,234,964,3396492,123862.3,560569,57.9,57.9,658.0,1881751,1886.1,299.8,584.1,712.8,21809,0,1909129,1584690,5388,19490,9210,450606,19,3678,1542,0,0,0,2530,0,32.0,3,15,256,437.8,5.6,39,56.2,0,64.0,starved,33773,0,452.6,941.5
595,young,10179,34,7,3873,0,9,1,0,273,5041,230,856,3406168,124237.7,207048,18.7,76.6,658.0,1882227,1887.8,299.8,584.3,714.2,21811,0,1909633,1584727,0,0,0,0,0,0,0,0,0,0,0,0,32.0,0,0,274,399.9,5.6,39,56.0,0,256.0,,33778,0,452.7,941.7
596,full-cycle,29230,33,5431,0,0,0,1,1,907,2961,226,918,3407548,124294.0,511383,54.0,54.0,658.0,1887918,1891.3,300.0,586.0,715.1,21865,0,1915366,1590152,5464,17462,4699,451126,15,771,28,0,0,0,1592,0,36.0,1,0,271,464.2,1.9,39,58.5,0,64.0,starved,33841,0,454.1,944.5
597,young,9676,19,4,3198,0,8,1,0,226,4140,242,2047,3418859,124717.9,207983,18.5,72.6,658.0,1890107,1893.3,300.1,586.6,716.1,21897,0,1917628,1591688,0,0,0,0,0,0,0,0,0,0,0,0,36.0,0,2,270,401.8,1.9,39,56.0,0,256.0,,33879,0,454.7,945.9
598,full-cycle,35877,147,5990,0,0,0,1,0,758,1190,167,767,3419281,124733.0,516233,55.9,55.9,658.0,1893512,1895.1,300.2,587.6,716.4,21960,0,1921088,1594942,6138,19760,8359,487715,18,5903,476,0,0,0,1608,0,40.0,1,0,269,459.5,1.9,39,57.5,0,64.0,starved,33948,0,455.5,947.5
599,young,15168,22,6,6067,0,7,1,1,257,6888,240,1803,3428709,125087.3,218666,19.5,75.4,658.0,1895549,1897.6,300.3,588.3,717.8,21992,0,1923196,1595649,0,0,0,0,0,0,0,0,0,0,0,0,42.0,0,0,269,399.6,0.0,39,55.0,0,256.0,,33984,0,456.1,948.9
600,full-cycle,26535,24,3817,0,0,0,1,0,993,1305,230,1002,3429596,125117.2,506085,54.0,54.0,658.0,1899774,1900.4,300.4,589.5,718.6,21992,0,1927468,1599345,3841,17024,4013,456077,18,524,1158,0,0,0,1653,0,48.0,1,0,265,452.2,1.9,39,58.5,0,64.0,starved,34044,0,457.1,950.9
601,young,11356,27,6,3505,0,8,1,1,255,5310,227,2156,3438371,125527.5,210456,19.2,73.2,658.0,1901997,1901.7,300.5,590.1,719.0,22024,0,1929762,1601230,0,0,0,0,0,0,0,0,0,0,0,0,48.0,0,0,266,390.5,1.9,39,56.0,0,256.0,,34080,0,457.7,952.2
602,full-cycle,37905,24,5806,0,0,0,1,0,1049,2045,232,1059,3439845,125573.8,632864,64.8,64.8,658.0,1906513,1905.1,300.7,591.5,720.2,22099,0,1934374,1605279,5831,19392,9516,501378,21,1571,4814,0,0,0,3152,0,44.0,2,20,246,406.6,3.7,39,56.2,0,64.8,starved,34165,0,458.7,954.3
603,young,12507,41,8,5267,0,13,1,1,238,6016,225,838,3445504,125731.7,177661,15.7,80.5,658.0,1907190,1906.9,300.7,591.7,721.6,22104,0,1935067,1605390,0,0,0,0,0,0,0,0,0,0,0,0,46.0,0,0,267,384.7,1.9,39,55.8,0,256.0,,34175,0,458.9,954.7
604,full-cycle,31317,22,4238,0,0,0,1,0,1155,3448,240,1165,3453147,125984.3,535861,56.5,56.5,658.0,1913205,1912.3,300.9,593.5,724.2,22135,0,1941144,1610651,4260,17570,6963,452223,22,2267,55,0,0,0,2496,0,38.0,8,15,249,428.2,14.6,38,54.1,0,64.0,starved,34261,0,460.5,957.9
605,young,11222,48,6,7251,0,9,1,1,264,2679,202,896,3459347,126195.9,215245,21.6,78.1,658.0,1913637,1914.1,300.9,593.7,725.6,22176,0,1941601,1610651,0,0,0,0,0,0,0,0,0,0,0,0,38.0,0,0,272,392.9,14.6,38,51.7,0,256.0,,34269,0,460.6,958.1
606,full-cycle,51175,24,9204,0,0,0,1,1,1004,4145,247,1014,3468202,126431.9,715937,70.1,70.1,658.0,1920207,1922.5,303.5,595.9,728.5,22212,0,1948236,1616247,9227,24684,13599,571884,39,5482,2909,0,0,0,3574,0,22.0,9,23,249,401.3,16.2,37,52.3,0,70.1,starved,34358,0,462.1,961.2
607,young,10361,51,7,2637,0,9,1,0,284,6152,223,1143,3476145,126775.2,199163,20.2,90.3,658.0,1920581,1923.7,303.5,596.0,729.5,22250,0,1948635,1616251,0,0,0,0,0,0,0,0,0,0,0,0,22.0,0,0,281,378.5,16.2,37,50.0,0,256.0,,34363,0,462.2,961.4
608,full-cycle,47365,33,7787,0,0,0,1,1,1134,4374,273,1145,3478914,126870.3,713222,70.7,70.7,658.0,1928103,1929.5,303.8,598.3,731.7,22293,0,1956030,1623078,7820,24685,10623,576247,22,3681,1394,0,0,0,4146,0,0.0,6,25,261,424.2,10.9,37,51.5,0,70.7,starved,34455,0,464.0,965.1
609,young,13794,23,7,4691,0,8,1,0,258,7715,244,983,3487782,127254.4,244457,21.3,92.0,658.0,1928514,1930.8,303.8,598.4,732.7,22296,0,1956462,1623126,0,0,0,0,0,0,0,0,0,0,0,1,2.0,0,2,289,394.4,9.0,37,51.3,0,256.0,,34459,0,464.1,965.3
610,full-cycle,20686,29,6078,0,0,0,1,0,750,355,179,760,3488883,127300.7,424893,47.9,47.9,658.0,1933935,1933.5,304.0,599.8,733.2,22316,0,1961908,1628439,6108,11751,1384,422067,18,222,25,0,0,0,1440,0,22.0,1,0,280,497.7,1.9,37,54.6,0,64.0,starved,34520,0,465.3,967.8
611,young,9073,35,9,3940,0,10,1,0,249,3850,223,885,3497748,127768.2,190324,18.9,66.8,658.0,1934673,1934.0,304.0,600.0,733.3,22367,0,1962729,1629134,0,0,0,0,0,0,0,0,0,0,0,0,24.0,0,0,280,444.6,0.0,37,50.8,0,256.0,,34566,0,465.5,968.3
612,full-cycle,30213,33,6409,0,0,0,1,0,773,834,220,783,3498158,127783.4,501067,55.6,55.6,658.0,1939330,1936.3,304.2,601.3,733.6,22445,0,1967456,1633801,6441,19289,2932,495750,19,1252,40,0,0,0,1546,0,32.0,1,0,275,473.7,1.9,37,52.4,0,64.0,starved,34649,0,466.7,970.6
613,young,10983,70,7,5122,0,8,1,0,276,3727,231,1702,3507574,128134.7,204824,20.1,75.8,658.0,1941242,1938.0,304.3,601.9,734.3,22490,0,1969443,1635332,0,0,0,0,0,0,0,0,0,0,0,0,32.0,0,0,276,410.8,1.9,37,48.9,0,256.0,,34698,0,467.3,971.8
614,full-cycle,25028,23,1409,0,0,0,1,0,894,1358,208,903,3509115,128191.6,553608,60.5,60.5,658.0,1944766,1940.4,304.4,603.2,734.7,22556,0,1973037,1638788,1432,19183,2738,542094,18,396,58,0,0,0,1670,0,40.0,0,1,272,458.9,0.0,36,50.5,0,64.0,starved,34782,0,468.1,973.5
615,young,11983,27,7,6848,0,7,1,0,199,3326,217,1481,3518316,128595.8,244186,21.1,81.6,658.0,1946039,1941.2,304.4,603.6,734.9,22588,0,1974369,1639947,0,0,0,0,0,0,0,0,0,0,0,0,40.0,0,0,273,402.9,0.0,36,48.0,0,256.0,,34815,0,468.5,974.3
616,full-cycle,34285,20,4685,0,0,0,1,1,821,1794,191,832,3518555,128606.9,565695,59.3,59.3,658.0,1950535,1943.4,304.6,604.8,735.1,22589,0,1978909,1644466,4706,20030,7748,527412,20,4862,235,0,0,0,1787,0,50.0,2,1,265,444.0,3.7,36,52.2,0,64.0,starved,34870,0,469.5,976.4
617,young,10188,52,6,3893,0,8,1,1,243,4043,239,1844,3528068,128981.9,178870,16.7,75.9,658.0,1952707,1945.9,304.7,605.4,736.6,22620,0,1981135,1644989,0,0,0,0,0,0,0,0,0,0,0,0,50.0,0,0,268,392.6,3.7,36,49.8,0,256.0,,34903,0,470.1,977.8
618,full-cycle,28825,154,7367,0,0,0,1,0,836,2196,216,846,3528726,129007.5,490976,52.6,52.6,658.0,1956600,1948.0,304.8,606.5,736.9,22620,0,1985067,1648706,7521,15685,3950,447847,19,847,37,0,0,0,1664,0,52.0,1,0,266,458.0,1.9,36,52.4,0,64.0,starved,34966,0,470.9,979.6
619,young,14804,97,8,7663,0,12,1,1,292,4552,229,2079,3538536,129357.5,214310,20.9,73.5,658.0,1958710,1951.0,304.9,607.3,738.7,22668,0,1987247,1649334,0,0,0,0,0,0,0,0,0,0,0,0,52.0,0,0,267,398.2,1.9,36,48.9,0,256.0,,35009,0,471.6,980.9
620,full-cycle,38498,155,2916,0,0,0,1,1,1070,2427,245,1080,3541454,129451.8,679875,70.7,70.7,658.0,1963053,1954.5,305.0,608.6,740.0,22776,0,1991679,1653145,3070,24078,7793,596333,14,2495,1772,0,0,0,3540,0,44.0,4,21,246,398.9,7.5,36,47.7,0,70.7,starved,35115,0,472.6,982.9
621,young,13958,69,7,6639,0,10,1,0,253,6094,224,786,3546325,129575.0,215956,20.2,90.8,658.0,1963641,1956.1,305.1,608.8,741.3,22794,0,1992307,1653177,0,0,0,0,0,0,0,0,0,0,0,0,44.0,0,0,271,373.7,7.5,36,46.3,0,256.0,,35133,0,472.8,983.3
622,full-cycle,32702,34,5011,0,0,0,2,1,756,766,177,767,3554100,129841.7,508063,56.1,56.1,658.0,1967813,1960.0,305.2,610.0,743.3,22794,0,1996556,1656686,5045,17252,8576,485741,19,6501,518,0,0,0,1824,0,46.0,1,0,269,460.9,1.9,36,50.6,0,64.0,starved,35206,0,473.8,985.4
623,young,14604,19,5,9082,0,8,1,0,310,3129,221,2003,3564933,130269.4,223114,20.8,76.9,658.0,1969814,1961.8,305.3,610.6,744.1,22826,0,1998622,1658160,0,0,0,0,0,0,0,0,0,0,0,0,48.0,0,1,268,400.5,0.0,36,48.1,0,256.0,,35242,0,474.4,986.8
624,full-cycle,30935,23,5047,0,0,0,1,1,740,952,199,751,3565342,130283.7,475650,53.6,53.6,658.0,1973058,1963.7,305.4,611.7,744.3,22850,0,2001945,1661375,5070,15782,7836,451233,19,5683,426,0,0,0,2237,0,50.0,1,8,259,457.7,1.9,36,49.9,0,64.0,starved,35327,0,475.2,988.3
625,young,11202,22,7,1383,0,11,1,0,261,7833,225,1634,3575347,130639.7,203444,19.3,72.9,658.0,1974374,1965.7,305.5,612.1,745.6,22883,0,2003349,1662016,0,0,0,0,0,0,0,0,0,0,0,0,50.0,0,0,268,407.0,1.9,36,47.3,0,256.0,,35371,0,475.5,989.1
626,full-cycle,40210,31,7616,0,0,0,1,1,906,1607,218,917,3576666,130685.0,575265,61.2,61.2,658.0,1978717,1969.2,305.6,613.6,746.8,22941,0,2007771,1665792,7648,21369,8904,535016,20,4587,1767,0,0,0,2272,0,56.0,2,14,249,423.8,3.7,36,48.1,0,64.0,starved,35454,0,476.5,991.3
627,young,14045,21,7,5396,0,9,1,1,213,7289,215,1021,3583911,131012.5,227443,22.0,83.2,658.0,1979281,1970.9,305.7,613.8,748.1,22964,0,2008363,1665817,0,0,0,0,0,0,0,0,0,0,0,1,58.0,0,0,264,383.5,1.9,36,46.6,0,256.0,,35466,0,476.7,991.6
628,full-cycle,31043,28,4718,0,0,0,1,0,887,2064,212,896,3585222,131063.3,607305,63.6,63.6,658.0,1984758,1974.2,305.8,615.3,749.1,22973,0,2013882,1671059,4746,20776,3574,559289,18,567,24,0,0,0,1941,0,60.0,1,0,262,428.6,1.9,36,51.5,0,64.0,starved,35545,0,478.0,994.2
629,young,15936,101,6,9700,0,8,1,0,232,3751,234,2044,3594569,131333.5,231183,21.6,85.2,658.0,1986914,1976.7,305.9,615.9,750.4,23015,0,2016104,1672002,0,0,0,0,0,0,0,0,0,0,0,0,62.0,0,0,262,368.3,0.0,36,48.2,0,256.0,,35593,0,478.7,995.6
630,full-cycle,32897,34,4863,0,0,0,1,0,970,1781,230,982,3598166,131486.4,598315,63.5,63.5,658.0,1992020,1980.0,306.1,617.5,751.4,23090,0,2021336,1676734,4897,19432,5810,518992,21,858,2161,0,0,0,2749,0,52.0,2,20,241,403.9,3.7,40,54.4,0,64.0,starved,35711,0,480.0,998.3
631,young,9626,30,6,4263,0,9,1,1,228,4002,228,997,3605843,131833.9,197001,20.6,84.1,658.0,1992454,1981.2,306.1,617.6,752.3,23113,0,2021789,1676774,0,0,0,0,0,0,0,0,0,0,0,0,52.0,0,0,263,375.6,3.7,40,53.0,0,256.0,,35717,0,480.2,998.5
632,full-cycle,28024,32,6923,0,0,0,1,0,730,324,165,739,3607120,131883.6,467235,52.3,52.3,658.0,1997401,1984.0,306.3,618.9,753.0,23115,0,2026771,1681506,6955,13468,6070,455933,19,4504,478,0,0,0,1525,0,50.0,1,0,263,455.8,1.9,40,59.4,0,64.0,starved,35780,0,481.2,1000.7
633,young,9800,22,6,2392,0,8,1,0,250,5446,235,1605,3616648,132284.2,167049,15.8,68.1,658.0,1999431,1986.3,306.3,619.6,754.3,23147,0,2028847,1682286,0,0,0,0,0,0,0,0,0,0,0,0,52.0,0,0,263,398.7,0.0,40,56.9,0,256.0,,35815,0,481.9,1002.2
634,full-cycle,44301,24,7306,0,0,0,2,1,1168,4121,234,1179,3618518,132339.5,730681,73.0,73.0,658.0,2004146,1990.0,306.5,621.1,755.7,23195,0,2033680,1686434,7330,17266,16119,428746,19,1435,9360,0,0,0,3567,0,44.0,6,22,241,380.7,11.2,38,53.0,0,73.0,starved,35931,0,482.9,1004.3
635,young,9738,86,6,5260,0,7,1,0,233,3134,237,934,3622743,132467.7,210285,20.0,93.1,658.0,2005023,1992.0,306.8,621.3,757.1,23210,0,2034587,1686560,0,0,0,0,0,0,0,0,0,0,0,0,44.0,0,2,267,353.7,11.2,38,51.9,0,256.0,,35940,0,483.2,1004.7
636,full-cycle,38813,157,4134,0,0,0,1,1,1192,3290,252,1204,3632387,132781.6,601233,63.2,63.2,658.0,2012911,1999.2,307.0,623.7,760.5,23247,0,2042338,1693320,4291,19953,8320,479398,18,697,3104,0,0,0,6226,0,2.0,8,34,248,415.2,15.0,38,53.1,0,64.0,starved,36041,0,485.1,1008.7
637,young,16719,244,9,6996,0,13,1,1,314,7121,239,1934,3637492,132974.0,207547,19.0,82.2,658.0,2013075,1999.6,307.0,623.7,760.9,23252,0,2042505,1693368,0,0,0,0,0,0,0,0,0,0,0,0,2.0,0,0,290,415.3,15.0,38,52.8,0,256.0,,36046,0,485.1,1008.8
638,full-cycle,31880,24,1435,0,0,0,1,1,1033,4063,223,1045,3644291,133220.6,598501,63.3,63.3,658.0,2018949,2003.7,307.2,625.5,762.3,23304,0,2048459,1698693,1458,20917,6228,535057,22,983,108,0,0,0,3259,0,18.0,4,16,262,447.4,7.5,38,53.1,0,64.0,starved,36135,0,486.5,1011.7
639,young,14635,58,8,9721,0,11,1,0,328,3178,228,1224,3651303,133413.4,235261,20.8,84.0,658.0,2019708,2006.5,307.2,625.7,764.7,23314,0,2049247,1698724,0,0,0,0,0,0,0,0,0,0,0,0,20.0,0,4,277,406.4,5.6,38,52.3,0,256.0,,36148,0,486.7,1012.2
640,full-cycle,39572,33,5336,0,0,0,1,0,1027,2683,226,1038,3657753,133680.7,593242,60.7,60.7,658.0,2025102,2011.0,307.4,627.4,766.5,23349,0,2054715,1703517,5368,23382,7194,563395,17,3199,251,0,0,0,3604,0,32.0,5,20,251,425.0,9.2,37,52.1,0,64.0,starved,36236,0,488.0,1014.8
641,young,10058,187,8,2840,0,10,2,0,278,5799,224,850,3664897,133915.3,173561,17.9,78.5,658.0,2025504,2012.3,307.4,627.5,767.6,23384,0,2055132,1703539,0,0,0,0,0,0,0,0,0,0,0,0,32.0,0,0,276,397.3,9.2,37,50.0,0,256.0,,36243,0,488.0,1015.0
642,full-cycle,41284,34,7497,0,0,0,1,1,1009,2017,248,1019,3670638,134117.4,638689,66.0,66.0,658.0,2031663,2016.9,307.6,629.5,769.3,23444,0,2061382,1709307,7531,21759,8700,525841,17,1193,4449,0,0,0,3278,0,26.0,4,21,254,425.0,7.5,37,50.6,0,66.0,starved,36354,0,489.6,1018.2
643,young,9352,295,7,5087,0,8,1,1,241,2964,231,646,3676394,134304.1,164291,16.0,82.0,658.0,2032113,2021.0,307.6,632.2,770.6,23452,0,2061859,1709315,0,0,0,0,0,0,0,0,0,0,0,0,28.0,0,0,278,403.7,5.6,37,50.0,0,256.0,,36360,0,489.7,1018.4
644,full-cycle,32225,38,4957,0,0,0,1,1,814,307,142,825,3684203,134542.0,487554,54.4,54.4,658.0,2035959,2059.2,341.6,634.5,772.0,23470,0,2065768,1712864,4995,17311,7754,476015,20,6109,487,0,0,0,2157,0,44.0,1,0,269,464.5,1.9,37,52.9,0,64.0,starved,36436,0,490.5,1020.2
645,young,12402,63,4,1963,0,8,1,1,248,7813,231,2264,3694939,134952.6,206322,19.0,73.4,658.0,2037848,2061.1,341.6,635.1,772.9,23514,0,2067744,1714027,0,0,0,0,0,0,0,0,0,0,0,0,44.0,0,5,265,406.3,1.9,37,49.5,0,256.0,,36487,0,491.1,1021.4
646,full-cycle,38966,30,4340,0,0,0,3,2,1627,7804,217,1645,3695797,134981.0,616002,65.2,65.2,658.0,2041449,2063.6,341.7,636.2,773.7,23539,0,2071438,1717289,4370,19717,11181,457858,26,1523,173,0,0,0,3676,1,34.0,6,15,254,428.7,11.2,37,51.4,0,65.2,starved,36576,0,492.0,1023.2
647,young,21323,49,6,12996,0,15,1,0,271,5726,223,2178,3706890,135312.3,278206,23.7,88.8,658.0,2042889,2065.9,341.8,636.7,775.3,23560,0,2072886,1717439,0,0,0,0,0,0,0,0,0,0,0,0,36.0,0,0,274,381.4,9.4,37,49.8,0,256.0,,36582,0,492.3,1023.9
648,full-cycle,32185,25,4141,0,0,0,1,1,773,826,186,784,3708290,135366.1,478576,52.3,52.3,658.0,2047326,2068.5,341.9,637.9,775.9,23569,0,2077353,1721620,4166,17829,8588,466025,22,6476,474,0,0,0,1588,0,40.0,2,1,269,468.2,3.7,37,54.1,0,64.0,starved,36639,0,493.4,1026.0
649,young,13303,26,7,3118,0,9,2,0,286,7761,231,1999,3718140,135760.5,213319,19.2,71.5,658.0,2049403,2071.2,342.1,638.5,777.5,23600,0,2079487,1722157,0,0,0,0,0,0,0,0,0,0,0,0,40.0,0,1,271,405.5,3.7,37,51.7,0,256.0,,36672,0,493.9,1027.3
650,full-cycle,32512,31,5807,0,0,0,2,1,923,1095,212,934,3719179,135795.2,513050,55.0,55.0,658.0,2053045,2073.9,342.2,639.7,778.4,23650,0,2083221,1725348,5838,18323,6072,450920,22,1845,2170,0,0,0,2267,0,40.0,2,16,254,443.9,3.7,37,50.7,0,64.0,starved,36780,0,494.8,1029.1
651,young,9536,48,7,1954,0,11,2,1,290,6305,209,832,3728016,136139.7,198679,21.9,76.9,658.0,2053447,2075.3,342.2,639.8,779.5,23693,0,2083645,1725456,0,0,0,0,0,0,0,0,0,0,0,0,40.0,0,0,272,411.0,3.7,37,48.1,0,256.0,,36790,0,494.9,1029.4
652,full-cycle,38159,28,9029,0,0,0,2,1,744,858,204,754,3730061,136203.6,482543,53.7,53.7,658.0,2058274,2078.1,342.4,641.2,780.2,23695,0,2088536,1730155,9057,17794,9786,464265,19,7370,779,0,0,0,1506,0,40.0,2,0,270,466.6,3.7,37,53.5,0,64.0,starved,36869,0,496.1,1031.7
653,young,8795,25,8,1362,0,9,2,1,258,5384,237,1670,3741026,136600.2,144824,15.5,69.2,658.0,2060195,2080.4,342.5,641.7,781.5,23740,0,2090530,1730872,0,0,0,0,0,0,0,0,0,0,0,0,42.0,0,3,268,410.8,1.9,37,50.0,0,256.0,,36919,0,496.7,1033.3
654,full-cycle,38965,30,5027,0,0,0,2,1,1076,2520,234,1088,3742871,136647.2,605616,64.1,64.1,658.0,2064333,2084.1,342.6,643.0,783.1,23771,0,2094763,1734302,5057,17612,12952,452283,18,3020,6300,0,0,0,3326,1,44.0,3,17,250,413.5,5.6,37,51.2,0,64.1,starved,37023,0,497.7,1035.3
655,young,15477,66,7,9656,0,8,1,0,232,3942,222,1485,3746766,136773.2,264655,22.8,86.9,658.0,2065064,2085.5,342.6,643.2,784.2,23780,0,2095513,1734513,0,0,0,0,0,0,0,0,0,0,0,0,44.0,0,1,269,378.7,5.6,37,50.5,0,256.0,,37033,0,497.9,1035.7
656,full-cycle,38684,24,9572,0,0,0,1,0,936,2196,240,946,3754359,137027.8,609415,61.4,61.4,658.0,2070443,2090.7,342.8,644.8,786.9,23780,0,2100928,1738541,9595,19463,7791,502152,15,1828,2802,0,0,0,1825,0,46.0,1,0,268,440.9,1.9,37,54.6,0,64.0,starved,37090,0,499.1,1038.2
657,young,13253,25,9,4564,0,10,1,0,282,6765,230,1542,3765425,137455.4,204420,19.6,81.0,658.0,2071926,2091.6,342.9,645.3,787.0,23816,0,2102499,1739941,0,0,0,0,0,0,0,0,0,0,0,0,46.0,0,1,268,381.4,1.9,37,51.8,0,256.0,,37136,0,499.6,1039.1
658,full-cycle,29077,30,7151,0,0,0,1,1,813,894,225,823,3765701,137465.5,489390,54.0,54.0,658.0,2076259,2093.8,343.0,646.6,787.2,23887,0,2106920,1744269,7181,14594,5696,463836,20,2843,1108,0,0,0,1600,0,50.0,1,12,254,453.6,1.9,37,53.4,0,64.0,starved,37238,0,500.6,1041.2
659,young,12568,22,7,3787,0,10,1,1,267,6691,219,1683,3776445,137856.1,194526,22.6,76.6,658.0,2078038,2096.5,343.1,647.1,789.0,23990,0,2108746,1744600,0,0,0,0,0,0,0,0,0,0,0,0,52.0,0,0,266,402.2,0.0,37,46.5,0,256.0,,37270,0,501.1,1042.4
660,full-cycle,35336,24,6920,0,0,0,1,0,1089,2490,247,1100,3778237,137912.6,575313,61.7,61.7,658.0,2082950,2100.6,343.2,648.7,790.5,24061,0,2113783,1748730,6944,20413,5131,516916,18,1474,41,0,0,0,2836,0,52.0,2,19,245,412.1,3.7,37,48.6,0,64.0,starved,37398,0,502.3,1044.8
661,young,9130,24,8,3202,0,10,1,1,270,4950,232,572,3786490,138258.3,158589,18.0,79.8,658.0,2083301,2101.8,343.2,648.8,791.6,24094,0,2114146,1748737,0,0,0,0,0,0,0,0,0,0,0,0,54.0,0,0,265,385.6,1.9,37,46.6,0,256.0,,37404,0,502.4,1044.9
662,full-cycle,34870,26,5583,0,0,0,1,0,950,2734,235,961,3788490,138329.4,562736,60.2,60.2,658.0,2089327,2105.9,343.8,650.8,792.4,24106,0,2120237,1754572,5609,19364,8196,467515,19,2789,1688,0,0,0,1692,0,56.0,1,0,263,437.8,1.9,37,53.0,0,64.0,starved,37475,0,503.9,1048.1
663,young,10773,44,6,2986,0,9,1,0,262,6387,223,986,3798559,138759.7,180554,19.2,79.4,658.0,2090449,2106.7,343.9,651.2,792.6,24186,0,2121410,1755580,0,0,0,0,0,0,0,0,0,0,0,0,58.0,0,2,261,381.0,0.0,37,47.7,0,256.0,,37508,0,504.3,1048.9
664,full-cycle,33192,33,6040,0,0,0,1,0,1150,2407,254,1162,3799268,138782.7,569057,59.6,59.6,658.0,2096948,2112.9,345.1,654.4,793.2,24221,0,2127906,1761855,6073,20306,4058,507579,20,424,39,0,0,0,2746,0,12.0,15,18,253,435.3,25.9,37,52.0,0,64.0,starved,37603,0,505.8,1052.1
665,young,11191,29,6,3283,0,12,1,0,274,6249,232,1238,3808448,139179.4,201574,18.5,78.1,658.0,2097768,2114.6,345.2,654.7,794.6,24229,0,2128735,1761888,0,0,0,0,0,0,0,0,0,0,0,0,12.0,0,0,286,397.3,25.9,37,51.5,0,256.0,,37609,0,506.0,1052.5
666,full-cycle,37653,33,6452,0,0,0,1,0,1018,5081,242,1032,3810706,139245.0,648087,64.5,64.5,658.0,2103836,2119.0,345.4,656.4,796.1,24295,0,2134884,1767497,6486,19413,7946,529053,15,1568,247,0,0,0,3797,0,0.0,7,17,267,440.1,13.0,38,54.2,0,64.5,starved,37700,0,507.4,1055.5
667,young,9552,301,5,1216,0,13,1,1,271,6790,226,873,3819443,139633.9,165292,18.0,82.5,658.0,2104390,2120.3,345.4,656.6,797.1,24341,0,2135463,1767594,0,0,0,0,0,0,0,0,0,0,0,0,2.0,0,0,290,409.5,11.1,38,51.5,0,256.0,,37706,0,507.5,1055.7
668,full-cycle,40633,31,3857,0,0,0,1,1,1105,2993,245,1115,3821970,139716.4,648068,65.8,65.8,658.0,2111476,2126.5,345.7,658.9,799.6,24384,0,2142668,1773935,3887,19653,11134,486502,20,1786,5213,0,0,0,5941,0,0.0,3,35,253,422.4,5.6,38,53.2,0,65.8,starved,37816,0,509.2,1059.2
669,young,9416,80,10,4152,0,10,2,1,244,4112,240,692,3822410,139730.8,178230,17.0,82.8,658.0,2111659,2127.0,345.7,659.0,800.0,24390,0,2142852,1773935,0,0,0,0,0,0,0,0,0,0,0,0,0.0,0,0,291,427.7,5.6,38,52.8,0,256.0,,37819,0,509.3,1059.3
670,full-cycle,44993,23,3164,0,0,0,2,1,1220,5522,249,1231,3837790,140170.6,616472,64.0,64.0,658.0,2119039,2145.5,356.6,662.1,803.5,24464,0,2150348,1779768,3188,21157,16485,434708,34,7793,1896,0,0,0,4040,0,0.0,3,25,263,444.4,5.6,38,52.1,0,64.0,starved,37944,0,511.1,1062.9
671,young,12328,25,6,5396,0,8,2,0,262,5696,223,863,3845849,140539.4,225007,23.5,87.5,658.0,2119558,2146.4,356.6,662.2,804.3,24508,0,2150897,1779838,0,0,0,0,0,0,0,0,0,0,0,0,0.0,0,0,291,422.7,5.6,38,49.4,0,256.0,,37952,0,511.2,1063.2
672,full-cycle,31826,29,1812,0,0,0,1,1,1041,5420,220,1054,3847921,140611.2,602433,63.5,63.5,658.0,2126078,2152.3,356.8,665.9,805.5,24545,0,2157506,1786067,1840,19548,7572,475885,25,1019,47,0,0,0,2844,0,8.0,3,16,268,456.5,5.6,38,53.0,0,64.0,starved,38045,0,512.7,1066.3
673,young,13296,86,9,8136,0,11,2,0,291,3667,227,994,3854593,140831.2,191278,17.9,81.3,658.0,2126754,2155.7,356.8,666.2,807.0,24558,0,2158220,1786180,0,0,0,0,0,0,0,0,0,0,0,0,8.0,0,2,285,426.2,5.6,38,52.0,0,256.0,,38065,0,512.9,1066.8
674,full-cycle,32074,25,5881,0,0,0,2,0,792,845,162,802,3859595,141033.3,473146,52.9,52.9,658.0,2130476,2159.8,356.9,667.5,809.0,24572,0,2162006,1789341,5906,15994,8486,435260,22,5877,936,0,0,0,1679,0,26.0,1,0,277,483.0,1.9,38,55.6,0,64.0,starved,38134,0,513.7,1068.5
675,young,14307,27,8,7003,0,8,2,0,282,4737,224,2153,3869160,141449.6,222865,20.1,73.0,658.0,2132554,2161.5,357.0,668.1,809.7,24604,0,2164157,1790879,0,0,0,0,0,0,0,0,0,0,0,0,28.0,0,0,277,423.4,0.0,38,53.1,0,256.0,,38171,0,514.3,1069.9
676,full-cycle,30176,34,4456,0,0,0,1,0,820,714,167,831,3869625,141465.6,554725,58.8,58.8,658.0,2135868,2163.7,357.1,669.3,810.1,24618,0,2167515,1794008,4490,12472,11379,518482,18,8959,850,0,0,0,1822,0,28.0,2,1,274,464.8,3.7,38,55.5,0,64.0,starved,38245,0,515.0,1071.4
677,young,9146,26,8,1883,0,9,1,0,278,4862,242,1988,3879508,141834.2,157975,16.8,75.6,658.0,2137818,2166.0,357.2,669.8,811.5,24666,0,2169558,1794623,0,0,0,0,0,0,0,0,0,0,0,1,28.0,0,0,277,412.9,3.7,38,51.8,0,256.0,,38295,0,515.6,1072.7
678,full-cycle,30812,28,9402,0,0,0,1,0,828,776,229,838,3884239,141872.0,491875,54.1,54.1,658.0,2142045,2168.6,357.3,671.1,812.1,24697,0,2173890,1798685,9430,17044,2077,486878,20,407,33,0,0,0,2256,0,32.0,1,14,260,460.4,1.9,38,53.0,0,64.0,starved,38398,0,516.6,1074.7
679,young,10338,25,6,3184,0,8,1,0,294,5852,233,886,3893709,142244.9,192211,19.7,73.8,658.0,2142603,2170.4,357.4,671.3,813.6,24730,0,2174462,1798703,0,0,0,0,0,0,0,0,0,0,0,0,34.0,0,3,271,420.5,0.0,38,51.1,0,256.0,,38403,0,516.7,1074.9
680,full-cycle,31923,22,4223,0,0,0,2,0,757,1078,192,768,3894946,142296.8,529222,56.1,56.1,658.0,2147309,2172.8,357.5,672.6,813.9,24757,0,2179211,1803383,4245,17930,8060,499579,22,5841,347,0,0,0,1670,0,30.0,3,1,271,461.9,5.6,39,58.3,0,64.0,starved,38459,0,517.7,1077.1
681,young,14070,29,7,6648,0,8,1,0,267,4971,228,2050,3904671,142685.6,166212,15.8,71.9,658.0,2149534,2175.5,357.6,673.2,815.6,24788,0,2181492,1803955,0,0,0,0,0,0,0,0,0,0,0,0,32.0,0,0,274,409.4,3.7,39,55.9,0,256.0,,38496,0,518.4,1078.7
682,full-cycle,45035,26,6463,0,0,0,1,1,1007,2465,234,1018,3906094,142729.1,708646,70.7,70.7,658.0,2153949,2178.8,357.8,674.6,816.6,24830,0,2185974,1808089,6489,20133,14640,510183,18,3336,7799,0,0,0,3759,0,18.0,8,18,255,405.4,14.7,39,55.5,0,70.7,starved,38586,0,519.4,1080.9
683,young,13133,49,8,8928,0,8,1,1,268,2708,228,1115,3911513,142900.5,258412,22.8,93.4,658.0,2154436,2180.5,357.8,674.8,818.0,24832,0,2186486,1808105,0,0,0,0,0,0,0,0,0,0,0,0,18.0,0,0,281,373.3,14.7,39,55.3,0,256.0,,38594,0,519.6,1081.2
684,full-cycle,32905,32,5684,0,0,0,2,0,742,597,179,754,3916406,143111.4,479931,53.5,53.5,658.0,2158945,2183.1,358.0,676.2,818.5,24847,0,2191037,1812503,5715,16540,8775,464462,22,6592,805,0,0,0,1865,0,20.0,1,0,279,486.6,1.9,39,56.9,0,64.0,starved,38663,0,520.5,1083.2
685,young,11483,84,4,5294,0,9,1,0,261,4822,233,932,3924597,143540.1,205130,19.9,73.4,658.0,2159650,2183.5,358.0,676.4,818.6,24892,0,2191830,1813265,0,0,0,0,0,0,0,0,0,0,0,0,22.0,0,1,278,433.8,0.0,39,53.4,0,256.0,,38713,0,520.8,1083.8
686,full-cycle,36049,24,3610,0,0,0,2,1,1120,2225,242,1131,3926141,143578.4,651233,67.3,67.3,658.0,2165093,2187.9,358.2,678.0,819.8,24917,0,2197388,1818501,3634,20062,8594,527492,20,427,4785,0,0,0,3744,1,24.0,2,19,258,424.1,3.7,38,53.0,0,67.3,starved,38820,0,521.9,1086.2
687,young,11837,81,9,7164,0,73,1,1,242,3261,237,918,3929954,143697.4,193938,17.7,85.0,658.0,2165662,2189.5,358.2,678.1,821.2,24924,0,2197948,1818517,0,0,0,0,0,0,0,0,0,0,0,0,24.0,0,0,279,400.4,3.7,38,52.5,0,256.0,,38825,0,522.1,1086.6
688,full-cycle,36379,35,4613,0,0,0,1,2,1024,3626,241,1034,3936639,144010.3,600606,61.7,61.7,658.0,2171823,2194.1,358.4,679.9,822.9,24957,0,2204190,1824113,4648,19405,9732,466872,17,2996,2052,0,0,0,2572,0,20.0,3,15,263,444.3,5.6,38,54.0,0,64.0,starved,38918,0,523.5,1089.5
689,young,10756,89,7,2819,0,11,2,0,280,6035,228,1418,3943502,144250.9,189416,20.5,82.3,658.0,2172691,2195.8,358.4,680.2,824.2,25017,0,2205076,1824553,0,0,0,0,0,0,0,0,0,0,0,0,20.0,0,1,280,405.6,5.6,38,50.5,0,256.0,,38923,0,523.7,1089.9
690,full-cycle,34891,37,4096,0,0,0,2,1,794,1660,220,804,3950215,144444.0,517089,55.5,55.5,658.0,2177587,2198.9,358.6,681.6,825.0,25029,0,2210034,1829031,4133,19583,9540,488120,20,6333,717,0,0,0,1623,0,26.0,1,0,277,474.4,1.9,38,55.9,0,64.0,starved,38981,0,524.8,1092.3
691,young,11657,92,7,5239,0,10,1,0,295,4011,238,1913,3959463,144641.7,181708,17.1,72.6,658.0,2179962,2201.3,358.7,682.2,826.4,25061,0,2212459,1829890,0,0,0,0,0,0,0,0,0,0,0,0,28.0,0,2,275,417.8,0.0,38,53.4,0,256.0,,39018,0,525.5,1093.7
692,full-cycle,35666,23,5199,0,0,0,1,1,835,1690,183,846,3964882,144879.8,539887,57.3,57.3,658.0,2183342,2203.7,358.8,683.2,827.3,25062,0,2215873,1832974,5222,19926,8805,512592,22,5841,400,0,0,0,1699,0,32.0,2,1,272,462.5,3.7,38,55.8,0,64.0,starved,39073,0,526.3,1095.3
693,young,13093,80,4,7255,0,10,2,1,262,3141,240,2253,3974870,145230.0,199472,18.2,75.4,658.0,2185636,2206.4,358.9,683.9,828.8,25093,0,2218237,1833878,0,0,0,0,0,0,0,0,0,0,0,1,32.0,0,1,274,408.2,3.7,38,53.4,0,256.0,,39110,0,526.9,1096.8
694,full-cycle,37189,35,1742,0,0,0,1,1,930,4543,228,940,3976224,145272.6,637106,64.6,64.6,658.0,2189736,2209.3,359.0,685.2,829.6,25133,0,2222435,1837872,1777,17067,15279,433585,24,5337,4428,0,0,0,2988,0,20.0,9,19,253,425.1,16.1,38,52.9,0,64.6,starved,39223,0,527.8,1098.7
695,young,14068,25,8,8863,0,12,2,0,259,3746,228,1093,3983366,145606.7,226513,22.4,86.9,658.0,2190241,2210.5,359.1,685.3,830.6,25143,0,2222950,1837954,0,0,0,0,0,0,0,0,0,0,0,1,20.0,0,0,281,390.3,16.1,38,52.1,0,256.0,,39231,0,528.0,1099.0
696,full-cycle,37346,41,5294,0,0,0,1,1,971,3715,238,981,3986348,145675.3,575837,60.6,60.6,658.0,2196645,2214.9,359.3,687.2,832.1,25177,0,2229425,1843915,5335,18852,10446,483980,29,4868,846,0,0,0,2629,1,2.0,12,17,261,449.7,21.7,38,53.2,0,64.0,starved,39332,0,529.4,1102.0
697,young,10155,35,9,3877,0,8,1,1,269,4899,228,991,3994252,146038.6,214270,19.3,79.9,658.0,2197207,2216.4,359.3,687.4,833.3,25179,0,2230005,1843942,0,0,0,0,0,0,0,0,0,0,0,0,2.0,0,0,290,411.1,21.7,38,53.1,0,256.0,,39339,0,529.5,1102.2
698,full-cycle,31270,32,5294,0,0,0,2,1,870,1560,215,882,3996869,146121.4,556375,58.2,58.2,658.0,2202451,2221.0,359.7,689.1,835.1,25235,0,2235352,1848827,5327,19458,3589,534176,18,1038,87,0,0,0,2879,0,0.0,3,20,268,464.2,5.4,38,53.2,0,64.0,starved,39447,0,530.8,1104.8
699,young,7416,47,5,2059,0,9,2,0,249,4405,237,612,3998581,146183.4,167080,16.9,75.1,658.0,2202884,2222.0,359.7,689.2,835.9,25242,0,2235811,1848880,0,0,0,0,0,0,0,0,0,0,0,0,0.0,0,3,288,444.2,5.4,38,52.6,0,256.0,,39455,0,530.9,1105.1
700,full-cycle,32093,24,4256,0,0,0,2,0,1000,2313,246,1010,4009247,146565.4,570780,61.0,61.0,658.0,2208347,2230.1,360.0,691.1,841.0,25329,0,2241345,1853686,4280,18642,6219,477978,18,1282,1590,0,0,0,2939,0,0.0,4,19,268,461.4,7.4,38,52.0,0,64.0,starved,39549,0,532.1,1107.6
701,young,11007,64,8,3485,0,11,2,1,326,5633,244,1394,4010303,146601.3,192100,17.7,78.7,658.0,2209294,2231.4,360.0,691.4,841.9,25330,0,2242311,1854012,0,0,0,0,0,0,0,0,0,0,0,0,0.0,0,0,291,424.1,7.4,38,51.9,0,256.0,,39553,0,532.4,1108.0
702,full-cycle,29375,293,4405,0,0,0,2,0,854,1821,218,864,4020466,146988.8,592636,60.5,60.5,658.0,2213624,2236.4,360.2,692.8,844.7,25397,0,2246700,1856918,4698,13272,8892,490443,18,2687,3496,0,0,0,2502,0,6.0,2,14,272,463.1,3.7,38,54.7,0,64.0,starved,39631,0,533.4,1110.2
703,young,10370,31,6,3522,0,9,1,1,250,5699,230,776,4028332,147356.1,206937,21.2,81.7,658.0,2214083,2237.7,360.2,692.9,845.7,25450,0,2247193,1856985,0,0,0,0,0,0,0,0,0,0,0,1,8.0,0,0,287,425.9,1.9,38,51.4,0,256.0,,39644,0,533.5,1110.5
704,full-cycle,21128,26,1028,0,0,0,2,0,921,1072,229,930,4029445,147398.7,486177,52.0,52.0,658.0,2219311,2240.8,360.4,694.4,846.5,25452,0,2252461,1862009,1054,13997,4441,416124,19,367,2046,0,0,0,1631,0,14.0,1,0,284,495.6,1.9,37,54.5,0,64.0,starved,39704,0,534.7,1113.0
705,young,8438,19,7,2063,0,9,1,1,267,5096,240,899,4038443,147851.6,177041,16.6,68.6,658.0,2220131,2241.3,360.4,694.6,846.6,25484,0,2253338,1862863,0,0,0,0,0,0,0,0,0,0,0,0,14.0,0,0,285,439.3,1.9,37,52.0,0,256.0,,39740,0,535.0,1113.4
706,full-cycle,34396,23,5286,0,0,0,1,1,956,7646,243,966,4039688,147888.4,714377,70.6,70.6,658.0,2225222,2244.6,360.6,696.2,847.5,25565,0,2258522,1867708,5310,13523,11793,477317,19,3051,107,0,0,0,3756,0,14.0,2,22,261,423.7,3.7,37,52.6,0,70.6,starved,39820,0,536.2,1115.9
707,young,12401,60,6,2222,0,9,1,1,274,8683,232,1095,4046274,148124.8,277484,24.0,94.6,658.0,2225663,2246.0,360.6,696.3,848.7,25569,0,2258997,1867760,0,0,0,0,0,0,0,0,0,0,0,0,14.0,0,1,284,389.2,3.7,37,52.2,0,256.0,,39835,0,536.3,1116.1
708,full-cycle,21885,27,6040,0,0,0,1,0,746,925,200,756,4050129,148277.4,438043,49.4,49.4,658.0,2230272,2249.8,360.8,697.6,850.4,25580,0,2263632,1871858,6066,11993,2257,423161,11,500,63,0,0,0,1562,0,26.0,1,0,279,493.2,1.9,36,52.2,0,64.0,starved,39893,0,537.3,1118.3
709,young,9856,22,4,2467,0,10,1,0,292,5967,214,1034,4059202,148774.7,198616,22.8,72.2,658.0,2230999,2250.3,360.8,697.8,850.5,25685,0,2264432,1872488,0,0,0,0,0,0,0,0,0,0,0,1,28.0,0,1,278,441.0,0.0,36,45.2,0,256.0,,39943,0,537.5,1118.7
710,full-cycle,23069,32,2507,0,0,0,1,0,794,3609,221,804,4059410,148784.2,594488,62.4,62.4,658.0,2235832,2252.5,361.0,699.1,850.7,25689,0,2269309,1877345,2539,13566,5253,513418,18,796,22,0,0,0,1706,0,42.0,1,0,271,448.0,1.9,36,51.3,0,64.0,starved,40015,0,538.6,1121.1
711,young,10272,27,7,3373,0,8,1,0,249,5430,221,1100,4068821,149189.9,207119,19.6,82.0,658.0,2237032,2253.4,361.0,699.5,850.8,25734,0,2270598,1878462,0,0,0,0,0,0,0,0,0,0,0,0,44.0,0,0,271,393.7,0.0,36,47.8,0,256.0,,40063,0,538.9,1121.8
712,full-cycle,46140,33,6311,0,0,0,1,0,1030,3592,243,1041,4070270,149234.1,762479,74.8,74.8,658.0,2243322,2257.4,361.2,701.3,852.0,25838,0,2276994,1884409,6343,24013,11750,598696,16,3128,3967,0,0,0,4020,0,46.0,2,25,243,380.4,3.7,36,47.9,0,74.8,starved,40191,0,540.5,1124.8
713,young,11174,23,7,3876,0,8,1,0,297,5908,233,956,4077504,149547.4,209576,23.6,98.4,658.0,2243753,2258.7,361.2,701.5,853.1,25900,0,2277434,1884450,0,0,0,0,0,0,0,0,0,0,0,0,46.0,0,0,270,351.5,3.7,36,44.2,0,256.0,,40194,0,540.5,1125.0
714,full-cycle,33302,92,6473,0,0,0,2,0,819,479,145,830,4079190,149611.6,482937,53.5,53.5,658.0,2247735,2261.4,361.3,702.6,854.0,25904,0,2281468,1888186,6565,16740,8424,474748,19,6704,388,0,0,0,1564,0,50.0,1,0,268,463.9,1.9,35,49.4,0,64.0,starved,40255,0,541.5,1127.0
715,young,12647,29,6,5720,0,11,1,0,276,5412,229,1102,4087558,150036.2,194360,18.2,71.7,658.0,2248512,2261.8,361.4,702.8,854.0,25936,0,2282314,1888999,0,0,0,0,0,0,0,0,0,0,0,0,52.0,0,0,268,407.6,0.0,35,46.9,0,256.0,,40290,0,541.7,1127.5
716,full-cycle,40064,34,7134,0,0,0,2,1,981,2751,212,992,4088121,150048.3,615865,63.2,63.2,658.0,2253777,2264.4,361.6,704.3,854.2,25941,0,2287611,1894285,7167,21942,8683,535383,24,3026,1884,0,0,0,2238,0,34.0,10,2,265,437.4,18.4,35,50.2,0,64.0,starved,40364,0,542.9,1129.9
717,young,11198,88,6,5720,0,8,2,1,295,3468,230,1515,4097596,150387.8,171634,15.6,78.8,658.0,2255295,2265.8,361.6,704.8,854.8,25970,0,2289192,1895512,0,0,0,0,0,0,0,0,0,0,0,0,34.0,0,0,277,390.9,18.4,35,48.0,0,256.0,,40388,0,543.3,1130.7
718,full-cycle,36614,26,6312,0,0,0,2,1,1016,3566,221,1027,4100870,150473.6,637832,65.0,65.0,658.0,2260628,2283.7,375.9,706.8,855.6,26001,0,2294610,1900657,6338,21974,5416,568410,15,758,46,0,0,0,2871,0,28.0,4,18,258,431.0,7.5,35,48.5,0,65.0,starved,40474,0,544.5,1133.3
719,young,12099,54,6,7510,0,11,1,1,240,3474,230,713,4105921,150561.8,205034,18.5,83.5,658.0,2261071,2285.0,375.9,707.0,856.7,26010,0,2295065,1900715,0,0,0,0,0,0,0,0,0,0,0,0,28.0,0,0,280,402.0,7.5,35,47.8,0,256.0,,40481,0,544.6,1133.6
720,full-cycle,47654,26,5503,0,0,0,1,2,1063,3029,244,1074,4113777,150904.3,772736,75.2,75.2,658.0,2267059,2290.0,376.1,708.8,859.0,26031,0,2301160,1906013,5529,22590,15621,522031,17,1891,9603,0,0,0,3898,0,24.0,3,22,255,401.5,5.6,37,52.8,0,75.2,starved,40572,0,546.0,1136.6
721,young,14663,36,9,7774,0,9,1,0,255,4188,244,2313,4115520,150955.6,249032,22.9,98.1,658.0,2268283,2291.8,376.1,709.1,860.3,26053,0,2302401,1906321,0,0,0,0,0,0,0,0,0,0,0,0,24.0,0,0,280,362.4,5.6,37,51.0,0,256.0,,40585,0,546.4,1137.4
722,full-cycle,35461,38,5399,0,0,0,1,0,978,3204,241,989,4123289,151301.3,609950,64.4,64.4,658.0,2273691,2296.3,376.3,710.7,862.2,26082,0,2307910,1910860,5437,19583,7551,539799,19,3267,64,0,0,0,2878,0,26.0,3,18,258,434.5,5.6,37,51.3,0,64.4,starved,40682,0,547.6,1140.0
723,young,11542,26,6,4374,0,7,1,1,219,5803,243,1013,4132012,151672.9,217151,18.6,83.0,658.0,2274303,2298.0,376.4,710.9,863.5,26090,0,2308541,1910892,0,0,0,0,0,0,0,0,0,0,0,0,26.0,0,0,279,404.3,5.6,37,50.7,0,256.0,,40688,0,547.8,1140.3
724,full-cycle,31604,24,5390,0,0,0,1,1,918,2245,205,927,4133483,151735.0,564483,59.5,59.5,658.0,2279783,2300.6,376.5,712.4,863.9,26095,0,2314075,1916340,5414,19658,4729,529181,19,1508,25,0,0,0,1797,0,34.0,1,0,275,462.2,1.9,36,52.4,0,64.0,starved,40752,0,549.0,1142.9
725,young,12079,21,6,7213,0,9,2,0,222,3202,233,1319,4141813,152159.5,266041,22.9,82.4,658.0,2280595,2301.1,376.6,712.6,864.1,26129,0,2314945,1917046,0,0,0,0,0,0,0,0,0,0,0,0,34.0,0,0,276,406.3,1.9,36,49.7,0,256.0,,40789,0,549.3,1143.3
726,full-cycle,30666,31,4375,0,0,0,1,0,947,1657,222,957,4142652,152183.8,571680,60.2,60.2,658.0,2286239,2304.3,376.7,714.2,864.7,26159,0,2320685,1922568,4406,20143,3311,532755,19,604,68,0,0,0,2797,0,38.0,2,17,256,437.2,3.7,35,48.5,0,64.0,starved,40878,0,550.6,1146.2
727,young,9295,39,7,4884,0,9,1,1,221,3343,234,712,4148736,152334.9,194089,17.0,77.2,658.0,2286824,2305.9,376.8,714.4,866.1,26168,0,2321265,1922681,0,0,0,0,0,0,0,0,0,0,0,0,38.0,0,0,275,410.0,3.7,35,47.8,0,256.0,,40882,0,550.8,1146.5
728,full-cycle,29123,36,4266,0,0,0,2,0,773,766,189,783,4154581,152591.1,491282,53.1,53.1,658.0,2290981,2308.8,376.9,715.5,867.1,26174,0,2325457,1926558,4302,15120,7944,474878,19,5916,454,0,0,0,1748,0,44.0,1,0,271,467.9,1.9,35,50.7,0,64.0,starved,40944,0,551.8,1148.5
729,young,11434,158,3,4394,0,8,2,0,268,4575,226,1955,4163360,152977.9,185580,17.4,70.5,658.0,2292947,2310.2,377.0,716.1,867.5,26206,0,2327478,1928124,0,0,0,0,0,0,0,0,0,0,0,0,44.0,0,0,272,409.4,1.9,35,48.2,0,256.0,,40979,0,552.3,1149.8
730,full-cycle,31996,27,1215,0,0,0,1,0,994,2742,196,1005,4164245,153008.1,613410,63.2,63.2,658.0,2296762,2313.0,377.1,717.3,868.4,26237,0,2331346,1931692,1242,23219,4570,546555,20,751,46,0,0,0,2958,0,14.0,11,16,254,430.2,16.1,41,60.1,0,64.0,starved,41071,0,553.2,1151.7
731,young,15212,76,5,9953,0,8,1,0,237,4160,231,684,4169967,153167.4,209209,18.5,81.7,658.0,2297412,2314.6,377.1,717.5,869.7,26243,0,2332001,1931746,0,0,0,0,0,0,0,0,0,0,0,0,14.0,0,0,281,399.9,16.1,41,59.6,0,256.0,,41075,0,553.4,1152.0
732,full-cycle,23012,26,1307,0,0,0,1,0,895,1523,207,905,4176588,153395.5,547166,57.5,57.5,658.0,2302671,2317.9,377.3,719.0,870.5,26248,0,2337305,1936789,1333,15978,3706,526759,13,1217,43,0,0,0,1989,0,14.0,1,0,280,475.9,1.9,41,62.4,0,64.0,starved,41137,0,554.5,1154.4
733,young,10944,29,6,4573,0,8,1,0,229,4942,231,1063,4185789,153824.8,209467,18.7,76.2,658.0,2303465,2318.4,377.3,719.3,870.6,26282,0,2338168,1937482,0,0,0,0,0,0,0,0,0,0,0,0,16.0,0,0,280,425.9,0.0,41,59.8,0,256.0,,41179,0,554.7,1154.9
734,full-cycle,32032,24,4730,0,0,0,1,0,772,682,182,781,4186165,153841.5,487344,53.9,53.9,658.0,2307958,2320.6,377.5,720.5,870.8,26301,0,2342724,1942012,4754,17340,8335,470468,18,6372,475,0,0,0,1591,0,20.0,2,1,278,483.9,3.7,38,55.4,0,64.0,starved,41263,0,555.8,1157.0
735,young,12766,42,6,3990,0,8,1,0,268,6344,239,2048,4196329,154235.2,225048,21.8,75.7,658.0,2310190,2323.5,377.6,721.2,872.5,26344,0,2345039,1942811,0,0,0,0,0,0,0,0,0,0,0,0,20.0,0,1,280,426.1,3.7,38,52.1,0,256.0,,41311,0,556.4,1158.6
736,full-cycle,28481,20,3523,0,0,0,1,0,749,832,208,758,4197826,154284.0,503628,55.4,55.4,658.0,2313695,2326.5,377.7,722.3,873.8,26401,0,2348668,1945736,3542,16383,4821,431985,18,776,2434,0,0,0,3730,0,30.0,1,26,250,439.5,1.9,37,49.5,0,64.0,starved,41427,0,557.3,1160.3
737,young,9244,65,6,4274,0,8,1,0,269,3803,230,753,4200323,154361.5,199967,20.0,75.4,658.0,2314039,2327.4,377.7,722.4,874.6,26402,0,2349008,1945789,0,0,0,0,0,0,0,0,0,0,0,0,30.0,0,0,277,418.8,1.9,37,49.4,0,256.0,,41430,0,557.4,1160.5
738,full-cycle,24856,27,4189,0,0,0,1,0,858,1803,229,868,4208551,154689.6,565778,60.1,60.1,658.0,2317889,2331.0,377.8,723.7,876.1,26452,0,2352912,1949255,4216,13737,5210,479615,17,905,1609,0,0,0,1688,0,38.0,1,0,273,457.7,1.9,36,51.5,0,64.0,starved,41503,0,558.3,1162.5
739,young,10779,23,7,1791,0,11,2,0,291,6890,218,1707,4217795,155081.6,203204,22.6,82.7,658.0,2319583,2332.0,377.9,724.3,876.2,26550,0,2354692,1951007,0,0,0,0,0,0,0,0,0,0,0,0,38.0,0,2,272,401.2,1.9,36,44.9,0,256.0,,41552,0,558.8,1163.7
740,full-cycle,34864,33,7435,0,0,0,2,1,861,3309,200,872,4217938,155087.6,609397,63.9,63.9,658.0,2324177,2334.2,378.1,725.6,876.3,26556,0,2359346,1955652,7468,20234,5414,569681,20,1180,28,0,0,0,1740,0,42.0,1,0,271,446.4,1.9,36,51.4,0,64.0,starved,41627,0,559.9,1165.8
741,young,13688,72,6,8246,0,7,1,0,214,3142,233,1900,4226297,155351.9,207012,19.6,83.6,658.0,2326369,2336.5,378.1,726.3,877.6,26598,0,2361609,1956815,0,0,0,0,0,0,0,0,0,0,0,0,44.0,0,1,270,389.9,0.0,36,48.1,0,256.0,,41671,0,560.5,1167.2
742,full-cycle,32898,23,6976,0,0,0,1,0,1000,2818,236,1010,4229681,155491.7,693614,70.2,70.2,658.0,2331133,2340.0,378.3,727.7,878.8,26627,0,2366467,1961041,6999,18425,4407,623442,20,468,85,0,0,0,3061,0,46.0,1,17,252,411.6,1.9,36,49.7,0,70.2,starved,41781,0,561.6,1169.5
743,young,13498,40,5,5288,0,10,1,0,268,6989,224,797,4237027,155837.2,215219,19.3,89.5,658.0,2331752,2341.6,378.3,727.9,880.1,26638,0,2367103,1961106,0,0,0,0,0,0,0,0,0,0,0,0,46.0,0,0,270,370.4,1.9,36,48.9,0,256.0,,41783,0,561.8,1169.9
744,full-cycle,43205,31,4269,0,0,0,1,1,1157,2884,277,1178,4240064,155925.9,596663,62.1,62.1,672.0,2339756,2349.2,378.9,731.7,882.3,26731,0,2374814,1968304,4300,20204,14842,471181,24,8926,1822,0,0,0,3769,0,0.0,0,24,276,474.9,0.0,36,49.1,0,64.0,starved,41900,0,563.8,1174.0
745,young,10890,25,7,6482,0,8,1,0,261,2451,252,1585,4251166,156359.8,187839,18.2,80.3,672.0,2340685,2350.8,379.0,731.9,883.5,26735,0,2375755,1968682,0,0,0,0,0,0,0,0,0,0,0,0,0.0,0,4,296,449.6,0.0,36,48.8,0,256.0,,41906,0,564.0,1174.5
746,full-cycle,29003,24,2527,0,0,0,2,0,848,2396,242,858,4253413,156427.5,559772,58.7,58.7,672.0,2346224,2354.1,379.2,733.6,884.2,26789,0,2381374,1974017,2551,15028,8946,474564,35,4617,1033,0,0,0,2396,0,10.0,7,18,270,469.5,12.7,36,49.7,0,64.0,starved,41995,0,565.2,1176.9
747,young,9565,44,10,1735,0,12,1,0,266,6728,237,691,4258712,156583.4,190250,18.6,77.4,672.0,2346731,2355.4,379.2,733.7,885.2,26818,0,2381888,1974134,0,0,0,0,0,0,0,0,0,0,0,0,10.0,0,0,295,436.4,12.7,36,47.9,0,256.0,,42001,0,565.4,1177.2
748,full-cycle,33320,105,5438,0,0,0,1,0,801,327,129,812,4265445,156836.8,472362,51.4,51.4,672.0,2350110,2358.9,379.3,734.9,886.9,26825,0,2385310,1976940,5543,18306,7251,464088,26,5662,414,0,0,0,2210,0,34.0,1,0,282,494.1,1.9,36,52.5,0,64.0,starved,42064,0,566.1,1178.8
749,young,11777,292,6,3199,0,10,2,1,298,5842,226,2046,4275901,157273.2,158318,15.4,66.8,672.0,2352017,2360.2,379.4,735.4,887.3,26857,0,2387283,1978459,0,0,0,0,0,0,0,0,0,0,0,0,34.0,0,0,283,439.7,1.9,36,50.0,0,256.0,,42099,0,566.7,1180.1
750,full-cycle,30280,31,6666,0,0,0,1,1,800,952,188,811,4276284,157285.8,523362,55.0,55.0,672.0,2355158,2361.9,379.5,736.4,887.5,26859,0,2390471,1981625,6696,13829,7949,500121,19,5891,272,0,0,0,1792,0,42.0,2,1,276,474.6,3.7,36,52.5,0,64.0,starved,42156,0,567.4,1181.6
751,young,6426,88,4,1128,0,8,1,0,253,3458,239,1405,4284891,157639.3,109330,11.9,66.9,672.0,2357303,2364.5,379.6,737.0,889.0,26892,0,2392685,1982343,0,0,0,0,0,0,0,0,0,0,0,0,44.0,0,0,278,422.9,1.9,36,50.0,0,256.0,,42193,0,568.1,1182.9
752,full-cycle,39112,32,4139,0,0,0,2,1,1086,2256,237,1097,4286447,157687.5,663760,66.9,66.9,672.0,2361319,2367.7,379.7,738.3,890.2,26922,0,2396800,1985791,4171,20129,11448,509248,14,1641,6436,0,0,0,3348,1,46.0,2,20,255,418.0,3.7,36,50.4,0,66.9,starved,42287,0,569.0,1184.9
753,young,9470,55,9,5479,0,9,1,0,240,2800,240,771,4291727,157850.2,182375,17.1,84.0,672.0,2362064,2369.5,379.7,738.5,891.7,26935,0,2397544,1985804,0,0,0,0,0,0,0,0,0,0,0,1,48.0,0,0,276,394.9,1.9,36,49.4,0,256.0,,42297,0,569.3,1185.4
754,full-cycle,38653,176,2111,0,0,0,2,1,1228,4084,268,1238,4298439,158114.0,658345,67.3,67.3,672.0,2369245,2375.0,380.1,740.8,893.4,26996,0,2404596,1992308,2287,20598,12395,479266,28,4796,2242,0,0,0,3265,0,0.0,7,22,271,452.1,12.7,36,47.7,0,67.3,starved,42427,0,571.0,1189.0
755,young,8541,60,8,1871,0,8,1,0,250,5550,253,695,4301791,158184.1,174278,17.0,84.3,672.0,2369658,2377.1,380.1,740.9,895.4,26997,0,2405032,1992308,0,0,0,0,0,0,0,0,0,0,0,0,0.0,0,0,300,431.2,12.7,36,47.6,0,256.0,,42432,0,571.1,1189.2
756,full-cycle,36346,30,5625,0,0,0,1,1,980,4662,243,991,4313752,158593.8,646739,66.0,66.0,672.0,2375467,2382.4,380.3,742.8,897.9,27061,0,2410958,1997365,5655,18780,9188,471519,16,648,2866,0,0,0,2703,0,16.0,2,19,271,456.5,3.7,36,47.8,0,66.0,starved,42551,0,572.5,1192.2
757,young,9728,27,8,3080,0,8,1,0,269,5516,241,737,4322586,158953.1,195533,19.5,85.5,672.0,2376002,2384.1,380.3,743.0,899.3,27065,0,2411508,1997381,0,0,0,0,0,0,0,0,0,0,0,0,18.0,0,2,289,419.9,1.9,36,47.5,0,256.0,,42558,0,572.6,1192.4
758,full-cycle,30330,30,4781,0,0,0,1,0,951,2024,248,961,4325131,159048.5,541431,57.7,57.7,672.0,2382066,2388.3,380.5,744.7,900.7,27151,0,2417672,2002984,4812,19311,3857,483852,20,807,38,0,0,0,2345,0,36.0,1,15,267,466.9,1.9,35,47.3,0,64.0,starved,42651,0,574.0,1195.2
759,young,9384,38,6,3840,0,7,1,0,259,4206,239,961,4333773,159459.8,201577,18.5,76.2,672.0,2382806,2390.0,380.5,745.0,902.0,27153,0,2418429,2003066,0,0,0,0,0,0,0,0,0,0,0,0,36.0,0,2,281,421.7,1.9,35,47.2,0,256.0,,42656,0,574.2,1195.5
760,full-cycle,35491,30,6712,0,0,0,1,0,937,1544,239,947,4335004,159508.4,613193,62.9,62.9,672.0,2387937,2392.7,380.7,746.4,902.4,27239,0,2423605,2008150,6741,20977,5691,560868,22,650,2522,0,0,0,2070,0,40.0,2,9,270,458.1,3.7,35,48.9,0,64.0,starved,42734,0,575.4,1197.9
761,young,14095,25,8,6302,0,12,1,1,224,6273,228,1154,4343130,159884.2,229922,22.2,85.1,672.0,2388648,2394.1,380.7,746.7,903.4,27272,0,2424374,2008397,0,0,0,0,0,0,0,0,0,0,0,0,40.0,0,1,280,409.9,3.7,35,46.3,0,256.0,,42770,0,575.6,1198.3
762,full-cycle,32826,31,5414,0,0,0,2,0,812,1234,196,822,4345940,159924.6,553867,59.2,59.2,672.0,2393715,2398.6,381.4,749.1,904.1,27279,0,2429498,2013282,5446,14535,11114,524419,21,8438,593,0,0,0,1717,0,48.0,2,1,275,465.5,3.7,34,47.5,0,64.0,starved,42851,0,576.8,1200.8
763,young,10697,30,7,4147,0,8,1,0,301,4828,238,1280,4354855,160335.2,202791,20.0,79.2,672.0,2394461,2399.2,381.5,749.3,904.3,27321,0,2430303,2013894,0,0,0,0,0,0,0,0,0,0,0,0,48.0,0,0,278,412.6,3.7,34,44.2,0,256.0,,42894,0,577.0,1201.3
764,full-cycle,31655,26,5362,0,0,0,1,1,964,1637,248,975,4356118,160371.9,558692,59.3,59.3,672.0,2400330,2403.0,381.7,751.1,905.4,27352,0,2436265,2019500,5388,19260,3798,503896,18,488,677,0,0,0,3197,0,50.0,3,19,255,433.4,5.6,34,45.2,0,64.0,starved,42989,0,578.3,1204.1
765,young,11790,26,7,4775,0,13,2,1,356,5678,233,846,4364248,160736.7,189010,19.7,78.9,672.0,2400695,2404.4,381.7,751.2,906.7,27393,0,2436639,2019505,0,0,0,0,0,0,0,0,0,0,0,0,50.0,0,2,275,405.6,5.6,34,42.8,0,256.0,,42993,0,578.4,1204.2
766,full-cycle,36382,30,7518,0,0,0,1,1,735,535,175,746,4365560,160787.4,459216,51.7,51.7,672.0,2405469,2407.4,381.8,752.5,907.6,27404,0,2441479,2024031,7548,16833,10413,445225,21,8645,462,0,0,0,1574,0,50.0,1,0,276,482.9,1.9,34,47.8,0,64.0,starved,43069,0,579.4,1206.4
767,young,10682,142,6,6285,0,11,1,0,237,2930,231,989,4375908,161230.2,208337,19.8,71.5,672.0,2406156,2407.9,381.9,752.7,907.7,27447,0,2442244,2024625,0,0,0,0,0,0,0,0,0,0,0,0,50.0,0,0,277,431.7,1.9,34,44.4,0,256.0,,43114,0,579.5,1206.8
768,full-cycle,33678,26,5710,0,0,0,1,1,940,1604,232,950,4376829,161259.3,543521,58.1,58.1,672.0,2411437,2411.1,382.0,754.2,908.4,27482,0,2447624,2029775,5735,16913,8566,459508,14,3064,2930,0,0,0,2450,0,48.0,2,16,260,449.4,3.7,34,45.2,0,64.0,starved,43208,0,580.7,1209.4
769,young,11442,63,7,6468,0,14,1,1,295,3773,231,794,4383302,161466.2,211927,21.3,79.4,672.0,2411870,2412.7,382.1,754.4,909.7,27519,0,2448072,2029824,0,0,0,0,0,0,0,0,0,0,0,0,48.0,0,0,278,412.7,3.7,34,43.1,0,256.0,,43213,0,580.8,1209.6
770,full-cycle,35897,31,6088,0,0,0,2,1,1078,4360,226,1089,4388017,161662.3,605415,63.0,63.0,672.0,2416892,2415.8,382.2,755.9,910.5,27543,0,2453125,2034695,6120,21774,5977,520753,18,475,29,0,0,0,2014,0,60.0,1,0,271,447.4,1.9,34,47.7,0,64.0,starved,43273,0,582.0,1211.9
771,young,16277,37,7,10035,0,9,1,1,206,3691,223,2218,4396552,161953.8,240986,22.4,85.4,672.0,2419114,2417.8,382.3,756.6,911.4,27586,0,2455436,2036096,0,0,0,0,0,0,0,0,0,0,0,1,60.0,0,3,269,388.9,1.9,34,44.4,0,256.0,,43322,0,582.6,1213.3
772,full-cycle,34139,31,7203,0,0,0,2,0,879,1164,226,890,4401620,162112.9,528883,57.1,57.1,672.0,2423211,2420.8,382.5,757.9,912.2,27629,0,2459636,2039962,7234,18472,5807,457998,20,729,2998,0,0,0,2613,0,64.0,3,18,249,431.9,5.6,34,44.8,0,64.0,starved,43423,0,583.5,1215.2
773,young,11095,27,8,4890,0,10,1,0,270,5024,236,773,4409590,162463.6,194362,18.1,75.2,672.0,2423702,2422.2,382.5,758.1,913.4,27630,0,2460137,2039995,0,0,0,0,0,0,0,0,0,0,0,0,64.0,0,0,270,398.3,5.6,34,44.7,0,256.0,,43427,0,583.6,1215.4
774,full-cycle,34648,38,10029,0,0,0,2,0,1024,1843,225,1034,4411807,162538.5,600725,62.6,62.6,672.0,2429416,2426.3,382.7,759.7,914.9,27699,0,2465943,2045290,10066,17997,3667,596319,20,732,32,0,0,0,2908,0,64.0,2,18,250,420.6,3.7,34,46.2,0,64.0,starved,43521,0,585.0,1218.2
775,young,7402,24,6,1815,0,9,1,0,220,4713,234,543,4419820,162875.1,140495,13.1,75.7,672.0,2429992,2428.0,382.7,759.9,916.2,27707,0,2466520,2045304,0,0,0,0,0,0,0,0,0,0,0,0,66.0,0,0,269,404.3,1.9,34,45.6,0,256.0,,43526,0,585.2,1218.6
776,full-cycle,36760,31,7959,0,0,0,1,1,775,868,174,785,4421615,162956.5,505484,54.6,54.6,672.0,2434925,2430.3,382.9,761.3,916.4,27717,0,2471492,2050230,7990,18407,8794,481980,17,6771,347,0,0,0,1553,0,68.0,2,0,266,455.3,3.7,34,48.2,0,64.0,starved,43581,0,586.4,1220.9
777,young,9614,32,7,3103,0,9,1,1,274,5249,236,840,4430318,163356.7,178097,17.0,71.6,672.0,2435744,2430.9,382.9,761.5,916.5,27751,0,2472367,2050920,0,0,0,0,0,0,0,0,0,0,0,0,68.0,0,2,266,405.1,3.7,34,45.5,0,256.0,,43619,0,586.6,1221.4
778,full-cycle,33528,24,6337,0,0,0,1,0,887,1731,220,897,4430796,163375.9,568991,61.2,61.2,672.0,2440833,2433.3,383.1,762.9,916.7,27760,0,2477517,2056051,6361,19569,5952,546505,21,3269,29,0,0,0,1639,0,68.0,0,1,267,446.5,0.0,34,47.4,0,64.0,starved,43701,0,587.8,1223.9
779,young,11076,32,6,2642,0,8,1,1,236,6422,232,1661,4440226,163740.2,209067,18.1,79.3,672.0,2442725,2435.2,383.1,763.5,917.7,27792,0,2479469,2057258,0,0,0,0,0,0,0,0,0,0,0,0,68.0,0,0,268,392.4,0.0,34,44.9,0,256.0,,43738,0,588.3,1224.9
780,full-cycle,30100,23,6370,0,0,0,2,0,897,1000,221,907,4441298,163778.8,484555,53.1,53.1,672.0,2447188,2437.9,383.3,764.8,918.3,27820,0,2483988,2061503,6393,16756,4530,453168,19,1341,1258,0,0,0,2411,0,64.0,4,13,253,442.9,7.5,34,46.1,0,64.0,starved,43825,0,589.3,1227.1
781,young,10936,21,5,3107,0,9,1,0,282,6247,222,1196,4449774,164156.3,200215,18.2,71.2,672.0,2448368,2439.3,383.3,765.1,919.2,27824,0,2485205,2061908,0,0,0,0,0,0,0,0,0,0,0,1,66.0,0,0,269,402.9,5.6,34,45.8,0,256.0,,43834,0,589.6,1227.6
782,full-cycle,30820,24,1779,0,0,0,1,1,825,3858,211,835,4451022,164196.3,574760,60.5,60.5,672.0,2453168,2443.1,383.5,766.5,920.3,27905,0,2490095,2066397,1803,16013,9858,436895,25,4361,772,0,0,0,3039,0,46.0,9,18,251,424.9,16.6,35,47.2,0,64.0,starved,43944,0,590.7,1230.0
783,young,8949,20,6,5278,0,8,2,0,228,2623,236,699,4458087,164515.2,195914,18.2,78.7,672.0,2453622,2444.0,383.5,766.6,921.0,27914,0,2490564,2066484,0,0,0,0,0,0,0,0,0,0,0,0,46.0,0,0,278,403.4,16.6,35,46.5,0,256.0,,43952,0,590.8,1230.2
784,full-cycle,38341,22,4196,0,0,0,2,1,1062,2905,242,1073,4460484,164595.9,655055,67.7,67.7,672.0,2459919,2448.4,383.7,768.4,922.4,27989,0,2497009,2072414,4218,19136,11748,493505,20,1565,6178,0,0,0,3224,0,46.0,2,23,254,420.9,3.7,34,45.2,0,67.7,starved,44071,0,592.3,1233.3
785,young,13201,62,6,8827,0,8,1,1,230,2918,242,1034,4465041,164711.5,254731,22.9,90.6,672.0,2460376,2449.8,383.7,768.6,923.6,28006,0,2497458,2072453,0,0,0,0,0,0,0,0,0,0,0,0,48.0,0,0,278,392.3,1.9,34,43.9,0,256.0,,44076,0,592.4,1233.5
786,full-cycle,43850,99,6982,0,0,0,1,0,885,1691,228,895,4474646,165050.0,547253,58.3,58.3,672.0,2465995,2456.0,383.9,770.3,927.1,28046,0,2503184,2076798,7081,21126,11588,513761,23,8659,314,0,0,0,3969,0,40.0,8,27,246,422.1,14.7,35,46.6,0,64.0,starved,44191,0,593.8,1236.4
787,young,9907,25,8,2402,0,12,2,1,314,6386,233,686,4481550,165377.5,178095,17.3,75.6,672.0,2466279,2456.6,383.9,770.4,927.6,28049,0,2503504,2076839,0,0,0,0,0,0,0,0,0,0,0,0,40.0,0,0,281,412.8,14.7,35,46.3,0,256.0,,44200,0,593.9,1236.6
