gc,kind,pause_us,suspend_us,fixctx_us,roots_us,freach_us,handles_us,dep_us,after_us,weak_us,cards_us,card_regions,sweep_us,zero_us,zero_mb,marked_n,marked_mb,live_mb,committed_mb,win_n,win_ms,wait_ms,carve_ms,wzero_ms,blk_n,span_n,hole_n,clean_n,pause_a_us,window_us,pause_b_us,window_marked_n,bsusp_us,rescan_us,drain2_us,predrain_us,predrain_cards,predrain_passes,csweep_us,trim_us,pool_mb,bfresh_n,breo_n,bold_n,holes_mb,tail_mb,cls_n,clsfree_mb,spanreg_n,budget_mb,reason,cold_n,fitdisc_n,disc_mb,req_mb
0,young,536,12,2,351,0,6,0,0,30,4,0,111,0,0.0,1780,0.2,0.2,66.0,513,0.3,0.0,0.2,0.0,0,0,4,513,0,0,0,0,0,0,0,0,0,0,0,0,2.0,0,0,32,61.8,1.9,0,0.0,0,64.0,,2,512,63.6,0.1
1,young,423,8,1,191,0,4,0,0,7,112,32,94,11902,61.8,1511,0.1,0.3,66.0,1024,4.3,0.0,0.3,3.9,0,0,496,896,0,0,0,0,0,0,0,0,0,0,0,0,0.0,0,0,33,63.9,1.6,0,0.0,0,128.0,,3,1021,126.8,0.1
2,young,828,7,1,255,0,3,1,0,37,423,33,92,14023,127.3,4341,0.3,0.6,130.0,2051,5.3,0.0,0.6,4.6,0,0,1010,1846,0,0,0,0,0,0,0,0,0,0,0,0,6.0,0,0,62,121.6,1.5,0,0.0,0,192.0,,4,2047,254.2,0.2
3,young,645,7,1,262,0,4,0,0,14,151,62,196,26389,252.9,1616,0.2,0.8,196.0,3593,9.7,0.1,0.8,8.6,1,0,1989,3148,0,0,0,0,0,0,0,0,0,0,0,0,0.0,0,0,97,191.9,1.1,1,1.9,0,320.0,,5,3588,445.8,0.3
4,full-cycle,1721,6,630,0,0,0,1,0,23,6,0,37,45481,445.7,11605,0.9,0.9,324.0,6168,18.0,0.1,1.3,16.4,1,0,3539,5476,637,790,90,11472,8,34,4,0,0,0,198,0,0.0,1,1,159,318.0,1.7,1,1.9,0,320.0,starved,7,6162,766.0,0.5
5,young,1078,10,3,362,0,10,1,0,59,402,160,209,79502,763.7,4876,0.4,1.3,328.0,8733,27.3,0.1,1.7,25.1,2,0,6104,7719,0,0,0,0,0,0,0,0,0,0,0,0,0.0,0,0,162,318.8,3.0,2,3.8,0,512.0,,13,8720,1081.5,0.7
6,young,1434,14,3,694,0,8,1,0,27,428,162,227,86883,1082.3,3902,0.3,1.6,528.0,12840,30.4,0.2,3.8,25.8,2,0,8671,11704,0,0,0,0,0,0,0,0,0,0,0,0,152.0,0,0,186,359.7,9.7,2,3.8,0,512.0,,23,12817,1590.6,1.0
7,young,1927,79,5,840,0,4,1,0,30,496,181,393,334634,1584.8,21599,1.8,3.4,536.0,16961,251.2,1.4,8.9,239.8,2,0,11588,14838,0,0,0,0,0,0,0,0,0,0,0,0,0.0,0,2,264,508.5,17.2,2,3.8,0,512.0,,60,16903,2095.4,1.8
8,young,1678,84,4,325,0,6,0,0,226,610,266,353,351943,2095.4,7345,0.5,3.9,536.0,21070,259.3,1.5,10.1,246.0,2,0,15697,18250,0,0,0,0,0,0,0,0,0,0,0,0,0.0,0,0,266,511.5,14.6,2,3.8,0,512.0,,91,20980,2598.5,2.0
9,young,2216,12,4,608,0,10,0,0,332,750,258,484,371616,2606.3,10975,0.8,4.7,536.0,25148,270.0,1.6,11.5,254.5,2,0,19823,21489,0,0,0,0,0,0,0,0,0,0,0,0,0.0,0,0,266,511.0,14.0,2,3.8,0,512.0,,121,25027,3097.2,2.3
10,young,1909,102,5,447,0,6,1,0,200,562,264,515,384905,3118.3,7270,0.4,5.1,538.0,29264,272.8,1.7,12.5,255.8,2,0,23970,25505,0,0,0,0,0,0,0,0,0,0,0,0,0.0,0,0,267,511.7,14.7,2,3.8,0,512.0,,156,29109,3599.8,2.5
11,young,2056,13,4,458,0,6,1,0,404,666,267,494,403499,3629.9,10620,0.9,6.0,538.0,33372,283.2,1.9,14.0,263.9,2,0,28119,28688,0,0,0,0,0,0,0,0,0,0,0,0,0.0,0,0,267,510.9,14.4,2,3.8,0,512.0,,187,33185,4100.5,2.8
12,young,1695,164,4,390,0,7,0,0,77,544,257,437,415398,4141.5,2470,0.1,6.1,538.0,37481,286.4,2.0,15.1,265.5,2,0,32275,32673,0,0,0,0,0,0,0,0,0,0,0,0,0.0,0,0,267,511.9,13.2,2,3.8,0,512.0,,220,37261,4601.0,2.9
13,young,2075,59,4,609,0,4,1,1,43,714,267,586,433717,4653.5,5581,0.3,6.4,538.0,41611,296.4,2.2,16.5,273.2,2,0,36448,35959,0,0,0,0,0,0,0,0,0,0,0,0,0.0,0,0,267,511.8,13.0,2,3.8,0,512.0,,254,41357,5103.6,3.1
14,young,2002,61,5,481,0,7,1,0,52,761,267,550,460969,5164.3,6095,0.2,6.6,538.0,45748,318.5,2.4,19.1,291.5,2,0,40619,38339,0,0,0,0,0,0,0,0,0,0,0,0,0.0,0,0,267,512.1,12.4,2,3.8,0,512.0,,287,45463,5607.1,3.3
15,young,1936,54,4,437,0,5,1,0,195,562,267,593,497294,5670.8,6700,0.3,7.0,538.0,49869,349.1,2.8,21.4,318.6,2,0,44791,39990,0,0,0,0,0,0,0,0,0,0,0,0,0.0,0,0,267,511.7,12.2,2,3.8,0,512.0,,317,49555,6108.1,3.6
16,young,1763,35,6,314,0,6,0,0,188,617,264,502,555323,6179.5,3250,0.2,7.1,540.0,54012,403.1,3.1,24.2,368.4,2,0,48952,40965,0,0,0,0,0,0,0,0,0,0,0,0,0.0,0,0,268,512.0,13.7,2,3.8,0,512.0,,345,53667,6611.3,3.8
17,young,2418,14,5,820,0,6,1,0,95,841,268,549,567023,6691.5,10893,0.8,8.0,542.0,58156,406.5,3.2,25.3,370.2,2,0,53137,44774,0,0,0,0,0,0,0,0,0,0,0,0,0.0,0,0,269,510.2,15.5,2,3.8,0,512.0,,384,57775,7110.9,4.4
18,young,3225,55,11,799,0,15,1,0,378,1016,269,820,593122,7201.9,14035,1.3,9.2,542.0,62236,426.5,3.4,27.0,387.5,2,0,57316,47971,0,0,0,0,0,0,0,0,0,0,0,0,0.0,0,0,269,510.3,13.6,2,3.8,0,512.0,,450,61787,7597.5,4.8
19,young,3710,21,8,1680,0,19,1,1,92,993,269,826,611604,7709.4,19177,2.8,12.1,548.0,66401,433.5,3.6,28.4,392.6,2,0,61510,51516,0,0,0,0,0,0,0,0,0,0,0,0,0.0,0,1,271,509.1,17.6,2,3.8,0,512.0,,483,65919,8096.1,5.1
20,young,2228,22,6,204,0,19,1,0,68,1146,272,746,633688,8213.0,19517,1.7,13.8,548.0,70577,449.6,3.8,30.0,406.0,2,0,65712,53505,0,0,0,0,0,0,0,0,0,0,0,0,0.0,0,0,272,510.1,14.7,2,3.8,0,512.0,,512,70066,8594.7,5.4
21,young,2096,21,4,243,0,18,1,0,91,986,272,724,657890,8723.1,20255,1.8,15.5,550.0,74819,467.7,3.9,31.7,421.5,2,0,69945,55386,0,0,0,0,0,0,0,0,0,0,0,0,0.0,0,0,273,510.1,14.7,2,3.8,0,512.0,,520,74300,9101.8,5.7
22,young,3394,132,6,1517,0,15,1,0,74,794,273,790,684197,9233.6,18260,1.9,17.4,552.0,79025,487.4,4.1,33.6,438.4,2,0,74214,57511,0,0,0,0,0,0,0,0,0,0,0,0,0.0,0,0,274,509.8,14.7,2,3.8,0,512.0,,571,78458,9597.5,6.1
23,young,2539,60,6,666,0,12,1,0,84,771,274,899,700955,9742.6,6195,1.7,19.2,576.0,83244,496.7,4.3,35.2,445.2,28,0,78478,60998,0,0,0,0,0,0,0,0,0,0,0,0,0.0,0,1,273,508.6,14.0,14,26.0,0,512.0,,606,82628,10094.1,6.5
24,young,2426,98,8,649,0,12,1,0,79,757,274,752,730626,10251.5,9908,1.3,20.5,580.0,87509,518.1,4.5,36.9,463.9,40,0,82729,64088,0,0,0,0,0,0,0,0,0,0,0,0,0.0,0,0,276,510.3,15.5,14,25.3,0,512.0,,626,86872,10598.7,6.7
25,young,4248,848,6,981,0,44,1,1,124,1200,276,982,777319,10759.2,17734,1.8,22.3,582.0,91777,565.5,9.7,39.2,502.6,46,0,87023,65196,0,0,0,0,0,0,0,0,0,0,0,0,0.0,0,0,277,509.8,16.1,14,24.9,0,512.0,,655,91111,11101.0,7.2
26,young,3038,46,6,723,0,9,1,0,45,1181,277,963,815612,11266.2,13533,1.6,23.9,584.0,96062,603.2,13.6,41.8,532.7,58,0,91312,66320,0,0,0,0,0,0,0,0,0,0,0,0,0.0,0,0,278,509.9,16.5,14,24.2,0,512.0,,677,95372,11603.9,7.5
27,young,2844,62,5,854,0,11,1,0,50,820,278,994,848574,11775.1,8908,0.8,24.6,586.0,100368,629.4,13.8,43.7,556.1,60,0,95618,67792,0,0,0,0,0,0,0,0,0,0,0,0,0.0,0,0,279,511.0,16.4,14,24.1,0,512.0,,695,99661,12108.7,7.8
28,young,2807,35,8,884,0,10,1,0,50,861,279,899,870624,12283.9,7052,0.7,25.3,586.0,104664,641.8,14.1,45.3,565.7,64,0,99945,70629,0,0,0,0,0,0,0,0,0,0,0,0,0.0,0,0,279,511.0,15.6,14,23.9,0,512.0,,723,103928,12609.9,8.1
29,young,3156,80,7,683,0,33,2,1,151,1157,279,1007,902705,12792.9,13147,1.0,26.3,586.0,108978,668.4,14.3,47.2,589.3,64,0,104278,72169,0,0,0,0,0,0,0,0,0,0,0,0,0.0,0,0,279,510.7,14.6,14,23.9,0,512.0,,745,108220,13113.5,8.3
30,young,3198,56,7,855,0,16,1,0,74,894,279,1236,921392,13302.9,6722,0.7,27.0,592.0,113317,678.8,14.6,48.5,597.3,68,0,108619,75097,0,0,0,0,0,0,0,0,0,0,0,0,0.0,0,0,282,511.1,19.4,14,23.6,0,512.0,,760,112544,13619.4,8.6
31,young,3531,92,8,903,0,27,2,1,121,939,282,1331,936760,13813.8,10295,0.7,27.7,592.0,117659,683.4,14.7,49.8,599.7,68,0,112973,79113,0,0,0,0,0,0,0,0,0,0,0,0,0.0,0,1,281,510.6,18.4,14,23.6,0,512.0,,785,116863,14124.2,8.9
32,young,4444,75,9,1056,0,36,2,0,146,1746,282,1286,987291,14320.2,21565,1.6,29.3,592.0,121982,728.7,15.0,52.3,640.8,68,0,117331,79708,0,0,0,0,0,0,0,0,0,0,0,0,0.0,0,0,282,510.1,17.2,14,23.6,0,512.0,,819,121151,14624.4,9.2
33,young,4667,176,8,1116,0,34,2,1,152,1739,282,1338,1043788,14829.1,22216,1.6,31.0,592.0,126353,780.6,15.3,54.9,688.7,68,0,121698,80356,0,0,0,0,0,0,0,0,0,0,0,1,0.0,0,1,281,509.4,15.2,14,23.6,0,512.0,,840,125500,15129.7,9.5
34,young,3759,71,9,653,0,23,2,0,92,1806,282,1021,1091998,15335.8,19144,1.5,32.5,592.0,130724,827.5,17.3,58.7,728.8,68,0,126076,81156,0,0,0,0,0,0,0,0,0,0,0,0,0.0,0,0,282,510.0,13.0,14,23.6,0,512.0,,869,129843,15632.2,9.8
35,young,3474,153,10,882,0,10,1,0,54,1321,282,984,1141490,15844.7,20797,1.5,34.0,592.0,135131,876.8,21.6,61.4,770.0,68,0,130475,82136,0,0,0,0,0,0,0,0,0,0,0,0,0.0,0,0,282,510.2,10.7,14,23.6,0,512.0,,892,134227,16137.8,10.1
36,young,3131,23,6,761,0,18,1,0,94,961,282,1212,1174585,16354.6,13165,1.0,34.9,594.0,139558,904.9,22.0,63.5,794.4,68,0,134892,83569,0,0,0,0,0,0,0,0,0,0,0,0,0.0,0,0,283,510.7,10.9,14,23.6,0,512.0,,904,138641,16644.9,10.4
37,young,2987,32,6,806,0,15,2,0,56,915,283,1111,1197014,16864.9,8735,0.6,35.6,598.0,143999,921.2,22.2,65.1,808.0,68,0,139332,85743,0,0,0,0,0,0,0,0,0,0,0,0,0.0,0,0,285,511.4,13.2,14,23.6,0,512.0,,915,143072,17152.8,10.7
38,young,3473,51,8,952,0,10,1,0,44,1247,285,1070,1242330,17371.2,21944,1.6,37.2,598.0,148399,961.9,22.4,67.5,844.8,68,0,143777,86822,0,0,0,0,0,0,0,0,0,0,0,0,0.0,0,0,285,509.8,12.6,14,23.6,0,512.0,,948,147439,17652.4,11.0
39,young,4569,216,7,1198,0,16,1,1,96,1679,285,1276,1307535,17878.4,24443,1.8,39.0,600.0,152843,1024.2,22.8,70.4,901.9,68,0,148223,87127,0,0,0,0,0,0,0,0,0,0,0,0,0.0,0,1,285,509.3,12.4,14,23.6,0,512.0,,979,151853,18155.5,11.2
40,young,5098,401,7,1074,0,36,1,1,154,1733,286,1603,1359436,18385.2,18223,1.4,40.4,606.0,157301,1072.2,23.3,73.3,945.6,68,0,152687,87746,0,0,0,0,0,0,0,0,0,0,0,0,0.0,0,0,289,510.4,15.6,14,23.6,0,512.0,,1008,156281,18658.2,11.6
41,young,4269,53,6,1182,0,17,1,1,71,1303,289,1540,1400221,18892.7,17364,1.3,41.6,606.0,161777,1114.1,29.5,75.8,977.4,68,0,157182,89002,0,0,0,0,0,0,0,0,0,0,0,0,0.0,0,0,289,510.7,13.5,14,23.6,0,512.0,,1038,160728,19161.3,11.8
42,young,4309,60,8,984,0,22,1,0,68,1650,289,1446,1435726,19403.0,18601,1.4,43.0,606.0,166255,1149.7,34.9,77.9,1004.5,68,0,161682,90635,0,0,0,0,0,0,0,0,0,0,0,1,0.0,0,0,289,510.2,12.1,14,23.6,0,512.0,,1071,165171,19662.2,12.1
43,young,4406,100,10,933,0,21,1,1,111,1348,289,1798,1474532,19910.8,20233,1.6,44.6,606.0,170758,1183.2,35.2,80.1,1034.5,70,0,166193,91809,0,0,0,0,0,0,0,0,0,0,0,0,0.0,0,0,289,509.9,10.4,14,23.5,0,512.0,,1102,169643,20164.8,12.4
44,young,3986,35,6,883,0,10,1,0,52,1415,289,1506,1519280,20418.6,17435,1.3,45.9,608.0,175283,1224.6,35.8,82.5,1071.7,70,0,170722,92580,0,0,0,0,0,0,0,0,0,0,0,0,0.0,0,0,290,510.2,10.2,14,23.5,0,512.0,,1132,174138,20668.1,12.7
45,young,3936,34,7,886,0,22,1,1,118,1341,290,1451,1563309,20927.0,15577,1.1,47.0,612.0,179827,1267.7,39.5,85.1,1107.4,70,0,175268,92943,0,0,0,0,0,0,0,0,0,0,0,0,0.0,0,0,292,510.4,12.4,14,23.5,0,512.0,,1151,178663,21173.1,13.0
46,young,4744,34,13,1178,0,15,2,0,85,1510,292,1811,1600531,21433.4,18899,1.5,48.5,614.0,184363,1297.5,39.9,86.9,1134.1,70,0,179828,93681,0,0,0,0,0,0,0,0,0,0,0,0,0.0,0,0,293,510.0,12.5,14,23.5,0,512.0,,1183,183167,21672.2,13.3
47,young,5238,436,8,1035,0,17,1,0,71,1892,293,1714,1624139,21944.5,26111,2.0,50.4,618.0,188944,1319.1,41.0,94.3,1146.4,70,0,184449,96397,0,0,0,0,0,0,0,0,0,0,0,103,0.0,1,6,288,504.4,14.4,14,23.5,0,512.0,,1225,187710,22173.3,13.7
48,young,5200,42,9,1116,0,10,1,0,57,1662,294,2173,1660286,22449.1,18874,1.5,51.9,620.0,193506,1364.5,56.0,96.2,1173.8,70,0,188990,97789,0,0,0,0,0,0,0,0,0,0,0,2,0.0,0,0,296,509.9,13.0,14,23.5,0,512.0,,1249,192244,22670.6,14.0
49,young,5157,32,7,1025,0,24,1,1,169,1796,296,2028,1687772,22955.6,26061,1.9,53.8,624.0,198105,1391.1,59.4,100.8,1191.6,70,0,193610,99536,0,0,0,0,0,0,0,0,0,0,0,0,0.0,0,0,298,509.2,14.7,14,23.5,0,512.0,,1281,196811,23168.6,14.3
50,young,6033,34,7,1218,0,33,2,1,163,1772,298,2745,1714376,23462.7,30259,2.2,56.0,628.0,202737,1410.0,59.6,102.2,1208.0,70,0,198239,101325,0,0,0,0,0,0,0,0,0,0,0,0,0.0,0,0,300,508.7,15.7,14,23.5,0,512.0,,1313,201411,23667.6,14.6
51,young,5510,111,7,1242,0,11,1,1,60,1844,300,2137,1737890,23969.9,25111,1.8,57.9,630.0,207401,1424.1,59.8,103.7,1219.6,70,0,202900,104059,0,0,0,0,0,0,0,0,0,0,0,0,0.0,0,0,301,509.1,14.2,14,23.5,0,512.0,,1336,206053,24168.2,14.9
52,young,6145,49,8,1378,0,14,1,1,86,1806,301,2677,1761673,24478.2,22879,1.7,59.6,634.0,212090,1440.8,60.0,105.5,1233.2,70,0,207579,106412,0,0,0,0,0,0,0,0,0,0,0,1,0.0,0,0,303,509.4,15.1,14,23.5,0,512.0,,1366,210712,24668.1,15.2
53,young,4822,94,8,906,0,14,2,0,74,1663,303,2007,1793897,24985.7,18997,1.4,61.0,638.0,216790,1464.8,60.3,107.8,1253.8,70,0,212294,107897,0,0,0,0,0,0,0,0,0,0,0,1,0.0,0,0,305,509.9,16.2,14,23.5,0,512.0,,1399,215378,25166.6,15.4
54,young,5268,41,9,1290,0,62,1,1,176,1440,305,2162,1830223,25492.7,20347,1.6,62.6,640.0,221508,1493.8,60.6,109.7,1279.7,70,0,217019,108717,0,0,0,0,0,0,0,0,0,0,0,0,0.0,0,1,305,509.3,16.0,14,23.5,0,512.0,,1429,220067,25665.4,15.8
55,young,6281,29,8,1414,0,27,2,1,121,1837,306,2755,1850420,26002.3,28095,2.1,64.6,644.0,226262,1512.1,67.2,111.4,1288.6,70,0,221766,112007,0,0,0,0,0,0,0,0,0,0,0,0,0.0,0,0,308,509.0,17.4,14,23.5,0,512.6,,1452,224797,26166.4,16.0
56,full-cycle,13624,60,1324,0,0,0,2,0,453,1927,448,505,1875161,26562.4,163523,17.5,17.5,964.0,234132,1584.3,101.3,135.4,1301.4,70,0,227081,118065,1384,6840,3637,134671,23,1063,113,0,0,0,1695,0,26.0,9,33,414,817.8,16.5,13,21.6,0,512.0,starved,1527,232599,27029.6,16.5
57,young,4199,831,10,727,0,17,1,0,68,1958,426,456,3612706,27019.7,30980,2.7,20.3,964.0,238201,3287.4,131.8,142.5,2966.5,81,0,231168,118578,0,0,0,0,0,0,0,0,0,0,0,0,28.0,0,0,455,862.2,14.7,13,21.0,0,512.0,,1541,236640,27474.9,16.7
58,young,3272,357,14,449,0,22,1,1,94,1528,415,700,3648730,27538.0,22670,2.5,22.8,964.0,242856,3331.6,149.3,144.4,2990.1,99,0,235876,119891,0,0,0,0,0,0,0,0,0,0,0,0,28.0,0,0,455,854.7,14.7,13,19.9,0,512.0,,1572,241245,27969.9,17.0
59,young,3735,290,7,826,0,36,1,0,109,1514,386,807,3675336,28037.6,25277,2.2,25.0,964.0,247332,3347.3,149.5,145.8,3003.3,105,0,240405,122095,0,0,0,0,0,0,0,0,0,0,0,0,28.0,0,0,455,849.2,14.7,13,19.6,0,512.0,,1605,245678,28465.0,17.3
60,young,3122,213,23,624,0,22,1,0,89,1478,420,589,3722354,28578.3,24384,2.0,26.9,964.0,251581,3381.5,149.6,147.5,3034.9,109,0,244706,124253,0,0,0,0,0,0,0,0,0,0,0,0,28.0,0,0,455,846.4,14.7,13,19.4,0,512.0,,1636,249896,28958.5,17.6
61,young,3385,80,10,669,0,29,2,0,74,1698,433,758,3745532,29177.6,25930,1.9,28.8,964.0,255849,3391.6,151.0,149.2,3041.3,109,0,249024,127815,0,0,0,0,0,0,0,0,0,0,0,0,28.0,0,1,454,842.8,14.7,13,19.4,0,512.0,,1672,254129,29450.7,17.9
62,young,3471,182,7,557,0,31,1,0,104,1545,428,983,3765508,29720.7,22030,1.6,30.5,964.0,260136,3399.0,151.2,150.5,3046.5,109,0,253362,131302,0,0,0,0,0,0,0,0,0,0,0,0,28.0,0,0,455,840.6,14.7,13,19.4,0,512.0,,1701,258386,29943.1,18.1
63,young,4699,581,7,775,0,39,1,0,93,2274,440,820,3786998,30297.8,23617,1.8,32.2,964.0,264422,3407.6,151.7,152.2,3052.2,109,0,257683,134776,0,0,0,0,0,0,0,0,0,0,0,0,28.0,0,0,455,837.7,14.7,13,19.4,0,512.0,,1733,262640,30436.9,18.4
64,young,3805,708,8,507,0,25,1,1,85,1557,429,807,3805092,30850.4,22717,1.7,33.9,964.0,268723,3417.7,154.8,154.9,3055.5,109,0,262053,138502,0,0,0,0,0,0,0,0,0,0,0,1,28.0,0,0,455,835.0,14.7,13,19.4,0,512.0,,1766,266909,30927.5,18.7
65,young,3462,157,6,658,0,23,1,0,63,1532,419,941,3826006,31332.1,24364,1.8,35.7,964.0,273034,3427.5,155.4,156.5,3062.3,109,0,266422,141611,0,0,0,0,0,0,0,0,0,0,0,0,28.0,0,1,454,831.6,14.7,13,19.4,0,512.0,,1799,271186,31418.3,19.0
66,young,4171,40,9,780,0,36,1,0,94,1938,409,1179,3847799,31959.5,33029,2.6,38.2,964.0,277383,3434.0,155.6,157.7,3066.7,111,0,270818,145215,0,0,0,0,0,0,0,0,0,0,0,0,28.0,0,0,455,828.1,14.7,13,19.2,0,512.0,,1833,275502,31910.4,19.3
67,young,4213,41,8,895,0,22,1,0,80,1784,406,1296,3866851,32468.7,33443,2.4,40.7,964.0,281770,3444.2,156.3,159.7,3073.4,111,0,275247,149024,0,0,0,0,0,0,0,0,0,0,0,0,28.0,0,0,455,824.3,14.7,13,19.2,0,512.0,,1863,279858,32403.1,19.6
68,young,4017,59,7,885,0,13,1,0,55,1810,417,1089,3888595,32976.8,28558,2.1,42.7,964.0,286173,3454.3,156.5,161.6,3080.4,111,0,279697,151899,0,0,0,0,0,0,0,0,0,0,0,0,28.0,0,0,455,820.9,14.7,13,19.2,0,512.0,,1894,284230,32895.5,19.8
69,young,4104,375,6,606,0,16,1,0,70,1785,412,1156,3905189,33388.5,28424,2.1,44.9,964.0,290589,3459.7,156.7,163.2,3083.4,111,0,284181,155892,0,0,0,0,0,0,0,0,0,0,0,0,28.0,0,1,454,817.2,14.7,13,19.2,0,512.0,,1928,288613,33386.5,20.1
70,young,4983,170,7,796,0,20,1,0,77,2014,412,1812,3924283,33855.5,29834,2.1,47.0,964.0,295031,3467.9,156.9,164.6,3089.3,111,0,288682,159146,0,0,0,0,0,0,0,0,0,0,0,0,28.0,0,0,455,814.0,14.7,13,19.2,0,512.0,,1957,293025,33876.5,20.4
71,young,4940,116,10,780,0,22,1,0,85,1895,405,1942,3941720,34441.7,24980,1.9,48.9,964.0,299504,3480.8,164.6,166.1,3092.1,111,0,293205,163173,0,0,0,0,0,0,0,0,0,0,0,0,28.0,0,0,455,811.0,14.7,13,19.2,0,512.0,,1987,297468,34369.4,20.7
72,young,4694,28,7,704,0,34,1,1,114,2006,400,1712,3958405,35011.6,27088,2.0,50.9,964.0,304006,3506.7,185.8,167.5,3094.7,111,0,297761,167164,0,0,0,0,0,0,0,0,0,0,0,0,28.0,0,0,455,807.8,14.7,13,19.2,0,512.0,,2018,301939,34861.5,21.0
73,young,4209,50,7,702,0,22,1,1,85,1583,412,1652,3974447,35518.2,23866,1.8,52.6,964.0,308529,3511.3,186.0,169.0,3097.1,111,0,302328,171259,0,0,0,0,0,0,0,0,0,0,0,0,28.0,0,0,455,804.9,14.7,13,19.2,0,512.0,,2048,306431,35353.6,21.3
74,young,4338,50,6,768,0,25,1,1,90,1738,421,1574,3994283,36029.1,23795,1.8,54.4,964.0,313037,3520.7,188.5,170.6,3101.5,111,0,306898,175053,0,0,0,0,0,0,0,0,0,0,0,0,28.0,0,0,455,801.9,14.7,13,19.2,0,512.0,,2081,310907,35844.6,21.6
75,young,4181,38,6,630,0,26,1,1,95,1704,426,1570,4010651,36515.6,25714,1.9,56.3,964.0,317580,3526.6,188.7,172.1,3104.6,111,0,311479,179038,0,0,0,0,0,0,0,0,0,0,0,0,28.0,0,0,455,798.8,14.7,13,19.2,0,512.0,,2111,315420,36338.3,21.9
76,young,4817,126,6,912,0,11,1,0,51,2008,419,1651,4025150,37044.9,35417,2.6,58.9,964.0,322116,3532.3,188.9,173.5,3107.8,111,0,316083,183095,0,0,0,0,0,0,0,0,0,0,0,0,28.0,0,0,455,794.8,14.7,13,19.2,0,512.0,,2144,319924,36828.8,22.2
77,young,4977,52,6,716,0,22,1,0,78,2046,412,1948,4040359,37555.1,38678,2.8,61.8,964.0,326704,3537.7,189.1,174.8,3111.1,111,0,320714,187186,0,0,0,0,0,0,0,0,0,0,0,0,28.0,0,0,455,790.4,14.7,13,19.2,0,512.0,,2169,324485,37321.3,22.5
78,young,5453,33,9,1062,0,22,1,0,82,2075,420,2105,4056044,38062.8,35039,2.5,64.3,964.0,331319,3542.1,189.3,176.5,3112.9,111,0,325381,191465,0,0,0,0,0,0,0,0,0,0,0,1,28.0,0,0,455,786.1,14.7,13,19.2,0,512.3,,2202,329067,37812.9,22.8
79,young,5036,174,12,853,0,18,1,0,70,1824,424,2009,4073237,38412.4,30366,2.2,66.6,964.0,335959,3548.0,190.0,178.2,3115.5,111,0,330069,195598,0,0,0,0,0,0,0,0,0,0,0,0,28.0,0,0,455,782.5,14.7,13,19.2,0,514.6,,2233,333676,38305.7,23.1
80,young,5159,70,10,742,0,19,1,1,73,2055,425,2140,4090980,39038.1,34158,2.5,69.1,964.0,340635,3554.7,190.4,180.2,3119.1,111,0,334789,199624,0,0,0,0,0,0,0,0,0,0,0,0,28.0,0,0,455,778.5,14.7,13,19.2,0,517.1,,2264,338321,38800.6,23.4
81,young,5595,106,7,704,0,25,1,0,87,2039,415,2511,4110809,39588.3,33951,2.4,71.5,964.0,345366,3561.8,190.7,181.6,3123.7,111,0,339566,203707,0,0,0,0,0,0,0,0,0,0,0,1,28.0,0,1,454,774.1,14.7,13,19.2,0,519.5,,2293,343024,39298.4,23.7
82,young,5817,45,6,1145,0,26,1,1,89,2026,404,2389,4126988,40065.3,28701,2.1,73.7,964.0,350137,3566.7,191.0,183.1,3125.9,111,0,344394,208026,0,0,0,0,0,0,0,0,0,0,0,0,28.0,0,0,455,771.1,14.7,13,19.2,0,521.7,,2326,347764,39797.0,24.0
83,young,5246,214,10,771,0,16,1,0,68,1873,411,2211,4150577,40595.6,26007,1.9,75.5,964.0,354951,3581.7,194.4,185.3,3134.0,111,0,349254,211394,0,0,0,0,0,0,0,0,0,0,0,0,28.0,0,0,455,767.6,14.7,13,19.2,0,523.5,,2356,352546,40298.5,24.4
84,young,6200,55,7,946,0,22,1,0,83,2050,409,2955,4167773,41135.2,26011,2.0,77.5,964.0,359812,3589.4,194.6,186.9,3139.1,111,0,354155,215482,0,0,0,0,0,0,0,0,0,0,0,0,28.0,0,0,455,764.3,14.7,13,19.2,0,525.5,,2386,357376,40802.2,24.7
85,young,5312,79,9,771,0,16,1,0,68,1754,400,2558,4183777,41655.5,29522,2.2,79.6,964.0,364727,3595.4,194.8,188.6,3142.3,111,0,359119,219862,0,0,0,0,0,0,0,0,0,0,0,0,28.0,0,0,455,760.5,14.7,13,19.2,0,527.6,,2420,362258,41307.6,25.0
86,young,6279,41,7,1028,0,27,1,1,102,1998,403,2988,4199700,42177.1,29847,2.2,81.9,964.0,369666,3600.7,195.0,190.1,3145.1,111,0,364102,224339,0,0,0,0,0,0,0,0,0,0,0,0,28.0,0,0,455,756.4,14.7,13,19.2,0,529.9,,2450,367167,41814.8,25.3
87,full-cycle,20810,256,1089,0,0,0,2,0,100,1893,431,134,4252852,42870.5,167584,17.8,17.8,1050.0,379364,3645.6,195.7,194.7,3183.1,144,0,372908,231920,1345,9504,3128,124934,32,945,115,0,0,0,6750,0,100.0,7,86,368,725.8,9.2,14,21.8,0,512.0,promoted,2539,376761,42808.5,26.0
88,young,3153,311,7,562,0,21,1,0,81,1593,446,505,4323801,43313.2,27918,4.5,22.3,1050.0,382569,3706.3,196.0,196.3,3241.5,164,0,376104,234011,0,0,0,0,0,0,0,0,0,0,0,0,102.0,0,0,460,875.6,7.5,14,20.6,0,512.0,,2544,379933,43147.8,26.2
89,young,2886,54,20,675,0,23,1,0,93,1356,402,610,4347996,44019.9,23798,2.0,24.3,1050.0,387322,3721.5,199.1,198.2,3250.8,168,0,380898,237562,0,0,0,0,0,0,0,0,0,0,0,0,102.0,0,0,460,867.2,7.5,14,20.4,0,512.0,,2574,384617,43639.5,26.5
90,young,3234,223,7,612,0,20,1,0,77,1520,391,695,4365474,44607.4,26965,2.0,26.3,1050.0,391843,3729.2,200.6,200.1,3254.3,168,0,385484,241536,0,0,0,0,0,0,0,0,0,0,0,0,102.0,0,0,460,861.4,7.5,14,20.4,0,512.0,,2607,389094,44129.7,26.8
91,young,3818,337,8,881,0,23,1,0,74,1692,415,711,4380497,44970.7,25508,1.9,28.2,1050.0,396327,3734.9,201.7,201.7,3256.6,168,0,390030,245679,0,0,0,0,0,0,0,0,0,0,0,0,102.0,0,1,459,854.4,7.5,14,20.4,0,512.0,,2638,393540,44619.9,27.1
92,young,2972,64,10,577,0,23,1,0,84,1366,421,774,4401780,45426.0,21620,1.6,29.7,1050.0,400676,3747.9,203.3,203.8,3265.1,168,0,394425,248923,0,0,0,0,0,0,0,0,0,0,0,0,102.0,0,0,460,852.0,7.5,14,20.4,0,512.0,,2669,397858,45112.2,27.4
93,young,3454,151,11,742,0,26,1,0,88,1555,435,784,4418294,45921.7,25448,1.9,31.6,1050.0,404983,3756.1,203.8,206.1,3269.3,168,0,398781,252611,0,0,0,0,0,0,0,0,0,0,0,0,102.0,0,0,460,848.9,7.5,14,20.4,0,512.0,,2696,402138,45604.5,27.6
94,young,3960,266,9,564,0,23,1,1,80,1784,441,1142,4437079,46485.7,31933,2.4,34.0,1050.0,409342,3764.0,204.0,207.6,3274.7,168,0,403187,256121,0,0,0,0,0,0,0,0,0,0,0,0,102.0,0,0,460,845.3,7.5,14,20.4,0,512.0,,2727,406465,46096.4,27.9
95,young,3809,53,10,670,0,17,1,0,65,1856,444,1068,4463706,46964.1,32922,2.4,36.4,1050.0,413728,3777.2,204.2,209.1,3285.5,168,0,407615,258268,0,0,0,0,0,0,0,0,0,0,0,0,102.0,0,0,460,841.1,7.5,14,20.4,0,512.0,,2760,410816,46589.0,28.2
96,young,4409,424,5,490,0,26,1,1,92,2068,431,1197,4483686,47647.2,28574,2.1,38.5,1050.0,418122,3783.6,204.5,210.8,3289.2,168,0,412061,262118,0,0,0,0,0,0,0,0,0,0,0,0,102.0,0,0,460,837.8,7.5,14,20.4,0,512.0,,2790,415179,47081.4,28.5
97,young,4039,221,8,759,0,19,1,0,69,1695,444,1193,4500744,48135.7,28524,2.0,40.6,1050.0,422522,3789.8,204.9,212.3,3292.6,168,0,416514,265979,0,0,0,0,0,0,0,0,0,0,0,0,102.0,0,0,460,834.4,7.5,14,20.4,0,512.0,,2820,419549,47572.3,28.8
98,young,3381,74,9,645,0,20,1,0,72,1339,442,1125,4520381,48653.6,23779,1.8,42.4,1050.0,426946,3802.2,207.4,214.5,3299.6,168,0,420994,268951,0,0,0,0,0,0,0,0,0,0,0,0,102.0,0,0,460,831.6,7.5,14,20.4,0,512.0,,2853,423941,48064.3,29.1
99,young,3718,130,7,738,0,10,1,0,42,1582,445,1143,4537089,49141.3,27048,1.9,44.3,1050.0,431328,3809.1,207.6,216.3,3303.7,168,0,425436,272713,0,0,0,0,0,0,0,0,0,0,0,0,102.0,0,0,460,828.4,7.5,14,20.4,0,512.0,,2885,428291,48554.7,29.4
100,young,3631,344,12,564,0,21,1,0,75,1360,439,1123,4556714,49752.0,22857,1.7,46.0,1050.0,435780,3817.2,207.8,217.9,3309.3,168,0,429929,276470,0,0,0,0,0,0,0,0,0,0,0,0,100.0,0,0,460,825.6,7.5,14,20.4,0,512.0,,2914,432713,49047.7,29.7
101,young,3876,78,7,843,0,20,1,0,73,1551,427,1238,4571309,50160.6,26151,1.9,47.9,1050.0,440307,3823.6,208.5,219.8,3312.1,168,0,434496,280465,0,0,0,0,0,0,0,0,0,0,0,0,102.0,0,1,459,822.0,7.5,14,20.4,0,512.0,,2942,437212,49542.5,30.0
102,young,3508,54,12,758,0,22,1,0,77,1356,423,1175,4588525,50749.5,18137,1.3,49.2,1050.0,444821,3830.9,209.4,221.7,3315.7,168,0,439051,284382,0,0,0,0,0,0,0,0,0,0,0,0,102.0,0,0,460,820.1,7.5,14,20.4,0,512.0,,2972,441696,50034.5,30.3
103,young,4173,152,11,780,0,22,1,0,73,1300,413,1757,4605999,51176.0,14185,1.1,50.3,1050.0,449364,3843.4,212.9,223.4,3321.8,168,0,443645,287820,0,0,0,0,0,0,0,0,0,0,0,0,102.0,0,0,460,818.3,7.5,14,20.4,0,512.0,,3006,446207,50527.1,30.6
104,young,3984,75,8,876,0,18,1,0,73,1578,432,1270,4623790,51682.0,26422,2.0,52.3,1050.0,453893,3850.4,213.1,225.0,3326.1,168,0,448231,291735,0,0,0,0,0,0,0,0,0,0,0,0,102.0,0,0,460,815.3,7.5,14,20.4,0,512.0,,3038,450704,51018.9,30.8
105,young,4304,25,8,710,0,16,2,0,66,1456,417,1922,4641720,52313.9,22141,1.6,53.9,1050.0,458416,3861.5,217.9,227.0,3329.0,168,0,452818,295740,0,0,0,0,0,0,0,0,0,0,0,0,102.0,0,0,460,812.4,7.5,14,20.4,0,512.0,,3068,455196,51508.8,31.2
106,young,4155,106,15,714,0,30,1,1,81,1370,400,1752,4656863,52823.7,17199,1.4,55.2,1050.0,462981,3867.8,218.1,228.7,3332.5,168,0,457442,299799,0,0,0,0,0,0,0,0,0,0,0,1,102.0,0,0,460,810.1,7.5,14,20.4,0,512.0,,3100,459728,51999.6,31.5
107,young,4409,113,7,771,0,22,1,0,80,1650,402,1696,4672017,53333.9,33111,2.5,57.7,1050.0,467562,3873.6,219.3,230.0,3335.1,168,0,462084,303959,0,0,0,0,0,0,0,0,0,0,0,0,102.0,0,0,460,805.9,7.5,14,20.4,0,512.0,,3133,464276,52488.9,31.8
108,young,4334,49,26,862,0,24,2,0,78,1582,397,1633,4689446,53842.3,33354,2.4,60.1,1050.0,472189,3881.9,220.3,231.9,3339.4,168,0,466760,307913,0,0,0,0,0,0,0,0,0,0,0,0,102.0,0,0,460,801.7,7.5,14,20.4,0,512.0,,3166,468871,52979.6,32.1
109,young,5145,112,14,895,0,42,3,0,144,1464,401,2371,4705001,54288.4,29540,2.2,62.3,1050.0,476838,3904.0,236.3,235.4,3341.1,168,0,471456,312186,0,0,0,0,0,0,0,0,0,0,0,0,102.0,0,0,460,798.0,7.5,14,20.4,0,512.0,,3197,473490,53469.4,32.4
110,young,4452,83,7,1145,0,26,1,1,78,1367,421,1650,4725164,54779.9,30281,2.2,64.5,1050.0,481461,3911.2,236.6,236.9,3345.8,168,0,476128,315909,0,0,0,0,0,0,0,0,0,0,0,0,102.0,0,0,460,794.4,7.5,14,20.4,0,512.5,,3225,478083,53960.4,32.7
111,young,4688,153,6,621,0,10,1,0,42,1796,414,1961,4743395,55337.2,30988,2.3,66.8,1050.0,486149,3924.4,241.6,240.6,3349.2,168,0,480871,319913,0,0,0,0,0,0,0,0,0,0,0,0,102.0,0,0,460,790.7,7.5,14,20.4,0,514.8,,3257,482739,54450.0,33.0
112,young,5544,289,5,926,0,18,1,0,65,2082,424,2060,4761396,55878.3,35184,2.6,69.4,1050.0,490864,3932.2,242.5,242.4,3353.4,168,0,485637,323803,0,0,0,0,0,0,0,0,0,0,0,0,102.0,0,0,460,786.4,7.5,14,20.4,0,517.4,,3290,487421,54942.8,33.3
113,young,5992,33,14,1020,0,17,1,0,65,2049,424,2719,4778237,56389.4,29811,2.2,71.6,1050.0,495646,3936.4,242.7,243.8,3355.3,168,0,490459,328184,0,0,0,0,0,0,0,0,0,0,0,0,102.0,0,0,460,782.5,7.5,14,20.4,0,519.6,,3321,492172,55439.0,33.6
114,young,4879,34,6,908,0,17,1,0,62,1538,423,2216,4797220,56903.5,24109,1.8,73.3,1050.0,500479,3942.2,243.0,245.4,3358.3,168,0,495347,332535,0,0,0,0,0,0,0,0,0,0,0,0,102.0,0,0,460,779.1,7.5,14,20.4,0,521.3,,3353,496974,55936.7,34.0
115,young,5392,41,6,831,0,22,1,0,88,1622,435,2698,4814319,57374.6,23566,1.7,75.1,1050.0,505325,3948.2,243.2,246.8,3361.3,168,0,500242,336915,0,0,0,0,0,0,0,0,0,0,0,0,102.0,0,0,460,776.1,7.5,14,20.4,0,523.1,,3383,501789,56435.2,34.3
116,young,5376,67,6,975,0,11,1,0,47,1771,420,2398,4831794,57939.7,28448,2.1,77.2,1050.0,510207,3954.3,243.4,248.6,3364.7,168,0,505174,341188,0,0,0,0,0,0,0,0,0,0,0,0,102.0,0,1,459,771.9,7.5,14,20.4,0,525.2,,3416,506639,56936.1,34.6
117,young,5367,26,6,689,0,23,1,0,79,1665,422,2810,4846694,58454.3,28199,2.1,79.2,1050.0,515128,3960.6,243.6,250.3,3367.9,168,0,510147,345475,0,0,0,0,0,0,0,0,0,0,0,0,102.0,0,0,460,768.4,7.5,14,20.4,0,527.2,,3448,511528,57437.8,34.9
118,young,6043,33,6,1039,0,25,1,0,81,1860,427,2940,4863276,58980.6,31270,2.3,81.6,1050.0,520096,3966.8,243.8,251.7,3371.2,168,0,515157,349764,0,0,0,0,0,0,0,0,0,0,0,0,102.0,0,0,460,764.4,7.5,14,20.4,0,529.6,,3478,516465,57942.9,35.2
119,young,6825,28,6,806,0,27,1,0,92,1856,425,3880,4878978,59504.2,34775,2.5,84.1,1050.0,525128,3973.8,244.0,253.4,3375.5,168,0,520248,354057,0,0,0,0,0,0,0,0,0,0,0,0,102.0,0,0,460,759.9,7.5,14,20.4,0,532.1,,3515,521462,58450.5,35.6
120,full-cycle,20190,104,1377,0,0,0,1,1,84,2096,506,125,4900064,60097.0,166932,17.7,17.7,1198.0,534572,4005.4,251.3,266.4,3385.5,168,0,527714,362225,1481,13880,3319,127708,162,852,76,0,0,0,1406,1,186.0,4,18,470,922.9,8.0,14,23.8,0,512.0,promoted,3600,530841,59447.8,36.2
121,young,2910,145,10,473,0,20,1,0,80,1727,464,373,5445633,60889.6,23040,4.1,21.8,1198.0,538981,4740.7,401.1,351.9,3884.9,218,0,532152,364875,0,0,0,0,0,0,0,0,0,0,0,0,194.0,0,0,488,941.3,0.0,14,20.9,0,512.0,,3608,535191,59911.1,36.5
122,young,3228,80,7,870,0,15,1,0,69,1550,415,539,5466994,61509.3,24874,3.0,24.8,1198.0,543638,4748.1,401.3,353.8,3889.0,240,0,536867,368886,0,0,0,0,0,0,0,0,0,0,0,0,194.0,0,0,488,932.0,0.0,14,19.6,0,512.0,,3649,539778,60397.2,36.8
123,young,3756,166,8,666,0,12,1,0,58,2039,424,696,5489653,62046.6,33995,2.8,27.6,1198.0,547970,4753.2,401.5,355.2,3891.8,246,0,541256,372827,0,0,0,0,0,0,0,0,0,0,0,1,192.0,0,0,488,927.1,0.0,14,19.2,0,512.0,,3695,544059,60884.9,37.1
124,young,3942,163,8,574,0,19,1,0,73,1882,412,1096,5510453,62602.6,34268,2.7,30.3,1198.0,552467,4762.8,403.8,357.1,3896.0,250,0,545806,376817,0,0,0,0,0,0,0,0,0,0,0,0,194.0,0,0,488,920.6,0.0,14,19.0,0,512.0,,3729,548505,61373.8,37.4
125,young,3832,30,15,657,0,21,1,0,79,1730,403,1179,5526631,63108.8,26479,2.0,32.3,1198.0,556901,4767.6,403.9,358.5,3898.3,252,0,550299,380786,0,0,0,0,0,0,0,0,0,0,0,0,194.0,0,0,488,915.8,0.0,14,18.9,0,512.0,,3774,552887,61861.2,37.7
126,young,3844,408,8,594,0,14,1,0,57,1601,420,1033,5546482,63588.2,21926,1.7,34.0,1198.0,561246,4775.1,404.5,360.1,3902.8,254,0,554717,384360,0,0,0,0,0,0,0,0,0,0,0,0,194.0,0,0,488,913.0,0.0,14,18.8,0,512.0,,3818,557189,62347.6,38.0
127,young,3615,40,10,648,0,26,1,0,106,1727,417,1006,5562963,64124.4,29644,2.2,36.2,1198.0,565611,4780.9,404.7,361.4,3906.3,254,0,559148,388230,0,0,0,0,0,0,0,0,0,0,0,1,194.0,0,0,488,909.5,0.0,14,18.8,0,512.0,,3861,561512,62835.6,38.3
128,young,3928,57,7,913,0,11,1,0,51,1770,415,1029,5581242,64639.1,31279,2.3,38.5,1198.0,570027,4787.4,404.9,362.7,3910.5,254,0,563607,391986,0,0,0,0,0,0,0,0,0,0,0,0,194.0,0,0,488,905.7,0.0,14,18.8,0,512.0,,3889,565898,63327.2,38.6
129,young,3732,51,7,674,0,26,1,1,92,1726,416,1075,5597685,65148.5,27714,2.1,40.6,1198.0,574452,4793.0,405.1,364.3,3913.5,254,0,568076,395968,0,0,0,0,0,0,0,0,0,0,0,0,194.0,0,0,488,902.0,0.0,14,18.8,0,512.0,,3921,570292,63817.6,38.9
130,young,3978,117,8,762,0,22,1,0,76,1602,415,1320,5613218,65657.9,34046,2.5,43.1,1198.0,578906,4799.4,405.3,365.6,3917.5,254,0,572584,399821,0,0,0,0,0,0,0,0,0,0,0,0,194.0,0,1,487,897.4,0.0,14,18.8,0,512.0,,3957,574710,64306.9,39.2
131,young,4028,163,6,742,0,12,2,0,46,1519,408,1441,5628008,66166.4,27281,1.9,45.0,1198.0,583402,4804.0,405.6,367.1,3919.6,254,0,577143,403892,0,0,0,0,0,0,0,0,0,0,0,0,194.0,0,0,488,894.0,0.0,14,18.8,0,512.0,,3991,579169,64795.1,39.4
132,young,3948,423,16,736,0,31,2,0,96,1333,408,1223,5645962,66516.2,20579,1.6,46.6,1198.0,587953,4812.7,405.8,368.4,3926.0,254,0,581739,407148,0,0,0,0,0,0,0,0,0,0,0,0,194.0,0,1,487,890.0,0.0,14,18.8,0,512.0,,4023,583689,65286.2,39.7
133,young,4089,405,8,545,0,23,1,0,93,1591,461,1337,5665200,66957.6,24059,1.7,48.3,1198.0,592355,4824.7,411.4,370.2,3929.9,254,0,586186,410753,0,0,0,0,0,0,0,0,0,0,0,0,194.0,0,0,488,886.9,0.0,14,18.8,0,512.0,,4053,588057,65776.7,40.0
134,young,3757,119,7,615,0,20,1,0,75,1603,437,1233,5685759,67557.3,21879,1.6,49.9,1198.0,596819,4833.2,411.6,371.8,3935.0,254,0,590701,414529,0,0,0,0,0,0,0,0,0,0,0,0,194.0,0,0,488,884.2,0.0,14,18.8,0,512.0,,4086,592489,66267.3,40.3
135,young,4488,575,6,568,0,26,1,0,97,1484,441,1611,5705746,68156.4,23709,1.8,51.7,1198.0,601290,4838.9,411.8,373.2,3938.3,254,0,595220,418332,0,0,0,0,0,0,0,0,0,0,0,0,194.0,0,0,488,881.3,0.0,14,18.8,0,512.0,,4118,596927,66757.0,40.6
136,young,4083,186,7,646,0,23,1,1,76,1697,455,1371,5723772,68712.2,31480,2.3,54.0,1198.0,605784,4847.1,411.9,374.6,3943.1,254,0,599756,421968,0,0,0,0,0,0,0,0,0,0,0,0,194.0,0,0,488,877.6,0.0,14,18.8,0,512.0,,4151,601388,67248.0,40.9
137,young,4121,27,6,623,0,29,1,0,102,1771,443,1444,5740250,69221.9,28100,2.0,56.1,1198.0,610325,4853.8,412.3,376.4,3946.6,254,0,604341,426014,0,0,0,0,0,0,0,0,0,0,0,0,194.0,0,1,487,873.4,0.0,14,18.8,0,512.0,,4182,605892,67739.2,41.2
138,young,4190,538,6,681,0,9,1,0,47,1412,442,1404,5755249,69724.3,24827,1.8,57.9,1198.0,614852,4858.6,412.5,377.8,3949.1,254,0,608918,430094,0,0,0,0,0,0,0,0,0,0,0,0,194.0,0,0,488,870.5,0.0,14,18.8,0,512.0,,4214,610388,68228.9,41.5
139,young,4440,576,14,662,0,10,1,0,45,1443,439,1565,5776504,70033.8,20728,1.5,59.4,1198.0,619406,4872.4,418.6,379.6,3954.0,254,0,613533,433739,0,0,0,0,0,0,0,0,0,0,0,0,194.0,0,1,487,867.5,0.0,14,18.8,0,512.0,,4248,614908,68718.1,41.8
140,young,4799,121,7,1054,0,22,1,0,82,1863,433,1568,5800480,70751.3,26653,2.0,61.4,1198.0,623982,4880.7,418.8,381.0,3959.2,254,0,618170,437453,0,0,0,0,0,0,0,0,0,0,0,0,194.0,0,0,488,864.5,0.0,14,18.8,0,512.0,,4281,619450,69206.3,42.1
141,young,5344,345,6,757,0,20,2,0,59,2080,435,1990,5821756,71260.6,33285,2.4,63.8,1198.0,628596,4887.8,418.9,382.7,3963.0,254,0,622828,441567,0,0,0,0,0,0,0,0,0,0,0,0,194.0,0,0,488,860.5,0.0,14,18.8,0,512.0,,4314,624032,69697.0,42.4
142,young,5205,259,8,865,0,21,1,1,80,1936,439,1952,5837851,71769.5,29474,2.2,66.0,1198.0,633225,4894.9,419.3,384.7,3966.8,254,0,627502,445631,0,0,0,0,0,0,0,0,0,0,0,0,194.0,0,0,488,856.8,0.0,14,18.8,0,514.0,,4346,628630,70188.3,42.7
143,young,5368,87,7,1010,0,20,1,0,75,1899,439,2168,5858224,72213.2,27954,2.0,68.1,1198.0,637887,4976.9,470.1,411.2,3970.8,254,0,632202,449462,0,0,0,0,0,0,0,0,0,0,0,0,194.0,0,0,488,853.2,0.0,14,18.8,0,516.1,,4375,633261,70681.1,43.1
144,young,5110,179,7,596,0,30,1,1,104,1491,452,2582,5881277,72708.5,14255,1.1,69.1,1198.0,642544,4985.4,470.2,413.2,3976.4,254,0,636924,452974,0,0,0,0,0,0,0,0,0,0,0,1,194.0,0,0,488,851.3,0.0,14,18.8,0,517.1,,4410,637885,71174.5,43.4
145,young,5300,44,7,1290,0,34,2,0,103,1639,448,2073,5902378,73305.9,23744,1.8,70.9,1198.0,647257,4997.6,474.5,415.8,3980.6,254,0,641679,457000,0,0,0,0,0,0,0,0,0,0,0,0,194.0,0,1,487,847.8,0.0,14,18.8,0,518.9,,4442,642565,71670.6,43.7
146,young,4870,408,8,597,0,11,1,0,52,1397,443,2285,5924303,73747.8,25254,1.9,72.7,1198.0,651966,5010.1,474.7,417.5,3990.0,254,0,646452,459618,0,0,0,0,0,0,0,0,0,0,0,0,194.0,0,0,488,844.8,0.0,14,18.8,0,520.7,,4476,647241,72166.4,44.0
147,full-cycle,12542,186,1440,0,0,0,1,0,76,1600,364,96,5944090,74384.7,157511,18.8,18.8,1198.0,658682,5018.2,475.0,419.7,3994.4,263,0,653185,465415,1625,5603,2895,117399,77,985,108,0,0,0,2338,0,324.0,14,29,380,749.6,20.2,14,21.5,0,512.0,starved,4560,653866,72856.4,44.4
148,young,2952,28,6,532,0,10,1,0,47,1579,375,655,5968976,75179.3,31916,4.1,22.9,1198.0,663536,5025.5,475.2,422.0,3998.2,293,0,658061,469279,0,0,0,0,0,0,0,0,0,0,0,0,332.0,0,0,419,780.7,14.0,14,19.6,0,512.0,,4564,658635,73297.1,44.8
149,young,3964,346,7,840,0,21,1,0,81,1638,365,933,5986020,75689.4,28960,2.8,25.6,1198.0,668073,5042.7,486.2,423.7,4001.8,306,0,662640,473191,0,0,0,0,0,0,0,0,0,0,0,0,332.0,0,0,419,774.8,14.0,14,18.9,0,512.0,,4597,663118,73787.2,45.1
150,young,3277,211,10,668,0,22,1,0,75,1511,386,671,6009683,76086.0,30145,2.8,28.4,1198.0,672507,5056.5,486.4,425.4,4008.4,318,0,667130,476499,0,0,0,0,0,0,0,0,0,0,0,0,332.0,0,0,419,769.8,14.0,14,18.1,0,512.0,,4634,667509,74275.2,45.4
151,young,4217,32,8,504,0,29,2,0,97,2457,375,1020,6030527,76706.0,32635,2.8,31.2,1198.0,676946,5063.0,486.5,426.7,4012.6,326,0,671625,480133,0,0,0,0,0,0,0,0,0,0,0,0,332.0,0,0,419,765.0,14.0,14,17.7,0,512.0,,4678,671898,74761.9,45.6
152,young,2957,56,6,638,0,8,1,0,41,1353,364,762,6048106,77213.5,31945,2.5,33.7,1198.0,681348,5071.7,488.6,428.5,4016.7,330,0,676084,483925,0,0,0,0,0,0,0,0,0,0,0,0,332.0,0,0,419,761.1,14.0,14,17.4,0,512.0,,4705,676272,75252.1,45.9
153,young,3632,530,9,620,0,27,1,0,93,1256,363,994,6069755,77720.1,21851,1.8,35.5,1198.0,685807,5077.3,488.8,429.9,4019.3,334,0,680599,487982,0,0,0,0,0,0,0,0,0,0,0,0,332.0,0,0,419,757.5,14.0,14,17.2,0,512.0,,4738,680698,75741.2,46.2
154,young,4620,344,8,938,0,23,1,0,82,1913,383,1144,6096721,78211.1,28297,2.1,37.7,1198.0,690187,5088.2,489.0,431.3,4027.7,334,0,685033,490403,0,0,0,0,0,0,0,0,0,0,0,0,332.0,0,0,419,754.0,14.0,14,17.2,0,512.0,,4778,685037,76229.3,46.5
155,young,4417,156,8,714,0,39,1,1,93,2018,406,1258,6123781,78651.6,32079,2.4,40.0,1198.0,694612,5097.8,489.1,433.0,4034.8,334,0,689521,494202,0,0,0,0,0,0,0,0,0,0,0,0,332.0,0,0,419,749.8,14.0,14,17.2,0,512.0,,4816,689424,76718.2,46.8
156,young,4528,334,11,894,0,22,1,0,83,1909,399,1202,6145229,79247.2,30471,2.2,42.2,1198.0,699063,5105.9,489.3,434.8,4040.2,334,0,694022,497878,0,0,0,0,0,0,0,0,0,0,0,0,332.0,0,0,419,746.1,14.0,14,17.2,0,512.0,,4852,693839,77207.6,47.1
157,young,3832,42,13,749,0,19,2,0,73,1740,404,1109,6167071,79755.8,25880,1.9,44.1,1198.0,703523,5115.9,489.4,436.3,4047.7,334,0,698550,501336,0,0,0,0,0,0,0,0,0,0,0,1,332.0,0,0,419,742.7,14.0,14,17.2,0,512.0,,4889,698262,77692.2,47.4
158,young,4583,300,7,730,0,14,1,1,70,1609,401,1748,6187096,80266.0,24154,1.8,45.9,1198.0,708031,5121.9,489.6,437.8,4051.4,334,0,703094,505189,0,0,0,0,0,0,0,0,0,0,0,0,332.0,0,0,419,739.1,14.0,14,17.2,0,512.0,,4918,702738,78177.0,47.6
159,young,4792,48,8,711,0,24,1,1,99,2229,398,1572,6203825,80775.7,27344,2.0,47.9,1198.0,712550,5126.9,489.8,439.2,4054.1,334,0,707661,509265,0,0,0,0,0,0,0,0,0,0,0,0,332.0,0,0,419,735.6,14.0,14,17.2,0,512.0,,4950,707225,78661.0,47.9
160,young,4718,34,9,988,0,16,1,1,63,1987,398,1543,6221314,81275.1,27558,2.0,50.0,1198.0,717093,5133.3,489.9,440.6,4057.5,334,0,712265,513279,0,0,0,0,0,0,0,0,0,0,0,0,332.0,0,0,419,732.2,14.0,14,17.2,0,512.0,,4985,711733,79143.7,48.2
161,young,5415,65,9,869,0,23,2,0,82,2305,399,1967,6238504,81795.4,31047,2.3,52.3,1198.0,721664,5139.8,490.0,442.2,4060.8,334,0,716885,517289,0,0,0,0,0,0,0,0,0,0,0,0,332.0,0,0,419,727.9,14.0,14,17.2,0,512.0,,5017,716273,79627.4,48.4
162,young,5179,35,9,940,0,14,1,0,67,2021,396,1995,6254116,82305.2,29412,2.1,54.4,1198.0,726271,5145.4,490.2,443.7,4063.6,334,0,721540,521456,0,0,0,0,0,0,0,0,0,0,0,0,332.0,0,0,419,723.9,14.0,14,17.2,0,512.0,,5047,720850,80110.9,48.7
163,young,5916,534,17,978,0,27,2,0,97,1887,395,2292,6271398,82809.0,15607,1.1,55.5,1198.0,730889,5152.3,490.4,445.1,4067.9,334,0,726217,525383,0,0,0,0,0,0,0,0,0,0,0,0,332.0,0,0,419,721.9,14.0,14,17.2,0,512.0,,5082,725432,80591.6,48.9
164,young,4747,32,8,574,0,15,1,0,52,1753,398,2243,6289593,83325.6,16002,1.3,56.7,1198.0,735530,5157.0,490.6,446.6,4070.2,334,0,730907,529762,0,0,0,0,0,0,0,0,0,0,0,0,332.0,0,0,419,719.5,14.0,14,17.2,0,512.0,,5117,730038,81076.9,49.2
165,young,6153,292,13,680,0,25,1,0,89,2269,401,2678,6304397,83836.9,27593,2.0,58.8,1198.0,740163,5163.4,490.8,448.0,4073.4,334,0,735591,533871,0,0,0,0,0,0,0,0,0,0,0,0,332.0,0,0,419,716.0,14.0,14,17.2,0,512.0,,5146,734642,81560.9,49.5
166,young,5608,40,9,890,0,25,1,1,112,2215,396,2234,6323026,84348.2,28362,2.1,60.9,1198.0,744828,5168.6,490.9,449.4,4075.5,334,0,740304,538102,0,0,0,0,0,0,0,0,0,0,0,0,332.0,0,0,419,712.3,14.0,14,17.2,0,512.0,,5182,739272,82044.4,49.8
167,young,5038,152,9,644,0,20,1,0,87,1927,399,2123,6342763,84857.7,26682,2.0,62.8,1198.0,749491,5177.1,492.2,452.6,4078.7,334,0,745038,542344,0,0,0,0,0,0,0,0,0,0,0,0,332.0,0,0,419,708.9,14.0,14,17.2,0,512.0,,5219,743898,82525.3,50.0
168,young,6310,91,9,1158,0,31,2,1,122,2062,397,2694,6361440,85367.5,22862,1.7,64.5,1198.0,754215,5184.8,492.4,454.5,4083.5,334,0,749800,546436,0,0,0,0,0,0,0,0,0,0,0,0,332.0,0,0,419,705.5,14.0,14,17.2,0,512.5,,5251,748589,83009.0,50.3
169,young,5498,30,8,1120,0,23,1,0,89,1703,396,2403,6378640,85877.4,22094,1.7,66.1,1198.0,758944,5197.1,496.0,458.6,4086.9,334,0,754580,550534,0,0,0,0,0,0,0,0,0,0,0,0,332.0,0,0,419,702.4,14.0,14,17.2,0,514.1,,5283,753287,83492.9,50.6
170,young,5221,34,7,691,0,27,2,1,101,1691,399,2581,6393297,86387.6,26065,1.9,68.0,1198.0,763695,5201.9,496.1,459.9,4089.5,334,0,759392,554687,0,0,0,0,0,0,0,0,0,0,0,0,332.0,0,0,419,698.4,14.0,14,17.2,0,516.0,,5314,758006,83976.9,50.8
171,full-cycle,12910,24,1499,0,0,0,2,0,117,1904,343,142,6411366,86908.8,163254,18.8,18.8,1198.0,770087,5208.2,496.4,461.7,4092.4,358,0,765821,560446,1522,6376,3568,126504,24,1385,102,0,0,0,1329,0,384.0,12,12,365,719.7,20.1,18,28.8,0,512.0,starved,5395,764312,84626.7,51.2
172,young,3321,29,6,723,0,14,1,0,62,1847,343,590,6438617,87681.2,38182,5.6,24.4,1198.0,775651,5215.9,496.6,463.2,4097.5,392,0,771395,564922,0,0,0,0,0,0,0,0,0,0,0,0,392.0,0,0,385,709.6,13.1,18,26.8,0,512.0,,5407,769639,85098.4,51.5
173,young,3737,324,11,615,0,16,1,1,66,1794,340,824,6458771,88178.8,34790,2.5,26.9,1198.0,780104,5222.4,496.8,465.2,4101.3,392,0,775894,568712,0,0,0,0,0,0,0,0,0,0,0,0,392.0,0,0,385,705.1,13.1,18,26.8,0,512.0,,5433,774058,85583.5,51.8
174,young,3503,31,8,669,0,23,1,0,88,1595,342,1012,6478023,88689.0,28904,2.2,29.1,1198.0,784535,5230.4,496.9,466.3,4107.0,394,0,780376,572380,0,0,0,0,0,0,0,0,0,0,0,0,392.0,0,0,385,701.2,13.1,18,26.7,0,512.0,,5465,778454,86067.2,52.0
175,young,3361,35,9,644,0,15,1,0,65,1543,350,989,6495063,89193.2,25210,1.8,31.0,1198.0,788988,5237.9,497.2,467.8,4112.0,394,0,784885,575694,0,0,0,0,0,0,0,0,0,0,0,0,392.0,0,0,385,697.7,13.1,18,26.7,0,512.0,,5496,782876,86551.4,52.3
176,young,3792,34,9,575,0,12,1,0,51,1962,351,1067,6512951,89708.7,30014,2.3,33.2,1198.0,793451,5246.6,497.3,469.2,4116.2,394,0,789393,579443,0,0,0,0,0,0,0,0,0,0,0,0,392.0,0,0,385,694.0,13.1,18,26.7,0,512.0,,5528,787307,87036.5,52.6
177,young,4532,38,9,834,0,19,1,0,70,1984,359,1491,6529721,90218.7,36324,2.6,35.9,1198.0,797944,5252.4,497.5,470.6,4119.5,394,0,793924,583273,0,0,0,0,0,0,0,0,0,0,0,0,392.0,0,1,384,688.9,13.1,18,26.7,0,512.0,,5558,791770,87521.0,52.8
178,young,4680,236,9,765,0,23,2,0,90,1968,357,1514,6550576,90728.9,30814,2.3,38.1,1198.0,802457,5258.2,497.7,472.1,4123.0,394,0,798492,587161,0,0,0,0,0,0,0,0,0,0,0,0,392.0,0,1,384,685.0,13.1,18,26.7,0,512.0,,5586,796256,88005.6,53.1
179,young,4754,33,9,927,0,21,1,0,95,1966,363,1617,6569173,91233.3,28396,2.1,40.2,1198.0,807000,5265.4,497.9,475.4,4125.8,394,0,803067,591073,0,0,0,0,0,0,0,0,0,0,0,0,392.0,0,0,385,681.5,13.1,18,26.7,0,512.0,,5612,800771,88490.1,53.3
180,young,4055,35,9,1085,0,23,2,0,73,1333,365,1403,6589463,91748.5,19945,1.5,41.6,1198.0,811533,5280.2,504.0,480.3,4128.9,394,0,807667,594969,0,0,0,0,0,0,0,0,0,0,0,0,392.0,0,0,385,678.9,13.1,18,26.7,0,512.0,,5645,805270,88971.3,53.6
181,young,4571,201,7,1020,0,20,1,0,70,1448,359,1713,6604648,92261.8,23273,1.8,43.4,1198.0,816139,5288.9,507.7,481.7,4131.8,394,0,812323,599010,0,0,0,0,0,0,0,0,0,0,0,0,392.0,0,0,385,675.2,13.1,18,26.7,0,512.0,,5678,809839,89455.5,53.9
182,young,4704,231,8,1052,0,13,1,0,46,1706,362,1533,6623203,92772.2,27070,2.0,45.4,1198.0,820733,5294.7,507.9,483.0,4135.3,394,0,816960,602932,0,0,0,0,0,0,0,0,0,0,0,0,392.0,0,0,385,671.4,13.1,18,26.7,0,512.0,,5709,814400,89938.6,54.1
183,young,4348,33,10,750,0,21,1,0,74,1904,361,1498,6640949,93280.9,28981,2.2,47.5,1198.0,825331,5303.4,508.0,484.6,4141.2,394,0,821616,606872,0,0,0,0,0,0,0,0,0,0,0,0,392.0,0,0,385,667.9,13.1,18,26.7,0,512.0,,5742,818965,90421.9,54.4
184,young,4961,36,8,959,0,19,1,0,71,1785,363,1970,6662605,93791.3,32995,2.5,50.0,1198.0,829967,5308.9,508.2,486.1,4144.2,396,0,826306,610843,0,0,0,0,0,0,0,0,0,0,0,0,392.0,0,1,384,662.6,13.1,18,26.5,0,512.0,,5777,823569,90905.0,54.6
185,young,4891,67,8,948,1,27,2,1,101,1508,374,2130,6699591,94276.2,24247,1.8,51.8,1198.0,834595,5325.9,508.5,487.8,4158.4,396,0,830981,612294,0,0,0,0,0,0,0,0,0,0,0,1,392.0,0,0,385,659.2,13.1,18,26.5,0,512.0,,5807,828159,91388.0,54.9
186,young,4168,47,9,911,0,22,1,1,79,1505,370,1526,6715736,94806.8,26625,2.0,53.8,1198.0,839229,5330.4,508.7,489.3,4159.9,396,0,835647,616729,0,0,0,0,0,0,0,0,0,0,0,0,392.0,0,0,385,655.2,13.1,18,26.5,0,512.0,,5838,832762,91872.9,55.2
187,young,5568,71,7,1010,0,12,1,0,60,1903,370,2398,6739105,95316.2,30224,2.2,56.0,1198.0,843891,5341.0,509.7,491.0,4167.2,396,0,840360,620956,0,0,0,0,0,0,0,0,0,0,0,0,392.0,0,1,384,649.1,13.1,18,26.5,0,512.0,,5872,837326,92352.0,55.5
188,young,4745,31,8,964,0,23,2,0,79,1672,367,1853,6759610,95823.5,26148,2.0,57.9,1198.0,848574,5346.5,509.9,492.6,4169.6,396,0,845080,625253,0,0,0,0,0,0,0,0,0,0,0,0,392.0,0,0,385,644.6,13.1,18,26.5,0,512.0,,5902,841908,92831.4,55.8
189,young,5345,376,8,792,0,12,1,0,60,1801,367,2217,6773509,96332.2,29892,2.2,60.1,1198.0,853274,5351.0,510.1,493.8,4172.1,396,0,849826,629435,0,0,0,0,0,0,0,0,0,0,0,0,392.0,0,0,385,639.4,13.1,18,26.5,0,512.0,,5934,846497,93308.3,56.1
190,young,5597,154,8,950,0,12,1,0,47,1679,365,2608,6790324,96841.0,23645,2.2,62.3,1198.0,857975,5358.5,510.3,495.6,4175.6,406,0,854590,633520,0,0,0,0,0,0,0,0,0,0,0,0,392.0,0,0,385,634.6,13.1,18,26.0,0,512.0,,5977,851070,93782.3,56.4
191,young,5138,67,11,957,0,18,1,1,70,1701,366,2233,6812707,97349.8,25443,2.7,65.0,1198.0,862677,5366.1,510.5,497.6,4179.5,422,0,859370,637475,0,0,0,0,0,0,0,0,0,0,0,0,392.0,0,0,385,629.3,13.1,18,25.0,0,513.0,,6026,855636,94255.4,56.7
192,full-cycle,11520,250,1358,0,0,0,1,1,83,1049,345,101,6828139,97862.2,157545,18.6,18.6,1198.0,868271,5371.0,510.7,499.0,4181.8,451,0,864989,642573,1608,6747,2184,139537,71,903,53,0,0,0,928,0,404.0,10,3,363,705.8,17.0,21,34.2,0,512.0,starved,6107,861052,94816.3,57.0
193,young,2841,34,8,602,0,11,1,0,54,1540,348,518,6847610,98579.5,29422,5.3,24.0,1198.0,873595,5377.8,512.2,500.6,4184.8,491,0,870381,647266,0,0,0,0,0,0,0,0,0,0,0,0,404.0,0,0,376,689.0,17.0,21,31.9,0,512.0,,6130,866163,95283.7,57.4
194,young,2882,28,7,556,0,14,1,0,68,1480,348,650,6863263,99067.9,27776,2.1,26.1,1198.0,877969,5385.2,512.8,502.4,4189.1,493,0,874795,651031,0,0,0,0,0,0,0,0,0,0,0,0,404.0,0,1,375,683.7,17.0,21,31.8,0,512.0,,6163,870432,95763.4,57.7
195,young,3348,122,6,667,0,20,1,0,75,1691,352,693,6878157,99579.5,30010,2.2,28.3,1198.0,882354,5390.4,512.9,503.9,4192.0,493,0,879221,654869,0,0,0,0,0,0,0,0,0,0,0,1,404.0,0,0,376,678.7,17.0,21,31.8,0,512.0,,6194,874721,96243.4,57.9
196,young,3425,48,7,828,0,14,1,0,56,1642,352,755,6893540,100087.5,34480,2.5,30.9,1198.0,886742,5397.8,514.5,505.3,4195.8,493,0,883658,658533,0,0,0,0,0,0,0,0,0,0,0,0,404.0,0,0,376,673.3,17.0,21,31.8,0,512.0,,6227,879003,96722.4,58.2
197,young,3554,60,7,732,0,16,2,1,68,1664,352,896,6906874,100596.3,32962,2.4,33.3,1198.0,891251,5402.8,514.6,507.4,4198.0,493,0,888219,662658,0,0,0,0,0,0,0,0,0,0,0,0,404.0,0,0,376,666.5,17.0,21,31.8,0,512.0,,6260,883389,97200.4,58.5
198,young,3378,161,7,500,0,22,1,1,80,1457,356,1069,6922876,101102.9,32182,2.4,35.6,1198.0,895688,5414.7,521.1,508.6,4201.6,493,0,892708,666461,0,0,0,0,0,0,0,0,0,0,0,0,404.0,0,1,375,660.3,17.0,21,31.8,0,512.0,,6292,887723,97679.0,58.8
199,young,3457,39,7,824,0,20,1,1,69,1360,358,1057,6939056,101611.0,24884,1.8,37.4,1198.0,900147,5426.4,525.1,512.1,4205.1,493,0,897214,670290,0,0,0,0,0,0,0,0,0,0,0,0,404.0,0,0,376,656.2,17.0,21,31.8,0,512.0,,6324,892071,98156.9,59.1
200,young,3575,28,7,824,0,12,1,0,51,1426,362,1153,6957960,102120.1,23898,1.8,39.2,1198.0,904606,5432.7,525.4,513.4,4209.1,493,0,901719,674266,0,0,0,0,0,0,0,0,0,0,0,0,404.0,0,0,376,651.8,17.0,21,31.8,0,512.0,,6355,896431,98636.8,59.4
201,young,3782,24,8,444,0,15,1,0,57,1682,356,1487,6972338,102629.6,31286,2.3,41.5,1198.0,909080,5437.7,525.5,515.6,4211.2,493,0,906236,678339,0,0,0,0,0,0,0,0,0,0,0,0,404.0,0,0,376,647.0,17.0,21,31.8,0,512.0,,6386,900797,99114.7,59.7
202,young,4342,48,8,711,0,20,2,0,82,1458,355,1935,6988284,103138.4,25627,1.9,43.4,1198.0,913562,5442.0,525.7,516.7,4213.6,493,0,910778,682317,0,0,0,0,0,0,0,0,0,0,0,0,404.0,0,0,376,642.2,17.0,21,31.8,0,512.0,,6420,905177,99592.2,59.9
203,young,4685,34,9,650,0,21,1,0,76,2076,356,1734,7006749,103647.3,30168,2.3,45.7,1198.0,918075,5446.6,525.8,517.9,4215.9,493,0,915331,686389,0,0,0,0,0,0,0,0,0,0,0,0,404.0,0,0,376,637.1,17.0,21,31.8,0,512.0,,6451,909601,100072.1,60.2
204,young,4585,28,7,804,0,17,2,0,66,2066,349,1521,7020424,104155.3,38648,2.8,48.5,1198.0,922598,5454.1,526.0,519.2,4221.3,493,0,919905,689510,0,0,0,0,0,0,0,0,0,0,0,0,404.0,0,0,376,630.9,17.0,21,31.8,0,512.0,,6481,914022,100549.7,60.5
205,young,4360,79,9,571,0,15,1,0,63,1829,355,1719,7034404,104663.7,33738,2.4,50.9,1198.0,927135,5460.3,526.1,521.9,4224.1,493,0,924494,693455,0,0,0,0,0,0,0,0,0,0,0,0,404.0,0,0,376,625.0,17.0,21,31.8,0,512.0,,6514,918446,101027.3,60.8
206,young,4379,22,6,737,0,20,1,0,77,1432,354,1988,7048723,105171.4,24850,1.8,52.7,1198.0,931694,5466.6,527.9,523.4,4226.5,493,0,929103,697582,0,0,0,0,0,0,0,0,0,0,0,0,404.0,0,0,376,620.5,17.0,21,31.8,0,512.0,,6548,922898,101504.4,61.1
207,young,4467,43,8,1009,0,12,1,0,50,1328,353,1916,7064081,105680.3,23531,2.1,54.8,1198.0,936244,5472.6,528.2,525.0,4228.9,499,0,933726,701781,0,0,0,0,0,0,0,0,0,0,0,0,404.0,0,0,376,615.4,17.0,21,31.4,0,512.0,,6589,927341,101979.7,61.4
208,full-cycle,12347,29,1174,0,0,0,1,0,72,1317,366,88,7082695,106227.2,161080,18.6,18.6,1198.0,942236,5496.5,541.7,530.6,4232.5,511,0,939415,706929,1203,7203,2719,133660,44,1086,175,0,0,0,1083,0,374.0,10,12,367,714.6,13.7,23,39.8,0,512.0,starved,6682,933162,102606.6,61.8
209,young,2754,117,5,536,0,14,1,0,62,1408,368,540,7103087,106943.9,24737,4.5,23.1,1198.0,947186,5502.4,541.8,531.9,4236.3,563,0,944421,711068,0,0,0,0,0,0,0,0,0,0,0,0,386.0,0,0,383,719.0,6.0,23,36.7,0,512.0,,6712,937906,103054.2,62.1
210,young,2916,24,7,481,0,25,1,0,76,1627,345,626,7115054,107450.5,27268,2.1,25.2,1198.0,951574,5506.0,542.1,533.0,4238.0,563,0,948868,715183,0,0,0,0,0,0,0,0,0,0,0,0,386.0,0,1,382,712.6,6.0,23,36.7,0,512.0,,6748,942194,103531.9,62.4
211,young,3564,177,8,640,0,23,1,0,78,1792,347,786,7130404,107960.0,38824,3.0,28.2,1198.0,955910,5511.8,542.4,534.2,4241.5,567,0,953247,718845,0,0,0,0,0,0,0,0,0,0,0,0,386.0,0,0,383,706.5,6.0,23,36.5,0,512.0,,6780,946435,104009.9,62.6
212,young,3279,32,8,612,0,10,1,1,45,1778,348,720,7144200,108467.4,36600,2.7,30.9,1198.0,960273,5517.3,542.6,535.5,4244.9,567,0,957673,722578,0,0,0,0,0,0,0,0,0,0,0,0,386.0,0,0,383,700.7,6.0,23,36.5,0,512.0,,6817,950689,104486.9,62.9
213,young,3705,309,5,365,0,17,1,0,65,1867,350,995,7157845,108976.0,32693,2.4,33.3,1198.0,964650,5523.8,543.3,537.6,4247.9,567,0,962107,726366,0,0,0,0,0,0,0,0,0,0,0,0,386.0,0,2,381,694.4,6.0,23,36.5,0,512.0,,6853,954964,104964.6,63.2
214,young,3860,21,8,889,0,13,1,0,60,1728,352,1057,7174553,109486.2,32923,2.7,36.0,1198.0,969036,5528.9,543.5,538.7,4250.9,573,0,966539,730079,0,0,0,0,0,0,0,0,0,0,0,0,386.0,0,0,383,689.9,6.0,23,36.2,0,512.0,,6893,959247,105442.2,63.5
215,young,3791,26,6,509,0,19,1,0,65,1842,356,1254,7188254,109992.6,36753,2.8,38.8,1198.0,973447,5533.5,543.8,540.1,4253.2,575,0,971003,734117,0,0,0,0,0,0,0,0,0,0,0,0,386.0,0,0,383,683.6,6.0,23,36.0,0,512.0,,6929,963541,105915.6,63.8
216,young,5007,54,7,1353,0,24,2,1,60,1863,356,1545,7201969,110501.2,37398,2.7,41.6,1198.0,977863,5538.7,543.9,541.2,4256.4,575,0,975479,737909,0,0,0,0,0,0,0,0,0,0,0,1,386.0,0,1,382,676.9,6.0,23,36.0,0,512.0,,6964,967821,106381.2,64.0
217,young,4112,78,9,754,0,16,1,0,64,1659,355,1448,7219020,111008.7,31601,2.3,43.8,1198.0,982309,5543.6,544.1,542.6,4259.3,575,0,979971,741764,0,0,0,0,0,0,0,0,0,0,0,0,386.0,0,0,383,671.4,6.0,23,36.0,0,512.0,,6993,972131,106847.1,64.3
218,young,4602,35,9,1081,0,15,1,0,64,1727,355,1595,7232776,111516.9,30336,2.3,46.1,1198.0,986783,5547.4,544.2,543.7,4261.2,575,0,984494,745852,0,0,0,0,0,0,0,0,0,0,0,0,386.0,0,0,383,665.8,6.0,23,36.0,0,512.0,,7026,976468,107314.4,64.6
219,young,4765,32,8,864,0,11,1,0,46,1657,358,2066,7247946,112025.3,35410,2.6,48.7,1198.0,991265,5553.0,544.4,545.0,4264.2,575,0,989018,749862,0,0,0,0,0,0,0,0,0,0,0,0,386.0,0,0,383,659.7,6.0,23,36.0,0,512.0,,7058,980812,107781.0,64.9
220,young,4958,136,8,920,0,18,2,1,62,1798,356,1940,7261926,112532.6,30698,2.2,50.9,1198.0,995780,5559.0,544.6,546.7,4267.7,575,0,993581,753774,0,0,0,0,0,0,0,0,0,0,0,0,386.0,0,0,383,653.4,6.0,23,36.0,0,512.0,,7091,985174,108246.8,65.1
221,young,5045,64,9,769,0,27,1,0,101,1791,359,2199,7276990,113041.0,21398,1.6,52.5,1198.0,1000293,5565.1,544.7,549.0,4270.7,575,0,998133,757718,0,0,0,0,0,0,0,0,0,0,0,0,386.0,0,0,383,648.1,6.0,23,36.0,0,512.0,,7120,989544,108712.8,65.4
222,young,4902,25,8,820,0,33,2,1,101,1669,361,2164,7294118,113549.2,23207,1.8,54.2,1198.0,1004827,5571.2,544.9,550.2,4274.8,575,0,1002713,761656,0,0,0,0,0,0,0,0,0,0,0,1,386.0,0,0,383,643.3,6.0,23,36.0,0,512.0,,7154,993937,109180.2,65.7
223,young,5736,131,9,1004,0,22,2,0,80,2035,360,2366,7308529,114059.2,29548,2.2,56.4,1198.0,1009372,5575.9,545.0,551.4,4277.5,575,0,1007317,765686,0,0,0,0,0,0,0,0,0,0,0,1,386.0,0,0,383,638.3,6.0,23,36.0,0,512.0,,7186,998340,109645.3,66.0
224,young,6005,36,8,1332,0,31,2,0,102,1952,364,2412,7325102,114568.5,28829,2.1,58.5,1198.0,1013932,5582.1,545.2,552.7,4280.6,575,0,1011933,769913,0,0,0,0,0,0,0,0,0,0,0,1,386.0,0,0,383,631.8,6.0,23,36.0,0,512.0,,7217,1002762,110108.7,66.3
225,full-cycle,11572,501,1202,0,0,0,1,0,104,1962,329,124,7340765,115084.6,153156,18.0,18.0,1198.0,1019075,5586.2,545.4,554.0,4282.3,599,0,1017114,774731,1703,5455,3342,107497,107,1031,110,0,0,0,1017,0,402.0,9,5,356,694.5,14.9,28,48.6,0,512.0,starved,7290,1007709,110630.1,66.6
226,young,3743,26,9,764,0,26,2,0,86,1951,340,786,7360408,115788.4,34872,5.2,23.2,1198.0,1024169,5590.7,545.6,555.4,4284.4,629,0,1022243,779311,0,0,0,0,0,0,0,0,0,0,0,0,402.0,0,0,370,683.1,14.9,28,46.8,0,512.0,,7301,1012425,111088.7,66.9
227,young,4034,31,8,841,0,31,2,0,96,2026,346,910,7379563,116279.8,36116,2.8,26.0,1198.0,1028495,5597.1,545.8,556.8,4288.7,633,0,1026618,782937,0,0,0,0,0,0,0,0,0,0,0,0,402.0,0,0,370,677.3,14.9,28,46.6,0,512.0,,7333,1016600,111555.3,67.2
228,young,3269,28,7,586,0,43,2,0,112,1324,354,1068,7398918,116789.8,29049,2.4,28.4,1198.0,1032904,5601.3,546.0,558.1,4290.8,639,0,1031087,787012,0,0,0,0,0,0,0,0,0,0,0,0,402.0,0,0,370,670.5,14.9,28,46.2,0,512.0,,7370,1020848,112020.0,67.4
229,young,3664,114,9,581,0,18,2,0,56,1725,363,1099,7415368,117297.1,31115,2.8,31.2,1198.0,1037231,5608.1,546.1,559.3,4295.5,649,0,1035474,790631,0,0,0,0,0,0,0,0,0,0,0,0,402.0,0,0,370,665.5,14.9,28,45.6,0,512.0,,7409,1025033,112484.1,67.7
230,young,4730,25,9,1032,0,40,2,0,110,1949,360,1456,7429843,117807.0,35529,2.6,33.8,1198.0,1041625,5612.5,546.5,560.7,4297.3,649,0,1039931,794735,0,0,0,0,0,0,0,0,0,0,0,0,402.0,0,0,370,659.4,14.9,28,45.6,0,512.0,,7445,1029279,112949.2,68.0
231,young,4386,26,45,600,0,34,1,1,108,1880,359,1586,7445152,118316.3,29512,2.2,36.0,1198.0,1046022,5623.1,550.5,562.3,4301.8,649,0,1044367,798604,0,0,0,0,0,0,0,0,0,0,0,0,402.0,0,0,370,653.3,14.9,28,45.6,0,512.0,,7476,1033535,113416.6,68.2
232,young,4349,32,9,828,0,33,2,0,107,1694,360,1568,7459850,118822.3,29695,2.2,38.2,1198.0,1050425,5628.8,550.7,564.3,4304.7,649,0,1048820,802430,0,0,0,0,0,0,0,0,0,0,0,0,402.0,0,0,370,648.3,14.9,28,45.6,0,512.0,,7510,1037812,113883.8,68.5
233,young,3744,49,7,740,0,14,2,0,58,1261,358,1489,7474611,119335.4,29428,2.1,40.3,1198.0,1054841,5633.7,550.9,565.6,4307.6,649,0,1053299,806301,0,0,0,0,0,0,0,0,0,0,0,0,402.0,0,1,369,642.2,14.9,28,45.6,0,512.0,,7546,1042089,114348.9,68.8
234,young,4691,44,7,742,0,42,1,0,120,1660,361,1970,7492024,119844.2,32218,3.4,43.7,1198.0,1059234,5642.0,552.1,569.3,4310.0,669,0,1057773,810284,0,0,0,0,0,0,0,0,0,0,0,0,402.0,0,0,370,637.0,14.9,28,44.5,0,512.0,,7596,1046351,114810.2,69.1
235,young,4274,20,8,652,0,35,2,0,111,1454,363,1893,7507751,120353.0,27959,2.0,45.6,1198.0,1063701,5645.9,552.3,570.5,4312.0,669,0,1062281,814287,0,0,0,0,0,0,0,0,0,0,0,0,402.0,0,2,368,631.7,14.9,28,44.5,0,512.0,,7629,1050681,115277.9,69.3
236,young,4121,40,9,619,0,29,2,0,80,1396,365,1882,7523534,120862.7,22323,1.7,47.4,1198.0,1068176,5651.9,552.4,572.0,4315.1,669,0,1066795,818173,0,0,0,0,0,0,0,0,0,0,0,0,402.0,0,0,370,628.0,14.9,28,44.5,0,512.0,,7664,1055042,115747.5,69.6
237,young,5264,28,9,1440,0,27,2,1,95,1792,363,1769,7537156,121373.2,32283,2.3,49.7,1198.0,1072657,5661.2,555.2,574.3,4318.7,669,0,1071329,821972,0,0,0,0,0,0,0,0,0,0,0,0,402.0,0,0,370,622.2,14.9,28,44.5,0,512.0,,7697,1059399,116214.7,69.9
238,young,4617,21,7,639,0,35,2,0,104,1506,362,2200,7552561,121881.8,25691,1.9,51.6,1198.0,1077142,5666.3,555.3,575.4,4321.7,669,0,1075875,825941,0,0,0,0,0,0,0,0,0,0,0,0,402.0,0,0,370,617.0,14.9,28,44.5,0,512.0,,7728,1063766,116681.2,70.2
239,full-cycle,15879,38,1052,0,0,0,2,0,98,1516,344,116,7571027,122473.0,164944,19.4,19.4,1198.0,1083519,5675.4,555.5,577.4,4327.6,717,0,1082053,830982,1090,7446,2528,130538,27,751,111,0,0,0,4719,0,374.0,13,41,328,642.9,16.7,30,50.4,0,512.0,starved,7820,1069895,117331.5,70.5
240,young,3409,28,8,768,0,39,2,0,69,1747,351,647,7588065,123120.3,29035,5.1,24.4,1198.0,1087957,5679.3,555.7,578.6,4329.7,729,0,1086496,834923,0,0,0,0,0,0,0,0,0,0,0,0,386.0,0,0,376,698.7,10.1,30,49.7,0,512.0,,7822,1074031,117726.5,70.8
241,young,3028,27,6,524,0,34,1,1,75,1554,352,725,7601036,123619.0,32692,2.8,27.3,1198.0,1092286,5684.1,555.8,579.7,4332.7,739,0,1090880,838712,0,0,0,0,0,0,0,0,0,0,0,0,386.0,0,0,376,692.2,10.1,30,49.1,0,512.0,,7859,1078234,118193.0,71.1
242,young,3151,82,6,519,0,30,2,0,98,1378,354,948,7616220,124126.5,25200,2.1,29.4,1198.0,1096654,5690.9,556.6,580.8,4336.4,745,0,1095306,842481,0,0,0,0,0,0,0,0,0,0,0,0,386.0,0,0,376,686.8,10.1,30,48.8,0,512.0,,7899,1082467,118660.2,71.4
243,young,3346,64,7,724,0,16,2,0,65,1440,357,899,7631158,124634.4,26567,2.4,31.8,1198.0,1100998,5697.6,556.8,582.5,4340.5,753,0,1099722,846119,0,0,0,0,0,0,0,0,0,0,0,0,386.0,0,1,375,681.2,10.1,30,48.3,0,512.0,,7943,1086677,119127.0,71.6
244,young,3220,35,7,711,0,15,1,0,45,1387,365,872,7644466,125144.0,25990,2.5,34.3,1198.0,1105360,5702.4,557.0,583.9,4342.9,767,0,1104155,850070,0,0,0,0,0,0,0,0,0,0,0,0,386.0,0,1,375,675.9,10.1,30,47.5,0,512.0,,7993,1090882,119590.1,71.9
245,young,3315,41,8,712,0,36,1,1,107,1250,362,1038,7658092,125650.2,17988,1.3,35.6,1198.0,1109725,5708.5,557.3,585.5,4346.5,767,0,1108585,853797,0,0,0,0,0,0,0,0,0,0,0,0,386.0,0,0,376,671.6,10.1,30,47.5,0,512.0,,8037,1095109,120056.4,72.2
246,young,3476,295,10,613,0,12,1,1,53,1333,367,1039,7685594,126153.3,20913,1.7,37.3,1198.0,1114101,5718.4,557.5,587.1,4353.5,769,0,1113034,856467,0,0,0,0,0,0,0,0,0,0,0,0,386.0,0,0,376,667.4,10.1,30,47.4,0,512.0,,8087,1099344,120521.6,72.4
247,young,4068,287,26,426,0,24,2,0,81,1976,367,1165,7700604,126670.3,32670,2.4,39.8,1198.0,1118498,5724.4,558.2,588.8,4356.5,769,0,1117488,860338,0,0,0,0,0,0,0,0,0,0,0,0,386.0,0,0,376,662.3,10.1,30,47.4,0,512.0,,8119,1103622,120990.4,72.7
248,young,4274,25,8,640,0,18,2,0,66,2061,369,1365,7717264,127179.4,38164,2.8,42.6,1198.0,1122938,5728.9,558.4,590.0,4358.6,769,0,1121969,864386,0,0,0,0,0,0,0,0,0,0,0,0,386.0,0,1,375,655.7,10.1,30,47.4,0,512.0,,8156,1107934,121459.9,73.0
249,young,4107,24,8,492,0,29,1,0,74,2028,370,1368,7731834,127688.4,37622,2.8,45.3,1198.0,1127402,5734.0,558.6,591.5,4361.4,769,0,1126464,868382,0,0,0,0,0,0,0,0,0,0,0,0,386.0,0,0,376,650.6,10.1,30,47.4,0,512.0,,8185,1112278,121931.0,73.3
250,young,4204,20,8,743,0,26,1,0,88,1614,371,1589,7747180,128197.5,28456,2.0,47.3,1198.0,1131860,5738.7,558.8,592.8,4363.9,769,0,1130975,872431,0,0,0,0,0,0,0,0,0,0,0,0,386.0,0,0,376,645.5,10.1,30,47.4,0,512.0,,8216,1116595,122398.0,73.5
251,young,4198,321,8,529,0,25,1,0,86,1677,373,1483,7761791,128706.6,24890,1.9,49.2,1198.0,1136340,5744.3,559.0,594.4,4367.0,769,0,1135500,876434,0,0,0,0,0,0,0,0,0,0,0,0,386.0,0,0,376,640.8,10.1,30,47.4,0,512.0,,8249,1120953,122867.6,73.8
252,young,4673,25,8,568,0,24,1,0,70,2022,370,1871,7776655,129215.8,35570,2.6,51.8,1198.0,1140816,5749.5,559.2,595.9,4369.8,769,0,1140043,880364,0,0,0,0,0,0,0,0,0,0,0,0,386.0,0,0,376,634.8,10.1,30,47.4,0,512.0,,8291,1125290,123332.1,74.1
253,young,4574,61,8,743,0,16,2,1,59,1685,371,1929,7798753,129721.1,29339,2.1,54.0,1198.0,1145325,5802.9,594.2,611.8,4371.7,769,0,1144604,884537,0,0,0,0,0,0,0,0,0,0,0,0,386.0,0,0,376,630.1,10.1,30,47.4,0,512.0,,8326,1129662,123799.7,74.4
254,young,5036,36,8,788,0,20,1,1,60,1971,366,2061,7816299,130234.4,30201,2.3,56.2,1198.0,1149863,5807.8,594.3,613.1,4374.3,769,0,1149194,888573,0,0,0,0,0,0,0,0,0,0,0,0,386.0,0,0,376,624.5,10.1,30,47.4,0,512.0,,8359,1134075,124267.9,74.6
255,young,5911,340,8,935,0,32,2,1,84,2023,368,2346,7829877,130742.5,32615,2.3,58.6,1198.0,1154422,5813.4,594.5,616.0,4376.3,769,0,1153802,892760,0,0,0,0,0,0,0,0,0,0,0,0,386.0,0,1,375,618.6,10.1,30,47.4,0,512.0,,8390,1138487,124735.5,74.9
256,young,4805,52,16,641,0,24,2,0,86,1716,361,2152,7856047,131245.4,26989,2.0,60.6,1198.0,1158948,5967.5,693.7,664.7,4381.8,769,0,1158415,896397,0,0,0,0,0,0,0,0,0,0,0,0,386.0,0,0,376,613.6,10.1,30,47.4,0,512.0,,8439,1142857,125197.3,75.2
257,young,5200,25,9,728,0,19,2,0,70,1997,359,2222,7870854,131758.1,32802,2.4,63.0,1198.0,1163535,5974.7,693.9,666.7,4386.2,769,0,1163062,900597,0,0,0,0,0,0,0,0,0,0,0,0,386.0,0,0,376,608.0,10.1,30,47.4,0,512.0,,8480,1147291,125663.1,75.5
258,young,6686,45,8,1443,0,28,1,0,84,2062,363,2883,7886253,132266.2,34778,2.5,65.6,1198.0,1168124,5979.2,694.1,668.1,4388.4,769,0,1167703,904771,0,0,0,0,0,0,0,0,0,0,0,0,386.0,0,0,376,602.4,10.1,30,47.4,0,513.6,,8514,1151742,126129.9,75.8
259,young,5838,321,10,869,0,37,2,1,116,1652,364,2718,7903594,132774.7,23062,1.6,67.2,1198.0,1172752,5985.0,694.2,669.4,4392.0,769,0,1172382,908952,0,0,0,0,0,0,0,0,0,0,0,0,386.0,0,0,376,597.3,10.1,30,47.4,0,515.2,,8548,1156234,126598.3,76.0
260,young,5501,32,7,966,0,32,2,0,111,1536,367,2683,7921777,133285.1,16758,1.3,68.5,1198.0,1177404,5992.0,694.3,671.2,4396.1,769,0,1177080,913090,0,0,0,0,0,0,0,0,0,0,0,0,386.0,0,0,376,593.4,10.1,30,47.4,0,516.5,,8581,1160755,127070.1,76.3
261,young,5951,25,9,623,0,34,2,0,87,2121,369,2983,7944743,133798.1,29843,2.2,70.7,1198.0,1182075,5998.5,694.7,672.5,4400.0,769,0,1181794,917190,0,0,0,0,0,0,0,0,0,0,0,0,386.0,0,0,376,588.8,10.1,30,47.4,0,518.7,,8612,1165291,127542.7,76.6
262,young,7779,676,8,718,0,32,2,0,114,2360,371,3736,7959088,134311.8,33167,2.4,73.1,1198.0,1186799,6004.7,695.2,674.8,4402.6,769,0,1186569,921491,0,0,0,0,0,0,0,0,0,0,0,0,386.0,0,0,376,582.8,10.1,30,47.4,0,521.1,,8645,1169866,128016.7,76.9
263,young,6396,26,7,896,0,27,1,1,79,2037,370,3235,7978849,134827.6,29633,2.2,75.3,1198.0,1191552,6010.5,695.4,676.5,4405.8,769,0,1191366,925624,0,0,0,0,0,0,0,0,0,0,0,0,386.0,0,0,376,577.5,10.1,30,47.4,0,523.3,,8675,1174474,128493.0,77.2
264,young,6617,29,7,1009,0,20,2,0,62,2070,371,3305,7994812,135343.3,31370,2.3,77.6,1198.0,1196348,6017.8,697.2,678.3,4408.6,769,0,1196220,929907,0,0,0,0,0,0,0,0,0,0,0,0,386.0,0,2,374,572.5,10.1,30,47.4,0,525.6,,8710,1179125,128970.6,77.5
265,young,6633,72,10,739,0,34,2,0,111,2104,370,3505,8010706,135865.2,26593,1.9,79.5,1198.0,1201181,6022.5,697.4,679.7,4411.0,769,0,1201093,934298,0,0,0,0,0,0,0,0,0,0,0,0,386.0,0,0,376,567.8,10.1,30,47.4,0,527.5,,8741,1183801,129450.5,77.8
266,young,7268,102,12,1112,0,32,2,0,75,1832,373,4003,8027174,136387.3,20995,1.5,81.1,1198.0,1206035,6028.2,697.6,682.7,4412.7,769,0,1206005,938838,0,0,0,0,0,0,0,0,0,0,0,0,386.0,0,0,376,562.3,10.1,30,47.4,0,529.1,,8773,1188512,129930.4,78.1
267,young,7145,270,9,851,0,34,1,0,103,1728,373,4054,8043832,136910.8,23467,1.8,82.9,1198.0,1210927,6039.2,699.1,685.7,4418.6,769,0,1210941,943234,0,0,0,0,0,0,0,0,0,0,0,0,386.0,0,0,376,557.6,10.1,30,47.4,0,530.9,,8801,1193260,130414.7,78.4
268,young,7928,210,9,1044,0,29,2,0,79,2237,374,4207,8060359,137436.8,33018,2.4,85.3,1198.0,1215855,6044.2,699.3,687.1,4421.1,769,0,1215924,947687,0,0,0,0,0,0,0,0,0,0,0,0,386.0,0,0,376,551.8,10.1,30,47.4,0,533.3,,8834,1198038,130899.1,78.7
269,full-cycle,8351,28,1475,0,0,0,2,1,96,2446,344,118,8077660,137973.2,149246,18.5,18.5,1198.0,1221397,6051.1,700.2,689.7,4423.5,790,0,1221140,952701,1502,2836,2899,96433,25,211,90,0,0,0,1028,0,358.0,11,7,369,724.0,18.7,33,57.6,0,512.0,promoted,8907,1203375,131444.8,79.0
270,young,3188,32,8,548,0,24,2,0,73,1770,354,663,8098801,138723.1,30711,5.1,23.6,1198.0,1226448,6058.2,700.4,691.4,4427.9,828,0,1226228,956865,0,0,0,0,0,0,0,0,0,0,0,0,358.0,0,0,387,714.2,18.7,33,55.4,0,512.0,,8926,1208102,131902.8,79.4
271,young,3209,34,8,479,0,43,2,0,120,1614,353,840,8116138,139214.4,26678,2.1,25.7,1198.0,1230785,6065.0,700.6,692.7,4432.6,830,0,1230607,960613,0,0,0,0,0,0,0,0,0,0,0,0,358.0,0,1,386,708.8,18.7,33,55.3,0,512.0,,8955,1212320,132374.6,79.6
272,young,4780,590,10,566,0,33,4,1,109,2219,362,1137,8130633,139723.6,35230,2.7,28.4,1198.0,1235101,6071.2,700.7,694.4,4436.3,832,0,1234967,964315,0,0,0,0,0,0,0,0,0,0,0,0,358.0,0,0,387,704.0,18.7,33,55.1,0,512.0,,8987,1216520,132843.6,79.9
273,young,3818,276,59,383,0,22,2,1,82,1925,362,942,8152024,140231.3,31032,2.6,31.0,1198.0,1239465,6077.5,701.0,695.6,4440.3,840,0,1239407,968217,0,0,0,0,0,0,0,0,0,0,0,0,358.0,0,1,386,698.0,18.7,33,54.7,0,512.0,,9027,1220736,133309.1,80.2
274,young,3569,40,9,501,0,29,2,0,92,1668,362,1158,8166992,140740.7,27013,2.1,33.1,1198.0,1243898,6083.1,701.4,697.5,4442.6,842,0,1243887,972309,0,0,0,0,0,0,0,0,0,0,0,0,358.0,0,0,387,692.6,18.7,33,54.6,0,512.0,,9064,1225011,133776.9,80.4
275,young,3622,56,9,554,0,17,2,0,65,1421,364,1377,8181191,141249.4,21315,1.7,34.8,1198.0,1248264,6092.4,705.4,699.7,4444.9,844,0,1248318,976282,0,0,0,0,0,0,0,0,0,0,0,0,358.0,0,0,387,688.0,18.7,33,54.4,0,512.0,,9103,1229243,134243.2,80.7
276,young,3635,39,8,379,0,18,1,0,72,1790,362,1234,8197023,141758.2,26128,2.0,36.7,1198.0,1252662,6098.2,705.6,700.9,4448.7,844,0,1252774,980160,0,0,0,0,0,0,0,0,0,0,0,0,358.0,0,0,387,683.9,18.7,33,54.4,0,512.0,,9135,1233521,134712.4,81.0
277,young,4188,30,8,505,0,43,2,1,101,1902,362,1532,8215917,142265.1,36352,2.7,39.4,1198.0,1257075,6103.7,705.7,702.4,4451.9,844,0,1257243,983943,0,0,0,0,0,0,0,0,0,0,0,0,358.0,0,0,387,678.0,18.7,33,54.4,0,512.0,,9168,1237806,135180.8,81.3
278,young,3978,44,10,659,0,16,1,0,60,1590,362,1507,8231208,142776.8,25276,1.8,41.2,1198.0,1261530,6108.9,705.8,703.7,4455.0,844,0,1261741,987934,0,0,0,0,0,0,0,0,0,0,0,0,358.0,0,1,386,673.2,18.7,33,54.4,0,512.0,,9195,1242130,135649.8,81.5
279,young,3857,33,9,404,0,23,2,0,80,1701,363,1530,8246991,143286.7,23193,1.8,43.0,1198.0,1265986,6115.4,706.0,705.3,4459.1,844,0,1266246,991737,0,0,0,0,0,0,0,0,0,0,0,0,358.0,0,0,387,670.2,18.7,33,54.4,0,512.0,,9226,1246471,136120.1,81.8
280,young,4704,21,8,650,0,23,1,0,91,2038,363,1804,8263144,143799.5,38866,2.8,45.9,1198.0,1270464,6122.3,707.2,707.5,4461.9,844,0,1270774,995817,0,0,0,0,0,0,0,0,0,0,0,0,358.0,0,2,385,664.3,18.7,33,54.4,0,512.0,,9261,1250815,136589.0,82.1
281,full-cycle,9656,50,922,0,0,0,2,1,102,1575,350,124,8276572,144313.1,166366,18.7,18.7,1198.0,1275978,6127.6,707.4,709.2,4464.6,871,0,1276330,1000928,971,5819,1900,137800,23,142,26,0,0,0,912,0,382.0,11,6,359,701.2,19.1,32,56.7,0,512.0,starved,9333,1256130,137163.6,82.4
282,young,3128,29,8,569,0,16,2,0,61,1452,348,878,8297709,145021.0,33671,5.0,23.8,1198.0,1281014,6133.9,707.7,710.6,4468.4,899,0,1281398,1005151,0,0,0,0,0,0,0,0,0,0,0,0,382.0,0,0,376,691.6,19.1,32,55.0,0,512.0,,9350,1260836,137624.8,82.7
283,young,3342,27,8,803,0,23,1,0,65,1675,344,694,8312593,145516.1,30626,2.6,26.4,1198.0,1285408,6138.3,707.9,711.8,4470.8,905,0,1285843,1009110,0,0,0,0,0,0,0,0,0,0,0,0,382.0,0,0,376,685.4,19.1,32,54.7,0,512.0,,9383,1265093,138093.7,83.0
284,young,3907,33,9,380,0,25,2,1,87,2313,341,976,8325494,146023.9,38272,2.8,29.2,1198.0,1289780,6141.4,708.0,713.0,4472.1,905,0,1290260,1013249,0,0,0,0,0,0,0,0,0,0,0,0,382.0,0,0,376,678.9,19.1,32,54.7,0,512.0,,9411,1269345,138563.0,83.3
285,young,3638,161,8,356,0,21,1,1,74,1956,342,992,8340696,146531.6,34417,2.5,31.7,1198.0,1294129,6151.3,711.5,714.9,4475.9,905,0,1294672,1016989,0,0,0,0,0,0,0,0,0,0,0,0,382.0,0,0,376,673.5,19.1,32,54.7,0,512.0,,9444,1273569,139030.7,83.5
286,young,3876,287,8,592,0,27,1,0,85,1737,351,1080,8359161,147042.2,33865,3.3,35.0,1198.0,1298486,6158.8,712.6,716.6,4479.9,921,0,1299084,1020685,0,0,0,0,0,0,0,0,0,0,0,0,382.0,0,0,376,668.1,19.1,32,53.7,0,512.0,,9485,1277811,139497.7,83.8
287,young,3770,50,7,401,0,46,2,0,118,1694,353,1332,8373512,147549.4,28536,2.0,37.0,1198.0,1302864,6163.8,712.7,718.5,4482.3,921,0,1303521,1024595,0,0,0,0,0,0,0,0,0,0,0,0,382.0,0,0,376,662.6,19.1,32,53.7,0,512.0,,9519,1282061,139964.4,84.1
288,young,3844,127,15,354,0,23,1,0,88,1764,355,1391,8391270,148056.8,22004,2.2,39.2,1198.0,1307252,6172.6,712.9,719.9,4488.7,931,0,1307979,1028294,0,0,0,0,0,0,0,0,0,0,0,0,382.0,0,0,376,658.6,19.1,32,53.1,0,512.0,,9565,1286313,140430.2,84.4
289,young,3982,161,8,511,0,33,2,1,99,1739,351,1337,8407290,148563.0,30502,2.2,41.4,1198.0,1311677,6179.5,713.0,721.8,4493.0,931,0,1312456,1032104,0,0,0,0,0,0,0,0,0,0,0,0,382.0,0,0,376,653.1,19.1,32,53.1,0,512.0,,9601,1290624,140899.7,84.6
290,young,4578,30,7,668,0,22,2,0,85,1758,356,1886,8421736,149074.4,31222,2.3,43.7,1198.0,1316102,6185.0,713.1,723.1,4496.2,931,0,1316933,1035969,0,0,0,0,0,0,0,0,0,0,0,0,382.0,0,0,376,647.5,19.1,32,53.1,0,512.0,,9632,1294945,141367.6,84.9
291,young,4175,31,9,223,0,19,1,0,72,1947,365,1776,8451752,149516.2,32870,2.4,46.1,1198.0,1320543,6193.8,713.8,725.0,4501.3,931,0,1321443,1039605,0,0,0,0,0,0,0,0,0,0,0,0,382.0,0,0,376,642.2,19.1,32,53.1,0,512.0,,9664,1299261,141834.9,85.2
292,young,4253,136,9,581,0,41,1,0,85,1709,361,1594,8473259,150089.6,25954,1.9,48.0,1198.0,1324983,6201.6,713.9,726.7,4506.3,931,0,1325942,1043428,0,0,0,0,0,0,0,0,0,0,0,0,382.0,0,0,376,637.8,19.1,32,53.1,0,512.0,,9699,1303584,142302.9,85.4
293,full-cycle,9369,87,794,0,0,0,2,0,84,1388,332,104,8495348,150613.4,157612,18.5,18.5,1198.0,1330229,6234.2,741.1,728.6,4509.0,951,0,1331190,1048245,882,5273,2088,130583,30,468,91,0,0,0,1064,0,394.0,12,10,348,682.8,16.7,32,56.4,0,512.0,starved,9768,1308659,142849.5,85.8
294,young,3018,20,8,689,0,18,2,0,74,1492,332,651,8515227,151295.2,20914,4.1,22.6,1198.0,1335198,6240.3,741.3,729.9,4512.9,985,0,1336192,1052450,0,0,0,0,0,0,0,0,0,0,0,0,400.0,0,0,367,681.2,12.7,32,54.4,0,512.0,,9780,1313304,143301.0,86.1
295,young,3182,29,7,642,0,39,2,1,118,1296,338,971,8527612,151800.0,16069,1.2,23.8,1198.0,1339641,6243.7,741.4,731.1,4514.4,985,0,1340671,1056666,0,0,0,0,0,0,0,0,0,0,0,0,400.0,0,0,367,676.1,12.7,32,54.4,0,512.0,,9804,1317620,143771.9,86.4
296,young,3120,21,8,562,0,17,2,0,70,1487,340,860,8542934,152309.3,22788,1.9,25.7,1198.0,1343972,6249.8,741.6,732.4,4516.7,989,0,1345048,1060553,0,0,0,0,0,0,0,0,0,0,0,0,400.0,0,0,367,671.6,12.7,32,54.2,0,512.0,,9836,1321838,144242.8,86.6
297,young,3654,100,8,630,0,38,2,0,99,1656,341,1046,8562558,152819.0,26733,1.9,27.7,1198.0,1348329,6256.0,741.7,733.7,4520.7,989,0,1349450,1064460,0,0,0,0,0,0,0,0,0,0,0,0,400.0,0,0,367,667.2,12.7,32,54.2,0,512.0,,9867,1326068,144712.4,86.9
298,young,3063,26,7,254,0,17,2,0,65,1552,348,1093,8579745,153329.2,21138,1.6,29.2,1198.0,1352685,6272.2,749.6,736.1,4525.8,989,0,1353861,1068161,0,0,0,0,0,0,0,0,0,0,0,0,400.0,0,0,367,663.8,12.7,32,54.2,0,512.0,,9899,1330288,145181.6,87.2
299,young,3100,23,8,255,0,22,1,1,87,1442,345,1193,8594362,153840.5,21670,1.9,31.1,1198.0,1357056,6276.3,749.7,737.2,4528.0,995,0,1358291,1072194,0,0,0,0,0,0,0,0,0,0,0,0,400.0,0,0,367,659.3,12.7,32,53.9,0,512.0,,9933,1334551,145650.6,87.4
300,young,6844,37,11,2376,0,200,2,0,83,2177,340,1835,8611849,154351.3,20565,1.6,32.7,1198.0,1361426,6282.8,749.9,739.1,4531.8,997,0,1362716,1076061,0,0,0,0,0,0,0,0,0,0,0,0,400.0,0,0,367,655.2,12.7,32,53.7,0,512.0,,9967,1338792,146118.2,87.7
301,young,4921,41,10,409,0,45,2,1,132,2186,344,1956,8634545,154861.0,26343,2.2,34.9,1198.0,1365830,6289.4,750.1,740.4,4536.3,1001,0,1367166,1079847,0,0,0,0,0,0,0,0,0,0,0,0,400.0,0,0,367,651.4,12.7,32,53.5,0,512.0,,9997,1343052,146588.5,88.0
302,young,5166,91,9,646,0,41,1,1,130,2235,346,1891,8649091,155365.4,27411,2.4,37.3,1198.0,1370213,6295.2,750.2,742.5,4539.3,1011,0,1371613,1083744,0,0,0,0,0,0,0,0,0,0,0,0,400.0,0,1,366,646.1,12.7,32,52.9,0,512.0,,10037,1347284,147054.0,88.2
303,young,3988,22,9,147,0,34,1,1,116,1858,345,1773,8664747,155879.6,24754,1.9,39.2,1198.0,1374653,6299.8,750.5,744.1,4541.3,1011,0,1376083,1087862,0,0,0,0,0,0,0,0,0,0,0,0,400.0,0,0,367,642.1,12.7,32,52.9,0,512.0,,10065,1351604,147525.8,88.5
304,young,4635,29,10,642,0,34,2,0,102,1835,349,1854,8680247,156388.8,28569,2.0,41.3,1198.0,1379080,6304.1,750.7,745.2,4543.7,1011,0,1380571,1091955,0,0,0,0,0,0,0,0,0,0,0,0,400.0,0,0,367,636.7,12.7,32,52.9,0,512.0,,10105,1355896,147991.1,88.8
305,young,4948,27,10,531,0,19,2,0,72,1917,345,2290,8696817,156893.7,23944,1.9,43.1,1198.0,1383545,6309.6,750.8,746.8,4545.3,1011,0,1385085,1096174,0,0,0,0,0,0,0,0,0,0,0,0,400.0,0,0,367,632.3,12.7,32,52.9,0,512.0,,10138,1360240,148461.2,89.1
306,young,5896,96,9,777,0,24,2,1,93,2138,344,2687,8710475,157408.2,27574,1.9,45.1,1198.0,1388033,6312.6,751.0,748.3,4546.2,1011,0,1389609,1100553,0,0,0,0,0,0,0,0,0,0,0,0,400.0,0,0,367,627.4,12.7,32,52.9,0,512.0,,10166,1364596,148930.0,89.3
307,young,6050,59,9,1587,0,18,2,1,74,1414,352,2782,8725008,157916.8,11810,0.9,45.9,1198.0,1392522,6315.4,751.1,749.6,4546.9,1011,0,1394143,1104919,0,0,0,0,0,0,0,0,0,0,0,1,400.0,0,0,367,624.1,12.7,32,52.9,0,512.0,,10194,1368945,149399.5,89.6
308,young,4880,155,10,531,0,25,2,0,82,1542,353,2470,8745698,158425.2,13327,1.0,46.9,1198.0,1397008,6332.6,759.9,751.7,4552.6,1011,0,1398696,1108694,0,0,0,0,0,0,0,0,0,0,0,0,400.0,0,2,365,620.0,12.7,32,52.9,0,512.0,,10227,1373276,149867.0,89.9
309,full-cycle,20248,39,1030,0,0,0,2,1,83,2444,406,107,8761352,158957.1,154510,18.1,18.1,1198.0,1403691,6343.3,763.0,753.8,4556.1,1030,0,1404254,1114652,1068,14539,3452,107805,88,318,484,0,0,0,1112,0,318.0,8,6,396,773.6,13.6,30,53.0,0,512.0,starved,10286,1379737,150575.0,90.3
310,young,4117,132,10,551,0,21,1,0,84,2352,372,830,8801702,159728.6,27674,5.0,23.1,1198.0,1408688,6347.8,763.1,755.0,4558.7,1074,0,1409271,1119097,0,0,0,0,0,0,0,0,0,0,0,0,320.0,0,0,409,766.7,12.6,30,50.3,0,512.0,,10306,1384384,151033.7,90.6
311,young,2887,27,10,214,0,19,1,1,66,1756,349,750,8821069,160289.9,23123,1.9,24.9,1198.0,1413038,6351.5,763.6,756.4,4559.9,1076,0,1413672,1123319,0,0,0,0,0,0,0,0,0,0,0,0,320.0,0,0,409,762.3,12.6,30,50.2,0,512.0,,10338,1388594,151504.9,90.9
312,young,3490,29,10,454,0,32,2,0,98,1918,352,861,8837688,160797.6,36067,3.8,28.7,1198.0,1417294,6359.6,764.5,757.8,4565.0,1100,0,1418029,1126963,0,0,0,0,0,0,0,0,0,0,0,0,320.0,0,0,409,757.0,12.6,30,48.8,0,512.0,,10391,1392709,151965.5,91.2
313,young,4027,32,9,563,0,20,1,0,85,1967,356,1231,8855174,161303.0,32134,2.4,31.2,1198.0,1421621,6365.7,764.6,759.4,4568.6,1102,0,1422419,1130709,0,0,0,0,0,0,0,0,0,0,0,0,320.0,0,0,409,750.9,12.6,30,48.7,0,512.0,,10430,1396913,152431.6,91.4
314,young,3760,22,10,640,0,36,2,1,124,1512,357,1340,8870936,161812.1,24628,1.8,33.0,1198.0,1425971,6373.6,765.4,762.8,4571.6,1102,0,1426824,1134579,0,0,0,0,0,0,0,0,0,0,0,0,320.0,0,0,409,746.5,12.6,30,48.7,0,512.0,,10465,1401144,152899.8,91.7
315,young,4049,260,8,529,0,34,2,0,81,1676,357,1386,8886277,162322.0,20963,1.6,34.6,1198.0,1430336,6379.1,765.6,764.1,4574.9,1104,0,1431248,1138479,0,0,0,0,0,0,0,0,0,0,0,0,320.0,0,0,409,742.4,12.6,30,48.6,0,512.0,,10503,1405375,153366.5,92.0
316,young,4070,22,8,600,0,23,1,1,78,1866,353,1384,8902420,162825.1,24534,1.9,36.5,1198.0,1434719,6385.9,766.0,765.5,4579.3,1104,0,1435679,1142361,0,0,0,0,0,0,0,0,0,0,0,0,320.0,0,0,409,737.8,12.6,30,48.6,0,512.0,,10531,1409657,153837.4,92.2
317,young,4656,27,9,728,0,47,1,0,126,2203,354,1439,8914682,163334.2,42647,3.4,39.8,1198.0,1439128,6390.1,766.1,766.8,4581.6,1104,0,1440120,1146237,0,0,0,0,0,0,0,0,0,0,0,0,320.0,0,0,409,729.4,12.6,30,48.6,0,512.0,,10558,1414021,154333.4,92.8
318,young,4868,42,8,798,0,72,2,1,162,1847,359,1791,8932403,163845.0,31046,2.5,42.3,1198.0,1443566,6395.1,766.2,768.3,4584.2,1104,0,1444603,1150238,0,0,0,0,0,0,0,0,0,0,0,0,320.0,0,0,409,719.1,12.6,30,48.6,0,512.0,,10588,1418384,154814.9,93.2
319,young,5076,489,11,443,0,36,2,0,131,1708,366,2143,8948772,164350.4,19183,1.4,43.7,1198.0,1448043,6400.2,766.4,769.9,4586.2,1104,0,1449147,1154395,0,0,0,0,0,0,0,0,0,0,0,0,320.0,0,0,409,714.3,12.6,30,48.6,0,512.0,,10623,1422728,155282.3,93.5
320,young,4158,27,10,554,0,30,1,0,104,1384,370,1963,8967754,164855.1,14828,1.1,44.8,1198.0,1452521,6406.9,766.6,771.9,4590.0,1104,0,1453671,1158172,0,0,0,0,0,0,0,0,0,0,0,0,320.0,0,0,409,710.8,12.6,30,48.6,0,512.0,,10653,1427083,155750.0,93.7
321,young,4688,167,8,544,0,41,2,1,154,1302,370,2330,8984577,165367.3,20821,1.6,46.4,1198.0,1457015,6411.5,767.0,773.5,4592.0,1104,0,1458215,1162426,0,0,0,0,0,0,0,0,0,0,0,0,320.0,0,0,409,706.9,12.6,30,48.6,0,512.0,,10683,1431451,156220.0,94.0
322,young,5151,31,10,301,0,38,1,1,151,2466,371,2063,9004506,165874.3,34288,2.5,48.9,1198.0,1461516,6416.9,767.2,774.9,4595.1,1104,0,1462779,1166429,0,0,0,0,0,0,0,0,0,0,0,0,320.0,0,0,409,701.9,12.6,30,48.6,0,512.0,,10715,1435813,156687.5,94.3
323,full-cycle,12351,389,982,0,0,0,2,1,278,1386,365,297,9042788,166375.3,143395,17.5,17.5,1198.0,1467428,6432.0,767.4,777.0,4606.8,1116,0,1468604,1169937,1371,7550,2000,116777,34,219,58,0,0,0,1387,0,336.0,14,14,370,720.2,9.6,33,58.8,0,512.0,starved,10794,1441511,157298.7,94.6
324,young,3162,36,9,381,0,22,2,0,82,1802,371,770,9064618,167104.7,24075,3.8,21.3,1198.0,1473132,6437.1,767.6,778.5,4609.3,1144,0,1474320,1175077,0,0,0,0,0,0,0,0,0,0,0,0,350.0,0,0,391,727.3,1.2,33,57.2,0,512.0,,10803,1446607,157724.8,95.0
325,young,3499,23,8,460,0,33,2,0,113,1886,375,913,9078775,167592.1,30345,2.6,23.9,1198.0,1477572,6442.8,767.7,779.9,4612.9,1154,0,1478808,1179033,0,0,0,0,0,0,0,0,0,0,0,0,350.0,0,0,391,720.2,1.2,33,56.6,0,512.0,,10834,1450924,158193.1,95.3
326,young,3284,24,8,530,0,38,2,0,87,1545,375,919,9094187,168105.0,23846,2.2,26.1,1198.0,1482007,6448.7,767.9,781.2,4616.6,1162,0,1483297,1182949,0,0,0,0,0,0,0,0,0,0,0,1,350.0,0,0,391,715.4,1.2,33,56.1,0,512.0,,10866,1455234,158662.1,95.6
327,young,4128,105,74,555,0,42,2,1,136,1892,376,1236,9109169,168616.1,26329,1.9,28.0,1198.0,1486485,6454.9,769.3,783.2,4618.7,1162,0,1487834,1187059,0,0,0,0,0,0,0,0,0,0,0,0,350.0,0,0,391,709.9,1.2,33,56.1,0,512.0,,10899,1459553,159129.8,95.8
328,young,3538,296,8,531,0,16,1,0,58,1373,379,1133,9127536,169125.3,24264,1.8,29.9,1198.0,1490922,6461.9,770.2,784.7,4622.6,1162,0,1492324,1190918,0,0,0,0,0,0,0,0,0,0,0,0,350.0,0,0,391,705.5,1.2,33,56.1,0,512.0,,10932,1463876,159598.9,96.1
329,young,3650,32,10,218,0,42,2,0,126,1809,381,1338,9148022,169637.1,31506,2.3,32.2,1198.0,1495367,6468.2,771.1,786.2,4625.6,1162,0,1496818,1194817,0,0,0,0,0,0,0,0,0,0,0,1,350.0,0,0,391,701.5,1.2,33,56.1,0,512.0,,10964,1468190,160067.2,96.4
330,young,4655,30,10,234,0,26,2,0,101,2606,385,1536,9162084,170150.3,32521,2.7,34.9,1198.0,1499853,6472.9,771.2,787.3,4627.8,1168,0,1501358,1198867,0,0,0,0,0,0,0,0,0,0,0,0,350.0,0,0,391,696.2,1.2,33,55.8,0,512.0,,11001,1472531,160533.6,96.7
331,young,4380,55,9,183,0,48,2,0,141,2345,383,1445,9177879,170659.0,32478,2.8,37.7,1198.0,1504325,6479.0,771.5,788.6,4631.6,1176,0,1505886,1202752,0,0,0,0,0,0,0,0,0,0,0,0,350.0,0,0,391,691.1,1.2,33,55.3,0,512.0,,11041,1476862,161000.7,96.9
332,young,4275,47,9,785,0,34,2,0,109,1840,381,1357,9192931,171172.0,30674,2.3,40.0,1198.0,1508860,6483.4,771.8,790.1,4633.6,1178,0,1510475,1206980,0,0,0,0,0,0,0,0,0,0,0,0,350.0,0,0,391,684.7,1.2,33,55.2,0,512.0,,11077,1481239,161468.1,97.2
333,young,3811,23,9,245,0,24,1,1,84,1843,386,1513,9210828,171680.7,24640,1.9,41.9,1198.0,1513389,6495.0,775.0,794.1,4637.4,1180,0,1515079,1211149,0,0,0,0,0,0,0,0,0,0,0,0,350.0,0,1,390,679.0,1.2,33,55.1,0,512.0,,11114,1485617,161934.1,97.5
334,young,4137,27,9,242,0,37,2,1,131,1734,385,1870,9227043,172190.1,30491,2.3,44.1,1198.0,1517891,6503.2,776.0,795.7,4641.7,1180,0,1519629,1214977,0,0,0,0,0,0,0,0,0,0,0,0,350.0,0,0,391,674.7,1.2,33,55.1,0,512.0,,11146,1489998,162402.9,97.8
335,young,5136,156,11,699,0,37,2,1,114,1916,385,2136,9244813,172701.2,31354,2.6,46.7,1198.0,1522507,6510.8,777.7,798.2,4644.2,1186,0,1524318,1219224,0,0,0,0,0,0,0,0,0,0,0,0,350.0,0,0,391,667.6,1.2,33,54.7,0,512.0,,11192,1494445,162865.6,98.1
336,full-cycle,11201,59,958,0,0,0,2,0,142,1620,363,164,9259938,173214.5,173142,19.7,19.7,1198.0,1528174,6517.6,778.7,801.3,4646.1,1218,0,1530047,1224548,1017,7009,1997,143212,24,116,63,0,0,0,1075,0,368.0,12,9,366,718.8,21.1,28,48.0,0,512.0,starved,11269,1499891,163442.6,98.4
337,young,3116,25,9,457,0,31,2,0,104,1742,367,680,9281360,173933.9,28861,5.2,24.9,1198.0,1534347,6525.0,779.5,803.5,4649.6,1254,0,1536261,1229753,0,0,0,0,0,0,0,0,0,0,0,0,368.0,0,0,387,695.1,21.1,28,45.8,0,512.0,,11299,1505385,163895.0,98.8
338,young,3006,71,10,467,0,14,1,0,64,1495,378,796,9293303,174409.0,20764,2.4,27.3,1198.0,1538922,6529.3,779.8,805.0,4651.3,1270,0,1540872,1234046,0,0,0,0,0,0,0,0,0,0,0,0,368.0,0,0,387,688.7,21.1,28,44.9,0,512.0,,11326,1509813,164364.3,99.1
339,young,3687,28,9,438,0,24,2,0,87,1942,383,1007,9310545,174924.1,27641,2.2,29.5,1198.0,1543384,6534.0,780.2,807.1,4652.8,1274,0,1545391,1238295,0,0,0,0,0,0,0,0,0,0,0,0,368.0,0,0,387,682.2,21.1,28,44.7,0,512.0,,11363,1514145,164832.6,99.4
340,young,3614,23,9,645,0,43,2,0,123,1738,382,986,9329319,175433.8,30879,2.6,32.1,1198.0,1547808,6540.4,780.4,808.4,4657.0,1280,0,1549886,1242044,0,0,0,0,0,0,0,0,0,0,0,1,368.0,0,0,387,677.4,21.1,28,44.3,0,512.0,,11402,1518442,165298.9,99.6
341,young,3928,26,7,870,0,23,2,0,80,1875,382,978,9344103,175942.1,34290,2.5,34.6,1198.0,1552290,6545.4,780.5,809.8,4659.9,1280,0,1554419,1246044,0,0,0,0,0,0,0,0,0,0,0,0,368.0,0,0,387,670.9,21.1,28,44.3,0,512.0,,11434,1522810,165767.2,99.9
342,young,3516,24,8,262,0,14,2,0,74,1790,382,1249,9359940,176452.8,29535,2.2,36.8,1198.0,1556744,6550.7,780.7,811.1,4663.0,1280,0,1558922,1249962,0,0,0,0,0,0,0,0,0,0,0,0,368.0,0,0,387,665.6,21.1,28,44.3,0,512.0,,11466,1527149,166236.0,100.2
343,young,4012,26,10,768,0,42,2,1,112,1616,381,1341,9375743,176959.0,24271,1.7,38.5,1198.0,1561287,6555.8,780.8,812.4,4666.1,1280,0,1563505,1254088,0,0,0,0,0,0,0,0,0,0,0,0,368.0,0,0,387,659.8,21.1,28,44.3,0,512.0,,11497,1531560,166704.0,100.5
344,young,3801,41,10,657,0,36,2,0,137,1327,381,1513,9398640,177472.6,17016,1.2,39.8,1198.0,1565809,6561.2,780.9,814.1,4668.9,1280,0,1568065,1258132,0,0,0,0,0,0,0,0,0,0,0,0,368.0,0,0,387,655.2,21.1,28,44.3,0,512.0,,11530,1535963,167173.5,100.8
345,full-cycle,9548,22,991,0,0,0,2,1,123,1486,369,145,9413442,177994.1,157642,18.6,18.6,1198.0,1571207,6568.1,781.6,816.0,4672.2,1297,0,1573513,1262870,1013,5313,1900,125505,14,200,48,0,0,0,1250,0,356.0,7,11,373,729.1,11.9,30,52.7,0,512.0,starved,11591,1541175,167724.9,101.1
346,young,3556,23,9,385,0,23,2,0,90,2180,372,775,9439136,178697.9,35122,5.4,24.0,1198.0,1577288,6574.0,781.8,817.6,4675.6,1339,0,1579622,1268001,0,0,0,0,0,0,0,0,0,0,0,0,356.0,0,0,391,712.9,11.9,30,50.3,0,512.0,,11610,1546642,168171.9,101.5
347,young,3962,20,7,517,0,36,1,0,118,2268,371,944,9453875,179177.9,38444,2.9,26.9,1198.0,1581866,6578.8,781.9,819.3,4677.6,1341,0,1584255,1272259,0,0,0,0,0,0,0,0,0,0,0,0,356.0,0,1,390,704.4,11.9,30,50.1,0,512.0,,11639,1551060,168639.4,101.8
348,young,4122,31,9,490,0,38,2,0,116,2256,373,1108,9468465,179686.1,38777,2.9,29.9,1198.0,1586313,6584.6,782.4,820.9,4680.7,1343,0,1588750,1276183,0,0,0,0,0,0,0,0,0,0,0,0,356.0,0,0,391,698.7,11.9,30,50.0,0,512.0,,11670,1555384,169108.2,102.0
349,young,4672,160,11,596,0,29,2,1,114,2021,373,1650,9485187,180194.6,30852,2.2,32.1,1198.0,1590788,6592.2,783.5,822.5,4684.8,1343,0,1593268,1280140,0,0,0,0,0,0,0,0,0,0,0,0,356.0,0,0,391,693.3,11.9,30,50.0,0,512.0,,11697,1559727,169576.7,102.3
350,young,4180,24,10,494,0,28,2,0,109,1973,374,1461,9501230,180704.4,25420,1.9,34.0,1198.0,1595267,6599.1,783.7,823.7,4689.0,1343,0,1597806,1284102,0,0,0,0,0,0,0,0,0,0,0,0,356.0,0,0,391,688.0,11.9,30,50.0,0,512.0,,11727,1564079,170045.4,102.6
351,young,4620,22,9,448,0,38,2,0,122,2183,374,1700,9517386,181214.7,34155,2.5,36.5,1198.0,1599799,6604.4,783.8,825.0,4691.9,1343,0,1602379,1288065,0,0,0,0,0,0,0,0,0,0,0,0,356.0,0,0,391,681.6,11.9,30,50.0,0,512.0,,11753,1568495,170515.2,102.9
352,young,4657,41,26,160,0,42,1,0,134,2289,375,1915,9536118,181722.9,39130,2.9,39.4,1198.0,1604309,6611.1,784.0,826.4,4696.6,1343,0,1606946,1291990,0,0,0,0,0,0,0,0,0,0,0,0,356.0,0,0,391,676.2,11.9,30,50.0,0,512.0,,11784,1572870,170983.2,103.1
353,young,4453,46,9,597,0,45,2,1,120,1749,374,1802,9556184,182232.0,26061,1.9,41.3,1198.0,1608844,6620.5,787.4,827.9,4699.4,1345,0,1611522,1295939,0,0,0,0,0,0,0,0,0,0,0,0,356.0,0,0,391,671.0,11.9,30,49.9,0,512.0,,11815,1577265,171450.1,103.4
354,young,3966,46,9,846,0,22,1,0,89,1135,376,1684,9573904,182740.9,10133,0.8,42.1,1198.0,1613376,6628.5,787.6,830.5,4704.0,1345,0,1616104,1299874,0,0,0,0,0,0,0,0,0,0,0,0,356.0,0,1,390,667.3,11.9,30,49.9,0,512.0,,11849,1581653,171919.5,103.7
355,full-cycle,9646,40,979,0,0,0,2,0,130,1423,365,154,9596710,183257.5,158692,17.4,17.4,1198.0,1618801,6637.8,787.8,833.4,4709.5,1375,0,1621569,1304303,1019,5200,2370,139578,177,442,162,0,0,0,1005,1,352.0,8,7,377,738.0,13.4,31,55.4,0,512.0,starved,11928,1586861,172474.2,104.0
356,young,4536,840,10,771,0,25,2,0,98,2039,383,704,9648188,183850.5,34162,5.4,22.8,1198.0,1624517,6654.7,787.9,835.3,4723.4,1405,0,1627308,1306637,0,0,0,0,0,0,0,0,0,0,0,0,352.0,0,0,392,719.1,13.4,31,53.6,0,512.0,,11944,1592075,172932.4,104.4
357,young,3552,548,8,234,0,37,2,0,109,1698,391,814,9685806,184439.6,26311,1.9,24.7,1198.0,1629256,6662.6,788.1,836.8,4728.9,1405,0,1632102,1310630,0,0,0,0,0,0,0,0,0,0,0,0,352.0,0,0,392,709.8,13.4,31,53.6,0,512.0,,11975,1596572,173399.0,104.7
358,young,3991,38,11,715,0,38,2,0,121,1880,389,1107,9704629,184963.4,26006,1.9,26.7,1198.0,1633722,6672.4,788.3,839.8,4734.7,1405,0,1636621,1314408,0,0,0,0,0,0,0,0,0,0,0,0,352.0,0,0,392,703.3,13.4,31,53.6,0,512.0,,12006,1600917,173868.5,105.0
359,young,3646,42,8,387,0,22,2,0,94,1921,388,1057,9719458,185473.0,31068,2.3,29.0,1198.0,1638114,6677.8,788.4,841.2,4738.0,1405,0,1641070,1318351,0,0,0,0,0,0,0,0,0,0,0,0,352.0,0,0,392,698.2,13.4,31,53.6,0,512.0,,12036,1605194,174337.8,105.2
360,young,4194,100,9,382,0,23,2,0,89,1882,389,1626,9734719,185979.3,31477,2.3,31.2,1198.0,1642543,6684.3,788.9,842.8,4741.7,1405,0,1645560,1322351,0,0,0,0,0,0,0,0,0,0,0,0,352.0,0,0,392,693.0,13.4,31,53.6,0,512.0,,12070,1609486,174806.0,105.5
361,young,3890,168,9,305,0,44,2,0,123,1841,389,1325,9754424,186493.2,28952,2.3,33.5,1198.0,1646962,6692.1,789.1,845.2,4746.3,1407,0,1650027,1326166,0,0,0,0,0,0,0,0,0,0,0,0,352.0,0,1,391,688.0,13.4,31,53.5,0,512.0,,12103,1613780,175274.7,105.8
362,young,4160,22,9,228,0,22,1,0,85,2340,389,1400,9769338,187003.6,36613,2.7,36.2,1198.0,1651427,6697.7,789.2,846.6,4749.9,1407,0,1654539,1330050,0,0,0,0,0,0,0,0,0,0,0,0,352.0,0,0,392,683.1,13.4,31,53.5,0,512.0,,12135,1618102,175743.6,106.1
363,young,4870,47,8,635,0,34,2,1,113,2308,386,1631,9784109,187513.1,38167,2.8,39.0,1198.0,1655911,6702.5,789.4,847.9,4752.5,1407,0,1659080,1334068,0,0,0,0,0,0,0,0,0,0,0,0,352.0,0,1,391,676.5,13.4,31,53.5,0,512.0,,12169,1622471,176212.4,106.3
364,young,4346,23,8,393,0,30,2,0,110,1783,384,1931,9801749,188022.1,29463,2.1,41.1,1198.0,1660421,6708.4,789.6,849.2,4756.3,1407,0,1663632,1337921,0,0,0,0,0,0,0,0,0,0,0,0,352.0,0,0,392,671.2,13.4,31,53.5,0,512.0,,12200,1626845,176679.6,106.6
365,full-cycle,12365,26,809,0,0,0,2,0,111,1863,372,130,9818806,188574.9,163204,17.7,17.7,1198.0,1666689,6718.3,790.2,851.2,4762.3,1434,0,1669949,1343213,835,6716,2580,122504,23,426,129,0,0,0,2138,1,364.0,10,30,354,694.6,16.4,23,39.8,0,512.0,starved,12278,1632866,177305.7,107.0
366,young,3579,44,8,378,0,43,2,0,111,2146,368,751,9840801,189281.4,36608,5.8,23.5,1198.0,1672334,6727.5,791.9,855.3,4764.1,1472,0,1675621,1348462,0,0,0,0,0,0,0,0,0,0,0,0,366.0,0,1,392,712.0,15.7,23,37.6,0,512.0,,12296,1637890,177720.5,107.4
367,young,3661,24,9,135,0,35,2,0,121,2295,380,954,9852473,189760.9,36101,3.9,27.5,1198.0,1676740,6732.8,792.1,856.7,4767.1,1498,0,1680099,1352306,0,0,0,0,0,0,0,0,0,0,0,0,366.0,0,0,393,706.5,15.7,23,36.1,0,512.0,,12340,1642139,178184.7,107.6
368,young,3507,166,10,442,0,30,2,1,100,1755,383,940,9883620,190219.5,30553,2.3,29.7,1198.0,1681400,6744.5,794.7,859.6,4772.4,1500,0,1684814,1355845,0,0,0,0,0,0,0,0,0,0,0,0,366.0,0,0,393,697.1,15.7,23,36.0,0,512.0,,12374,1646576,178651.3,107.9
369,young,3382,223,10,437,0,31,1,0,83,1537,380,975,9901371,190775.7,26235,2.0,31.7,1198.0,1685928,6749.0,794.8,860.8,4774.8,1500,0,1689398,1359991,0,0,0,0,0,0,0,0,0,0,0,0,366.0,0,0,393,691.0,15.7,23,36.0,0,512.0,,12407,1650977,179119.4,108.2
370,young,4014,39,10,501,0,24,1,0,83,1949,380,1339,9918850,191284.7,32588,2.4,34.1,1198.0,1690381,6756.5,796.4,862.4,4778.5,1500,0,1693893,1363783,0,0,0,0,0,0,0,0,0,0,0,0,366.0,0,0,393,686.0,15.7,23,36.0,0,512.0,,12438,1655314,179587.6,108.5
371,young,4133,90,9,610,0,31,2,0,95,1912,378,1320,9937172,191794.6,33271,2.5,36.6,1198.0,1694864,6762.3,796.5,864.0,4781.7,1500,0,1698430,1367717,0,0,0,0,0,0,0,0,0,0,0,0,366.0,0,1,392,680.2,15.7,23,36.0,0,512.0,,12479,1659675,180056.7,108.7
372,young,4366,44,10,772,0,39,2,1,114,1851,374,1450,9953025,192299.4,38420,2.8,39.4,1198.0,1699346,6767.9,796.7,865.5,4785.0,1500,0,1702959,1371709,0,0,0,0,0,0,0,0,0,0,0,0,366.0,0,0,393,674.6,15.7,23,36.0,0,512.0,,12508,1664040,180524.1,109.0
373,young,4206,24,10,466,0,39,2,0,109,1922,376,1568,9968350,192813.7,38062,2.8,42.2,1198.0,1703858,6773.1,796.9,866.9,4788.0,1500,0,1707516,1375748,0,0,0,0,0,0,0,0,0,0,0,0,366.0,0,0,393,668.4,15.7,23,36.0,0,512.0,,12541,1668432,180992.6,109.3
374,young,4281,151,9,578,0,33,1,0,108,1804,378,1514,9993542,193319.5,37353,2.7,44.9,1198.0,1708383,6778.4,797.0,868.2,4791.2,1500,0,1712097,1379801,0,0,0,0,0,0,0,0,0,0,0,1,366.0,0,0,393,661.9,15.7,23,36.0,0,512.0,,12582,1672832,181459.6,109.6
375,young,4558,24,9,656,0,25,1,0,93,1952,379,1739,10009593,193830.3,36445,2.7,47.6,1198.0,1712922,6783.8,797.2,869.7,4794.3,1500,0,1716692,1383865,0,0,0,0,0,0,0,0,0,0,0,0,366.0,0,0,393,655.4,15.7,23,36.0,0,512.0,,12616,1677249,181926.6,109.9
376,full-cycle,11250,49,781,0,0,0,2,0,100,1651,373,116,10028486,194367.3,167014,19.3,19.3,1198.0,1718818,6793.5,797.8,871.8,4799.3,1519,0,1722644,1388822,830,6170,2386,133560,96,451,64,0,0,0,1805,0,346.0,13,25,363,715.8,21.5,25,42.6,0,512.0,starved,12695,1682936,182521.7,110.2
377,young,3454,22,14,524,0,42,2,0,112,1984,378,705,10050290,195072.0,35108,4.9,24.2,1198.0,1724586,6802.8,798.3,873.5,4805.6,1547,0,1728426,1393507,0,0,0,0,0,0,0,0,0,0,0,0,346.0,0,0,401,723.8,21.5,25,41.0,0,512.0,,12705,1688122,182949.9,110.6
378,young,3716,26,7,324,0,26,2,0,95,2201,387,958,10064033,195553.7,34342,2.7,26.9,1198.0,1729095,6808.4,798.4,874.6,4809.2,1551,0,1732985,1397512,0,0,0,0,0,0,0,0,0,0,0,0,346.0,0,0,401,716.4,21.5,25,40.8,0,512.0,,12740,1692502,183416.7,110.9
379,young,3623,109,8,633,0,35,2,0,111,1749,387,910,10082204,196063.2,32707,2.4,29.3,1198.0,1733656,6813.7,798.6,876.1,4812.2,1551,0,1737592,1401503,0,0,0,0,0,0,0,0,0,0,0,0,346.0,0,0,401,709.2,21.5,25,40.8,0,512.0,,12770,1696923,183886.0,111.1
380,young,4126,172,7,490,0,35,2,0,114,1990,383,1225,10099132,196573.4,35023,3.4,32.7,1198.0,1738183,6818.9,798.9,877.4,4814.7,1569,0,1742189,1405597,0,0,0,0,0,0,0,0,0,0,0,0,346.0,0,0,401,701.7,21.5,25,39.7,0,512.0,,12814,1701282,184348.8,111.4
381,young,3279,44,7,632,0,19,2,0,72,1398,383,1025,10113959,197081.1,32451,2.6,35.3,1198.0,1742743,6823.5,799.0,878.7,4817.2,1573,0,1746807,1409765,0,0,0,0,0,0,0,0,0,0,0,0,346.0,0,1,400,693.9,21.5,25,39.5,0,512.0,,12850,1705692,184816.5,111.7
382,young,4136,19,7,523,0,34,2,1,108,2054,381,1289,10127544,197587.9,35441,2.6,37.9,1198.0,1747228,6828.2,799.2,879.9,4820.0,1573,0,1751345,1413738,0,0,0,0,0,0,0,0,0,0,0,0,346.0,0,0,401,688.7,21.5,25,39.5,0,512.0,,12879,1710069,185283.7,112.0
383,young,3961,66,10,497,0,14,1,0,62,1675,381,1556,10141788,198096.9,36296,2.7,40.6,1198.0,1751714,6833.2,799.3,881.2,4822.8,1573,0,1755908,1417777,0,0,0,0,0,0,0,0,0,0,0,0,346.0,0,0,401,682.5,21.5,25,39.5,0,512.0,,12918,1714426,185749.4,112.3
384,young,3887,174,8,409,0,39,2,0,122,1638,386,1361,10155616,198607.0,34280,2.8,43.4,1198.0,1756220,6839.3,800.1,882.9,4825.7,1579,0,1760473,1421811,0,0,0,0,0,0,0,0,0,0,0,0,346.0,0,0,401,677.3,21.5,25,39.1,0,512.0,,12960,1718804,186215.0,112.5
385,full-cycle,10376,100,754,0,0,0,2,0,116,1806,383,135,10174129,199143.6,169923,19.7,19.7,1198.0,1762140,6846.7,800.3,885.5,4829.7,1603,0,1766459,1426947,854,5670,2208,130461,24,192,39,0,0,0,1562,0,344.0,9,22,370,729.0,14.5,26,44.3,0,512.0,starved,13049,1724481,186809.4,112.9
386,young,3522,42,7,359,0,36,1,1,112,2006,375,865,10193915,199857.7,38994,5.7,25.4,1198.0,1767910,6852.6,800.5,886.9,4833.0,1641,0,1772266,1431954,0,0,0,0,0,0,0,0,0,0,0,0,348.0,0,1,398,728.1,11.6,26,42.1,0,512.0,,13059,1729699,187242.9,113.3
387,young,4162,17,7,430,0,26,2,0,92,2463,382,1042,10214427,200339.2,38390,3.0,28.4,1198.0,1772418,6858.9,800.7,888.6,4836.4,1645,0,1776820,1435975,0,0,0,0,0,0,0,0,0,0,0,0,348.0,0,0,399,720.0,11.6,26,41.8,0,512.0,,13089,1734085,187711.4,113.5
388,young,3946,182,9,509,0,38,2,0,121,1850,382,1162,10233378,200845.7,34357,2.5,30.9,1198.0,1776897,6864.1,800.8,890.0,4839.2,1645,0,1781362,1439963,0,0,0,0,0,0,0,0,0,0,0,0,348.0,0,0,399,713.8,11.6,26,41.8,0,512.0,,13121,1738431,188179.0,113.8
389,young,3688,26,8,195,0,43,2,0,117,1908,384,1352,10249481,201353.2,33094,2.5,33.4,1198.0,1781384,6869.4,801.0,891.4,4841.8,1645,0,1785883,1443991,0,0,0,0,0,0,0,0,0,0,0,0,348.0,0,0,399,708.1,11.6,26,41.8,0,512.0,,13144,1742812,188649.4,114.1
390,young,3962,46,8,544,0,39,2,0,122,1730,387,1369,10263958,201861.5,34842,2.5,35.9,1198.0,1785908,6874.2,801.1,893.1,4843.7,1645,0,1790455,1448210,0,0,0,0,0,0,0,0,0,0,0,0,348.0,0,0,399,701.7,11.6,26,41.8,0,512.0,,13176,1747195,189117.2,114.4
391,young,3887,30,8,482,0,35,2,0,113,1605,389,1487,10279728,202364.5,25950,2.0,37.9,1198.0,1790391,6881.5,802.0,894.8,4847.6,1647,0,1794999,1452066,0,0,0,0,0,0,0,0,0,0,0,0,348.0,0,1,398,695.4,11.6,26,41.7,0,512.0,,13212,1751548,189584.6,114.6
392,young,4136,26,6,296,0,39,2,1,140,1820,388,1698,10297064,202879.9,27257,2.0,40.0,1198.0,1794878,6887.2,803.0,896.2,4850.3,1647,0,1799544,1456120,0,0,0,0,0,0,0,0,0,0,0,0,348.0,0,0,399,690.7,11.6,26,41.7,0,512.0,,13243,1755915,190052.2,114.9
393,young,4799,33,8,508,0,44,1,0,138,2121,390,1856,10311996,203391.3,36623,2.8,42.7,1198.0,1799381,6892.9,803.3,897.9,4853.4,1649,0,1804093,1460110,0,0,0,0,0,0,0,0,0,0,0,0,348.0,0,0,399,684.8,11.6,26,41.6,0,512.0,,13277,1760293,190520.4,115.2
394,young,4593,95,9,489,0,38,2,0,127,1822,391,1904,10328191,203900.8,28500,2.4,45.1,1198.0,1803884,6900.0,803.7,900.4,4856.8,1657,0,1808653,1464202,0,0,0,0,0,0,0,0,0,0,0,0,348.0,0,0,399,679.6,11.6,26,41.1,0,512.0,,13315,1764663,190985.0,115.5
395,young,4243,26,9,673,1,21,2,0,88,1332,393,1990,10346807,204410.7,13501,1.6,46.7,1198.0,1808397,6908.1,804.9,902.3,4861.2,1669,0,1813225,1468162,0,0,0,0,0,0,0,0,0,0,0,0,348.0,0,0,399,676.3,11.6,26,40.4,0,512.0,,13357,1769037,191450.6,115.8
396,young,4377,56,10,687,0,36,2,0,92,1380,393,2010,10362616,204923.0,16588,1.4,48.1,1198.0,1812914,6916.8,807.0,904.4,4865.0,1671,0,1817806,1472226,0,0,0,0,0,0,0,0,0,0,0,0,348.0,0,0,399,672.8,11.6,26,40.3,0,512.0,,13396,1773412,191917.2,116.0
397,full-cycle,9582,331,967,0,0,0,1,1,106,970,369,125,10389565,205394.6,158277,18.5,18.5,1198.0,1818352,6924.0,807.4,906.3,4869.0,1671,0,1823316,1476927,1298,5448,1754,142404,24,568,60,0,0,0,1010,0,366.0,9,6,376,732.7,16.5,25,43.9,0,512.0,starved,13481,1778583,192456.7,116.4
398,young,3012,147,8,456,0,32,2,0,116,1358,372,787,10417918,206131.7,19689,4.5,23.0,1198.0,1824606,6936.6,807.8,908.6,4877.1,1735,0,1829601,1481888,0,0,0,0,0,0,0,0,0,0,0,0,366.0,0,1,390,707.8,16.5,25,40.2,0,512.0,,13502,1784218,192911.4,116.8
399,young,3271,304,9,568,0,33,2,0,116,1396,374,770,10431120,206610.9,19414,1.5,24.6,1198.0,1829211,6940.9,808.0,909.8,4879.4,1737,0,1834249,1486097,0,0,0,0,0,0,0,0,0,0,0,0,366.0,0,0,391,701.6,16.5,25,40.1,0,512.0,,13531,1788656,193379.4,117.1
400,young,3194,33,10,550,0,39,2,0,120,1456,374,900,10446374,207117.4,18929,1.4,25.9,1198.0,1833661,6947.1,808.1,911.3,4882.7,1737,0,1838745,1489988,0,0,0,0,0,0,0,0,0,0,0,1,366.0,0,0,391,697.6,16.5,25,40.1,0,512.0,,13560,1792989,193848.7,117.3
401,young,3137,168,8,425,0,33,2,0,108,1326,374,995,10465367,207632.2,18341,1.4,27.3,1198.0,1838141,6956.8,808.9,912.6,4889.6,1737,0,1843279,1493733,0,0,0,0,0,0,0,0,0,0,0,0,366.0,0,0,391,693.1,16.5,25,40.1,0,512.0,,13592,1797338,194317.7,117.6
402,young,4800,179,9,923,0,51,2,1,153,1991,372,1387,10481663,208142.4,27593,2.1,29.4,1198.0,1842645,6963.0,809.0,914.0,4893.5,1737,0,1847830,1497664,0,0,0,0,0,0,0,0,0,0,0,0,366.0,0,0,391,687.6,16.5,25,40.1,0,512.0,,13624,1801720,194787.7,117.9
403,young,4469,28,8,541,0,25,2,0,94,2160,375,1478,10499885,208651.8,38030,2.8,32.2,1198.0,1847138,6969.1,809.1,915.3,4897.4,1737,0,1852370,1501499,0,0,0,0,0,0,0,0,0,0,0,0,366.0,0,0,391,682.4,16.5,25,40.1,0,512.0,,13656,1806087,195255.7,118.2
404,young,4912,46,10,587,0,47,2,0,141,2429,375,1567,10516735,209161.2,31975,2.3,34.5,1198.0,1851664,6975.5,811.1,917.0,4899.4,1737,0,1856947,1505723,0,0,0,0,0,0,0,0,0,0,0,0,366.0,0,1,390,676.9,16.5,25,40.1,0,512.0,,13690,1810466,195724.2,118.4
405,young,4014,23,8,436,0,22,1,0,91,1788,374,1529,10531043,209671.0,28085,2.1,36.6,1198.0,1856206,6979.6,811.3,918.2,4901.5,1737,0,1861533,1509901,0,0,0,0,0,0,0,0,0,0,0,0,366.0,0,1,390,671.3,16.5,25,40.1,0,512.0,,13721,1814886,196193.1,118.7
406,young,4289,27,13,475,0,46,1,0,126,1900,375,1622,10547047,210176.1,35462,2.6,39.2,1198.0,1860737,6985.3,811.5,919.5,4904.6,1737,0,1866110,1513886,0,0,0,0,0,0,0,0,0,0,0,0,366.0,0,0,391,665.8,16.5,25,40.1,0,512.0,,13753,1819292,196660.9,119.0
407,young,4506,30,8,520,0,16,1,0,68,1885,376,1895,10562929,210690.0,35527,2.6,41.8,1198.0,1865283,6992.3,811.6,921.4,4908.9,1737,0,1870716,1517914,0,0,0,0,0,0,0,0,0,0,0,1,366.0,0,1,390,659.0,16.5,25,40.1,0,512.0,,13788,1823715,197128.1,119.3
408,young,5182,61,10,697,0,31,2,0,85,2236,380,2011,10590393,211195.1,37690,2.8,44.6,1198.0,1869848,6997.3,811.8,922.7,4911.6,1737,0,1875326,1521897,0,0,0,0,0,0,0,0,0,0,0,0,366.0,0,0,391,653.5,16.5,25,40.1,0,512.0,,13820,1828152,197596.1,119.6
409,full-cycle,11733,21,1112,0,0,0,2,0,113,1267,361,132,10607836,211735.5,164422,17.8,17.8,1198.0,1875737,7003.8,812.0,924.5,4915.3,1766,0,1881234,1527105,1133,6682,2518,136766,149,854,108,0,0,0,1302,0,370.0,13,19,355,697.8,19.4,27,47.6,0,512.0,starved,13893,1833808,198187.8,119.9
410,young,2927,24,8,218,0,32,1,1,80,1777,370,726,10626181,212426.3,28271,5.1,22.9,1198.0,1881657,7009.5,812.1,926.0,4918.5,1798,0,1887174,1532203,0,0,0,0,0,0,0,0,0,0,0,0,374.0,0,0,385,694.9,16.5,27,45.7,0,512.0,,13904,1839119,198621.4,120.3
411,young,3449,38,8,312,0,36,2,0,106,1960,374,916,10639565,212909.6,38031,3.0,25.9,1198.0,1886181,7015.0,812.3,927.3,4921.9,1802,0,1891758,1536211,0,0,0,0,0,0,0,0,0,0,0,0,374.0,0,0,385,687.5,16.5,27,45.5,0,512.0,,13938,1843514,199088.9,120.6
412,young,3533,18,7,288,0,34,2,1,83,2066,371,961,10658699,213416.4,37278,2.9,28.8,1198.0,1890647,7022.0,812.4,929.4,4926.1,1806,0,1896272,1540013,0,0,0,0,0,0,0,0,0,0,0,0,374.0,0,0,385,681.6,16.5,27,45.3,0,512.0,,13970,1847847,199557.7,120.9
413,young,3713,22,9,403,0,46,1,0,122,1870,376,1183,10673245,213924.8,37067,2.9,31.7,1198.0,1895164,7027.3,812.6,930.8,4928.9,1810,0,1900850,1544137,0,0,0,0,0,0,0,0,0,0,0,0,374.0,0,0,385,675.1,16.5,27,45.0,0,512.0,,14003,1852219,200025.0,121.1
414,young,4005,25,9,566,0,29,1,0,89,1950,375,1266,10686452,214432.5,38127,2.8,34.5,1198.0,1899697,7031.0,812.8,932.2,4930.5,1810,0,1905441,1548346,0,0,0,0,0,0,0,0,0,0,0,0,374.0,0,0,385,668.5,16.5,27,45.0,0,512.0,,14036,1856640,200492.7,121.4
415,young,4088,35,8,472,0,29,1,0,76,2030,374,1372,10700641,214942.3,37376,2.7,37.3,1198.0,1904195,7035.8,813.0,933.7,4932.8,1810,0,1909992,1552453,0,0,0,0,0,0,0,0,0,0,0,0,374.0,0,1,384,662.4,16.5,27,45.0,0,512.0,,14068,1861017,200961.0,121.7
416,young,3922,20,7,351,0,15,1,0,65,1943,375,1432,10723672,215451.3,35736,2.6,39.9,1198.0,1908722,7042.4,813.1,935.6,4936.7,1810,0,1914561,1556406,0,0,0,0,0,0,0,0,0,0,0,0,374.0,0,0,385,657.4,16.5,27,45.0,0,512.0,,14100,1865426,201430.0,122.0
417,young,4464,18,8,397,0,49,1,0,142,1973,375,1784,10738643,215960.8,30351,2.2,42.1,1198.0,1913426,7050.3,815.8,938.2,4938.4,1810,0,1919324,1560814,0,0,0,0,0,0,0,0,0,0,0,1,374.0,0,0,385,650.0,16.5,27,45.0,0,512.0,,14132,1869959,201895.8,122.3
418,full-cycle,9925,97,893,0,0,0,1,0,219,1402,370,238,10753157,216465.2,158217,17.9,17.9,1198.0,1918954,7057.5,816.0,939.8,4942.8,1840,0,1924900,1565690,990,5870,2037,139585,36,263,82,0,0,0,958,0,360.0,11,9,374,735.3,18.6,25,43.0,0,512.0,starved,14202,1875306,202462.5,122.6
419,young,3588,92,8,495,0,20,2,0,85,1968,374,793,10774893,217200.7,37429,5.7,23.6,1198.0,1925083,7064.2,816.3,942.1,4946.1,1872,0,1931051,1570886,0,0,0,0,0,0,0,0,0,0,0,0,360.0,0,0,394,712.1,18.6,25,41.1,0,512.0,,14220,1880792,202916.6,123.0
420,young,3083,32,9,222,0,31,1,0,110,1736,381,900,10790438,217678.6,26659,2.8,26.4,1198.0,1929645,7069.0,816.5,943.2,4948.8,1890,0,1935678,1574933,0,0,0,0,0,0,0,0,0,0,0,0,360.0,0,0,394,703.6,18.6,25,40.0,0,512.0,,14263,1885185,203381.7,123.3
421,young,2787,20,8,469,0,12,1,0,53,1249,379,896,10807053,218184.4,25846,2.0,28.3,1198.0,1934091,7076.0,816.6,944.7,4953.5,1890,0,1940187,1578823,0,0,0,0,0,0,0,0,0,0,0,0,360.0,0,0,394,698.2,18.6,25,40.0,0,512.0,,14297,1889514,203850.0,123.5
422,young,3569,48,9,233,0,34,1,0,87,2001,381,1074,10824498,218694.8,33215,2.5,30.8,1198.0,1938575,7088.0,821.4,946.0,4958.5,1892,0,1944730,1582728,0,0,0,0,0,0,0,0,0,0,0,0,360.0,0,0,394,692.2,18.6,25,39.9,0,512.0,,14334,1893852,204315.7,123.8
423,young,3349,51,9,480,0,11,1,0,53,1695,382,976,10841723,219197.5,33076,2.7,33.5,1198.0,1943104,7095.9,821.5,947.4,4964.2,1896,0,1949327,1586567,0,0,0,0,0,0,0,0,0,0,0,0,360.0,0,0,394,685.4,18.6,25,39.7,0,512.0,,14379,1898225,204781.2,124.1
424,young,4316,48,8,559,0,33,2,0,107,2179,382,1319,10856699,219711.5,38622,2.8,36.3,1198.0,1947593,7101.8,822.1,948.8,4967.4,1896,0,1953865,1590559,0,0,0,0,0,0,0,0,0,0,0,0,360.0,0,0,394,679.9,18.6,25,39.7,0,512.0,,14410,1902585,205249.6,124.4
425,young,4007,22,9,260,0,26,1,0,74,1945,380,1628,10872011,220221.0,38942,2.9,39.2,1198.0,1952106,7106.7,822.2,950.0,4970.1,1896,0,1958435,1594654,0,0,0,0,0,0,0,0,0,0,0,0,360.0,0,0,394,673.8,18.6,25,39.7,0,512.0,,14441,1906982,205717.2,124.7
426,young,4091,46,21,371,0,45,2,0,118,1838,385,1589,10886029,220727.0,38779,2.8,42.1,1198.0,1956635,7111.5,822.4,951.4,4972.8,1896,0,1962997,1598617,0,0,0,0,0,0,0,0,0,0,0,0,360.0,0,0,394,668.0,18.6,25,39.7,0,512.0,,14471,1911397,206187.2,124.9
427,young,4392,33,8,471,0,50,2,0,131,1924,386,1694,10900669,221240.8,32174,2.3,44.4,1198.0,1961159,7118.7,823.2,953.1,4976.9,1896,0,1967578,1602620,0,0,0,0,0,0,0,0,0,0,0,0,360.0,0,0,394,662.6,18.6,25,39.7,0,512.0,,14503,1915786,206653.9,125.2
428,full-cycle,11661,19,827,0,0,0,2,1,111,2358,371,130,10915990,221756.1,168159,19.1,19.1,1198.0,1966816,7125.9,823.6,954.8,4981.2,1924,0,1973275,1607655,846,6893,2821,126126,26,212,85,0,0,0,1020,0,352.0,10,8,379,742.2,16.2,26,44.4,0,512.0,starved,14580,1921219,207223.9,125.6
429,young,3538,173,8,548,0,34,2,0,232,1799,374,669,10937432,222474.1,37205,5.6,24.6,1198.0,1972925,7133.2,824.4,956.6,4984.8,1954,0,1979399,1612934,0,0,0,0,0,0,0,0,0,0,0,0,352.0,0,0,397,718.8,16.2,26,42.6,0,512.0,,14593,1926747,207679.6,126.0
430,young,3745,24,8,483,0,19,1,0,89,2146,381,904,10951064,222952.8,35960,2.7,27.3,1198.0,1977461,7138.6,824.7,958.0,4987.7,1954,0,1983986,1616926,0,0,0,0,0,0,0,0,0,0,0,0,352.0,0,0,397,711.4,16.2,26,42.6,0,512.0,,14625,1931155,208148.1,126.2
431,young,3303,68,9,385,0,27,1,0,80,1696,387,977,10966104,223459.4,33677,2.5,29.8,1198.0,1981942,7144.4,825.5,959.8,4990.3,1956,0,1988517,1620990,0,0,0,0,0,0,0,0,0,0,0,0,352.0,0,0,397,704.8,16.2,26,42.5,0,512.0,,14658,1935495,208616.4,126.5
432,young,3246,96,9,335,0,32,1,0,110,1523,387,1075,10981768,223969.9,28071,2.2,32.0,1198.0,1986398,7150.5,825.7,961.2,4994.2,1958,0,1993027,1624856,0,0,0,0,0,0,0,0,0,0,0,0,352.0,0,2,395,698.1,16.2,26,42.4,0,512.0,,14690,1939829,209086.0,126.8
433,young,3756,110,8,493,0,29,2,0,106,1736,385,1197,10997836,224478.7,31362,2.3,34.3,1198.0,1990869,7157.1,825.8,962.5,4998.6,1958,0,1997542,1628639,0,0,0,0,0,0,0,0,0,0,0,1,352.0,0,1,396,693.1,16.2,26,42.4,0,512.0,,14721,1944167,209555.3,127.1
434,young,3724,15,8,364,0,34,2,1,115,1769,385,1355,11013378,224988.9,34842,2.7,37.0,1198.0,1995415,7164.0,826.0,964.7,5002.3,1960,0,2002146,1632695,0,0,0,0,0,0,0,0,0,0,0,0,352.0,0,1,396,686.3,16.2,26,42.3,0,512.0,,14755,1948570,210022.4,127.3
435,young,4606,19,8,553,0,26,8,0,80,2038,385,1805,11030448,225492.6,38372,3.0,40.0,1198.0,1999926,7170.6,826.1,966.0,5006.9,1964,0,2006700,1636628,0,0,0,0,0,0,0,0,0,0,0,0,352.0,0,0,397,680.2,16.2,26,42.1,0,512.0,,14787,1952965,210490.6,127.6
436,young,4623,28,9,339,0,40,2,0,121,2292,385,1692,11044472,226003.4,36953,2.7,42.7,1198.0,2004570,7174.7,826.3,967.3,5008.8,1964,0,2011388,1640944,0,0,0,0,0,0,0,0,0,0,0,0,352.0,0,0,397,673.1,16.2,26,42.1,0,512.0,,14821,1957439,210958.1,127.9
437,young,3970,23,9,301,0,40,2,0,121,1735,388,1645,11060120,226509.3,34176,2.9,45.6,1198.0,2009058,7182.0,826.6,969.2,5013.2,1972,0,2015955,1644842,0,0,0,0,0,0,0,0,0,0,0,0,352.0,0,0,397,667.0,16.2,26,41.6,0,512.0,,14864,1961792,211422.3,128.2
438,full-cycle,9090,131,732,0,0,0,2,0,84,1673,370,103,11080366,227019.3,161111,18.8,18.8,1198.0,2014558,7199.2,835.6,971.2,5018.4,2009,0,2021533,1649607,863,4913,2300,124695,13,161,343,0,0,0,997,0,352.0,10,6,380,742.0,17.0,27,46.2,0,512.0,starved,14950,1967075,211983.4,128.5
439,young,3337,28,8,553,0,27,1,0,92,1866,372,671,11102185,227749.0,38921,5.7,24.5,1198.0,2020803,7207.2,835.8,972.9,5023.6,2039,0,2027817,1654954,0,0,0,0,0,0,0,0,0,0,0,0,352.0,0,0,396,714.9,17.0,27,44.4,0,512.0,,14968,1972686,212438.8,128.9
440,young,3344,26,7,349,0,31,2,0,77,1928,380,841,11115975,228225.7,36940,3.4,27.9,1198.0,2025298,7213.0,836.1,974.2,5027.0,2053,0,2032358,1658819,0,0,0,0,0,0,0,0,0,0,0,0,352.0,0,0,396,707.5,17.0,27,43.6,0,512.0,,15006,1977034,212905.6,129.2
441,young,3185,35,8,349,0,17,2,0,60,1807,380,813,11131244,228726.5,37768,3.0,30.8,1198.0,2029748,7218.9,836.4,975.4,5030.6,2057,0,2036856,1662676,0,0,0,0,0,0,0,0,0,0,0,0,352.0,0,0,396,701.2,17.0,27,43.4,0,512.0,,15041,1981362,213373.9,129.5
442,young,3444,19,8,344,0,27,1,1,78,1688,380,1181,11146421,229242.0,38847,2.8,33.7,1198.0,2034229,7224.8,836.5,976.7,5034.5,2057,0,2041389,1666360,0,0,0,0,0,0,0,0,0,0,0,0,352.0,0,0,396,694.7,17.0,27,43.4,0,512.0,,15074,1985727,213842.6,129.8
443,young,3863,117,10,488,0,19,2,0,63,1626,381,1453,11162536,229750.4,28765,2.0,35.7,1198.0,2038788,7231.1,837.0,978.0,5038.2,2057,0,2045990,1670335,0,0,0,0,0,0,0,0,0,0,0,1,352.0,0,0,396,688.5,17.0,27,43.4,0,512.0,,15106,1990145,214310.8,130.0
444,young,3871,28,10,415,0,32,2,0,82,1733,383,1481,11179564,230259.6,25713,2.0,37.7,1198.0,2043288,7238.8,837.3,979.5,5043.4,2057,0,2050530,1674063,0,0,0,0,0,0,0,0,0,0,0,0,352.0,0,0,396,683.6,17.0,27,43.4,0,512.0,,15138,1994522,214780.3,130.3
445,young,4317,33,16,431,0,21,2,0,82,1968,384,1678,11195586,230769.9,37693,2.8,40.5,1198.0,2047803,7245.0,837.4,980.7,5046.9,2057,0,2055098,1677945,0,0,0,0,0,0,0,0,0,0,0,1,352.0,0,0,396,677.4,17.0,27,43.4,0,512.0,,15170,1998917,215248.2,130.6
446,young,4696,19,7,406,0,23,2,0,86,1947,385,2091,11215095,231278.7,37310,2.7,43.2,1198.0,2052324,7252.3,837.6,982.4,5051.6,2057,0,2059677,1681790,0,0,0,0,0,0,0,0,0,0,0,0,352.0,0,0,396,671.3,17.0,27,43.4,0,512.0,,15202,2003323,215715.3,130.9
447,full-cycle,10617,519,950,0,0,0,2,1,151,2298,366,174,11231882,231793.6,163023,18.4,18.4,1198.0,2058135,7259.4,837.8,984.3,5055.3,2088,0,2065532,1686995,1469,5064,2768,124221,25,214,47,0,0,0,1212,0,352.0,11,6,376,734.3,19.0,30,52.6,0,512.0,starved,15280,2008909,216300.6,131.2
448,young,3556,22,8,477,0,35,2,0,114,1913,373,918,11256903,232510.2,38679,5.6,24.1,1198.0,2064318,7267.5,838.0,986.1,5060.4,2116,0,2071763,1691987,0,0,0,0,0,0,0,0,0,0,0,1,352.0,0,0,393,707.5,19.0,30,51.0,0,512.0,,15297,2014490,216756.0,131.6
449,young,3192,21,8,364,0,14,1,0,69,1824,390,829,11272146,232989.3,36480,3.0,27.0,1198.0,2068795,7273.7,838.3,987.5,5064.3,2122,0,2076287,1695909,0,0,0,0,0,0,0,0,0,0,0,0,352.0,0,0,393,700.5,19.0,30,50.6,0,512.0,,15328,2018836,217225.1,131.9
450,young,4018,24,9,622,0,25,2,0,92,2001,388,1166,11286241,233497.2,37375,2.7,29.8,1198.0,2073341,7278.4,838.5,989.0,5066.6,2122,0,2080881,1700104,0,0,0,0,0,0,0,0,0,0,0,1,352.0,0,0,393,693.4,19.0,30,50.6,0,512.0,,15362,2023238,217693.7,132.2
451,young,3537,55,37,422,0,25,2,0,93,1807,389,1022,11302011,234006.9,30719,2.2,32.0,1198.0,2077829,7284.1,838.6,990.3,5070.3,2122,0,2085420,1704026,0,0,0,0,0,0,0,0,0,0,0,0,352.0,0,0,393,688.0,19.0,30,50.6,0,512.0,,15393,2027592,218161.3,132.4
452,young,4031,26,9,580,0,24,2,0,97,1897,387,1321,11319042,234516.6,27829,2.1,34.1,1198.0,2082311,7290.5,838.7,991.6,5074.5,2122,0,2089954,1707950,0,0,0,0,0,0,0,0,0,0,0,0,352.0,0,0,393,682.8,19.0,30,50.6,0,512.0,,15425,2031947,218630.4,132.7
453,young,4941,179,10,567,0,45,1,1,131,2404,384,1536,11332545,235015.6,33947,2.5,36.5,1198.0,2086857,7294.9,838.8,993.1,5076.8,2122,0,2094555,1712129,0,0,0,0,0,0,0,0,0,0,0,0,352.0,0,0,393,675.9,19.0,30,50.6,0,512.0,,15456,2036344,219098.9,133.0
454,young,4765,24,10,399,0,42,2,0,138,2124,386,1943,11347501,235529.7,31282,2.3,38.8,1198.0,2091355,7302.2,840.1,995.4,5079.9,2122,0,2099106,1716152,0,0,0,0,0,0,0,0,0,0,0,0,352.0,0,0,393,670.8,19.0,30,50.6,0,512.0,,15485,2040713,219567.7,133.3
455,full-cycle,9398,33,1063,0,0,0,2,0,129,1363,363,148,11368402,236062.5,148945,17.1,17.1,1198.0,2096735,7309.1,840.3,997.2,5084.0,2148,0,2104411,1720792,1096,5289,1764,125870,26,172,45,0,0,0,1180,1,352.0,12,15,369,721.0,5.0,27,47.8,0,512.0,starved,15553,2045878,220118.7,133.6
456,young,3224,153,10,708,0,28,2,0,84,1531,376,665,11388205,236745.8,25444,4.9,22.0,1198.0,2102413,7314.9,840.5,998.7,5086.6,2194,0,2110115,1725911,0,0,0,0,0,0,0,0,0,0,0,0,364.0,0,0,390,723.4,2.1,27,45.1,0,512.0,,15572,2051008,220541.9,134.0
457,young,3759,32,9,471,0,31,1,0,104,2211,382,843,11405248,237233.1,37822,3.0,25.0,1198.0,2106917,7322.8,840.7,1000.0,5092.4,2198,0,2114653,1729779,0,0,0,0,0,0,0,0,0,0,0,0,364.0,0,0,390,716.3,2.1,27,44.8,0,512.0,,15604,2055377,221012.3,134.3
458,young,3782,24,9,617,0,20,1,0,83,2022,384,936,11421912,237741.7,38579,3.3,28.3,1198.0,2111407,7329.6,840.8,1001.3,5097.1,2208,0,2119186,1733578,0,0,0,0,0,0,0,0,0,0,0,0,364.0,0,0,390,709.2,2.1,27,44.2,0,512.0,,15638,2059727,221481.1,134.5
459,young,3637,163,10,433,0,24,2,1,99,1649,381,1188,11436676,238250.1,27507,2.0,30.4,1198.0,2115894,7334.6,840.9,1002.7,5099.9,2210,0,2123725,1737621,0,0,0,0,0,0,0,0,0,0,0,0,364.0,0,0,390,703.6,2.1,27,44.1,0,512.0,,15668,2064080,221947.8,134.8
460,young,3833,32,9,312,0,40,2,3,116,1931,380,1305,11454465,238758.4,23915,1.9,32.2,1198.0,2120342,7342.2,841.2,1004.7,5104.6,2210,0,2128221,1741411,0,0,0,0,0,0,0,0,0,0,0,0,364.0,0,0,390,699.9,2.1,27,44.1,0,512.0,,15699,2068408,222417.8,135.1
461,young,4475,156,10,258,0,24,2,0,90,2375,383,1490,11473904,239273.5,31234,2.4,34.6,1198.0,2124802,7347.6,841.4,1006.0,5107.1,2214,0,2132748,1745466,0,0,0,0,0,0,0,0,0,0,0,0,364.0,0,1,389,694.3,2.1,27,43.9,0,512.0,,15741,2072727,222882.9,135.4
462,young,3944,24,9,280,0,34,2,0,82,1988,385,1457,11489067,239784.4,27158,2.2,36.8,1198.0,2129293,7352.6,841.5,1007.3,5110.0,2216,0,2137270,1749407,0,0,0,0,0,0,0,0,0,0,0,0,364.0,0,0,390,690.1,2.1,27,43.8,0,512.0,,15767,2077106,223353.4,135.6
463,young,5179,745,9,627,0,30,2,0,110,1834,382,1743,11505037,240294.3,28692,2.1,38.8,1198.0,2133805,7359.8,841.7,1009.3,5114.0,2216,0,2141840,1753258,0,0,0,0,0,0,0,0,0,0,0,0,364.0,0,0,390,684.6,2.1,27,43.8,0,512.0,,15800,2081507,223820.9,135.9
464,young,4265,96,7,691,0,21,1,0,87,1486,386,1782,11524379,240803.8,22420,1.7,40.5,1198.0,2138329,7365.6,841.8,1011.4,5116.8,2216,0,2146414,1757243,0,0,0,0,0,0,0,0,0,0,0,0,364.0,0,0,390,679.7,2.1,27,43.8,0,512.0,,15830,2085899,224289.4,136.2
465,young,4378,38,9,590,0,53,2,1,156,1351,384,2091,11549939,241313.5,19546,1.4,41.9,1198.0,2142870,7374.2,841.9,1012.9,5123.0,2216,0,2150993,1760544,0,0,0,0,0,0,0,0,0,0,0,0,364.0,0,0,390,676.1,2.1,27,43.8,0,512.0,,15861,2090309,224757.8,136.5
466,young,4700,30,8,882,0,32,1,0,108,1651,381,1894,11570154,241822.0,22618,1.8,43.7,1198.0,2147460,7380.5,842.1,1014.6,5126.6,2216,0,2155639,1764415,0,0,0,0,0,0,0,0,0,0,0,0,364.0,0,1,389,670.4,2.1,27,43.8,0,512.0,,15894,2094773,225226.8,136.7
467,young,5137,20,8,504,0,25,2,0,97,2212,381,2184,11583614,242333.2,37481,2.8,46.4,1198.0,2152019,7385.1,842.2,1016.0,5129.1,2216,0,2160243,1768523,0,0,0,0,0,0,0,0,0,0,0,0,364.0,0,0,390,664.7,2.1,27,43.8,0,512.0,,15925,2099202,225695.7,137.0
468,young,4958,46,7,716,0,38,2,1,113,1988,383,1977,11602437,242841.5,35630,2.6,49.0,1198.0,2156586,7390.3,842.3,1017.5,5131.9,2216,0,2164866,1772581,0,0,0,0,0,0,0,0,0,0,0,0,364.0,0,0,390,659.0,2.1,27,43.8,0,512.0,,15955,2103661,226162.6,137.3
469,full-cycle,11415,29,906,0,0,0,2,0,118,980,361,136,11620721,243379.7,158274,18.3,18.3,1198.0,2162259,7398.3,842.9,1019.3,5136.5,2246,0,2170620,1777350,935,5706,2418,143654,545,721,27,0,0,0,2296,1,356.0,12,22,355,698.1,20.6,32,56.4,0,512.0,starved,16035,2109111,226725.1,137.7
470,young,3534,159,8,382,0,38,2,0,133,1978,374,760,11638857,244040.9,35284,5.4,23.7,1198.0,2167957,7405.4,843.2,1020.7,5141.2,2276,0,2176320,1782032,0,0,0,0,0,0,0,0,0,0,0,0,356.0,0,0,389,700.1,20.6,32,54.6,0,512.0,,16044,2114265,227156.9,138.0
471,young,3437,52,7,584,0,31,1,1,87,1735,384,820,11653937,244528.5,28639,2.1,25.8,1198.0,2172457,7411.0,843.5,1022.6,5143.9,2276,0,2180871,1786211,0,0,0,0,0,0,0,0,0,0,0,0,356.0,0,0,389,693.3,20.6,32,54.6,0,512.0,,16075,2118626,227624.8,138.3
472,young,3306,321,7,468,0,38,2,0,118,1293,383,951,11670217,245035.7,19242,1.4,27.2,1198.0,2177064,7418.5,844.9,1024.1,5147.6,2276,0,2185541,1790403,0,0,0,0,0,0,0,0,0,0,0,0,356.0,0,0,389,685.4,20.6,32,54.6,0,512.0,,16108,2123057,228091.1,138.6
473,young,4073,226,10,669,0,32,2,0,84,1748,380,1231,11687514,245541.7,23444,2.6,29.8,1198.0,2181538,7425.3,845.3,1026.1,5151.5,2292,0,2190077,1794354,0,0,0,0,0,0,0,0,0,0,0,0,356.0,0,1,388,679.9,20.6,32,53.7,0,512.0,,16149,2127385,228558.1,138.9
474,young,3973,23,9,716,0,30,1,0,116,1933,378,1074,11706932,246050.8,36462,2.7,32.4,1198.0,2186068,7433.1,845.4,1029.3,5155.3,2292,0,2194659,1798466,0,0,0,0,0,0,0,0,0,0,0,0,356.0,0,0,389,674.3,20.6,32,53.7,0,512.0,,16183,2131764,229027.0,139.1
475,young,3453,44,8,632,0,20,2,0,81,1388,379,1197,11724808,246559.0,26858,1.9,34.3,1198.0,2190570,7438.7,845.6,1030.7,5158.4,2292,0,2199214,1802467,0,0,0,0,0,0,0,0,0,0,0,0,356.0,0,0,389,669.8,20.6,32,53.7,0,512.0,,16221,2136118,229493.4,139.4
476,young,3606,151,9,643,0,20,2,1,84,1283,381,1302,11744006,247068.6,18052,1.4,35.7,1198.0,2195067,7445.3,845.7,1032.0,5162.5,2292,0,2203769,1806395,0,0,0,0,0,0,0,0,0,0,0,0,356.0,0,0,389,665.5,20.6,32,53.7,0,512.0,,16255,2140480,229960.3,139.7
477,full-cycle,11151,277,864,0,0,0,1,0,80,1706,366,98,11760258,247608.5,164477,18.7,18.7,1198.0,2200963,7452.5,845.9,1033.9,5166.9,2328,0,2209689,1811355,1141,5889,2546,127952,25,537,170,0,0,0,1478,0,350.0,15,22,359,705.0,18.6,28,48.3,0,512.0,starved,16357,2146113,230553.3,140.1
478,young,3094,29,7,560,0,45,2,1,119,1487,373,755,11782106,248305.3,22106,5.2,23.9,1198.0,2206673,7461.2,846.2,1035.7,5172.4,2374,0,2215404,1816347,0,0,0,0,0,0,0,0,0,0,0,0,358.0,0,0,392,713.1,13.5,28,45.6,0,512.0,,16373,2151238,230974.8,140.4
479,young,2614,163,8,547,0,17,1,0,67,990,384,693,11795030,248788.3,15837,1.3,25.2,1198.0,2211146,7465.8,846.7,1037.9,5173.6,2376,0,2219934,1820674,0,0,0,0,0,0,0,0,0,0,0,0,358.0,0,0,392,707.3,13.5,28,45.5,0,512.0,,16408,2155568,231443.6,140.7
480,young,2783,30,10,409,0,46,2,0,116,1225,384,894,11810246,249295.5,23589,2.0,27.2,1198.0,2215562,7470.8,846.8,1039.1,5176.5,2380,0,2224414,1824536,0,0,0,0,0,0,0,0,0,0,0,0,358.0,0,0,392,702.6,13.5,28,45.3,0,512.0,,16449,2159861,231910.4,141.0
481,young,3215,23,9,310,0,32,1,0,108,1743,386,910,11830879,249808.8,31324,3.0,30.2,1198.0,2220022,7478.4,847.2,1040.7,5180.8,2394,0,2228966,1828487,0,0,0,0,0,0,0,0,0,0,0,0,358.0,0,0,392,696.3,13.5,28,44.5,0,512.0,,16501,2164157,232372.4,141.2
482,young,3452,21,7,438,0,21,1,0,79,1819,385,1014,11846211,250310.5,34408,2.5,32.7,1198.0,2224465,7488.0,851.3,1042.2,5184.2,2394,0,2233463,1832426,0,0,0,0,0,0,0,0,0,0,0,0,358.0,0,0,392,691.0,13.5,28,44.5,0,512.0,,16534,2168485,232840.7,141.5
483,young,3971,27,8,601,0,39,1,0,109,1821,384,1282,11863952,250826.3,37813,2.8,35.5,1198.0,2228943,7494.0,851.5,1043.7,5187.8,2394,0,2237989,1836411,0,0,0,0,0,0,0,0,0,0,0,0,358.0,0,0,392,685.3,13.5,28,44.5,0,512.0,,16565,2172835,233309.9,141.8
484,young,4110,114,8,433,0,36,2,0,116,1889,384,1412,11878761,251335.6,37993,2.9,38.4,1198.0,2233438,7499.1,851.7,1045.0,5190.8,2396,0,2242539,1840475,0,0,0,0,0,0,0,0,0,0,0,1,358.0,0,0,392,679.1,13.5,28,44.4,0,512.0,,16597,2177203,233778.2,142.1
485,young,4182,68,9,415,0,38,2,1,90,1959,381,1525,11893122,251842.4,35258,2.6,41.0,1198.0,2237949,7504.4,851.9,1046.6,5193.6,2396,0,2247101,1844545,0,0,0,0,0,0,0,0,0,0,0,0,358.0,0,0,392,673.0,13.5,28,44.4,0,512.0,,16629,2181576,234246.5,142.3
486,young,4597,124,90,577,0,29,2,0,105,1769,385,1845,11907541,252354.0,33025,2.4,43.4,1198.0,2242451,7510.7,852.1,1048.3,5197.3,2396,0,2251650,1848523,0,0,0,0,0,0,0,0,0,0,0,0,358.0,0,2,390,666.9,13.5,28,44.4,0,512.0,,16662,2185957,234714.7,142.6
487,young,4306,58,52,533,0,23,1,1,91,1658,386,1789,11928797,252864.7,30354,2.3,45.7,1198.0,2246949,7517.5,852.3,1050.4,5201.1,2398,0,2256212,1852490,0,0,0,0,0,0,0,0,0,0,0,1,358.0,0,0,392,662.0,13.5,28,44.2,0,512.0,,16699,2190337,235180.3,142.9
488,full-cycle,14576,28,760,0,0,0,2,0,97,1794,392,116,11949521,253414.5,156572,19.0,19.0,1198.0,2253694,7526.2,853.2,1052.7,5205.6,2416,0,2262705,1858344,788,9146,2991,121950,53,904,113,0,0,0,1490,0,316.0,9,25,378,746.9,12.7,29,50.2,0,512.0,starved,16815,2196761,235842.1,143.3
489,young,2396,19,7,383,0,43,1,0,120,1146,389,623,11981832,254171.3,15394,5.0,24.0,1198.0,2259280,7536.3,855.4,1054.6,5210.6,2482,0,2268338,1862872,0,0,0,0,0,0,0,0,0,0,0,0,328.0,0,0,406,750.5,5.0,29,46.3,0,512.0,,16840,2201795,236266.3,143.7
490,young,2667,27,8,595,0,47,2,0,118,1088,387,694,12000699,254657.6,21256,2.1,26.0,1198.0,2263790,7543.5,856.4,1056.7,5213.9,2492,0,2272905,1866721,0,0,0,0,0,0,0,0,0,0,0,0,328.0,0,1,405,744.2,5.0,29,45.7,0,512.0,,16885,2206129,236731.9,144.0
491,young,2864,18,7,307,0,43,1,0,113,1440,393,846,12013024,255166.2,27883,2.1,28.1,1198.0,2268334,7547.5,856.5,1058.2,5215.5,2492,0,2277504,1871020,0,0,0,0,0,0,0,0,0,0,0,0,328.0,0,0,406,738.0,5.0,29,45.7,0,512.0,,16921,2210538,237199.4,144.2
492,young,3205,19,8,376,0,40,2,0,86,1723,392,886,12026970,255672.8,36181,2.6,30.8,1198.0,2272792,7553.0,856.7,1059.4,5218.8,2492,0,2282016,1874884,0,0,0,0,0,0,0,0,0,0,0,0,328.0,0,0,406,731.9,5.0,29,45.7,0,512.0,,16952,2214875,237667.7,144.5
493,young,2922,42,7,312,0,51,2,1,118,1400,391,921,12041265,256182.8,35230,2.6,33.4,1198.0,2277258,7559.7,857.1,1060.8,5223.1,2492,0,2286549,1878706,0,0,0,0,0,0,0,0,0,0,0,1,328.0,0,0,406,725.9,5.0,29,45.7,0,512.0,,16989,2219209,238133.8,144.8
494,young,3526,24,6,403,0,32,2,0,105,1848,391,1010,12055733,256689.3,37000,2.7,36.1,1198.0,2281724,7565.5,857.3,1062.2,5226.5,2492,0,2291072,1882598,0,0,0,0,0,0,0,0,0,0,0,0,328.0,0,0,406,720.1,5.0,29,45.7,0,512.0,,17025,2223551,238602.3,145.1
495,young,3968,99,7,728,0,20,2,0,81,1742,401,1212,12071606,257200.0,37880,2.8,38.9,1198.0,2286221,7570.0,857.5,1063.8,5228.7,2492,0,2295611,1886744,0,0,0,0,0,0,0,0,0,0,0,0,328.0,0,1,405,713.8,5.0,29,45.7,0,512.0,,17056,2227907,239071.0,145.3
496,young,3632,43,7,674,0,16,2,1,57,1678,400,1040,12088407,257709.5,32752,2.4,41.3,1198.0,2290742,7582.8,860.7,1068.3,5233.1,2492,0,2300206,1890621,0,0,0,0,0,0,0,0,0,0,0,0,328.0,0,1,405,707.5,5.0,29,45.7,0,512.0,,17096,2232275,239536.6,145.6
497,young,3848,99,10,672,0,25,1,0,69,1662,400,1246,12106394,258218.3,31310,2.3,43.6,1198.0,2295236,7588.9,860.9,1069.5,5237.1,2492,0,2304771,1894465,0,0,0,0,0,0,0,0,0,0,0,1,328.0,0,0,406,701.8,5.0,29,45.7,0,512.0,,17135,2236637,240001.7,145.9
498,young,3982,30,10,341,0,28,1,0,75,2030,401,1409,12122587,258727.5,36173,2.7,46.3,1198.0,2299752,7594.5,861.1,1070.8,5240.6,2492,0,2309347,1898435,0,0,0,0,0,0,0,0,0,0,0,0,328.0,0,0,406,695.8,5.0,29,45.7,0,512.0,,17173,2241037,240468.5,146.2
499,full-cycle,9312,161,874,0,0,0,2,0,84,1037,375,101,12139397,259249.5,160601,18.8,18.8,1198.0,2305249,7606.8,865.4,1073.0,5245.7,2520,0,2314849,1903261,1035,5409,1865,141385,65,593,62,0,0,0,943,0,338.0,13,9,376,738.9,16.4,32,56.0,0,512.0,starved,17258,2246318,241024.5,146.5
500,young,3112,25,9,444,0,33,2,0,103,1806,378,629,12160492,259950.3,36383,5.4,24.2,1198.0,2311239,7614.9,865.6,1074.6,5251.1,2548,0,2320860,1908193,0,0,0,0,0,0,0,0,0,0,0,0,342.0,0,1,395,721.3,13.1,32,54.4,0,512.0,,17267,2251745,241475.2,146.9
501,young,3411,36,8,632,0,30,1,0,72,1753,388,811,12173767,260430.0,37027,2.9,27.1,1198.0,2315833,7620.9,867.3,1076.2,5253.2,2552,0,2325487,1912397,0,0,0,0,0,0,0,0,0,0,0,0,342.0,0,0,396,712.6,13.1,32,54.1,0,512.0,,17296,2256178,241944.9,147.2
502,young,2847,22,8,451,0,11,1,0,56,1352,388,856,12190267,260937.6,31277,2.3,29.4,1198.0,2320318,7626.3,867.4,1077.6,5256.4,2552,0,2330028,1916250,0,0,0,0,0,0,0,0,0,0,0,0,342.0,0,0,396,706.6,13.1,32,54.1,0,512.0,,17331,2260519,242412.8,147.4
503,young,3129,78,13,368,0,30,2,0,109,1455,394,1004,12215350,261359.5,27824,2.1,31.4,1198.0,2324825,7631.8,868.0,1079.7,5258.5,2552,0,2334573,1920448,0,0,0,0,0,0,0,0,0,0,0,0,342.0,0,0,396,699.7,13.1,32,54.1,0,512.0,,17361,2264893,242882.1,147.7
504,young,3064,26,7,418,0,38,2,1,133,1321,395,1056,12233716,261955.6,32096,2.4,33.8,1198.0,2329267,7639.2,869.2,1081.5,5262.1,2552,0,2339069,1924243,0,0,0,0,0,0,0,0,0,0,0,0,342.0,0,0,396,694.3,13.1,32,54.1,0,512.0,,17397,2269220,243351.0,148.0
505,young,3353,25,8,556,0,20,2,0,70,1484,391,1118,12248078,262466.1,33363,2.5,36.3,1198.0,2333734,7644.6,869.4,1082.7,5265.2,2554,0,2343572,1928180,0,0,0,0,0,0,0,0,0,0,0,0,342.0,0,0,396,688.6,13.1,32,54.0,0,512.0,,17428,2273580,243819.7,148.3
506,young,3911,27,10,513,0,44,2,1,98,1572,390,1554,12265562,262975.6,31165,2.3,38.6,1198.0,2338197,7650.5,869.5,1084.2,5268.9,2554,0,2348095,1932046,0,0,0,0,0,0,0,0,0,0,0,0,342.0,0,0,396,683.2,13.1,32,54.0,0,512.0,,17460,2277940,244287.2,148.5
507,young,4322,168,7,552,0,21,2,0,81,1535,390,1882,12280959,263484.9,30761,2.3,40.9,1198.0,2342733,7657.8,870.3,1085.7,5273.2,2554,0,2352678,1935969,0,0,0,0,0,0,0,0,0,0,0,0,342.0,0,0,396,677.1,13.1,32,54.0,0,512.0,,17494,2282343,244756.9,148.8
508,full-cycle,9302,14,959,0,0,0,2,1,97,1836,364,116,12309138,264012.1,161977,17.7,17.7,1198.0,2348452,7665.1,870.5,1087.5,5277.4,2565,0,2358419,1940901,974,4892,2251,115676,16,224,51,0,0,0,1082,0,362.0,12,15,367,723.2,17.4,24,42.7,0,512.0,starved,17577,2287833,245334.3,149.2
509,young,3409,271,8,278,0,43,2,0,106,1769,376,872,12328751,264730.9,34259,5.3,23.0,1198.0,2354327,7671.9,870.7,1089.1,5281.6,2613,0,2364309,1945603,0,0,0,0,0,0,0,0,0,0,0,0,364.0,0,0,393,710.7,17.4,24,39.9,0,512.0,,17587,2293142,245777.2,149.5
510,young,3179,24,8,464,0,28,2,0,75,1724,388,773,12343746,265210.6,33231,2.6,25.6,1198.0,2358801,7678.0,870.9,1090.3,5285.6,2615,0,2368837,1949373,0,0,0,0,0,0,0,0,0,0,0,0,364.0,0,0,393,703.4,17.4,24,39.8,0,512.0,,17618,2297506,246246.8,149.8
511,young,3441,36,7,558,0,36,2,0,99,1679,388,957,12359503,265720.9,36273,2.7,28.3,1198.0,2363319,7683.5,871.0,1091.6,5289.0,2617,0,2373407,1953329,0,0,0,0,0,0,0,0,0,0,0,0,364.0,0,0,393,695.7,17.4,24,39.6,0,512.0,,17651,2301898,246715.1,150.1
512,young,3180,35,10,225,0,19,2,0,81,1763,388,977,12374822,266227.9,35178,2.7,31.0,1198.0,2367808,7689.9,871.2,1092.8,5293.3,2619,0,2377937,1957055,0,0,0,0,0,0,0,0,0,0,0,0,364.0,0,0,393,688.5,17.4,24,39.5,0,512.0,,17684,2306280,247184.7,150.4
513,young,4058,23,9,773,0,18,2,0,86,1825,389,1254,12391247,266737.0,38719,2.9,33.9,1198.0,2372274,7697.6,871.4,1094.1,5298.9,2621,0,2382457,1960834,0,0,0,0,0,0,0,0,0,0,0,0,364.0,0,0,393,682.7,17.4,24,39.4,0,512.0,,17716,2310615,247652.5,150.6
514,young,3601,28,9,379,0,38,2,0,132,1676,387,1258,12407075,267246.9,36109,3.4,37.3,1198.0,2376737,7703.6,871.6,1095.7,5302.4,2637,0,2386991,1964740,0,0,0,0,0,0,0,0,0,0,0,0,364.0,0,0,393,676.6,17.4,24,38.5,0,512.0,,17761,2314951,248116.8,150.9
515,young,3553,17,7,478,0,17,1,0,60,1505,387,1376,12426582,267756.7,34439,2.6,40.0,1198.0,2381234,7710.1,871.8,1097.0,5306.7,2639,0,2391556,1968571,0,0,0,0,0,0,0,0,0,0,0,1,364.0,0,0,393,670.6,17.4,24,38.3,0,512.0,,17800,2319327,248582.6,151.2
516,young,4351,24,8,350,0,22,2,0,87,1967,387,1792,12440544,268261.4,36236,2.7,42.7,1198.0,2385849,7716.5,872.7,1099.0,5309.2,2639,0,2396221,1972740,0,0,0,0,0,0,0,0,0,0,0,0,364.0,0,0,393,663.6,17.4,24,38.3,0,512.0,,17833,2323804,249050.0,151.5
517,young,3877,20,8,240,0,48,2,1,133,1726,387,1642,12457659,268773.8,37035,2.7,45.4,1198.0,2390418,7722.1,873.4,1100.5,5311.9,2639,0,2400839,1976769,0,0,0,0,0,0,0,0,0,0,0,0,364.0,0,0,393,657.9,17.4,24,38.3,0,512.0,,17869,2328242,249518.2,151.8
518,full-cycle,10974,19,767,0,0,0,2,1,116,1844,359,136,12475755,269301.8,163765,18.8,18.8,1198.0,2396302,7733.4,877.0,1103.5,5315.8,2669,0,2406791,1981893,786,5268,3178,130111,28,1082,78,0,0,0,1680,0,366.0,12,15,363,709.7,20.4,26,44.2,0,512.0,starved,17961,2333884,250099.1,152.1
519,young,3228,28,7,505,0,30,2,1,110,1788,373,679,12501624,269999.0,35863,5.5,24.4,1198.0,2402075,7741.4,877.2,1105.1,5320.1,2699,0,2412590,1986822,0,0,0,0,0,0,0,0,0,0,0,0,366.0,0,0,390,701.3,20.4,26,42.5,0,512.0,,17974,2339139,250541.2,152.5
520,young,3251,26,6,523,0,18,1,0,73,1682,383,846,12514308,270476.9,34483,2.5,26.9,1198.0,2406591,7745.6,877.3,1106.3,5322.2,2699,0,2417151,1990996,0,0,0,0,0,0,0,0,0,0,0,0,366.0,0,1,389,692.8,20.4,26,42.5,0,512.0,,18003,2343524,251010.7,152.8
521,young,3501,17,7,412,0,30,2,0,92,1932,383,930,12527353,270983.9,35526,2.7,29.6,1198.0,2411199,7750.4,877.5,1107.5,5325.0,2701,0,2421812,1995133,0,0,0,0,0,0,0,0,0,0,0,0,366.0,0,0,390,684.6,20.4,26,42.4,0,512.0,,18033,2347985,251477.8,153.1
522,young,4054,22,8,530,0,37,1,0,114,2094,384,1156,12543778,271492.4,36553,3.0,32.6,1198.0,2415699,7756.3,877.7,1108.8,5328.8,2707,0,2426369,1998961,0,0,0,0,0,0,0,0,0,0,0,0,366.0,0,0,390,677.9,20.4,26,42.0,0,512.0,,18068,2352355,251945.4,153.3
523,young,3755,46,9,480,0,21,1,1,80,1862,386,1172,12562474,272001.6,36567,3.0,35.6,1198.0,2420172,7766.9,882.7,1110.6,5331.9,2713,0,2430902,2003024,0,0,0,0,0,0,0,0,0,0,0,1,366.0,0,0,390,672.0,20.4,26,41.7,0,512.0,,18109,2356698,252413.2,153.6
524,young,4757,226,11,346,0,39,2,0,118,2468,384,1459,12593831,272468.9,32444,2.4,38.0,1198.0,2424765,7771.4,882.9,1112.0,5334.2,2715,0,2435566,2007191,0,0,0,0,0,0,0,0,0,0,0,0,366.0,0,0,390,664.6,20.4,26,41.5,0,512.0,,18147,2361108,252876.9,153.9
525,young,4004,24,9,621,0,20,2,0,83,1758,383,1415,12616464,273019.1,29967,2.4,40.5,1198.0,2429239,7779.8,883.0,1113.9,5339.6,2719,0,2440085,2010935,0,0,0,0,0,0,0,0,0,0,0,0,366.0,0,0,390,659.6,20.4,26,41.3,0,512.0,,18185,2365453,253346.0,154.2
526,young,4350,500,10,606,0,17,1,0,74,1523,384,1453,12633142,273530.9,33649,2.7,43.2,1198.0,2433700,7785.9,883.2,1116.0,5342.2,2725,0,2444625,2015012,0,0,0,0,0,0,0,0,0,0,0,0,366.0,0,0,390,654.1,20.4,26,41.0,0,512.0,,18230,2369780,253809.8,154.4
527,full-cycle,7200,24,823,0,0,0,1,0,77,240,291,93,12649475,274038.9,146445,17.9,17.9,1198.0,2438320,7792.2,883.3,1117.5,5346.0,2729,0,2449328,2019071,847,5054,448,144073,13,80,14,0,0,0,847,0,388.0,1,3,376,731.4,1.0,25,43.7,0,512.0,starved,18299,2374241,254286.7,154.7
528,young,2919,21,7,151,0,32,2,0,83,1890,371,664,12679754,274744.6,34615,5.7,23.6,1198.0,2444397,7796.4,883.5,1119.0,5347.5,2795,0,2455465,2024755,0,0,0,0,0,0,0,0,0,0,0,0,390.0,0,1,378,702.6,0.0,25,39.8,0,512.0,,18330,2379693,254740.9,155.1
529,young,3112,17,8,559,0,36,1,0,81,1563,375,784,12701026,275223.9,30366,2.3,25.9,1198.0,2448826,7801.7,883.9,1120.8,5350.1,2797,0,2459945,2028747,0,0,0,0,0,0,0,0,0,0,0,0,390.0,0,1,378,697.4,0.0,25,39.7,0,512.0,,18365,2383998,255210.3,155.4
530,young,3434,23,7,517,0,34,2,0,103,1674,376,987,12715135,275732.0,35664,2.7,28.7,1198.0,2453275,7807.2,884.1,1122.2,5353.2,2799,0,2464438,2032710,0,0,0,0,0,0,0,0,0,0,0,0,390.0,0,0,379,690.9,0.0,25,39.6,0,512.0,,18396,2388339,255678.8,155.7
531,young,3302,179,60,541,0,18,2,1,57,1273,377,1069,12729932,276237.2,25697,2.0,30.6,1198.0,2457711,7814.3,884.6,1124.1,5357.4,2803,0,2468943,2036612,0,0,0,0,0,0,0,0,0,0,0,0,390.0,0,0,379,685.7,0.0,25,39.4,0,512.0,,18435,2392608,256144.0,155.9
532,young,2949,16,8,296,0,29,2,0,103,1393,376,1062,12749075,276753.2,22226,1.9,32.6,1198.0,2462245,7819.3,884.8,1125.5,5360.2,2807,0,2473517,2040752,0,0,0,0,0,0,0,0,0,0,0,0,390.0,0,0,379,679.9,0.0,25,39.1,0,512.0,,18469,2397020,256613.8,156.2
533,young,4234,24,8,592,0,38,2,0,117,1987,374,1351,12765599,277263.7,38139,2.8,35.4,1198.0,2466802,7823.2,884.9,1126.9,5361.8,2807,0,2478123,2045016,0,0,0,0,0,0,0,0,0,0,0,0,390.0,0,0,379,673.6,0.0,25,39.1,0,512.0,,18506,2401434,257081.4,156.5
534,young,4010,50,14,556,0,32,2,1,104,1859,373,1309,12781629,277772.4,36908,2.7,38.1,1198.0,2471307,7830.2,885.1,1128.5,5366.2,2807,0,2482678,2048974,0,0,0,0,0,0,0,0,0,0,0,0,390.0,0,0,379,667.0,0.0,25,39.1,0,512.0,,18539,2405800,257550.1,156.8
535,young,4287,22,8,640,0,36,2,0,152,1614,372,1760,12797367,278277.1,37475,2.8,40.8,1198.0,2475874,7835.9,885.3,1129.9,5369.7,2807,0,2487282,2052921,0,0,0,0,0,0,0,0,0,0,0,0,390.0,0,0,379,660.8,0.0,25,39.1,0,512.0,,18571,2410234,258019.3,157.0
536,young,4118,30,7,579,0,28,1,1,93,1825,373,1456,12817534,278785.7,38147,2.8,43.6,1198.0,2480427,7842.3,885.4,1131.2,5373.5,2807,0,2491905,2056727,0,0,0,0,0,0,0,0,0,0,0,0,390.0,0,0,379,654.2,0.0,25,39.1,0,512.0,,18605,2414640,258485.4,157.3
537,young,4016,298,8,377,0,30,2,0,100,1567,375,1532,12832989,279299.4,28623,2.0,45.7,1198.0,2484974,7847.3,885.7,1132.6,5376.0,2807,0,2496502,2060850,0,0,0,0,0,0,0,0,0,0,0,0,390.0,0,0,379,648.5,0.0,25,39.1,0,512.0,,18637,2419052,258952.6,157.6
538,young,3908,82,6,526,0,21,2,0,79,1394,375,1735,12853245,279808.8,23451,1.8,47.5,1198.0,2489508,7855.9,885.9,1134.8,5381.4,2807,0,2501096,2064674,0,0,0,0,0,0,0,0,0,0,0,0,390.0,0,2,377,644.1,0.0,25,39.1,0,512.0,,18672,2423452,259420.8,157.9
539,young,4927,202,13,685,0,23,2,1,107,1676,375,2065,12885041,280288.8,24520,1.7,49.2,1198.0,2494068,7863.1,886.1,1136.3,5386.2,2807,0,2505702,2068584,0,0,0,0,0,0,0,0,0,0,0,0,390.0,0,0,379,639.1,0.0,25,39.1,0,512.0,,18701,2427877,259887.2,158.2
540,young,4128,392,7,455,0,28,1,0,76,1229,375,1850,12930809,280820.7,15215,1.2,50.3,1198.0,2498689,7891.0,886.3,1137.8,5409.5,2807,0,2510373,2070874,0,0,0,0,0,0,0,0,0,0,0,0,390.0,0,0,379,634.5,0.0,25,39.1,0,512.0,,18735,2432356,260354.9,158.5
541,young,4343,22,8,212,0,34,1,0,88,1692,376,2213,12946022,281338.9,23618,1.8,52.1,1198.0,2503251,7895.7,886.4,1139.2,5412.0,2807,0,2514995,2075026,0,0,0,0,0,0,0,0,0,0,0,0,390.0,0,0,379,630.0,0.0,25,39.1,0,512.0,,18767,2436787,260821.9,158.7
542,full-cycle,10824,26,862,0,0,0,2,0,95,1150,354,115,12967398,281878.4,160022,18.6,18.6,1198.0,2509189,7907.9,888.0,1142.7,5417.9,2834,0,2521015,2080007,888,6529,2053,135301,24,680,76,0,0,0,1273,0,388.0,7,22,347,682.0,11.6,29,50.9,0,512.0,starved,18858,2442507,261414.2,159.1
543,young,2700,42,7,352,0,18,1,0,79,1404,361,718,12991583,282563.8,26136,5.2,23.8,1198.0,2515329,7916.8,889.7,1144.8,5421.8,2886,0,2527177,2084978,0,0,0,0,0,0,0,0,0,0,0,0,390.0,0,0,375,676.3,10.6,29,47.9,0,512.0,,18878,2447945,261842.6,159.5
544,young,3668,36,9,577,0,28,1,1,80,1951,369,832,13009580,283038.8,31295,3.5,27.3,1198.0,2519845,7923.4,889.8,1146.3,5425.9,2910,0,2531767,2089048,0,0,0,0,0,0,0,0,0,0,0,0,390.0,0,0,375,669.4,10.6,29,46.5,0,512.0,,18929,2452304,262306.2,159.8
545,young,4061,466,11,571,0,29,2,0,100,1645,368,1150,13028799,283543.8,30859,2.2,29.5,1198.0,2524301,7931.3,891.5,1147.6,5430.2,2910,0,2536306,2092738,0,0,0,0,0,0,0,0,0,0,0,0,390.0,0,0,375,663.0,10.6,29,46.5,0,512.0,,18978,2456616,262770.6,160.0
546,young,3515,60,9,240,0,36,2,0,107,1849,371,1135,13046327,284051.2,31100,2.3,31.8,1198.0,2528788,7937.9,891.7,1149.7,5433.7,2910,0,2540844,2096468,0,0,0,0,0,0,0,0,0,0,0,0,390.0,0,0,375,657.1,10.6,29,46.5,0,512.0,,19008,2460991,263238.7,160.3
547,young,4144,154,10,508,0,43,2,0,115,1866,371,1334,13061316,284558.6,38244,2.8,34.6,1198.0,2533291,7944.0,892.1,1151.2,5437.3,2910,0,2545392,2100464,0,0,0,0,0,0,0,0,0,0,0,1,390.0,0,0,375,651.4,10.6,29,46.5,0,512.0,,19040,2465387,263707.4,160.6
548,young,4146,45,10,462,0,29,2,0,104,2018,372,1424,13083310,285067.5,39064,2.9,37.5,1198.0,2537815,7950.8,892.4,1153.2,5441.1,2910,0,2549960,2104348,0,0,0,0,0,0,0,0,0,0,0,0,390.0,0,0,375,645.5,10.6,29,46.5,0,512.0,,19074,2469800,264176.5,160.9
549,young,4093,86,9,646,0,36,2,1,115,1682,372,1451,13102692,285576.1,29485,2.1,39.6,1198.0,2542362,7960.4,895.1,1155.5,5444.8,2910,0,2554553,2108358,0,0,0,0,0,0,0,0,0,0,0,0,390.0,0,0,375,639.2,10.6,29,46.5,0,512.0,,19105,2474217,264643.8,161.2
550,young,4009,153,10,582,0,22,2,0,99,1482,372,1564,13118130,286084.6,24958,1.9,41.5,1198.0,2546902,7965.1,895.3,1156.9,5447.2,2910,0,2559138,2112583,0,0,0,0,0,0,0,0,0,0,0,0,390.0,0,1,374,634.0,10.6,29,46.5,0,512.0,,19136,2478639,265113.6,161.4
551,young,4359,19,8,456,0,24,2,0,89,1812,373,1864,13142602,286594.7,35140,2.6,44.1,1198.0,2551461,7971.2,895.5,1158.4,5450.9,2910,0,2563751,2116549,0,0,0,0,0,0,0,0,0,0,0,0,390.0,0,0,375,628.6,10.6,29,46.5,0,512.0,,19168,2483062,265581.2,161.7
552,full-cycle,10227,22,826,0,0,0,1,1,115,1436,358,132,13158545,287146.3,162195,19.3,19.3,1198.0,2557545,7979.0,895.7,1160.5,5455.4,2935,0,2569904,2121761,847,5123,2041,129257,16,390,60,0,0,0,2149,0,366.0,12,31,341,670.6,19.4,32,55.6,0,512.0,starved,19252,2488892,266179.5,162.1
553,young,3307,32,9,612,0,18,1,1,74,1713,366,750,13180679,287816.6,36309,5.3,24.6,1198.0,2563168,7986.3,896.2,1162.3,5459.5,2965,0,2575527,2126332,0,0,0,0,0,0,0,0,0,0,0,0,368.0,0,0,383,688.2,18.2,32,53.9,0,512.0,,19257,2493917,266589.9,162.5
554,young,3636,184,7,557,0,36,2,0,108,1603,373,1052,13195157,288296.1,32540,2.4,27.0,1198.0,2567692,7996.4,900.2,1164.2,5463.0,2965,0,2580103,2130243,0,0,0,0,0,0,0,0,0,0,0,0,368.0,0,1,382,680.7,18.2,32,53.9,0,512.0,,19289,2498315,267058.7,162.7
555,young,3901,161,9,436,0,26,1,0,98,1913,374,1156,13212019,288804.6,29903,2.3,29.3,1198.0,2572162,8004.2,900.4,1166.1,5468.0,2967,0,2584624,2133992,0,0,0,0,0,0,0,0,0,0,0,0,368.0,0,0,383,675.3,18.2,32,53.8,0,512.0,,19323,2502647,267526.8,163.0
556,young,2746,39,8,344,0,39,2,1,115,1202,376,934,13230260,289314.9,19651,2.6,31.8,1198.0,2576689,8012.0,901.7,1167.6,5472.3,2991,0,2589219,2137883,0,0,0,0,0,0,0,0,0,0,0,0,368.0,0,0,383,669.1,18.2,32,52.4,0,512.0,,19366,2507008,267989.8,163.3
557,young,3336,54,9,614,0,33,2,0,93,1423,374,1024,13246779,289822.0,22622,1.8,33.6,1198.0,2581244,8017.8,901.8,1168.9,5476.0,2991,0,2593849,2141917,0,0,0,0,0,0,0,0,0,0,0,0,368.0,0,0,383,663.5,18.2,32,52.4,0,512.0,,19408,2511425,268456.7,163.6
558,young,3742,53,10,563,0,25,2,0,103,1743,374,1182,13262914,290330.9,33627,2.4,36.0,1198.0,2585755,8023.6,902.0,1170.2,5479.4,2991,0,2598413,2145867,0,0,0,0,0,0,0,0,0,0,0,0,368.0,0,0,383,656.9,18.2,32,52.4,0,512.0,,19443,2515812,268922.9,163.9
559,young,3806,154,9,513,0,33,1,1,103,1658,376,1246,13278800,290833.6,30657,2.3,38.3,1198.0,2590276,8029.8,902.2,1171.7,5482.8,2991,0,2602993,2149796,0,0,0,0,0,0,0,0,0,0,0,1,368.0,0,0,383,650.9,18.2,32,52.4,0,512.0,,19477,2520219,269390.2,164.1
560,full-cycle,11910,21,699,0,0,0,2,0,102,1390,362,120,13297373,291391.8,159981,18.6,18.6,1198.0,2596308,8041.5,903.5,1173.9,5489.3,3008,0,2609066,2154615,720,6658,2414,131244,33,761,102,0,0,0,2053,0,358.0,9,29,348,682.7,15.2,34,60.5,0,512.0,starved,19557,2526012,269992.9,164.5
561,young,3322,26,9,478,0,39,2,0,121,1801,364,757,13318682,292057.7,34191,5.2,23.8,1198.0,2602093,8047.2,903.8,1175.4,5492.4,3044,0,2614873,2159830,0,0,0,0,0,0,0,0,0,0,0,0,358.0,0,0,386,695.8,15.2,34,58.4,0,512.0,,19569,2531173,270409.8,164.9
562,young,3409,37,8,403,0,38,1,1,79,1862,375,914,13344737,292532.5,37841,2.9,26.7,1198.0,2606644,8053.6,904.2,1176.7,5496.2,3046,0,2619482,2163487,0,0,0,0,0,0,0,0,0,0,0,0,358.0,0,0,386,687.4,15.2,34,58.3,0,512.0,,19600,2535578,270877.3,165.1
563,young,3516,48,8,352,0,36,2,0,120,1957,381,896,13371489,293042.0,38350,3.4,30.1,1198.0,2611237,8061.2,904.8,1178.8,5500.1,3058,0,2624139,2167493,0,0,0,0,0,0,0,0,0,0,0,0,358.0,0,0,386,679.0,15.2,34,57.6,0,512.0,,19642,2539999,271342.8,165.4
564,young,3648,157,6,491,0,33,2,1,116,1612,379,1148,13394238,293548.8,30613,2.8,32.9,1198.0,2615703,8065.7,905.1,1179.9,5502.5,3070,0,2628679,2171611,0,0,0,0,0,0,0,0,0,0,0,1,358.0,0,0,386,673.1,15.2,34,56.9,0,512.0,,19689,2544316,271805.7,165.7
565,young,3100,17,7,273,0,33,1,0,82,1484,376,1137,13410668,294055.4,27168,2.2,35.0,1198.0,2620153,8072.3,905.2,1181.2,5507.1,3072,0,2633203,2175454,0,0,0,0,0,0,0,0,0,0,0,0,358.0,0,0,386,667.9,15.2,34,56.8,0,512.0,,19729,2548656,272272.0,166.0
566,young,3471,28,8,443,0,27,1,0,71,1706,376,1106,13425440,294566.1,37611,2.9,37.9,1198.0,2624663,8076.8,905.6,1182.5,5509.3,3074,0,2637769,2179481,0,0,0,0,0,0,0,0,0,0,0,0,358.0,0,0,386,661.5,15.2,34,56.7,0,512.0,,19762,2553041,272739.5,166.3
567,full-cycle,10765,22,603,0,0,0,2,1,98,1298,371,115,13443588,295125.7,164737,19.2,19.2,1198.0,2630663,8085.3,906.1,1184.6,5514.2,3106,0,2643804,2184354,625,5612,1985,138583,15,464,86,0,0,0,2483,0,352.0,11,33,347,679.9,17.9,32,55.5,0,512.0,starved,19842,2558821,273348.7,166.6
568,young,3172,24,9,319,0,27,1,0,105,1860,371,759,13460914,295800.1,38729,5.2,24.4,1198.0,2636226,8091.0,906.3,1186.0,5517.3,3122,0,2649391,2189250,0,0,0,0,0,0,0,0,0,0,0,0,354.0,0,1,389,704.9,16.2,32,54.6,0,512.0,,19848,2563836,273758.9,167.0
569,young,3557,341,7,489,0,31,1,0,83,1559,383,906,13476396,296284.8,31733,3.5,27.9,1198.0,2640682,8096.8,906.5,1187.9,5520.3,3148,0,2653905,2193207,0,0,0,0,0,0,0,0,0,0,0,0,354.0,0,0,390,698.5,16.2,32,53.1,0,512.0,,19890,2568147,274223.2,167.3
570,young,3733,35,11,752,0,21,1,1,98,1668,384,1044,13490813,296791.9,28153,2.7,30.6,1198.0,2645211,8102.5,907.1,1189.1,5523.6,3160,0,2658501,2197137,0,0,0,0,0,0,0,0,0,0,0,0,354.0,0,0,390,691.9,16.2,32,52.4,0,512.0,,19934,2572527,274688.3,167.5
571,young,3250,22,8,491,0,32,2,0,114,1555,385,953,13504500,297299.5,30198,2.2,32.8,1198.0,2649741,8106.5,907.2,1190.4,5525.2,3160,0,2663076,2201344,0,0,0,0,0,0,0,0,0,0,0,0,354.0,0,0,390,684.6,16.2,32,52.4,0,512.0,,19966,2576923,275156.4,167.8
572,young,3805,461,11,470,0,34,2,0,110,1300,387,1303,13535981,297688.1,24882,1.9,34.6,1198.0,2654454,8117.8,909.0,1192.1,5531.8,3160,0,2667837,2204631,0,0,0,0,0,0,0,0,0,0,0,0,354.0,0,1,389,676.4,16.2,32,52.4,0,512.0,,20001,2581453,275625.3,168.1
573,young,4351,90,9,691,0,20,1,0,77,1823,385,1577,13557847,298311.3,34544,2.6,37.2,1198.0,2658942,8124.6,909.4,1193.5,5536.3,3160,0,2672370,2208471,0,0,0,0,0,0,0,0,0,0,0,0,354.0,0,0,390,671.5,16.2,32,52.4,0,512.0,,20031,2585812,276094.3,168.4
574,young,3855,37,8,301,0,26,2,0,93,1745,384,1550,13580844,298823.3,30849,2.2,39.4,1198.0,2663431,8133.0,909.5,1195.1,5542.1,3160,0,2676913,2212460,0,0,0,0,0,0,0,0,0,0,0,0,354.0,0,0,390,666.2,16.2,32,52.4,0,512.0,,20062,2590172,276561.3,168.7
575,full-cycle,10576,31,776,0,0,0,1,1,108,1585,363,129,13599864,299347.5,160487,18.8,18.8,1198.0,2668945,8141.1,909.8,1197.0,5547.0,3196,0,2682462,2217166,807,6209,2305,132963,22,487,73,0,0,0,1174,0,364.0,12,13,365,716.5,17.7,27,45.6,0,512.0,starved,20146,2595478,277126.8,169.0
576,young,3601,28,9,679,0,43,2,0,117,1864,367,793,13621422,300054.9,36140,5.7,24.5,1198.0,2675105,8147.8,910.2,1198.6,5550.5,3222,0,2688642,2222399,0,0,0,0,0,0,0,0,0,0,0,0,366.0,0,0,389,702.7,16.0,27,44.1,0,512.0,,20155,2601032,277571.4,169.4
577,young,3103,28,7,266,0,38,2,0,111,1684,378,885,13637012,300535.8,36954,2.9,27.3,1198.0,2679595,8155.0,910.4,1199.7,5555.8,3226,0,2693189,2226183,0,0,0,0,0,0,0,0,0,0,0,0,366.0,0,0,389,696.0,16.0,27,43.9,0,512.0,,20187,2605397,278040.1,169.7
578,young,3441,35,8,367,0,26,2,0,90,1920,376,854,13654128,301045.1,33449,3.1,30.5,1198.0,2684060,8162.5,910.5,1201.6,5559.9,3240,0,2697706,2230031,0,0,0,0,0,0,0,0,0,0,0,0,366.0,0,0,389,689.9,16.0,27,43.1,0,512.0,,20228,2609722,278506.6,169.9
579,young,3925,83,9,689,0,22,2,0,81,1807,381,1144,13674243,301552.6,33443,2.6,33.0,1198.0,2688504,8169.9,910.7,1202.9,5564.8,3242,0,2702211,2233803,0,0,0,0,0,0,0,0,0,0,0,0,366.0,0,1,388,684.5,16.0,27,43.0,0,512.0,,20267,2614031,278973.0,170.2
580,young,3511,33,9,600,0,33,2,0,108,1549,379,1106,13689573,302063.8,33181,2.4,35.5,1198.0,2693036,8175.7,910.9,1204.2,5568.1,3242,0,2706791,2237747,0,0,0,0,0,0,0,0,0,0,0,0,366.0,0,0,389,679.1,16.0,27,43.0,0,512.0,,20304,2618418,279441.2,170.5
581,young,3863,22,7,457,0,37,1,0,104,1890,379,1258,13704159,302572.7,34219,2.6,38.1,1198.0,2697531,8182.1,911.0,1205.5,5572.3,3244,0,2711336,2241566,0,0,0,0,0,0,0,0,0,0,0,0,366.0,0,0,389,673.2,16.0,27,42.8,0,512.0,,20336,2622791,279909.9,170.8
582,young,3647,27,14,311,0,44,2,0,123,1720,381,1290,13722864,303081.9,30488,2.3,40.4,1198.0,2702126,8186.2,911.2,1207.3,5573.7,3246,0,2715990,2245957,0,0,0,0,0,0,0,0,0,0,0,1,366.0,0,0,389,665.8,16.0,27,42.7,0,512.0,,20378,2627219,280373.9,171.1
583,young,3448,29,7,623,0,12,1,0,55,1026,385,1500,13740984,303586.1,20073,2.0,42.3,1198.0,2706595,8202.7,918.6,1210.1,5578.7,3256,0,2720544,2249744,0,0,0,0,0,0,0,0,0,0,0,0,366.0,0,0,389,661.0,16.0,27,42.1,0,512.0,,20427,2631545,280836.7,171.3
584,young,4120,310,8,729,0,38,2,1,114,1356,384,1446,13756828,304096.4,20479,1.6,43.9,1198.0,2711118,8210.3,919.5,1212.1,5582.3,3258,0,2725134,2253842,0,0,0,0,0,0,0,0,0,0,0,0,366.0,0,0,389,656.7,16.0,27,42.0,0,512.0,,20477,2635929,281302.3,171.6
585,full-cycle,10250,61,938,0,0,0,1,0,96,1276,368,114,13776075,304624.4,156460,18.7,18.7,1198.0,2716571,8217.8,919.7,1215.3,5585.4,3277,0,2730629,2258780,999,5751,2229,129746,266,472,92,0,0,0,1204,0,360.0,11,14,368,722.7,16.1,26,44.3,0,512.0,starved,20559,2641182,281854.0,172.0
586,young,3249,27,8,497,0,36,2,1,87,1778,376,762,13796701,305331.3,30036,4.7,23.5,1198.0,2722458,8227.4,919.9,1217.2,5592.1,3309,0,2736540,2263370,0,0,0,0,0,0,0,0,0,0,0,0,362.0,0,0,392,713.5,14.5,26,42.4,0,512.0,,20568,2646531,282297.6,172.3
587,young,3740,161,9,448,0,17,1,0,71,2029,382,920,13816090,305813.6,32329,2.3,25.8,1198.0,2726976,8232.9,920.1,1218.6,5595.2,3309,0,2741129,2267454,0,0,0,0,0,0,0,0,0,0,0,0,362.0,0,0,392,705.3,14.5,26,42.4,0,512.0,,20601,2650871,282764.5,172.6
588,young,2814,48,7,402,0,40,2,1,124,1216,385,897,13830840,306320.4,23445,1.8,27.7,1198.0,2731529,8238.9,920.3,1220.2,5598.6,3311,0,2745724,2271468,0,0,0,0,0,0,0,0,0,0,0,0,362.0,0,0,392,699.8,14.5,26,42.3,0,512.0,,20634,2655270,283234.2,172.9
589,young,3034,26,10,455,0,37,1,1,121,1333,386,989,13866500,306817.2,23385,1.7,29.4,1198.0,2736135,8250.9,920.4,1222.0,5607.9,3311,0,2750373,2274475,0,0,0,0,0,0,0,0,0,0,0,0,362.0,0,0,392,693.3,14.5,26,42.3,0,512.0,,20666,2659707,283702.0,173.2
590,young,3033,27,7,501,0,27,2,1,117,1254,387,1013,13886610,307336.7,21393,1.6,30.9,1198.0,2740600,8256.6,920.7,1223.4,5611.2,3311,0,2754894,2278404,0,0,0,0,0,0,0,0,0,0,0,0,362.0,0,0,392,689.1,14.5,26,42.3,0,512.0,,20701,2664050,284170.6,173.4
591,young,3528,25,8,222,0,50,2,0,166,1493,385,1447,13907915,307848.7,23258,1.7,32.7,1198.0,2745158,8262.0,920.8,1224.6,5614.3,3311,0,2759496,2282359,0,0,0,0,0,0,0,0,0,0,0,0,362.0,0,0,392,682.5,14.5,26,42.3,0,512.0,,20731,2668474,284638.8,173.7
592,young,3245,37,7,294,0,20,1,0,69,1719,383,1038,13922301,308351.6,33023,2.5,35.1,1198.0,2749632,8266.6,920.9,1226.1,5616.6,3311,0,2764028,2286461,0,0,0,0,0,0,0,0,0,0,0,0,362.0,0,0,392,676.6,14.5,26,42.3,0,512.0,,20763,2672845,285106.5,174.0
593,young,3856,37,10,295,0,24,1,0,85,2025,385,1305,13937858,308861.4,36758,2.8,37.9,1198.0,2754136,8273.3,921.3,1227.7,5620.7,3313,0,2768583,2290426,0,0,0,0,0,0,0,0,0,0,0,0,362.0,0,0,392,670.6,14.5,26,42.2,0,512.0,,20798,2677221,285574.2,174.3
594,young,4095,32,10,237,0,40,1,0,119,1731,385,1817,13954111,309377.3,32852,3.1,41.0,1198.0,2758633,8279.9,921.6,1229.1,5624.8,3327,0,2773143,2294262,0,0,0,0,0,0,0,0,0,0,0,0,362.0,0,0,392,665.4,14.5,26,41.4,0,512.0,,20840,2681575,286038.9,174.6
595,young,4574,53,9,383,0,44,2,0,115,1750,385,2120,13968602,309888.8,31159,2.3,43.3,1198.0,2763176,8285.6,921.8,1230.5,5628.1,3327,0,2777725,2298297,0,0,0,0,0,0,0,0,0,0,0,0,362.0,0,0,392,660.0,14.5,26,41.4,0,512.0,,20871,2685999,286507.7,174.8
596,full-cycle,10591,27,957,0,0,0,2,0,110,1545,369,128,13985782,310429.6,165984,18.7,18.7,1198.0,2769058,8293.7,922.5,1232.7,5632.3,3359,0,2783657,2303286,984,5628,1981,130510,28,208,64,0,0,0,1961,0,348.0,10,20,367,714.7,16.2,28,48.4,0,512.0,starved,20943,2691679,287108.7,175.2
597,young,3497,59,9,769,0,25,1,0,79,1783,380,694,14009544,311134.9,38929,5.9,24.6,1198.0,2774830,8302.7,922.8,1234.9,5638.1,3391,0,2789456,2308050,0,0,0,0,0,0,0,0,0,0,0,0,348.0,0,0,397,720.3,16.2,28,46.5,0,512.0,,20959,2696868,287538.3,175.6
598,young,3276,40,8,408,0,13,1,0,74,1865,386,766,14023870,311613.8,36410,2.7,27.3,1198.0,2779341,8308.1,922.9,1236.1,5641.4,3391,0,2794023,2312098,0,0,0,0,0,0,0,0,0,0,0,0,348.0,0,0,397,713.2,16.2,28,46.5,0,512.0,,20991,2701230,288007.4,175.8
599,young,2865,159,7,166,0,34,1,0,104,1434,386,881,14038007,312122.8,27333,1.9,29.2,1198.0,2783857,8314.2,923.5,1237.6,5644.8,3391,0,2798605,2316085,0,0,0,0,0,0,0,0,0,0,0,0,348.0,0,0,397,707.0,16.2,28,46.5,0,512.0,,21022,2705588,288472.2,176.1
600,young,3407,24,8,665,0,23,1,0,83,1343,387,1164,14058103,312631.2,25806,2.1,31.3,1198.0,2788371,8324.7,923.6,1239.1,5652.9,3393,0,2803181,2319916,0,0,0,0,0,0,0,0,0,0,0,0,348.0,0,0,397,701.8,16.2,28,46.4,0,512.0,,21056,2709975,288940.8,176.4
601,young,3923,19,7,277,0,45,2,0,123,1899,385,1450,14072906,313141.6,38059,2.8,34.1,1198.0,2792894,8330.8,923.9,1240.8,5656.5,3393,0,2807755,2323901,0,0,0,0,0,0,0,0,0,0,0,0,348.0,0,0,397,695.6,16.2,28,46.4,0,512.0,,21088,2714364,289409.2,176.7
602,young,4128,33,8,759,0,39,1,0,116,1891,385,1182,14088595,313650.8,38833,2.8,36.9,1198.0,2797374,8337.2,924.1,1242.3,5660.4,3393,0,2812282,2327768,0,0,0,0,0,0,0,0,0,0,0,0,348.0,0,0,397,689.3,16.2,28,46.4,0,512.0,,21118,2718730,289878.0,177.0
603,young,3981,20,8,347,0,38,2,0,110,2034,389,1350,14120542,314156.9,37735,2.8,39.7,1198.0,2802018,8345.6,924.2,1243.9,5666.4,3393,0,2816963,2331231,0,0,0,0,0,0,0,0,0,0,0,0,348.0,0,0,397,681.3,16.2,28,46.4,0,512.0,,21149,2723233,290346.5,177.3
604,young,4836,54,8,685,0,36,2,0,122,2126,387,1701,14135800,314668.0,37351,2.7,42.4,1198.0,2806529,8353.9,926.6,1246.0,5669.5,3393,0,2821536,2335127,0,0,0,0,0,0,0,0,0,0,0,0,348.0,0,0,397,675.7,16.2,28,46.4,0,512.0,,21182,2727616,290813.7,177.5
605,full-cycle,8946,40,1031,0,0,0,1,0,63,1230,371,87,14154503,315200.7,155290,17.1,17.1,1198.0,2812038,8368.0,934.7,1247.8,5672.8,3421,0,2826944,2339954,1072,3847,1817,123980,82,361,51,0,0,0,2053,0,342.0,17,14,372,734.5,11.4,25,43.8,0,512.0,starved,21272,2732889,291375.4,177.9
606,young,3932,31,10,850,0,44,1,1,128,1839,376,975,14174275,315895.6,24552,5.9,23.0,1198.0,2817856,8376.5,935.7,1249.5,5677.1,3477,0,2832790,2344503,0,0,0,0,0,0,0,0,0,0,0,0,356.0,0,1,395,731.0,5.0,25,40.4,0,512.0,,21288,2738086,291803.2,178.2
607,young,4050,162,11,633,0,42,2,0,131,1991,380,1010,14188527,316386.8,28323,2.1,25.1,1198.0,2822345,8379.7,936.0,1251.0,5677.9,3477,0,2837315,2348868,0,0,0,0,0,0,0,0,0,0,0,1,356.0,0,1,395,725.6,5.0,25,40.4,0,512.0,,21312,2742433,292274.6,178.5
608,young,4001,34,10,318,0,42,1,0,129,2081,383,1307,14207146,316896.7,30026,2.2,27.3,1198.0,2826787,8383.7,936.2,1252.4,5679.6,3477,0,2841806,2353054,0,0,0,0,0,0,0,0,0,0,0,0,356.0,0,0,396,721.1,5.0,25,40.4,0,512.0,,21342,2746737,292742.5,178.8
609,young,3394,22,9,375,0,43,2,0,124,1456,385,1221,14225296,317406.3,26004,1.9,29.1,1198.0,2831308,8392.4,938.8,1254.7,5682.6,3477,0,2846377,2357112,0,0,0,0,0,0,0,0,0,0,0,0,356.0,0,0,396,714.5,5.0,25,40.4,0,512.0,,21374,2751116,293210.4,179.1
610,young,3593,23,14,605,0,20,2,0,72,1531,388,1237,14239708,317913.7,26346,2.0,31.1,1198.0,2835765,8396.7,939.0,1256.1,5684.7,3477,0,2850907,2361204,0,0,0,0,0,0,0,0,0,0,0,0,356.0,0,0,396,709.0,5.0,25,40.4,0,512.0,,21408,2755456,293677.8,179.3
611,young,3914,23,16,384,0,30,2,0,97,1726,384,1540,14260887,318421.3,36751,2.7,33.9,1198.0,2840227,8401.5,939.1,1257.5,5687.3,3477,0,2855422,2365242,0,0,0,0,0,0,0,0,0,0,0,0,356.0,0,0,396,703.2,5.0,25,40.4,0,512.0,,21440,2759804,294145.9,179.6
612,young,4116,26,11,347,0,26,1,1,107,1867,386,1661,14280166,318930.1,38194,2.8,36.7,1198.0,2844716,8406.3,939.3,1259.0,5689.7,3477,0,2859951,2369434,0,0,0,0,0,0,0,0,0,0,0,0,356.0,0,0,396,697.5,5.0,25,40.4,0,512.0,,21471,2764183,294614.8,179.9
613,young,3851,36,6,333,0,31,1,0,76,1778,386,1503,14308612,319430.7,37468,2.7,39.4,1198.0,2849218,8412.4,939.5,1260.3,5693.5,3477,0,2864521,2373451,0,0,0,0,0,0,0,0,0,0,0,0,356.0,0,1,395,691.4,5.0,25,40.4,0,512.0,,21506,2768542,295082.5,180.2
614,young,4254,25,9,450,0,34,1,0,118,1563,385,1958,14325522,319949.6,28006,2.0,41.4,1198.0,2853743,8420.4,942.5,1261.7,5695.9,3477,0,2869080,2377528,0,0,0,0,0,0,0,0,0,0,0,0,356.0,0,1,395,686.0,5.0,25,40.4,0,512.0,,21536,2772939,295550.7,180.5
615,young,3939,18,7,388,0,39,2,0,114,1432,390,1872,14339860,320459.4,26117,2.0,43.4,1198.0,2858256,8424.7,942.6,1262.9,5698.2,3477,0,2873651,2381683,0,0,0,0,0,0,0,0,0,0,0,0,356.0,0,0,396,681.6,5.0,25,40.4,0,512.0,,21568,2777338,296019.0,180.7
616,young,4458,24,8,328,0,43,2,0,117,1657,387,2200,14353595,320969.2,33010,2.4,45.8,1198.0,2862885,8429.9,943.1,1264.7,5700.2,3477,0,2878324,2385974,0,0,0,0,0,0,0,0,0,0,0,1,356.0,0,0,396,674.2,5.0,25,40.4,0,512.0,,21601,2781806,296485.4,181.0
617,young,4834,47,8,602,0,19,2,0,60,1265,387,2710,14373814,321476.3,20923,1.5,47.3,1198.0,2867437,8438.3,945.1,1266.8,5703.9,3477,0,2882922,2389918,0,0,0,0,0,0,0,0,0,0,0,0,356.0,0,0,396,669.4,5.0,25,40.4,0,512.0,,21633,2786224,296953.8,181.3
618,young,4272,37,135,408,0,37,2,0,114,1147,385,2308,14391446,321987.3,13861,1.0,48.3,1198.0,2871999,8446.1,946.2,1269.3,5707.5,3477,0,2887542,2394022,0,0,0,0,0,0,0,0,0,0,0,0,356.0,0,1,395,665.8,5.0,25,40.4,0,512.0,,21668,2790656,297421.5,181.6
619,full-cycle,10523,50,947,0,0,0,2,0,66,1111,366,83,14411388,322543.5,160489,18.3,18.3,1198.0,2878128,8456.8,949.0,1271.8,5711.6,3486,0,2893747,2399329,997,5862,1870,136308,94,490,84,0,0,0,1674,0,374.0,7,29,349,684.2,12.0,27,47.6,0,512.0,starved,21753,2796534,298030.9,182.0
620,young,2857,170,8,492,0,29,1,1,106,1203,366,752,14430337,323228.3,18556,3.8,22.1,1198.0,2883897,8462.7,949.4,1273.5,5714.4,3526,0,2899526,2404369,0,0,0,0,0,0,0,0,0,0,0,0,376.0,0,1,383,698.3,11.0,27,45.3,0,512.0,,21765,2801671,298447.1,182.3
621,young,3588,19,8,804,0,37,2,0,122,1621,370,882,14444263,323709.6,27798,2.3,24.4,1198.0,2888361,8472.9,953.2,1274.8,5718.9,3530,0,2904036,2408120,0,0,0,0,0,0,0,0,0,0,0,0,376.0,0,0,384,692.9,11.0,27,45.1,0,512.0,,21794,2806015,298916.0,182.6
622,young,3510,40,8,495,0,42,1,1,116,1731,370,978,14460610,324217.7,27157,1.9,26.3,1198.0,2892810,8477.6,953.3,1276.1,5721.4,3530,0,2908536,2412095,0,0,0,0,0,0,0,0,0,0,0,0,376.0,0,0,384,687.1,11.0,27,45.1,0,512.0,,21824,2810326,299383.9,182.9
623,young,2829,19,8,402,0,19,1,0,67,1320,371,928,14476616,324729.0,24667,1.9,28.2,1198.0,2897279,8484.5,953.5,1277.4,5726.2,3530,0,2913054,2415919,0,0,0,0,0,0,0,0,0,0,0,0,376.0,0,0,384,681.6,11.0,27,45.1,0,512.0,,21856,2814675,299854.2,183.2
624,young,4728,276,16,493,0,29,1,1,109,2112,370,1602,14491236,325238.5,32343,2.3,30.5,1198.0,2901806,8490.9,953.8,1279.0,5729.9,3530,0,2917632,2419907,0,0,0,0,0,0,0,0,0,0,0,0,376.0,0,0,384,675.4,11.0,27,45.1,0,512.0,,21888,2819061,300322.4,183.4
625,young,3981,93,8,616,0,22,1,1,105,1450,371,1609,14508426,325746.3,25755,1.9,32.5,1198.0,2906306,8497.9,954.2,1280.5,5734.6,3530,0,2922187,2423900,0,0,0,0,0,0,0,0,0,0,0,0,376.0,0,1,383,669.9,11.0,27,45.1,0,512.0,,21923,2823423,300790.7,183.7
626,young,3694,93,8,400,0,23,2,1,102,1521,374,1395,14524364,326256.8,25358,1.8,34.3,1198.0,2910832,8504.0,954.4,1281.8,5737.9,3530,0,2926743,2427861,0,0,0,0,0,0,0,0,0,0,0,1,376.0,0,0,384,665.1,11.0,27,45.1,0,512.0,,21949,2827822,301260.4,184.0
627,young,3912,205,10,406,0,35,2,0,119,1546,377,1540,14540618,326767.6,20311,1.6,35.9,1198.0,2915366,8508.8,954.6,1283.0,5740.6,3532,0,2931322,2431948,0,0,0,0,0,0,0,0,0,0,0,0,376.0,0,0,384,661.1,11.0,27,44.9,0,512.0,,21982,2832225,301729.3,184.3
628,young,4861,293,11,1003,0,42,2,1,133,1640,376,1628,14560912,327279.0,24597,2.2,38.1,1198.0,2919892,8515.9,954.8,1284.6,5744.6,3540,0,2935905,2435889,0,0,0,0,0,0,0,0,0,0,0,0,376.0,0,0,384,656.2,11.0,27,44.5,0,512.0,,22019,2836612,302196.1,184.5
629,young,4697,24,8,525,0,38,2,0,128,2127,376,1757,14580023,327788.3,31892,2.8,40.9,1198.0,2924459,8523.6,955.0,1286.2,5749.6,3548,0,2940544,2439838,0,0,0,0,0,0,0,0,0,0,0,0,376.0,0,0,384,650.1,11.0,27,44.0,0,512.0,,22064,2841019,302662.3,184.8
630,young,5186,26,8,611,0,40,2,1,143,2006,377,2236,14598091,328297.8,29463,2.2,43.1,1198.0,2929012,8530.8,955.6,1288.4,5753.4,3550,0,2945151,2443791,0,0,0,0,0,0,0,0,0,0,0,0,376.0,0,0,384,644.3,11.0,27,43.9,0,512.0,,22102,2845440,303128.2,185.1
631,full-cycle,10152,47,982,0,0,0,2,1,140,1893,369,160,14618497,328809.9,165788,18.9,18.9,1198.0,2934681,8537.8,955.8,1290.0,5757.6,3570,0,2950869,2448861,1029,5796,2271,123344,22,144,45,0,0,0,981,0,368.0,8,5,373,725.7,13.6,29,50.9,0,512.0,starved,22172,2850895,303700.9,185.5
632,young,3983,28,9,789,0,30,2,0,107,2095,366,829,14639782,329528.4,38479,5.7,24.5,1198.0,2940877,8546.3,956.0,1292.2,5762.9,3610,0,2957102,2453890,0,0,0,0,0,0,0,0,0,0,0,0,368.0,0,0,386,698.0,13.6,29,48.6,0,512.0,,22193,2856472,304156.6,185.9
633,young,3336,119,10,287,0,37,2,1,110,1786,377,894,14656360,330007.6,37395,3.1,27.7,1198.0,2945340,8552.7,956.1,1293.5,5766.9,3618,0,2961619,2457728,0,0,0,0,0,0,0,0,0,0,0,0,368.0,0,0,386,691.9,13.6,29,48.1,0,512.0,,22228,2860810,304624.2,186.1
634,young,3964,39,8,547,0,24,2,0,103,1993,377,1148,14671313,330518.3,32537,2.5,30.2,1198.0,2949780,8558.5,956.3,1295.3,5769.8,3622,0,2966121,2461630,0,0,0,0,0,0,0,0,0,0,0,0,368.0,0,0,386,686.1,13.6,29,47.9,0,512.0,,22267,2865133,305091.4,186.4
635,young,3221,30,10,253,0,27,1,0,83,1624,380,1099,14687044,331020.3,30373,2.6,32.8,1198.0,2954253,8563.4,956.5,1296.7,5772.3,3628,0,2970637,2465647,0,0,0,0,0,0,0,0,0,0,0,0,368.0,0,0,386,679.9,13.6,29,47.5,0,512.0,,22305,2869487,305559.7,186.7
636,young,3456,46,8,494,0,22,2,1,66,1554,379,1205,14701929,331536.3,35677,2.8,35.5,1198.0,2958868,8567.7,956.7,1298.0,5774.5,3632,0,2975298,2469926,0,0,0,0,0,0,0,0,0,0,0,0,368.0,0,0,386,672.3,13.6,29,47.3,0,512.0,,22336,2873964,306026.6,187.0
637,young,3480,32,9,289,0,22,2,0,84,1727,380,1233,14717715,332043.1,33957,2.5,38.1,1198.0,2963374,8573.1,957.0,1299.3,5777.7,3632,0,2979858,2473932,0,0,0,0,0,0,0,0,0,0,0,0,368.0,0,0,386,666.3,13.6,29,47.3,0,512.0,,22367,2878368,306495.4,187.2
638,young,4030,23,8,336,0,30,1,0,79,1894,380,1562,14733783,332551.6,38757,2.8,40.9,1198.0,2967878,8579.9,957.2,1300.8,5782.0,3632,0,2984431,2477876,0,0,0,0,0,0,0,0,0,0,0,0,368.0,0,1,385,660.4,13.6,29,47.3,0,512.0,,22401,2882757,306962.4,187.5
639,young,4077,19,8,524,0,14,2,0,69,1839,380,1511,14747322,333060.8,37531,2.7,43.6,1198.0,2972401,8585.0,957.5,1302.2,5784.6,3632,0,2989008,2481959,0,0,0,0,0,0,0,0,0,0,0,0,368.0,0,0,386,654.0,13.6,29,47.3,0,512.0,,22433,2887173,307429.5,187.8
640,full-cycle,11834,24,834,0,0,0,1,0,63,1853,360,78,14768160,333601.1,171411,19.2,19.2,1198.0,2978386,8597.4,962.2,1304.3,5789.2,3664,0,2995025,2487249,858,6908,2069,141410,14,113,5,0,0,0,1938,0,360.0,11,20,357,695.7,18.4,31,54.3,0,512.0,starved,22507,2892903,308021.5,188.2
641,young,3235,22,8,430,0,22,1,0,129,1739,365,813,14789811,334285.5,36945,5.7,24.9,1198.0,2984188,8605.4,962.4,1306.0,5794.6,3694,0,3000857,2492079,0,0,0,0,0,0,0,0,0,0,0,0,360.0,0,0,388,697.5,18.4,31,52.5,0,512.0,,22521,2898121,308451.7,188.5
642,young,3353,161,8,433,0,19,2,0,129,1564,382,925,14804468,334763.5,32361,2.6,27.4,1198.0,2988706,8611.7,962.6,1307.2,5798.8,3698,0,3005429,2496031,0,0,0,0,0,0,0,0,0,0,0,0,360.0,0,0,388,690.0,18.4,31,52.3,0,512.0,,22555,2902492,308919.7,188.8
643,young,3909,32,9,685,0,36,2,0,114,1766,383,1200,14822914,335274.0,32861,2.4,29.9,1198.0,2993206,8617.0,962.7,1308.4,5802.1,3698,0,3009976,2499822,0,0,0,0,0,0,0,0,0,0,0,0,360.0,0,0,388,684.0,18.4,31,52.3,0,512.0,,22586,2906864,309387.5,189.1
644,young,3638,22,8,436,0,24,1,0,76,1817,383,1197,14838091,335782.5,38304,2.8,32.7,1198.0,2997687,8623.5,962.9,1309.7,5806.0,3698,0,3014518,2503657,0,0,0,0,0,0,0,0,0,0,0,0,360.0,0,0,388,677.6,18.4,31,52.3,0,512.0,,22616,2911229,309855.7,189.4
645,young,3683,67,8,242,0,23,2,0,87,1814,381,1350,14853935,336290.3,35675,2.6,35.3,1198.0,3002206,8629.0,963.3,1311.0,5809.2,3698,0,3019087,2507744,0,0,0,0,0,0,0,0,0,0,0,0,360.0,0,0,388,671.3,18.4,31,52.3,0,512.0,,22649,2915608,310324.0,189.6
646,young,3656,31,9,444,0,29,1,0,107,1520,381,1394,14870989,336799.5,27713,3.3,38.6,1198.0,3006697,8636.8,963.6,1312.4,5814.5,3726,0,3023663,2511641,0,0,0,0,0,0,0,0,0,0,0,0,360.0,0,0,388,665.6,18.4,31,50.6,0,512.0,,22697,2919949,310785.4,189.9
647,young,4080,24,27,826,0,31,2,0,109,1589,380,1385,14889185,337306.5,28463,2.2,40.8,1198.0,3011229,8643.0,963.7,1313.7,5818.6,3726,0,3028260,2515686,0,0,0,0,0,0,0,0,0,0,0,0,360.0,0,0,388,660.3,18.4,31,50.6,0,512.0,,22735,2924339,311251.5,190.2
648,full-cycle,9371,37,937,0,0,0,2,0,101,1452,365,118,14904324,337823.4,159910,18.8,18.8,1198.0,3016692,8648.8,963.9,1315.3,5821.7,3758,0,3033784,2520508,974,5128,2042,128785,24,338,101,0,0,0,1150,0,356.0,9,11,368,723.9,14.2,33,57.6,0,512.0,starved,22816,2929588,311801.5,190.5
649,young,3115,56,8,363,0,21,1,0,73,1830,369,680,14923092,338516.4,37702,6.2,25.0,1198.0,3022753,8656.1,964.1,1317.0,5826.0,3798,0,3039860,2525535,0,0,0,0,0,0,0,0,0,0,0,0,356.0,0,0,388,703.4,14.2,33,55.3,0,512.0,,22834,2935076,312253.4,190.9
650,young,2980,86,7,444,0,17,1,0,74,1432,377,822,14936452,338994.3,27263,2.9,27.9,1198.0,3027286,8663.0,965.4,1318.6,5829.4,3818,0,3044456,2529652,0,0,0,0,0,0,0,0,0,0,0,1,356.0,0,0,388,695.6,14.2,33,54.1,0,512.0,,22880,2939449,312716.5,191.2
651,young,2962,24,7,353,0,45,2,0,130,1444,373,893,14956792,339500.9,24020,1.9,29.8,1198.0,3031755,8672.9,967.4,1320.1,5835.0,3818,0,3048994,2533563,0,0,0,0,0,0,0,0,0,0,0,0,356.0,0,0,388,690.5,14.2,33,54.1,0,512.0,,22918,2943779,313184.2,191.5
652,young,3703,231,10,541,0,31,1,1,79,1770,374,940,14970657,340010.5,34399,2.5,32.3,1198.0,3036213,8678.3,967.5,1321.4,5838.1,3818,0,3053507,2537417,0,0,0,0,0,0,0,0,0,0,0,0,356.0,0,0,388,683.7,14.2,33,54.1,0,512.0,,22953,2948127,313652.7,191.7
653,young,3772,19,7,505,0,26,2,0,94,1854,375,1192,14984639,340517.4,27447,2.0,34.3,1198.0,3040674,8683.6,967.7,1322.6,5841.5,3818,0,3058029,2541358,0,0,0,0,0,0,0,0,0,0,0,0,356.0,0,0,388,678.7,14.2,33,54.1,0,512.0,,22993,2952447,314117.8,192.0
654,young,3752,35,10,560,0,32,1,0,117,1660,378,1245,15000481,341027.0,28696,2.1,36.4,1198.0,3045161,8690.5,967.8,1323.9,5845.4,3818,0,3062575,2545179,0,0,0,0,0,0,0,0,0,0,0,0,356.0,0,0,388,673.4,14.2,33,54.1,0,512.0,,23029,2956807,314584.8,192.3
655,young,4636,700,10,524,0,40,2,0,123,1803,379,1346,15022242,341536.9,33114,2.5,38.9,1198.0,3049633,8698.6,968.1,1325.5,5850.7,3818,0,3067111,2549003,0,0,0,0,0,0,0,0,0,0,0,0,356.0,0,0,388,668.3,14.2,33,54.1,0,512.0,,23069,2961143,315051.0,192.6
656,young,3775,74,9,408,0,36,1,0,114,1736,379,1315,15037308,342042.3,30421,2.2,41.1,1198.0,3054243,8704.5,968.3,1326.9,5854.2,3818,0,3071780,2553241,0,0,0,0,0,0,0,0,0,0,0,0,356.0,0,0,388,661.4,14.2,33,54.1,0,512.0,,23106,2965585,315517.5,192.9
657,full-cycle,9436,29,1208,0,0,0,2,0,87,1228,358,104,15052379,342563.5,158534,18.7,18.7,1198.0,3059572,8711.4,968.5,1328.5,5857.7,3852,0,3077173,2557926,1237,4986,2184,131195,20,738,87,0,0,0,953,0,360.0,8,11,369,725.8,13.2,31,53.5,0,512.0,starved,23194,2970707,316062.4,193.2
658,young,2919,41,9,193,0,35,2,0,90,1805,375,658,15072625,343275.4,36252,5.6,24.3,1198.0,3065477,8720.5,968.6,1330.3,5864.0,3878,0,3083107,2562591,0,0,0,0,0,0,0,0,0,0,0,0,364.0,0,0,386,704.8,10.2,31,52.0,0,512.0,,23205,2976050,316515.7,193.6
659,young,3015,20,7,277,0,37,2,0,107,1594,378,907,15086633,343757.5,36397,2.8,27.0,1198.0,3070086,8725.7,968.8,1331.6,5867.0,3880,0,3087757,2566652,0,0,0,0,0,0,0,0,0,0,0,0,364.0,0,0,386,695.2,10.2,31,51.9,0,512.0,,23238,2980490,316985.9,193.8
660,young,3718,18,7,584,0,36,1,0,121,1764,378,1102,15101668,344262.1,34868,2.5,29.6,1198.0,3074574,8732.8,969.0,1333.3,5871.5,3880,0,3092292,2570331,0,0,0,0,0,0,0,0,0,0,0,0,364.0,0,2,384,687.7,10.2,31,51.9,0,512.0,,23271,2984843,317455.2,194.1
661,young,3324,24,8,137,0,29,2,0,100,1836,377,1132,15116049,344768.6,35746,2.6,32.2,1198.0,3079104,8738.9,969.1,1334.6,5875.6,3880,0,3096870,2574200,0,0,0,0,0,0,0,0,0,0,0,0,364.0,0,0,386,681.4,10.2,31,51.9,0,512.0,,23302,2989248,317924.3,194.4
662,young,4090,262,8,442,0,30,1,1,78,1733,380,1433,15141012,345265.3,34800,2.5,34.8,1198.0,3083617,8743.2,969.3,1336.0,5877.6,3880,0,3101425,2578340,0,0,0,0,0,0,0,0,0,0,0,1,364.0,0,0,386,674.1,10.2,31,51.9,0,512.0,,23331,2993634,318392.7,194.7
663,young,4261,156,11,731,0,39,1,0,85,1547,378,1578,15157347,345783.5,31892,2.5,37.2,1198.0,3088144,8748.1,969.6,1337.3,5880.3,3882,0,3106001,2582380,0,0,0,0,0,0,0,0,0,0,0,0,364.0,0,0,386,669.1,10.2,31,51.8,0,512.0,,23365,2998020,318861.5,195.0
664,young,4311,19,6,592,0,27,2,0,78,1844,378,1638,15174166,346293.5,36444,2.7,39.9,1198.0,3092660,8753.9,969.8,1338.5,5884.0,3882,0,3110579,2586278,0,0,0,0,0,0,0,0,0,0,0,0,364.0,0,1,385,663.2,10.2,31,51.8,0,512.0,,23397,3002394,319329.4,195.2
665,young,4100,27,9,380,0,37,2,0,115,1839,380,1599,15190147,346801.7,36020,2.6,42.5,1198.0,3097200,8763.6,972.4,1341.4,5887.4,3882,0,3115170,2590273,0,0,0,0,0,0,0,0,0,0,0,0,364.0,0,0,386,657.4,10.2,31,51.8,0,512.0,,23429,3006806,319797.0,195.5
666,full-cycle,9598,46,839,0,0,0,2,0,90,1159,367,107,15204981,347321.1,160980,17.6,17.6,1198.0,3102869,8771.0,972.6,1343.2,5891.7,3916,0,3120882,2595151,886,5714,1881,138610,40,510,57,0,0,0,1040,0,364.0,11,13,367,720.6,18.7,26,45.3,0,512.0,starved,23510,3012277,320364.5,195.9
667,young,3206,51,8,491,0,55,2,1,106,1660,374,768,15231953,348032.0,33336,5.4,23.0,1198.0,3108766,8780.4,973.3,1346.3,5896.0,3944,0,3126791,2600026,0,0,0,0,0,0,0,0,0,0,0,0,364.0,0,0,391,705.5,18.7,26,43.7,0,512.0,,23523,3017625,320814.3,196.2
668,young,3391,68,13,396,0,37,2,1,125,1809,380,865,15244414,348510.7,34472,2.6,25.6,1198.0,3113410,8785.5,973.4,1347.9,5898.6,3946,0,3131469,2604231,0,0,0,0,0,0,0,0,0,0,0,0,364.0,0,0,391,696.7,18.7,26,43.5,0,512.0,,23554,3022101,321283.2,196.5
669,young,4266,25,8,349,0,40,2,0,126,2224,382,1408,15261465,349017.0,36594,2.7,28.3,1198.0,3117866,8792.9,973.6,1349.6,5903.3,3946,0,3135977,2608167,0,0,0,0,0,0,0,0,0,0,0,1,364.0,0,0,391,690.3,18.7,26,43.5,0,512.0,,23587,3026437,321752.5,196.8
670,young,3872,24,35,434,0,31,2,0,109,1986,382,1144,15276712,349527.6,37762,2.8,31.1,1198.0,3122317,8798.0,973.7,1350.9,5906.2,3946,0,3140477,2612111,0,0,0,0,0,0,0,0,0,0,0,0,364.0,0,0,391,683.9,18.7,26,43.5,0,512.0,,23620,3030764,322222.0,197.1
671,young,3803,53,9,567,0,40,2,0,81,1700,386,1274,15292068,350034.5,34925,2.6,33.7,1198.0,3126811,8802.9,973.9,1352.5,5908.7,3946,0,3145018,2616249,0,0,0,0,0,0,0,0,0,0,0,0,364.0,0,0,391,677.9,18.7,26,43.5,0,512.0,,23652,3035120,322690.4,197.4
672,young,3701,22,8,848,0,47,2,0,126,1343,378,1218,15324005,350519.4,26359,1.9,35.5,1198.0,3131447,8810.6,974.6,1354.4,5913.1,3946,0,3149708,2620190,0,0,0,0,0,0,0,0,0,0,0,0,364.0,0,0,391,670.4,18.7,26,43.5,0,512.0,,23685,3039579,323158.0,197.6
673,young,3337,20,8,213,0,19,1,0,79,1546,379,1380,15343200,351051.9,24748,1.9,37.4,1198.0,3135908,8819.7,976.2,1355.8,5918.5,3946,0,3154221,2623935,0,0,0,0,0,0,0,0,0,0,0,1,364.0,0,0,391,666.2,18.7,26,43.5,0,512.0,,23715,3043939,323627.0,197.9
674,young,4057,28,8,600,0,56,2,0,129,1441,390,1721,15355918,351565.3,35274,2.5,40.0,1198.0,3140374,8823.6,976.3,1357.0,5920.4,3946,0,3158741,2628082,0,0,0,0,0,0,0,0,0,0,0,0,364.0,0,2,389,659.6,18.7,26,43.5,0,512.0,,23748,3048288,324095.7,198.2
675,young,4755,28,7,558,0,20,1,0,88,2033,388,1923,15371051,352074.5,32822,2.5,42.5,1198.0,3144842,8828.7,976.4,1358.4,5923.4,3948,0,3163258,2632076,0,0,0,0,0,0,0,0,0,0,0,1,364.0,0,0,391,654.7,18.7,26,43.4,0,512.0,,23778,3052650,324563.5,198.5
676,full-cycle,12113,25,981,0,0,0,2,1,131,2069,363,155,15386698,352588.2,174120,18.7,18.7,1198.0,3150357,8836.7,977.4,1360.2,5927.8,3968,0,3168798,2636949,1006,7158,2580,139537,16,290,42,0,0,0,1298,0,352.0,10,4,380,737.6,15.7,29,51.9,0,512.0,starved,23838,3057964,325127.0,198.8
677,young,3577,48,12,610,0,38,2,0,122,1767,371,859,15419232,353311.5,31299,5.4,24.1,1198.0,3156643,8842.7,977.7,1362.0,5930.9,4014,0,3175127,2642431,0,0,0,0,0,0,0,0,0,0,0,0,354.0,0,0,393,709.8,14.7,29,49.2,0,512.0,,23864,3063569,325580.0,199.2
678,young,3277,48,25,483,0,42,1,1,123,1334,378,1116,15437087,353791.9,25782,2.9,27.0,1198.0,3161211,8850.9,978.4,1364.2,5935.4,4034,0,3179769,2646289,0,0,0,0,0,0,0,0,0,0,0,0,354.0,0,0,393,703.2,14.7,29,48.1,0,512.0,,23910,3067965,326046.1,199.5
679,young,3928,24,9,614,0,44,2,1,135,1895,379,1135,15458905,354296.0,35532,2.6,29.6,1198.0,3165762,8855.9,978.6,1365.6,5938.3,4034,0,3184369,2650329,0,0,0,0,0,0,0,0,0,0,0,0,354.0,0,0,393,696.2,14.7,29,48.1,0,512.0,,23941,3072365,326512.9,199.8
680,young,3852,24,8,390,0,34,2,0,121,1827,379,1360,15475894,354808.2,37805,2.9,32.5,1198.0,3170292,8861.4,979.0,1367.2,5940.9,4036,0,3188949,2654406,0,0,0,0,0,0,0,0,0,0,0,0,354.0,0,1,392,689.0,14.7,29,48.0,0,512.0,,23975,3076774,326981.9,200.0
681,young,3832,24,9,451,0,31,2,0,104,1886,382,1247,15492311,355319.6,36965,2.7,35.2,1198.0,3174786,8867.5,979.2,1368.6,5944.7,4036,0,3193500,2658308,0,0,0,0,0,0,0,0,0,0,0,0,354.0,0,0,393,683.1,14.7,29,48.0,0,512.0,,24014,3081144,327448.2,200.3
682,young,4138,25,9,630,0,35,2,0,110,1816,384,1433,15505926,355829.8,36891,2.7,37.9,1198.0,3179292,8872.2,979.4,1370.0,5947.2,4036,0,3198066,2662348,0,0,0,0,0,0,0,0,0,0,0,1,354.0,0,0,393,677.2,14.7,29,48.0,0,512.0,,24047,3085523,327915.2,200.6
683,young,3832,160,9,579,0,12,1,0,64,1584,389,1356,15520101,356339.3,36616,2.7,40.6,1198.0,3183875,8877.0,979.6,1371.4,5949.7,4036,0,3202698,2666516,0,0,0,0,0,0,0,0,0,0,0,1,354.0,0,0,393,669.9,14.7,29,48.0,0,512.0,,24078,3089979,328383.3,200.9
684,full-cycle,16229,29,832,0,0,0,2,1,116,1999,393,136,15538610,356887.5,162077,18.6,18.6,1198.0,3190684,8886.3,979.8,1373.8,5954.6,4069,0,3209137,2672190,861,9489,3059,113922,162,654,97,0,0,0,2696,0,300.0,10,24,383,751.8,15.9,32,56.0,0,512.0,starved,24166,3096507,329071.6,201.3
685,young,3219,23,8,371,0,41,2,1,120,1863,400,692,15564635,357657.8,36958,5.5,24.1,1198.0,3196152,8893.6,980.5,1375.7,5958.3,4093,0,3214621,2676625,0,0,0,0,0,0,0,0,0,0,0,0,302.0,0,0,416,761.4,14.2,32,54.6,0,512.0,,24171,3101489,329499.9,201.7
686,young,3277,20,7,244,0,41,2,1,118,1878,391,872,15578507,358137.8,38950,2.9,26.9,1198.0,3200603,8900.0,980.8,1377.0,5962.5,4093,0,3219124,2680457,0,0,0,0,0,0,0,0,0,0,0,1,302.0,0,0,416,753.8,14.2,32,54.6,0,512.0,,24203,3105825,329968.0,201.9
687,young,3025,27,10,207,0,54,2,1,126,1581,397,941,15600418,358647.8,39032,3.0,29.9,1198.0,3205025,8904.8,981.1,1378.2,5965.1,4095,0,3223599,2684398,0,0,0,0,0,0,0,0,0,0,0,0,302.0,0,0,416,747.8,14.2,32,54.4,0,512.0,,24232,3110143,330437.2,202.2
688,young,3894,21,7,512,0,26,1,0,80,2072,396,1099,15615569,359156.7,37392,2.8,32.7,1198.0,3209495,8911.0,981.2,1379.5,5969.3,4097,0,3228113,2688298,0,0,0,0,0,0,0,0,0,0,0,0,302.0,0,0,416,741.5,14.2,32,54.3,0,512.0,,24260,3114486,330906.3,202.5
689,young,3738,28,8,390,0,39,1,0,118,1861,398,1251,15630146,359664.6,36170,2.8,35.5,1198.0,3214079,8915.9,981.4,1380.8,5972.1,4099,0,3232742,2692489,0,0,0,0,0,0,0,0,0,0,0,0,302.0,0,0,416,734.1,14.2,32,54.2,0,512.0,,24294,3118930,331374.7,202.8
690,young,3815,58,8,374,0,42,2,1,132,1820,404,1257,15644660,360172.2,33836,2.4,37.9,1198.0,3218538,8921.4,981.5,1382.3,5974.9,4099,0,3237250,2696529,0,0,0,0,0,0,0,0,0,0,0,0,302.0,0,0,416,728.0,14.2,32,54.2,0,512.0,,24326,3123273,331842.4,203.0
691,young,4221,32,8,399,0,36,2,0,119,2084,404,1442,15666234,360681.5,32344,3.0,40.9,1198.0,3223095,8926.8,981.6,1383.8,5977.8,4111,0,3241882,2700648,0,0,0,0,0,0,0,0,0,0,0,0,302.0,0,0,416,720.5,14.2,32,53.5,0,512.0,,24367,3127693,332307.2,203.3
692,full-cycle,14158,24,888,0,0,0,1,0,81,2083,369,101,15687164,361237.9,157733,18.0,18.0,1198.0,3229334,8935.9,982.0,1385.9,5983.4,4133,0,3248176,2705811,912,6595,3105,114883,72,694,145,0,0,0,3420,0,346.0,8,34,355,693.5,12.2,29,51.0,0,512.0,starved,24459,3133665,332924.1,203.7
693,young,3244,86,7,584,0,19,2,0,75,1631,384,771,15713378,361932.5,29564,5.6,23.6,1198.0,3234519,8945.9,982.5,1388.6,5987.8,4181,0,3253380,2710000,0,0,0,0,0,0,0,0,0,0,0,0,348.0,0,0,396,727.5,10.4,29,48.1,0,512.0,,24472,3138354,333330.9,204.0
694,young,3758,27,8,845,0,30,2,0,105,1822,380,832,15727776,362415.7,35564,2.7,26.3,1198.0,3239137,8950.0,982.7,1389.8,5989.9,4183,0,3258048,2714312,0,0,0,0,0,0,0,0,0,0,0,0,348.0,0,0,396,718.6,10.4,29,48.0,0,512.0,,24511,3142790,333798.1,204.3
695,young,3438,31,10,461,0,42,2,0,117,1886,382,798,15742546,362918.5,35327,2.6,28.9,1198.0,3243620,8956.0,982.9,1391.5,5993.3,4183,0,3262586,2718324,0,0,0,0,0,0,0,0,0,0,0,0,348.0,0,0,396,711.8,10.4,29,48.0,0,512.0,,24539,3147142,334267.8,204.6
696,young,3343,23,8,477,0,38,2,1,107,1664,382,948,15756763,363431.2,38451,2.8,31.7,1198.0,3248089,8961.6,983.9,1393.1,5995.6,4183,0,3267107,2722351,0,0,0,0,0,0,0,0,0,0,0,0,348.0,0,0,396,705.1,10.4,29,48.0,0,512.0,,24573,3151496,334736.8,204.9
697,young,3800,22,8,668,0,46,2,0,117,1645,381,1226,15773696,363940.9,38922,2.9,34.6,1198.0,3252624,8967.3,984.3,1394.6,5998.7,4183,0,3271698,2726326,0,0,0,0,0,0,0,0,0,0,0,0,348.0,0,0,396,698.0,10.4,29,48.0,0,512.0,,24605,3155881,335204.5,205.2
698,young,4524,84,8,826,0,19,1,1,85,2022,388,1366,15787742,364448.7,37694,2.8,37.4,1198.0,3257087,8972.6,984.5,1396.0,6001.6,4183,0,3276213,2730306,0,0,0,0,0,0,0,0,0,0,0,1,348.0,0,0,396,692.3,10.4,29,48.0,0,512.0,,24635,3160234,335672.9,205.4
699,young,3863,102,8,481,0,40,2,0,114,1455,390,1540,15808296,364958.0,25313,1.8,39.1,1198.0,3261647,8981.5,984.6,1397.5,6008.2,4183,0,3280825,2734187,0,0,0,0,0,0,0,0,0,0,0,0,348.0,0,0,396,686.2,10.4,29,48.0,0,512.0,,24668,3164638,336140.8,205.7
700,young,3595,163,7,583,0,30,2,0,96,1268,391,1324,15832492,365467.4,16269,1.2,40.4,1198.0,3266145,8989.6,984.8,1400.6,6012.0,4183,0,3285370,2738084,0,0,0,0,0,0,0,0,0,0,0,0,348.0,0,0,396,681.8,10.4,29,48.0,0,512.0,,24701,3169011,336609.7,206.0
701,young,4076,541,7,507,0,20,2,0,81,1432,388,1380,15850621,365977.1,25847,1.9,42.3,1198.0,3270711,8999.6,990.6,1401.9,6014.0,4183,0,3289987,2742157,0,0,0,0,0,0,0,0,0,0,0,0,348.0,0,0,396,676.2,10.4,29,48.0,0,512.0,,24733,3173446,337077.3,206.3
702,young,3752,53,7,411,0,17,2,0,71,1463,392,1652,15866440,366487.8,31479,2.3,44.6,1198.0,3275230,9005.4,990.7,1403.4,6017.2,4183,0,3294564,2746159,0,0,0,0,0,0,0,0,0,0,0,0,348.0,0,0,396,670.2,10.4,29,48.0,0,512.0,,24768,3177853,337545.1,206.5
703,full-cycle,10393,51,593,0,0,0,2,0,117,1521,359,137,15881193,367005.8,168188,18.8,18.8,1198.0,3280880,9011.2,990.9,1405.2,6020.1,4209,0,3300283,2751342,644,6419,2192,139643,16,396,114,0,0,0,1017,0,354.0,12,12,367,723.3,20.9,31,54.8,0,512.0,starved,24848,3183286,338115.9,206.9
704,young,3576,185,10,470,0,32,2,0,111,1972,376,704,15902734,367713.9,39061,5.7,24.5,1198.0,3286938,9019.5,991.1,1407.1,6025.2,4241,0,3306355,2756192,0,0,0,0,0,0,0,0,0,0,0,0,354.0,0,0,391,703.2,20.9,31,52.9,0,512.0,,24860,3188767,338568.3,207.3
705,young,3391,110,8,457,0,40,1,1,114,1743,388,842,15918199,368194.6,38798,3.1,27.6,1198.0,3291383,9024.3,991.4,1408.4,6027.8,4247,0,3310870,2760142,0,0,0,0,0,0,0,0,0,0,0,0,354.0,0,0,391,695.9,20.9,31,52.5,0,512.0,,24896,3193091,339035.5,207.6
706,young,2914,17,6,176,0,41,1,0,118,1434,381,972,15934319,368702.3,36372,3.2,30.9,1198.0,3296090,9032.5,992.8,1412.0,6029.7,4259,0,3315633,2764523,0,0,0,0,0,0,0,0,0,0,0,0,354.0,0,0,391,686.4,20.9,31,51.8,0,512.0,,24935,3197611,339499.0,207.8
707,young,3607,29,8,462,0,37,2,0,131,1766,380,1090,15947948,369202.4,36395,2.7,33.5,1198.0,3300576,9038.1,993.0,1413.1,6033.0,4259,0,3320182,2768440,0,0,0,0,0,0,0,0,0,0,0,1,354.0,0,0,391,680.0,20.9,31,51.8,0,512.0,,24972,3201971,339965.3,208.1
708,young,3682,66,9,458,0,19,1,1,80,1885,381,1116,15967593,369715.1,36210,2.6,36.2,1198.0,3305076,9044.5,993.1,1414.3,6037.5,4259,0,3324733,2772291,0,0,0,0,0,0,0,0,0,0,0,0,354.0,0,0,391,673.6,20.9,31,51.8,0,512.0,,25007,3206365,340433.5,208.4
709,young,3951,129,17,679,0,34,2,0,116,1706,382,1208,15981721,370223.3,30093,2.3,38.5,1198.0,3309606,9049.9,993.3,1415.6,6040.8,4261,0,3329326,2776197,0,0,0,0,0,0,0,0,0,0,0,0,354.0,0,0,391,667.3,20.9,31,51.7,0,512.0,,25044,3210780,340898.5,208.7
710,full-cycle,9242,26,806,0,0,0,2,1,67,948,362,86,16000191,370736.5,164789,18.9,18.9,1198.0,3315067,9056.0,993.5,1417.2,6044.0,4297,0,3334837,2781179,832,5702,1542,136556,34,429,39,0,0,0,1057,0,330.0,12,9,379,743.2,17.5,34,59.9,0,512.0,starved,25139,3216005,341444.7,209.0
711,young,3308,22,8,291,0,22,2,0,86,1933,370,816,16024380,371443.9,31156,5.0,23.9,1198.0,3321129,9066.7,994.3,1419.5,6050.3,4323,0,3340924,2786155,0,0,0,0,0,0,0,0,0,0,0,0,332.0,0,2,397,721.7,17.0,34,58.4,0,512.0,,25148,3221449,341897.1,209.4
712,young,3589,322,8,486,0,35,2,0,130,1514,382,998,16041204,371926.2,17493,1.2,25.2,1198.0,3325713,9070.2,994.5,1420.9,6051.5,4323,0,3345543,2790522,0,0,0,0,0,0,0,0,0,0,0,0,332.0,0,1,398,716.5,17.0,34,58.4,0,512.0,,25178,3225867,342366.1,209.7
713,young,3474,560,7,538,0,22,1,1,96,1349,383,767,16057694,372435.4,19783,1.5,26.7,1198.0,3330216,9074.7,994.6,1422.1,6053.7,4323,0,3350102,2794733,0,0,0,0,0,0,0,0,0,0,0,0,332.0,0,0,399,712.3,17.0,34,58.4,0,512.0,,25212,3230224,342835.4,210.0
714,young,3310,18,6,248,0,36,2,0,90,1970,387,852,16080423,372945.8,35590,2.6,29.4,1198.0,3334696,9083.9,994.7,1423.6,6060.5,4323,0,3354635,2797756,0,0,0,0,0,0,0,0,0,0,0,0,332.0,0,0,399,705.9,17.0,34,58.4,0,512.0,,25241,3234574,343303.8,210.2
715,young,3907,68,9,814,0,41,2,1,104,1818,385,972,16102001,373454.9,34089,2.5,31.9,1198.0,3339231,9094.7,998.2,1425.5,6063.8,4325,0,3359217,2801553,0,0,0,0,0,0,0,0,0,0,0,0,332.0,0,0,399,699.4,17.0,34,58.3,0,512.0,,25274,3238973,343771.5,210.5
716,young,3792,27,8,267,0,38,2,0,94,2040,391,1272,16130227,373939.6,32486,2.4,34.3,1198.0,3343765,9101.5,998.8,1426.9,6067.9,4325,0,3363805,2805469,0,0,0,0,0,0,0,0,0,0,0,0,332.0,0,0,399,692.9,17.0,34,58.3,0,512.0,,25306,3243366,344239.9,210.8
717,young,4244,20,7,527,0,27,2,0,105,2063,391,1420,16150543,374474.0,39169,2.9,37.2,1198.0,3348251,9107.8,1000.1,1428.4,6070.8,4325,0,3368338,2809452,0,0,0,0,0,0,0,0,0,0,0,1,332.0,0,0,399,686.8,17.0,34,58.3,0,512.0,,25338,3247732,344709.4,211.1
718,full-cycle,9427,27,878,0,0,0,2,0,86,1351,381,105,16165449,374989.3,158926,17.4,17.4,1198.0,3353659,9113.1,1000.5,1430.3,6072.8,4357,0,3373786,2814483,905,5833,1689,133826,23,179,23,0,0,0,932,0,340.0,9,7,385,754.0,14.7,28,49.4,0,512.0,starved,25409,3252918,345263.4,211.4
719,young,3338,51,8,813,0,35,1,0,75,1536,377,718,16187106,375725.5,32810,5.5,23.0,1198.0,3359724,9121.2,1000.7,1431.8,6078.4,4391,0,3379895,2819426,0,0,0,0,0,0,0,0,0,0,0,0,340.0,0,1,400,730.9,14.7,28,47.4,0,512.0,,25427,3258357,345717.4,211.8
720,young,2792,28,7,400,0,52,2,0,123,1290,386,801,16201464,376204.1,25384,1.9,24.9,1198.0,3364269,9125.5,1000.9,1433.1,6080.4,4391,0,3384481,2823630,0,0,0,0,0,0,0,0,0,0,0,0,340.0,0,0,401,724.5,14.7,28,47.4,0,512.0,,25458,3262773,346186.9,212.1
721,young,3200,19,7,399,0,37,1,1,128,1637,390,892,16217363,376711.6,31805,2.4,27.2,1198.0,3368711,9130.2,1001.0,1434.4,6083.0,4391,0,3388961,2827689,0,0,0,0,0,0,0,0,0,0,0,0,340.0,0,0,401,719.1,14.7,28,47.4,0,512.0,,25487,3267108,346657.3,212.3
722,young,3660,21,7,490,0,30,2,0,96,1811,391,1116,16233667,377220.9,36842,2.7,29.9,1198.0,3373172,9136.3,1001.7,1436.2,6085.7,4391,0,3393464,2831706,0,0,0,0,0,0,0,0,0,0,0,0,340.0,0,0,401,713.5,14.7,28,47.4,0,512.0,,25517,3271454,347127.2,212.6
723,young,3340,41,6,428,0,51,2,0,123,1436,390,1142,16248971,377732.1,36576,2.7,32.6,1198.0,3377790,9141.3,1001.8,1437.7,6088.3,4391,0,3398137,2835827,0,0,0,0,0,0,0,0,0,0,0,0,340.0,0,0,401,704.8,14.7,28,47.4,0,512.0,,25550,3275915,347594.6,212.9
724,young,3401,21,7,302,0,12,1,0,60,1819,391,1098,16265255,378239.3,37551,2.8,35.4,1198.0,3382274,9146.5,1001.9,1438.9,6091.5,4391,0,3402666,2839760,0,0,0,0,0,0,0,0,0,0,0,0,340.0,0,0,401,698.7,14.7,28,47.4,0,512.0,,25582,3280280,348063.8,213.2
725,young,3540,22,7,294,0,46,2,0,119,1606,392,1380,16279214,378743.8,36929,2.7,38.1,1198.0,3386769,9151.2,1002.1,1440.2,6094.0,4391,0,3407224,2843786,0,0,0,0,0,0,0,0,0,0,0,0,340.0,0,1,400,692.1,14.7,28,47.4,0,512.0,,25616,3284650,348531.2,213.5
726,young,3946,29,6,536,0,43,2,0,117,1495,389,1645,16293471,379256.1,33326,2.4,40.5,1198.0,3391320,9155.6,1002.2,1441.5,6096.4,4391,0,3411833,2847830,0,0,0,0,0,0,0,0,0,0,0,0,340.0,0,0,401,686.1,14.7,28,47.4,0,512.0,,25646,3289086,348997.6,213.7
727,young,4044,25,9,354,0,31,2,0,96,1870,390,1586,16312165,379765.2,35956,3.2,43.8,1198.0,3395819,9160.6,1002.4,1443.0,6099.1,4403,0,3416393,2851884,0,0,0,0,0,0,0,0,0,0,0,0,340.0,0,0,401,680.8,14.7,28,46.7,0,512.0,,25686,3293453,349462.8,214.0
728,full-cycle,12484,79,1055,0,0,0,1,1,110,1528,368,129,16332821,380314.7,152302,17.7,17.7,1198.0,3402031,9180.4,1009.2,1450.0,6103.3,4434,0,3422670,2857085,1134,6568,2476,124207,164,570,78,0,0,0,2232,0,358.0,7,26,360,705.8,10.7,27,46.7,0,512.0,starved,25781,3299378,350070.8,214.4
729,young,2923,49,6,564,0,14,1,0,64,1392,371,670,16355097,381018.1,21798,4.9,22.7,1198.0,3407589,9187.0,1009.3,1451.6,6107.4,4476,0,3428248,2862064,0,0,0,0,0,0,0,0,0,0,0,0,362.0,0,0,391,717.6,7.7,27,44.3,0,512.0,,25799,3304402,350491.4,214.8
730,young,3222,19,6,322,0,28,1,0,83,1775,371,922,16369303,381500.6,35523,2.6,25.3,1198.0,3412090,9192.0,1009.5,1452.7,6110.4,4476,0,3432816,2866058,0,0,0,0,0,0,0,0,0,0,0,0,362.0,0,1,390,710.5,7.7,27,44.3,0,512.0,,25836,3308762,350958.7,215.0
731,young,3411,111,12,337,0,40,1,0,86,1822,370,904,16383194,382009.4,36213,2.6,27.9,1198.0,3416774,9199.6,1012.4,1454.3,6112.1,4476,0,3437551,2870500,0,0,0,0,0,0,0,0,0,0,0,0,362.0,0,1,390,700.1,7.7,27,44.3,0,512.0,,25867,3313269,351425.6,215.3
732,young,3486,17,7,681,0,14,1,0,58,1734,370,906,16398594,382507.3,36263,2.7,30.6,1198.0,3421229,9205.9,1012.5,1455.5,6116.4,4476,0,3442067,2874326,0,0,0,0,0,0,0,0,0,0,0,0,362.0,0,0,391,694.9,7.7,27,44.3,0,512.0,,25897,3317616,351891.9,215.6
733,young,3599,26,6,420,0,33,2,0,90,1866,369,1046,16414187,383023.7,36813,2.7,33.3,1198.0,3425762,9210.9,1012.7,1456.7,6119.2,4476,0,3446643,2878251,0,0,0,0,0,0,0,0,0,0,0,0,362.0,0,0,391,689.0,7.7,27,44.3,0,512.0,,25930,3322028,352361.0,215.9
734,young,4312,56,9,425,0,584,2,0,150,1692,365,1339,16429655,383523.9,33404,2.6,35.9,1198.0,3430314,9216.2,1013.0,1458.1,6122.3,4476,0,3451251,2882324,0,0,0,0,0,0,0,0,0,0,0,0,362.0,0,0,391,679.5,7.7,27,44.3,0,512.0,,25961,3326494,352843.0,216.3
735,young,4081,35,8,370,0,68,1,1,98,1443,351,1961,16445452,384038.0,29726,2.5,38.4,1198.0,3434874,9221.9,1013.1,1460.0,6125.1,4476,0,3455861,2886455,0,0,0,0,0,0,0,0,0,0,0,0,362.0,0,0,391,666.9,7.7,27,44.3,0,512.0,,25994,3330970,353318.5,216.6
736,young,4445,580,12,295,0,39,2,0,157,1717,372,1536,16478865,384483.8,29334,2.1,40.5,1198.0,3439478,9227.9,1013.3,1461.4,6128.9,4476,0,3460513,2890404,0,0,0,0,0,0,0,0,0,0,0,0,362.0,0,0,391,661.0,7.7,27,44.3,0,512.0,,26026,3335428,353786.2,216.9
737,full-cycle,11697,164,912,0,0,0,2,1,351,1492,376,372,16497495,385081.5,157152,17.5,17.5,1198.0,3445693,9236.8,1013.5,1463.3,6134.7,4489,0,3466805,2895543,1077,6814,2434,125464,47,401,114,0,0,0,1263,0,354.0,5,25,363,715.6,7.2,29,52.1,0,512.0,starved,26116,3341403,354407.9,217.3
738,young,3069,460,10,396,0,29,1,0,83,1195,372,791,16534927,385775.7,18858,5.3,22.8,1198.0,3451336,9243.8,1013.9,1465.1,6138.6,4557,0,3472477,2900177,0,0,0,0,0,0,0,0,0,0,0,0,356.0,0,0,392,719.9,5.7,29,48.1,0,512.0,,26130,3346485,354833.1,217.6
739,young,2809,22,14,358,0,44,1,0,122,1307,371,863,16549892,386273.1,24830,2.1,25.0,1198.0,3455831,9250.4,1014.1,1466.4,6143.0,4563,0,3477031,2904032,0,0,0,0,0,0,0,0,0,0,0,0,356.0,0,0,392,713.8,5.7,29,47.8,0,512.0,,26166,3350824,355300.2,217.9
740,young,3412,44,8,562,0,40,1,1,110,1598,372,993,16565565,386788.6,32945,2.5,27.4,1198.0,3460278,9255.1,1014.3,1467.6,6145.7,4563,0,3481533,2908035,0,0,0,0,0,0,0,0,0,0,0,0,356.0,0,0,392,708.5,5.7,29,47.8,0,512.0,,26201,3355157,355768.5,218.2
741,young,4002,33,9,357,0,43,2,1,125,2020,371,1324,16581261,387299.1,35333,2.6,30.0,1198.0,3464754,9261.9,1014.4,1469.0,6150.2,4563,0,3486051,2911833,0,0,0,0,0,0,0,0,0,0,0,0,356.0,0,0,392,702.8,5.7,29,47.8,0,512.0,,26233,3359504,356238.0,218.5
742,young,3506,300,9,443,0,49,2,0,126,1234,371,1215,16597376,387802.6,26820,1.9,31.9,1198.0,3469252,9270.2,1014.7,1470.6,6155.6,4563,0,3490601,2915679,0,0,0,0,0,0,0,0,0,0,0,0,356.0,0,0,392,697.2,5.7,29,47.8,0,512.0,,26269,3363855,356706.0,218.7
743,young,2925,20,9,434,0,39,2,0,115,946,371,1282,16614738,388314.4,13700,1.6,33.5,1198.0,3473699,9278.4,1016.6,1472.1,6159.8,4575,0,3495133,2919485,0,0,0,0,0,0,0,0,0,0,0,1,356.0,0,0,392,693.7,5.7,29,47.1,0,512.0,,26320,3368153,357167.9,219.0
744,young,2937,86,7,303,0,18,2,0,59,1022,371,1360,16632771,388825.4,18053,1.4,34.9,1198.0,3478215,9287.9,1016.8,1473.8,6166.7,4575,0,3499696,2923091,0,0,0,0,0,0,0,0,0,0,0,0,356.0,0,1,391,689.5,5.7,29,47.1,0,512.0,,26353,3372539,357639.0,219.3
745,young,3282,24,8,285,0,16,1,0,60,1434,373,1382,16647855,389337.0,34894,2.6,37.5,1198.0,3482742,9294.9,1017.1,1475.3,6171.1,4575,0,3504259,2926884,0,0,0,0,0,0,0,0,0,0,0,0,356.0,0,0,392,683.9,5.7,29,47.1,0,512.0,,26385,3376948,358108.7,219.6
746,young,3984,21,8,414,0,33,2,1,109,1963,375,1346,16662280,389846.2,38035,2.8,40.3,1198.0,3487348,9301.4,1017.5,1476.9,6174.8,4575,0,3508925,2930910,0,0,0,0,0,0,0,0,0,0,0,0,356.0,0,0,392,675.8,5.7,29,47.1,0,512.0,,26418,3381415,358576.6,219.8
747,young,4665,25,10,877,0,22,1,1,82,1882,377,1704,16677840,390353.8,36264,2.7,43.0,1198.0,3491905,9307.4,1017.7,1478.6,6178.1,4575,0,3513522,2935021,0,0,0,0,0,0,0,0,0,0,0,0,356.0,0,0,392,670.0,5.7,29,47.1,0,512.0,,26451,3385857,359044.8,220.1
748,young,4733,84,9,693,0,38,1,0,117,2034,383,1655,16707718,390843.0,35987,2.6,45.6,1198.0,3496460,9341.9,1034.8,1491.7,6181.7,4575,0,3518136,2939204,0,0,0,0,0,0,0,0,0,0,0,0,356.0,0,0,392,664.5,5.7,29,47.1,0,512.0,,26482,3390277,359512.1,220.4
749,full-cycle,12239,362,1011,0,0,0,2,0,124,1526,356,144,16724247,391375.0,163502,19.4,19.4,1198.0,3502044,9348.2,1035.1,1493.8,6184.7,4589,0,3523784,2944307,1373,7282,2635,129030,234,613,108,0,0,0,874,0,372.0,7,4,370,718.9,11.7,32,56.4,0,512.0,starved,26558,3395644,360074.7,220.8
750,young,3266,24,10,284,0,25,2,1,91,1853,362,883,16755186,392088.5,24553,5.7,25.1,1198.0,3508252,9355.6,1035.3,1495.9,6188.7,4657,0,3530051,2949637,0,0,0,0,0,0,0,0,0,0,0,0,374.0,0,0,380,686.5,10.7,32,52.4,0,512.0,,26591,3401249,360527.2,221.1
751,young,3770,87,8,727,0,128,1,0,82,1615,365,1008,16767492,392562.5,27814,2.2,27.3,1198.0,3512755,9361.5,1035.5,1497.3,6191.9,4659,0,3534625,2953548,0,0,0,0,0,0,0,0,0,0,0,0,374.0,0,0,380,680.0,10.7,32,52.2,0,512.0,,26635,3405615,360993.4,221.4
752,young,4026,245,11,658,0,22,1,0,75,1690,370,1169,16786006,393071.8,24232,1.8,29.1,1198.0,3517198,9375.6,1044.0,1499.0,6195.3,4661,0,3539134,2957307,0,0,0,0,0,0,0,0,0,0,0,0,374.0,0,1,379,674.0,10.7,32,52.1,0,512.0,,26675,3409912,361457.9,221.7
753,young,3701,24,11,866,0,34,2,0,121,1326,367,1268,16803363,393575.6,7928,0.6,29.7,1198.0,3521679,9382.9,1044.4,1500.4,6200.3,4661,0,3543666,2961112,0,0,0,0,0,0,0,0,0,0,0,0,374.0,0,0,380,671.1,10.7,32,52.1,0,512.0,,26710,3414237,361925.5,222.0
754,young,3428,24,10,404,0,41,2,0,134,1553,373,1222,16819837,394092.8,18484,1.5,31.2,1198.0,3526140,9387.7,1044.6,1501.9,6202.6,4661,0,3548170,2965358,0,0,0,0,0,0,0,0,0,0,0,0,374.0,0,1,379,667.2,10.7,32,52.1,0,512.0,,26736,3418580,362397.7,222.3
755,young,3666,82,8,543,0,16,1,0,74,1588,375,1277,16835420,394604.6,32782,2.4,33.5,1198.0,3530591,9392.3,1044.8,1503.2,6205.1,4661,0,3552675,2969434,0,0,0,0,0,0,0,0,0,0,0,1,374.0,0,0,380,662.6,10.7,32,52.1,0,512.0,,26764,3422904,362864.9,222.5
756,young,3131,17,7,169,0,28,2,0,86,1553,374,1191,16849708,395111.6,27978,2.1,35.6,1198.0,3535068,9399.1,1045.8,1505.0,6208.0,4661,0,3557214,2973497,0,0,0,0,0,0,0,0,0,0,0,0,374.0,0,0,380,657.5,10.7,32,52.1,0,512.0,,26796,3427259,363332.6,222.8
757,young,3385,26,10,291,0,18,1,0,62,1651,373,1270,16866344,395626.0,32684,2.4,38.0,1198.0,3539626,9406.0,1046.0,1506.5,6212.4,4661,0,3561818,2977426,0,0,0,0,0,0,0,0,0,0,0,0,374.0,0,0,380,651.3,10.7,32,52.1,0,512.0,,26829,3431694,363801.2,223.1
758,young,3869,31,9,211,0,22,1,0,96,1719,372,1715,16880550,396135.8,31562,2.3,40.3,1198.0,3544170,9411.8,1046.2,1507.9,6215.8,4661,0,3566398,2981424,0,0,0,0,0,0,0,0,0,0,0,0,374.0,0,0,380,645.8,10.7,32,52.1,0,512.0,,26862,3436124,364270.5,223.4
759,full-cycle,9173,25,763,0,0,0,2,1,123,1105,343,152,16896018,396651.5,159850,18.7,18.7,1198.0,3549418,9419.9,1047.2,1509.9,6220.2,4689,0,3571691,2986004,787,5396,1813,142693,25,416,98,0,0,0,1088,0,360.0,12,11,362,713.3,19.1,34,60.0,0,512.0,starved,26937,3441187,364801.7,223.7
760,young,3319,30,8,674,0,29,2,0,82,1753,362,675,16917193,397338.2,35800,6.2,25.0,1198.0,3555417,9430.0,1048.9,1512.7,6224.4,4737,0,3577709,2991165,0,0,0,0,0,0,0,0,0,0,0,1,362.0,0,0,384,690.0,18.1,34,57.2,0,512.0,,26960,3446628,365252.2,224.1
761,young,3340,24,8,479,0,26,1,0,80,1857,368,811,16933006,397817.1,35035,2.8,27.7,1198.0,3560007,9434.0,1049.0,1514.0,6226.2,4741,0,3582363,2995563,0,0,0,0,0,0,0,0,0,0,0,0,362.0,0,0,384,681.9,18.1,34,57.0,0,512.0,,26999,3451033,365718.2,224.4
762,young,3227,25,8,256,0,27,2,0,98,1779,365,961,16948027,398323.6,37550,2.8,30.5,1198.0,3564534,9438.8,1049.3,1515.8,6228.3,4741,0,3586952,2999729,0,0,0,0,0,0,0,0,0,0,0,0,362.0,0,0,384,674.3,18.1,34,57.0,0,512.0,,27039,3455413,366185.4,224.6
763,young,3581,23,10,497,0,23,2,0,80,1803,368,1082,16962020,398826.2,38658,3.0,33.5,1198.0,3568998,9444.5,1049.5,1517.0,6232.0,4745,0,3591467,3003630,0,0,0,0,0,0,0,0,0,0,0,0,362.0,0,0,384,668.0,18.1,34,56.7,0,512.0,,27074,3459765,366651.8,224.9
764,young,4330,19,10,583,0,21,2,0,77,2062,370,1467,16975811,399337.8,38014,2.8,36.3,1198.0,3573497,9449.3,1049.6,1518.3,6234.5,4745,0,3596019,3007687,0,0,0,0,0,0,0,0,0,0,0,0,362.0,0,0,384,661.5,18.1,34,56.7,0,512.0,,27104,3464157,367120.5,225.2
765,full-cycle,8907,27,624,0,0,0,2,0,120,1269,349,140,16993582,399851.7,160747,18.9,18.9,1198.0,3578910,9458.4,1050.5,1520.7,6239.2,4778,0,3601486,3012419,651,5271,1916,140966,15,366,118,0,0,0,1007,0,358.0,11,8,367,719.6,18.0,34,59.9,0,512.0,starved,27189,3469369,367672.8,225.5
766,young,4016,28,9,643,0,33,2,0,124,2218,363,893,17013744,400544.0,38901,5.3,24.2,1198.0,3584882,9465.1,1050.7,1522.3,6243.2,4802,0,3607487,3017547,0,0,0,0,0,0,0,0,0,0,0,0,358.0,0,0,386,694.9,18.0,34,58.5,0,512.0,,27204,3474846,368128.8,225.9
767,young,4508,91,10,793,0,28,2,0,108,2105,376,1282,17027680,401021.4,38214,3.0,27.2,1198.0,3589304,9471.2,1050.8,1523.7,6247.1,4806,0,3611955,3021391,0,0,0,0,0,0,0,0,0,0,0,0,358.0,0,0,386,688.6,18.0,34,58.3,0,512.0,,27235,3479161,368597.4,226.2
768,young,3342,151,7,521,0,18,2,0,75,1319,379,1097,17041997,401530.8,29300,2.6,29.7,1198.0,3593738,9476.5,1051.0,1525.2,6250.1,4816,0,3616442,3025435,0,0,0,0,0,0,0,0,0,0,0,0,358.0,0,0,386,682.8,18.0,34,57.7,0,512.0,,27271,3483456,369064.1,226.4
769,young,3716,292,8,512,0,20,2,0,80,1311,378,1360,17063428,402037.7,22299,2.0,31.7,1198.0,3598139,9484.0,1051.3,1527.0,6254.7,4822,0,3620923,3029201,0,0,0,0,0,0,0,0,0,0,0,0,358.0,0,0,386,678.5,18.0,34,57.3,0,512.0,,27313,3487733,369529.6,226.7
770,young,3405,28,6,583,0,11,1,0,53,1474,379,1156,17087719,402548.7,31799,2.4,34.1,1198.0,3602628,9489.6,1051.5,1528.4,6258.1,4822,0,3625465,3033049,0,0,0,0,0,0,0,0,0,0,0,0,358.0,0,0,386,672.0,18.0,34,57.3,0,512.0,,27344,3492108,369999.0,227.0
771,young,3707,31,10,261,0,35,2,0,82,1748,376,1497,17104548,403052.7,36038,2.9,37.0,1198.0,3607256,9496.1,1051.6,1530.0,6262.2,4828,0,3630141,3036820,0,0,0,0,0,0,0,0,0,0,0,0,358.0,0,0,386,663.6,18.0,34,57.0,0,512.0,,27383,3496573,370466.3,227.3
772,full-cycle,10939,48,805,0,0,0,2,0,86,1541,352,108,17121166,403588.0,151987,17.6,17.6,1198.0,3612879,9505.0,1051.8,1531.8,6267.5,4845,0,3635804,3041493,853,6035,2728,122737,48,918,106,0,0,0,1197,1,376.0,6,18,359,704.2,9.2,28,49.4,0,512.0,starved,27460,3501989,371033.7,227.6
773,young,2812,37,8,266,0,32,2,0,104,1516,358,718,17148270,404278.0,22596,5.0,22.6,1198.0,3618646,9512.8,1052.0,1533.7,6272.2,4897,0,3641606,3046390,0,0,0,0,0,0,0,0,0,0,0,0,376.0,0,2,381,699.4,9.2,28,46.3,0,512.0,,27487,3507209,371468.6,228.0
774,young,3197,170,7,610,0,34,1,1,89,1389,366,780,17162646,404763.2,26443,2.0,24.6,1198.0,3623253,9519.6,1052.2,1535.3,6276.6,4899,0,3646256,3050382,0,0,0,0,0,0,0,0,0,0,0,0,376.0,0,0,383,691.8,9.2,28,46.2,0,512.0,,27517,3511648,371936.6,228.3
775,young,2887,35,7,527,0,29,2,0,83,1114,365,975,17180828,405268.8,22638,1.7,26.4,1198.0,3627709,9529.8,1055.9,1536.9,6280.8,4899,0,3650764,3054215,0,0,0,0,0,0,0,0,0,0,0,0,376.0,0,0,383,687.7,9.2,28,46.2,0,512.0,,27549,3515981,372406.1,228.5
776,young,3154,19,7,214,0,23,2,0,79,1760,367,966,17195822,405780.0,35663,2.6,29.0,1198.0,3632187,9536.2,1056.7,1538.3,6284.3,4899,0,3655294,3058041,0,0,0,0,0,0,0,0,0,0,0,0,376.0,0,0,383,681.0,9.2,28,46.2,0,512.0,,27582,3520333,372875.7,228.8
777,young,3772,25,8,581,0,32,2,0,84,1845,371,1074,17209698,406288.7,34432,2.5,31.5,1198.0,3636658,9542.3,1056.8,1539.7,6288.3,4899,0,3659812,3061868,0,0,0,0,0,0,0,0,0,0,0,0,376.0,0,0,383,674.9,9.2,28,46.2,0,512.0,,27610,3524697,373344.1,229.1
778,young,3582,23,8,486,0,34,1,0,109,1659,373,1168,17224411,406799.1,32622,2.4,33.9,1198.0,3641218,9547.1,1057.0,1541.0,6291.0,4899,0,3664426,3065996,0,0,0,0,0,0,0,0,0,0,0,0,376.0,0,0,383,667.7,9.2,28,46.2,0,512.0,,27644,3529126,373812.8,229.4
779,young,3609,81,8,360,0,33,2,0,107,1757,379,1186,17242734,407249.2,32249,2.3,36.2,1198.0,3645787,9555.7,1057.2,1542.6,6297.0,4899,0,3669026,3069296,0,0,0,0,0,0,0,0,0,0,0,0,376.0,0,0,383,660.6,9.2,28,46.2,0,512.0,,27674,3533551,374281.3,229.7
780,young,3450,26,10,359,0,50,2,0,120,1480,379,1325,17259494,407812.9,30927,2.3,38.5,1198.0,3650256,9561.8,1057.5,1544.0,6300.8,4899,0,3673542,3073199,0,0,0,0,0,0,0,0,0,0,0,0,376.0,0,0,383,655.0,9.2,28,46.2,0,512.0,,27705,3537918,374750.7,229.9
781,young,3834,22,7,279,0,30,2,0,95,1896,381,1416,17275139,408322.6,37825,2.8,41.3,1198.0,3654749,9568.4,1058.6,1545.6,6304.1,4899,0,3678079,3077157,0,0,0,0,0,0,0,0,0,0,0,0,376.0,0,0,383,649.2,9.2,28,46.2,0,512.0,,27736,3542288,375219.5,230.2
782,young,4188,290,11,274,0,22,1,0,76,1937,382,1486,17290465,408830.4,38081,2.8,44.1,1198.0,3659254,9574.6,1058.7,1547.1,6307.8,4899,0,3682642,3081073,0,0,0,0,0,0,0,0,0,0,0,2,376.0,0,0,383,643.7,9.2,28,46.2,0,512.0,,27768,3546671,375687.6,230.5
783,full-cycle,9176,20,1158,0,0,0,2,0,110,1776,349,128,17307121,409345.8,160941,18.6,18.6,1198.0,3664802,9581.3,1058.9,1549.1,6311.6,4910,0,3688242,3086047,1178,4678,2352,121431,21,364,54,0,0,0,948,0,386.0,4,5,369,717.5,5.5,28,49.9,0,512.0,starved,27849,3552030,376253.3,230.8
784,young,3390,144,8,667,0,31,2,1,74,1588,362,754,17330511,410069.9,28547,5.3,24.0,1198.0,3670987,9590.3,1061.4,1550.8,6315.3,4978,0,3694483,3091715,0,0,0,0,0,0,0,0,0,0,0,0,392.0,0,0,375,687.8,1.5,28,45.9,0,512.0,,27880,3557564,376701.4,231.2
785,young,3044,21,8,383,0,38,1,1,122,1585,362,820,17346070,410545.7,22159,1.7,25.7,1198.0,3675527,9597.0,1061.6,1552.5,6319.2,4978,0,3699081,3095656,0,0,0,0,0,0,0,0,0,0,0,0,392.0,0,0,375,681.6,1.5,28,45.9,0,512.0,,27917,3561965,377172.0,231.5
786,young,3467,95,5,469,0,28,2,0,104,1758,362,930,17358752,411057.1,36033,2.7,28.3,1198.0,3680142,9600.3,1061.7,1553.8,6320.4,4978,0,3703740,3100062,0,0,0,0,0,0,0,0,0,0,0,0,392.0,0,0,375,673.0,1.5,28,45.9,0,512.0,,27945,3566435,377640.3,231.8
787,young,3421,93,9,491,0,40,2,1,120,1500,363,1092,17374676,411563.5,29120,2.1,30.4,1198.0,3684632,9606.8,1061.9,1555.2,6324.8,4978,0,3708273,3103884,0,0,0,0,0,0,0,0,0,0,0,0,392.0,0,0,375,666.9,1.5,28,45.9,0,512.0,,27976,3570813,378109.3,232.1
788,young,3302,26,7,307,0,39,2,0,128,1495,362,1253,17389495,412073.9,26667,2.0,32.5,1198.0,3689117,9611.9,1062.0,1556.4,6327.7,4978,0,3712800,3107835,0,0,0,0,0,0,0,0,0,0,0,0,392.0,0,0,375,661.8,1.5,28,45.9,0,512.0,,28006,3575193,378579.3,232.3
789,young,3586,50,7,534,0,60,2,0,134,1426,363,1253,17405066,412582.9,32990,2.4,34.8,1198.0,3693617,9618.6,1062.6,1558.2,6331.3,4978,0,3717352,3111770,0,0,0,0,0,0,0,0,0,0,0,0,392.0,0,1,374,655.7,1.5,28,45.9,0,512.0,,28038,3579569,379046.8,232.6
790,young,3826,176,6,591,0,36,1,1,120,1316,365,1487,17424504,413092.3,27197,2.0,36.8,1198.0,3698155,9627.4,1062.8,1561.7,6335.7,4978,0,3721939,3115575,0,0,0,0,0,0,0,0,0,0,0,0,392.0,0,0,375,650.6,1.5,28,45.9,0,512.0,,28069,3583972,379515.5,232.9
791,young,3798,20,8,220,0,32,2,0,127,1763,364,1564,17440703,413601.0,32028,2.4,39.2,1198.0,3702690,9632.8,1063.0,1562.9,6338.7,4978,0,3726527,3119600,0,0,0,0,0,0,0,0,0,0,0,0,392.0,0,0,375,645.5,1.5,28,45.9,0,512.0,,28098,3588402,379983.5,233.2
792,young,4944,24,9,627,0,26,2,0,106,2154,364,1888,17455231,414110.3,39261,2.9,42.1,1198.0,3707249,9638.2,1063.1,1564.2,6341.9,4978,0,3731132,3123585,0,0,0,0,0,0,0,0,0,0,0,0,392.0,0,0,375,639.3,1.5,28,45.9,0,512.0,,28129,3592832,380452.3,233.5
793,young,4419,24,9,551,0,35,2,0,84,1976,364,1633,17469878,414620.1,38373,2.9,45.0,1198.0,3711823,9641.9,1063.3,1565.5,6343.5,4980,0,3735757,3127865,0,0,0,0,0,0,0,0,0,0,0,0,392.0,0,0,375,632.7,1.5,28,45.8,0,512.0,,28162,3597286,380919.9,233.7
794,young,4726,22,10,444,0,25,2,0,91,1974,362,2101,17484827,415130.2,38096,3.3,48.3,1198.0,3716412,9648.0,1063.4,1567.2,6347.0,4990,0,3740387,3131901,0,0,0,0,0,0,0,0,0,0,0,1,392.0,0,0,375,626.4,1.5,28,45.2,0,512.0,,28201,3601747,381387.5,234.0
795,full-cycle,13713,93,833,0,0,0,2,0,127,1422,377,148,17503910,415672.8,161061,18.7,18.7,1198.0,3722857,9664.7,1069.4,1570.8,6352.5,5005,0,3746552,3137399,926,8447,2700,134402,184,814,124,0,0,0,1524,0,322.0,12,28,368,729.3,12.6,30,53.4,0,512.0,starved,28325,3607895,382023.1,234.4
796,young,3058,268,8,583,0,19,2,0,116,1432,378,577,17532385,416405.0,23896,5.5,24.2,1198.0,3728289,9676.0,1070.4,1573.3,6359.4,5081,0,3751993,3141804,0,0,0,0,0,0,0,0,0,0,0,0,326.0,0,0,406,743.3,11.0,30,49.3,0,512.0,,28335,3612829,382442.1,234.8
797,young,3340,32,9,544,0,32,1,0,90,1694,382,860,17545056,416888.5,28895,2.2,26.4,1198.0,3732786,9680.7,1070.7,1574.9,6361.5,5083,0,3756539,3145882,0,0,0,0,0,0,0,0,0,0,0,0,326.0,0,0,406,736.8,11.0,30,49.2,0,512.0,,28367,3617195,382911.1,235.0
798,young,3035,17,7,365,0,12,1,0,58,1472,384,1041,17564584,417394.7,31254,2.3,28.7,1198.0,3737210,9686.4,1071.4,1576.2,6364.6,5083,0,3761000,3149905,0,0,0,0,0,0,0,0,0,0,0,0,326.0,0,0,406,731.4,11.0,30,49.2,0,512.0,,28393,3621522,383382.0,235.3
799,young,3763,26,8,586,0,45,2,0,123,1568,385,1334,17578933,417906.6,37062,2.7,31.5,1198.0,3741656,9694.2,1073.6,1578.3,6367.4,5083,0,3765491,3153900,0,0,0,0,0,0,0,0,0,0,0,0,326.0,0,0,406,725.4,11.0,30,49.2,0,512.0,,28421,3625862,383851.9,235.6
800,young,4290,23,9,561,0,44,2,0,135,2024,385,1422,17592916,418417.5,35246,2.6,34.1,1198.0,3746120,9699.5,1073.8,1579.9,6370.3,5083,0,3769990,3157927,0,0,0,0,0,0,0,0,0,0,0,0,326.0,0,0,406,719.7,11.0,30,49.2,0,512.0,,28446,3630230,384322.7,235.9
801,young,3843,54,9,376,0,21,1,0,78,1900,386,1303,17607489,418926.2,35914,2.6,36.7,1198.0,3750601,9705.4,1075.4,1581.6,6372.3,5083,0,3774525,3162108,0,0,0,0,0,0,0,0,0,0,0,0,326.0,0,0,406,713.7,11.0,30,49.2,0,512.0,,28476,3634599,384791.8,236.1
802,young,5192,162,8,880,0,43,2,0,133,1949,387,1931,17629989,419435.8,31923,2.3,39.0,1198.0,3755107,9711.6,1075.5,1583.0,6375.8,5083,0,3779077,3166096,0,0,0,0,0,0,0,0,0,0,0,0,326.0,0,0,406,707.6,11.0,30,49.2,0,512.0,,28516,3638955,385259.2,236.4
803,young,4582,268,10,470,0,21,2,1,75,1621,384,2042,17647246,419943.9,22163,1.6,40.6,1198.0,3759617,9717.4,1076.5,1584.7,6378.3,5083,0,3783620,3170158,0,0,0,0,0,0,0,0,0,0,0,0,326.0,0,0,406,703.6,11.0,30,49.2,0,512.0,,28548,3643336,385728.8,236.7
804,young,4134,168,8,323,0,23,1,0,86,1393,385,2060,17666700,420454.3,17943,1.3,41.9,1198.0,3764192,9723.2,1076.7,1585.9,6380.2,5083,0,3788247,3174466,0,0,0,0,0,0,0,0,0,0,0,0,326.0,0,0,406,697.9,11.0,30,49.2,0,512.0,,28580,3647758,386197.3,237.0
805,full-cycle,7115,154,794,0,0,0,1,1,59,864,353,79,17682221,420969.1,152822,17.7,17.7,1198.0,3769250,9729.5,1076.9,1587.8,6383.2,5112,0,3793347,3179122,949,3637,1645,138461,17,645,33,0,0,0,847,1,354.0,8,7,376,737.0,13.2,31,54.7,0,512.0,starved,28641,3652635,386719.0,237.3
806,young,3661,30,7,591,0,42,2,0,119,2013,369,788,17700843,421667.7,36793,5.3,23.0,1198.0,3775269,9736.0,1077.1,1589.4,6387.1,5138,0,3799398,3184295,0,0,0,0,0,0,0,0,0,0,0,0,354.0,0,0,391,711.9,13.2,31,53.1,0,512.0,,28656,3658111,387176.1,237.7
807,young,3363,23,8,376,0,24,2,0,115,1895,380,831,17715655,422146.6,34665,2.9,25.8,1198.0,3779729,9741.8,1077.3,1590.7,6390.9,5144,0,3803912,3188265,0,0,0,0,0,0,0,0,0,0,0,0,354.0,0,0,391,704.9,13.2,31,52.8,0,512.0,,28689,3662439,387644.4,238.0
808,young,3390,21,10,438,0,22,1,0,71,1729,381,1016,17731060,422655.1,32366,2.3,28.2,1198.0,3784168,9746.2,1077.6,1592.4,6392.5,5144,0,3808402,3192499,0,0,0,0,0,0,0,0,0,0,0,0,354.0,0,0,391,699.5,13.2,31,52.8,0,512.0,,28719,3666765,388112.5,238.2
809,young,4041,33,10,714,0,45,2,1,139,1718,381,1317,17746117,423163.9,29149,2.2,30.3,1198.0,3788654,9752.7,1077.9,1593.9,6396.6,5144,0,3812937,3196471,0,0,0,0,0,0,0,0,0,0,0,1,354.0,0,0,391,694.2,13.2,31,52.8,0,512.0,,28751,3671125,388582.0,238.5
810,young,3632,25,9,301,0,38,2,0,119,1969,384,1083,17760105,423673.8,33504,2.6,32.9,1198.0,3793161,9756.8,1078.0,1595.2,6398.4,5146,0,3817501,3200637,0,0,0,0,0,0,0,0,0,0,0,0,354.0,0,1,390,686.5,13.2,31,52.7,0,512.0,,28783,3675510,389049.8,238.8
811,young,3658,29,8,560,0,50,2,0,129,1615,383,1195,17775429,424180.3,32869,2.4,35.3,1198.0,3797626,9762.0,1078.4,1596.7,6401.3,5146,0,3822016,3204601,0,0,0,0,0,0,0,0,0,0,0,0,354.0,0,0,391,681.8,13.2,31,52.7,0,512.0,,28813,3679861,389517.7,239.1
812,young,3456,20,7,182,0,43,2,1,132,1556,382,1412,17789282,424690.8,33568,2.5,37.8,1198.0,3802175,9766.1,1078.5,1598.2,6403.1,5146,0,3826620,3208840,0,0,0,0,0,0,0,0,0,0,0,0,354.0,0,1,390,674.8,13.2,31,52.7,0,512.0,,28846,3684284,389985.7,239.3
813,young,4256,230,8,584,0,23,1,0,80,1691,378,1459,17814155,425117.0,35382,3.0,40.7,1198.0,3806725,9771.6,1078.7,1599.6,6406.4,5154,0,3831218,3212904,0,0,0,0,0,0,0,0,0,0,0,0,354.0,0,1,390,667.1,13.2,31,52.2,0,512.0,,28884,3688685,390453.4,239.6
814,full-cycle,8852,32,951,0,0,0,2,0,86,1142,362,106,17834764,425707.4,158151,18.0,18.0,1198.0,3812198,9777.3,1078.9,1601.4,6409.2,5194,0,3836729,3217895,983,5484,1437,133239,24,117,40,0,0,0,863,0,370.0,11,4,374,727.5,18.7,25,42.5,0,512.0,starved,28964,3693975,391015.9,240.0
815,young,3059,29,8,221,0,22,2,0,78,1897,371,721,17855726,426429.4,38931,6.1,24.1,1198.0,3818369,9783.8,1079.5,1603.4,6412.3,5226,0,3842941,3223510,0,0,0,0,0,0,0,0,0,0,0,0,370.0,0,0,389,697.7,18.7,25,40.6,0,512.0,,28982,3699577,391471.8,240.4
816,young,3349,17,8,431,0,30,2,0,77,1869,380,872,17868640,426902.6,38470,3.0,27.1,1198.0,3822839,9789.4,1079.7,1605.1,6415.4,5230,0,3847453,3227494,0,0,0,0,0,0,0,0,0,0,0,0,370.0,0,0,389,690.8,18.7,25,40.4,0,512.0,,29013,3703926,391940.3,240.6
817,young,3433,29,9,450,0,39,2,0,110,1630,382,1119,17889720,427411.5,33137,2.4,29.5,1198.0,3827288,9795.1,1079.8,1606.4,6418.8,5230,0,3851966,3231462,0,0,0,0,0,0,0,0,0,0,0,0,370.0,0,1,388,684.6,18.7,25,40.4,0,512.0,,29049,3708255,392408.8,240.9
818,young,3669,202,13,258,0,43,2,1,123,1677,383,1293,17905807,427921.3,30458,2.3,31.8,1198.0,3831790,9800.8,1080.0,1607.9,6422.2,5230,0,3856500,3235465,0,0,0,0,0,0,0,0,0,0,0,0,370.0,0,1,388,679.7,18.7,25,40.4,0,512.0,,29077,3712652,392880.2,241.2
819,young,3956,243,7,481,0,22,1,0,87,1668,385,1362,17918259,428430.5,32505,2.4,34.2,1198.0,3836279,9804.7,1080.1,1609.3,6423.8,5232,0,3861023,3239700,0,0,0,0,0,0,0,0,0,0,0,0,370.0,0,0,389,673.7,18.7,25,40.3,0,512.0,,29109,3716997,393348.1,241.5
820,young,3632,18,7,621,0,33,1,1,93,1299,385,1488,17933024,428939.1,27129,2.2,36.4,1198.0,3840771,9810.6,1080.4,1610.7,6427.3,5236,0,3865568,3243685,0,0,0,0,0,0,0,0,0,0,0,0,370.0,0,0,389,667.8,18.7,25,40.1,0,512.0,,29149,3721378,393816.5,241.7
821,young,3763,62,9,590,0,24,1,0,89,1497,384,1413,17951199,429447.3,32162,2.4,38.8,1198.0,3845259,9816.3,1080.6,1612.0,6430.9,5236,0,3870101,3247549,0,0,0,0,0,0,0,0,0,0,0,0,370.0,0,0,389,662.5,18.7,25,40.1,0,512.0,,29181,3725765,394285.3,242.0
822,young,4290,24,9,508,0,35,2,0,90,1865,383,1648,17970632,429956.6,34784,2.6,41.4,1198.0,3849773,9823.0,1080.7,1613.6,6435.3,5236,0,3874662,3251404,0,0,0,0,0,0,0,0,0,0,0,0,370.0,0,0,389,656.7,18.7,25,40.1,0,512.0,,29213,3730154,394753.9,242.3
823,young,3498,27,8,429,0,46,2,1,115,1255,382,1524,17988692,430465.9,24918,1.8,43.1,1198.0,3854314,9830.3,1082.3,1614.9,6439.0,5236,0,3879260,3255379,0,0,0,0,0,0,0,0,0,0,0,0,370.0,0,0,389,652.0,18.7,25,40.1,0,512.0,,29247,3734571,395221.1,242.6
824,full-cycle,9957,74,988,0,0,0,2,0,82,1730,356,98,18007582,430982.4,158081,18.0,18.0,1198.0,3860064,9839.1,1082.5,1616.8,6444.8,5268,0,3885039,3260481,1063,5713,2085,120528,19,159,70,0,0,0,1074,1,356.0,12,9,372,731.1,20.5,28,48.6,0,512.0,starved,29324,3740083,395798.9,242.9
825,young,3562,35,10,321,0,39,2,0,115,2177,370,817,18029184,431700.1,39111,5.8,23.8,1198.0,3866317,9848.1,1082.7,1618.4,6450.9,5296,0,3891313,3265252,0,0,0,0,0,0,0,0,0,0,0,0,356.0,0,0,393,702.7,20.5,28,47.0,0,512.0,,29338,3745799,396251.7,243.3
826,young,3530,23,8,405,0,30,2,0,98,1933,379,952,18043800,432174.2,36653,2.8,26.6,1198.0,3870801,9853.1,1082.9,1619.7,6453.8,5298,0,3895841,3269260,0,0,0,0,0,0,0,0,0,0,0,0,356.0,0,0,393,695.7,20.5,28,46.9,0,512.0,,29369,3750165,396720.3,243.6
827,young,3319,96,9,545,0,22,1,0,77,1578,379,913,18059213,432682.4,35634,2.6,29.2,1198.0,3875303,9859.0,1083.0,1621.2,6457.4,5298,0,3900394,3273205,0,0,0,0,0,0,0,0,0,0,0,0,356.0,0,0,393,689.1,20.5,28,46.9,0,512.0,,29403,3754540,397188.8,243.9
828,young,3674,26,8,382,0,22,1,0,81,1846,374,1232,18080614,433191.0,37999,2.8,32.0,1198.0,3879859,9863.3,1083.1,1622.4,6459.7,5298,0,3904994,3277285,0,0,0,0,0,0,0,0,0,0,0,0,356.0,0,0,393,683.2,20.5,28,46.9,0,512.0,,29435,3758970,397656.9,244.2
829,young,4143,152,8,532,0,40,2,1,117,1617,375,1532,18096653,433701.4,35465,2.7,34.6,1198.0,3884370,9869.0,1083.6,1624.1,6462.2,5300,0,3909570,3281400,0,0,0,0,0,0,0,0,0,0,0,0,356.0,0,0,393,677.0,20.5,28,46.7,0,512.0,,29469,3763348,398122.9,244.4
830,young,4149,159,9,357,0,29,2,0,87,1715,377,1719,18113081,434211.9,28937,3.5,38.1,1198.0,3888866,9877.0,1083.8,1626.2,6467.0,5328,0,3914135,3285344,0,0,0,0,0,0,0,0,0,0,0,0,356.0,0,0,393,671.3,20.5,28,45.1,0,512.0,,29515,3767690,398586.1,244.7
831,young,3950,354,9,302,0,38,1,0,126,1356,387,1692,18143780,434680.5,28592,2.1,40.2,1198.0,3893380,9885.2,1083.9,1627.8,6472.7,5328,0,3918709,3288878,0,0,0,0,0,0,0,0,0,0,0,0,356.0,0,0,393,664.6,20.5,28,45.1,0,512.0,,29557,3772073,399053.7,245.0
832,full-cycle,9471,20,724,0,0,0,1,0,83,1259,363,102,18160103,435245.9,163203,19.2,19.2,1198.0,3898996,9892.5,1084.4,1629.7,6476.9,5362,0,3924279,3293762,744,5774,1634,136491,15,196,55,0,0,0,1229,0,356.0,12,14,368,728.2,10.0,27,45.6,0,512.0,starved,29648,3777506,399631.9,245.3
833,young,3053,20,7,464,0,40,1,0,113,1634,359,712,18180688,435959.6,33997,5.7,24.8,1198.0,3905070,9899.7,1084.6,1631.5,6481.2,5394,0,3930376,3298569,0,0,0,0,0,0,0,0,0,0,0,0,356.0,0,0,394,714.6,10.0,27,43.7,0,512.0,,29654,3782973,400071.5,245.7
834,young,3365,47,7,397,0,38,2,0,114,1765,368,898,18194367,436436.9,35424,2.7,27.6,1198.0,3909621,9905.5,1084.7,1632.7,6484.9,5396,0,3934984,3302505,0,0,0,0,0,0,0,0,0,0,0,0,356.0,0,1,393,706.1,10.0,27,43.6,0,512.0,,29689,3787384,400539.5,246.0
835,young,3653,27,9,544,0,20,2,0,76,1861,373,1042,18208421,436942.8,37090,2.8,30.4,1198.0,3914083,9910.7,1084.9,1634.0,6487.9,5398,0,3939500,3306434,0,0,0,0,0,0,0,0,0,0,0,0,356.0,0,0,394,700.5,10.0,27,43.5,0,512.0,,29724,3791730,401007.5,246.3
836,young,3835,26,11,215,0,35,2,0,97,2111,376,1288,18222297,437452.6,37203,2.8,33.2,1198.0,3918558,9915.9,1085.0,1636.0,6490.4,5400,0,3944012,3310325,0,0,0,0,0,0,0,0,0,0,0,0,356.0,0,0,394,694.6,10.0,27,43.3,0,512.0,,29753,3796072,401476.2,246.6
837,young,4285,471,9,236,0,29,1,0,108,1704,380,1633,18242341,437961.4,26469,1.9,35.1,1198.0,3923054,9922.5,1085.2,1637.5,6494.4,5400,0,3948556,3314125,0,0,0,0,0,0,0,0,0,0,0,0,356.0,0,0,394,689.4,10.0,27,43.3,0,512.0,,29786,3800412,401943.8,246.8
838,young,3452,39,8,410,0,27,1,0,107,1430,382,1379,18261820,438471.3,19043,1.5,36.5,1198.0,3927549,9929.2,1085.3,1639.0,6498.9,5400,0,3953100,3317991,0,0,0,0,0,0,0,0,0,0,0,0,356.0,0,0,394,684.3,10.0,27,43.3,0,512.0,,29814,3804805,402413.0,247.1
839,young,3738,48,9,316,0,38,2,0,115,1639,383,1500,18275884,438978.7,33118,2.5,39.0,1198.0,3932049,9934.5,1085.8,1640.5,6501.7,5400,0,3957649,3321982,0,0,0,0,0,0,0,0,0,0,0,0,356.0,0,0,394,678.9,10.0,27,43.3,0,512.0,,29850,3809181,402882.5,247.4
840,young,4145,29,8,545,0,18,1,0,98,1874,379,1514,18291901,439493.6,34701,2.5,41.5,1198.0,3936658,9940.1,1087.1,1642.0,6503.7,5400,0,3962329,3326208,0,0,0,0,0,0,0,0,0,0,0,0,356.0,0,0,394,671.1,10.0,27,43.3,0,512.0,,29882,3813643,403348.0,247.7
841,young,4335,502,7,430,0,31,2,0,105,1642,381,1529,18314991,440001.2,30255,2.2,43.7,1198.0,3941198,9949.6,1087.2,1643.7,6510.8,5400,0,3966904,3330226,0,0,0,0,0,0,0,0,0,0,0,0,356.0,0,0,394,666.2,10.0,27,43.3,0,512.0,,29911,3818063,403817.3,247.9
842,full-cycle,14266,28,926,0,0,0,2,1,117,1607,365,137,18337528,440603.5,155472,17.3,17.3,1198.0,3947583,9964.8,1088.0,1646.8,6521.1,5449,0,3973378,3334822,953,4941,2315,125140,78,435,51,0,0,0,5951,0,354.0,10,57,325,643.6,16.6,30,52.1,0,512.0,starved,29996,3824151,404423.1,248.3
843,young,3597,632,8,573,0,26,2,0,88,1318,362,847,18354604,441201.8,21135,4.7,22.0,1198.0,3952423,9971.9,1088.3,1648.6,6524.9,5463,0,3978207,3338458,0,0,0,0,0,0,0,0,0,0,0,0,360.0,0,0,389,707.7,12.1,30,51.2,0,512.0,,30001,3828583,404795.7,248.6
844,young,3178,85,9,380,0,19,1,0,80,1620,377,908,18369998,441692.9,31061,2.5,24.5,1198.0,3956867,9979.8,1088.4,1649.9,6530.0,5469,0,3982699,3342099,0,0,0,0,0,0,0,0,0,0,0,0,360.0,0,0,389,702.1,12.1,30,50.9,0,512.0,,30035,3832886,405263.1,248.9
845,young,2983,24,10,309,0,16,1,0,71,1361,376,1120,18388760,442202.4,21698,1.9,26.4,1198.0,3961284,9987.6,1088.6,1651.4,6535.4,5475,0,3987183,3345839,0,0,0,0,0,0,0,0,0,0,0,0,360.0,0,0,389,697.8,12.1,30,50.5,0,512.0,,30075,3837163,405729.4,249.2
846,young,4571,642,9,669,0,44,2,0,106,1756,376,1270,18408101,442716.6,25961,2.1,28.5,1198.0,3965785,9993.7,1088.8,1652.8,6539.3,5477,0,3991715,3349703,0,0,0,0,0,0,0,0,0,0,0,0,360.0,0,0,389,692.2,12.1,30,50.4,0,512.0,,30101,3841535,406200.8,249.5
847,young,4747,165,8,310,0,26,2,0,107,2184,377,1875,18423066,443226.2,31609,2.3,30.7,1198.0,3970257,9998.7,1088.9,1654.8,6541.6,5477,0,3996234,3353757,0,0,0,0,0,0,0,0,0,0,0,0,360.0,0,0,389,686.8,12.1,30,50.4,0,512.0,,30127,3845870,406669.8,249.7
848,young,4524,70,9,444,0,46,2,1,139,2134,377,1631,18439755,443735.5,26208,1.9,32.7,1198.0,3974787,10011.0,1093.8,1658.2,6545.0,5477,0,4000826,3357975,0,0,0,0,0,0,0,0,0,0,0,0,360.0,0,0,389,680.1,12.1,30,50.4,0,512.0,,30162,3850246,407137.4,250.0
849,young,4560,23,8,471,0,32,2,0,101,1848,381,1974,18453610,444245.4,32867,2.6,35.2,1198.0,3979256,10015.3,1094.0,1659.6,6547.2,5479,0,4005345,3362073,0,0,0,0,0,0,0,0,0,0,0,0,360.0,0,0,389,674.8,12.1,30,50.3,0,512.0,,30195,3854600,407605.6,250.3
850,young,4740,25,9,513,0,21,1,0,81,2020,381,1986,18467582,444755.9,34766,2.5,37.7,1198.0,3983783,10019.9,1094.1,1661.2,6549.3,5479,0,4009910,3366194,0,0,0,0,0,0,0,0,0,0,0,0,360.0,0,0,389,668.8,12.1,30,50.3,0,512.0,,30222,3859013,408075.1,250.6
851,young,3890,59,8,596,0,23,2,0,86,1274,377,1712,18482802,445265.4,22628,1.7,39.5,1198.0,3988281,10026.1,1094.4,1662.8,6552.8,5481,0,4014485,3370248,0,0,0,0,0,0,0,0,0,0,0,0,360.0,0,0,389,664.6,12.1,30,50.2,0,512.0,,30261,3863374,408539.7,250.9
852,young,4253,47,14,337,0,37,2,0,111,1761,381,1857,18499516,445768.7,23593,1.9,41.4,1198.0,3992809,10032.3,1094.6,1664.3,6556.6,5483,0,4019059,3374216,0,0,0,0,0,0,0,0,0,0,0,0,360.0,0,0,389,660.9,12.1,30,50.1,0,512.0,,30299,3867777,409008.7,251.1
853,young,4579,313,11,442,0,37,1,1,112,1665,380,1913,18515738,446286.3,25566,1.8,43.2,1198.0,3997347,10038.7,1094.7,1665.7,6559.9,5483,0,4023651,3378163,0,0,0,0,0,0,0,0,0,0,0,0,360.0,0,0,389,656.3,12.1,30,50.1,0,512.0,,30334,3872160,409474.9,251.4
854,young,3518,27,10,369,0,36,2,1,113,1148,380,1748,18534362,446796.8,7805,0.6,43.7,1198.0,4001907,10048.0,1096.2,1667.4,6565.1,5483,0,4028254,3382093,0,0,0,0,0,0,0,0,0,0,0,0,360.0,0,0,389,653.7,12.1,30,50.1,0,512.0,,30366,3876577,409943.9,251.7
855,young,3665,31,10,374,0,38,2,0,114,1013,380,1951,18552353,447309.9,6587,0.5,44.2,1198.0,4006481,10055.2,1096.4,1669.1,6569.8,5483,0,4032874,3386058,0,0,0,0,0,0,0,0,0,0,0,0,360.0,0,0,389,650.9,12.1,30,50.1,0,512.0,,30402,3881006,410412.0,252.0
856,young,3516,43,9,250,0,37,1,0,128,1174,382,1780,18566519,447821.8,11829,0.9,45.2,1198.0,4011063,10060.0,1096.6,1671.0,6571.2,5483,0,4037509,3390444,0,0,0,0,0,0,0,0,0,0,0,0,360.0,0,0,389,647.9,12.1,30,50.1,0,512.0,,30436,3885455,410879.8,252.3
857,young,4666,31,9,525,0,51,2,0,124,1824,385,2007,18584038,448328.9,28491,2.6,47.8,1198.0,4015634,10069.1,1097.0,1672.6,6577.5,5493,0,4042146,3394427,0,0,0,0,0,0,0,0,0,0,0,0,360.0,0,0,389,642.4,12.1,30,49.5,0,512.0,,30482,3889911,411344.7,252.5
858,young,4778,26,8,359,0,19,2,0,64,2022,381,2170,18600957,448841.9,38721,2.8,50.7,1198.0,4020235,10075.2,1097.2,1674.2,6580.9,5493,0,4046812,3398471,0,0,0,0,0,0,0,0,0,0,0,0,360.0,0,0,389,636.5,12.1,30,49.5,0,512.0,,30520,3894385,411810.7,252.8
859,young,5231,159,8,833,0,30,1,0,90,1772,384,2252,18618954,449350.3,27644,1.9,52.6,1198.0,4024862,10082.4,1097.3,1675.6,6584.9,5493,0,4051493,3402642,0,0,0,0,0,0,0,0,0,0,0,0,360.0,0,0,389,630.7,12.1,30,49.5,0,512.0,,30553,3898862,412277.0,253.1
860,young,4652,416,6,582,0,34,2,1,87,1279,381,2152,18635104,449860.1,18807,1.4,54.0,1198.0,4029507,10088.2,1097.5,1677.3,6588.2,5493,0,4056189,3406878,0,0,0,0,0,0,0,0,0,0,0,0,360.0,0,0,389,626.8,12.1,30,49.5,0,512.0,,30585,3903372,412745.8,253.4
861,young,5431,63,9,565,0,47,1,1,114,1741,383,2794,18659714,450280.6,22689,1.6,55.7,1198.0,4034225,10098.0,1098.4,1679.1,6594.5,5493,0,4060954,3410261,0,0,0,0,0,0,0,0,0,0,0,1,360.0,0,0,389,620.1,12.1,30,49.5,0,512.0,,30616,3907937,413211.8,253.7
862,young,4510,28,8,558,0,43,2,0,121,1442,383,2211,18677495,450875.1,21623,1.7,57.3,1198.0,4038881,10103.9,1098.6,1680.6,6597.9,5493,0,4065661,3414357,0,0,0,0,0,0,0,0,0,0,0,0,360.0,0,0,389,615.4,12.1,30,49.5,0,512.0,,30648,3912474,413680.2,254.0
863,young,6045,662,8,856,0,36,2,0,118,1709,382,2544,18692869,451386.0,27742,2.0,59.3,1198.0,4043543,10109.2,1098.7,1682.2,6600.9,5493,0,4070384,3418545,0,0,0,0,0,0,0,0,0,0,0,0,360.0,0,0,389,610.4,12.1,30,49.5,0,512.0,,30682,3916988,414146.4,254.3
864,young,5028,22,9,269,0,24,2,0,86,1779,384,2762,18707730,451895.4,29309,2.2,61.6,1198.0,4048222,10114.3,1098.9,1683.6,6603.7,5493,0,4075111,3422747,0,0,0,0,0,0,0,0,0,0,0,0,360.0,0,0,389,604.8,12.1,30,49.5,0,512.0,,30711,3921548,414614.1,254.5
865,young,5518,190,10,439,0,45,2,0,149,1892,385,2699,18721973,452404.9,35851,2.6,64.2,1198.0,4052917,10119.8,1099.2,1685.0,6606.6,5493,0,4079861,3426983,0,0,0,0,0,0,0,0,0,0,0,0,360.0,0,0,389,598.6,12.1,30,49.5,0,512.2,,30745,3926109,415081.1,254.8
866,young,5140,46,10,337,0,34,2,0,96,1854,382,2696,18735595,452913.5,29603,2.2,66.3,1198.0,4057641,10126.8,1100.5,1686.6,6609.7,5493,0,4084625,3431230,0,0,0,0,0,0,0,0,0,0,0,0,360.0,0,0,389,593.2,12.1,30,49.5,0,514.3,,30775,3930690,415548.0,255.1
867,young,5717,94,10,589,0,42,2,0,120,1827,384,2901,18749846,453422.4,30534,2.3,68.6,1198.0,4062396,10132.5,1100.9,1688.2,6612.7,5493,0,4089432,3435457,0,0,0,0,0,0,0,0,0,0,0,0,360.0,0,0,389,587.5,12.1,30,49.5,0,516.6,,30808,3935315,416017.9,255.4
868,young,5321,94,9,206,0,36,2,0,106,2064,384,2741,18765838,453933.4,36901,2.7,71.3,1198.0,4067181,10139.9,1101.0,1690.0,6617.1,5493,0,4094266,3439654,0,0,0,0,0,0,0,0,0,0,0,0,360.0,0,0,389,581.0,12.1,30,49.5,0,519.3,,30843,3939959,416488.4,255.7
869,young,5747,28,8,245,0,26,2,0,90,2146,382,3119,18779450,454445.7,38421,2.8,74.1,1198.0,4072009,10144.8,1101.2,1691.5,6619.6,5493,0,4099148,3444003,0,0,0,0,0,0,0,0,0,0,0,0,360.0,0,0,389,575.4,12.1,30,49.5,0,522.1,,30871,3944656,416962.1,256.0
870,young,5903,19,8,639,0,36,2,1,92,1931,386,3116,18794192,454962.0,24425,1.7,75.8,1198.0,4076880,10149.2,1101.3,1692.7,6622.0,5493,0,4104068,3448443,0,0,0,0,0,0,0,0,0,0,0,0,360.0,0,0,389,569.9,12.1,30,49.5,0,523.8,,30907,3949364,417436.3,256.3
871,young,5210,28,9,393,0,46,2,1,132,1245,386,3259,18809790,455481.3,8780,0.7,76.5,1198.0,4081777,10155.6,1102.2,1694.6,6624.7,5493,0,4109013,3452920,0,0,0,0,0,0,0,0,0,0,0,1,360.0,0,0,389,567.2,12.1,30,49.5,0,524.5,,30941,3954114,417914.7,256.6
872,young,5727,35,11,928,0,37,1,0,105,1353,383,3139,18825813,456005.0,19245,1.5,78.0,1198.0,4086691,10162.6,1103.5,1696.5,6627.8,5493,0,4113988,3457253,0,0,0,0,0,0,0,0,0,0,0,0,360.0,0,1,388,562.1,12.1,30,49.5,0,526.0,,30975,3958879,418393.7,256.9
873,young,6056,178,7,779,0,24,1,0,115,1609,383,3260,18840657,456527.7,26546,1.9,79.9,1198.0,4091623,10171.5,1106.7,1698.2,6630.9,5493,0,4118962,3461828,0,0,0,0,0,0,0,0,0,0,0,0,360.0,0,0,389,557.7,12.1,30,49.5,0,527.9,,31011,3963653,418872.7,257.2
874,young,5605,79,8,576,0,43,2,0,125,1503,386,3197,18856815,457046.0,21808,1.6,81.5,1198.0,4096586,10179.5,1108.2,1700.1,6634.7,5493,0,4123988,3466317,0,0,0,0,0,0,0,0,0,0,0,0,360.0,0,0,389,553.0,12.1,30,49.5,0,529.5,,31051,3968445,419351.3,257.5
875,full-cycle,10303,38,694,0,0,0,2,0,91,1109,378,108,18875249,457620.2,163002,19.0,19.0,1198.0,4102659,10188.1,1108.5,1701.8,6640.2,5511,0,4129666,3471318,732,6084,1716,142675,17,410,62,0,0,0,1719,0,316.0,7,23,380,743.5,11.9,31,54.6,0,512.0,promoted,31133,3974302,419936.7,257.9
876,young,3227,282,8,606,0,35,2,1,121,1361,381,690,18901730,458379.4,19266,4.6,23.6,1198.0,4108355,10198.2,1109.1,1704.0,6646.7,5561,0,4135375,3476327,0,0,0,0,0,0,0,0,0,0,0,0,318.0,0,0,409,747.2,10.9,31,51.6,0,512.0,,31151,3979459,420360.5,258.3
877,young,2758,244,9,272,0,21,1,1,88,1289,368,748,18918262,458855.8,18189,1.4,25.0,1198.0,4112876,10207.9,1111.1,1706.0,6651.8,5561,0,4139950,3480149,0,0,0,0,0,0,0,0,0,0,0,0,318.0,0,0,409,741.2,10.9,31,51.6,0,512.0,,31185,3983843,420830.1,258.6
878,young,3307,20,8,310,0,43,1,0,127,1725,373,994,18932608,459364.9,30007,2.2,27.3,1198.0,4117320,10212.9,1111.2,1707.2,6654.8,5561,0,4144447,3484014,0,0,0,0,0,0,0,0,0,0,0,0,318.0,0,0,409,735.5,10.9,31,51.6,0,512.0,,31217,3988188,421298.9,258.8
879,young,4081,170,7,572,0,26,2,0,100,1963,372,1159,18947243,459874.3,36362,2.7,29.9,1198.0,4121814,10218.9,1111.4,1708.7,6658.5,5561,0,4148967,3487939,0,0,0,0,0,0,0,0,0,0,0,0,318.0,0,0,409,729.5,10.9,31,51.6,0,512.0,,31247,3992566,421769.7,259.1
880,young,2962,25,8,237,0,41,2,0,112,1471,375,1018,18963057,460384.7,30103,2.2,32.1,1198.0,4126296,10224.7,1111.5,1709.9,6662.0,5561,0,4153501,3491901,0,0,0,0,0,0,0,0,0,0,0,0,318.0,0,1,408,724.1,10.9,31,51.6,0,512.0,,31281,3996911,422237.6,259.4
881,young,3592,108,8,457,0,40,1,0,126,1649,376,1112,18978372,460894.7,29233,2.2,34.3,1198.0,4130804,10231.3,1112.1,1711.5,6665.1,5561,0,4158045,3495892,0,0,0,0,0,0,0,0,0,0,0,0,318.0,0,0,409,718.5,10.9,31,51.6,0,512.0,,31312,4001306,422707.8,259.7
882,young,3691,22,8,190,0,22,3,0,70,1883,381,1415,18995139,461404.2,37145,2.7,37.0,1198.0,4135324,10238.1,1112.2,1712.8,6669.9,5561,0,4162624,3499753,0,0,0,0,0,0,0,0,0,0,0,0,318.0,0,0,409,711.9,10.9,31,51.6,0,512.0,,31345,4005703,423176.1,259.9
883,young,4122,43,9,715,0,23,1,0,80,1929,387,1261,19008709,461912.3,38437,3.0,40.0,1198.0,4139822,10242.2,1112.4,1714.1,6671.8,5565,0,4167187,3503801,0,0,0,0,0,0,0,0,0,0,0,0,318.0,0,2,407,704.8,10.9,31,51.4,0,512.0,,31383,4010088,423642.6,260.2
884,full-cycle,9822,24,1112,0,0,0,2,0,87,1696,346,106,19021958,462429.6,162077,18.0,18.0,1198.0,4145303,10247.1,1112.6,1715.8,6674.1,5596,0,4172697,3508844,1137,5084,2518,125404,26,621,61,0,0,0,1038,0,362.0,11,8,366,717.0,18.1,33,58.9,0,512.0,starved,31455,4015368,424203.3,260.6
885,young,3484,22,8,325,0,37,2,1,94,2053,368,851,19041623,463126.3,38323,5.4,23.5,1198.0,4151353,10254.2,1112.8,1717.4,6678.5,5620,0,4178774,3513913,0,0,0,0,0,0,0,0,0,0,0,0,362.0,0,0,385,690.6,18.1,33,57.5,0,512.0,,31467,4020918,424656.7,260.9
886,young,3351,26,8,594,0,21,1,0,93,1534,382,996,19055001,463602.3,34178,2.8,26.2,1198.0,4155899,10263.7,1115.0,1721.3,6681.3,5626,0,4183362,3517968,0,0,0,0,0,0,0,0,0,0,0,0,362.0,0,0,385,682.6,18.1,33,57.1,0,512.0,,31498,4025336,425124.1,261.2
887,young,2946,35,9,367,0,16,2,0,66,1318,380,1050,19072092,464111.7,29039,2.8,29.1,1198.0,4160348,10270.7,1115.1,1722.7,6685.8,5640,0,4187871,3521858,0,0,0,0,0,0,0,0,0,0,0,0,362.0,0,0,385,677.3,18.1,33,56.3,0,512.0,,31538,4029652,425591.8,261.5
888,young,3003,18,8,439,0,18,2,0,66,1436,377,952,19087105,464620.5,29877,2.2,31.3,1198.0,4164828,10276.6,1115.3,1724.0,6689.5,5640,0,4192401,3525754,0,0,0,0,0,0,0,0,0,0,0,0,362.0,0,0,385,670.6,18.1,33,56.3,0,512.0,,31570,4034002,426060.4,261.8
889,young,4066,160,11,480,0,52,5,0,119,1918,377,1216,19100603,465128.4,33836,2.5,33.8,1198.0,4169323,10281.9,1115.5,1725.4,6692.5,5640,0,4196950,3529676,0,0,0,0,0,0,0,0,0,0,0,0,362.0,0,0,385,664.0,18.1,33,56.3,0,512.0,,31599,4038383,426528.8,262.0
890,young,4199,50,8,835,0,38,2,1,88,1670,377,1386,19117518,465636.2,30793,2.2,36.0,1198.0,4173885,10289.0,1115.6,1727.2,6696.9,5640,0,4201571,3533234,0,0,0,0,0,0,0,0,0,0,0,0,362.0,0,0,385,657.6,18.1,33,56.3,0,512.0,,31633,4042793,426995.2,262.3
891,full-cycle,9996,64,846,0,0,0,2,0,122,1580,356,141,19135856,466149.8,162224,18.3,18.3,1198.0,4179607,10298.0,1115.8,1729.0,6702.1,5672,0,4207345,3538340,911,5612,2385,128201,22,558,75,0,0,0,979,0,350.0,11,9,367,720.0,18.7,37,66.5,0,512.0,starved,31711,4048311,427576.3,262.7
892,young,2916,33,8,582,0,33,2,0,76,1473,365,635,19164873,466865.0,27409,4.9,23.2,1198.0,4185788,10306.4,1116.0,1732.0,6706.4,5702,0,4213555,3543555,0,0,0,0,0,0,0,0,0,0,0,0,350.0,0,0,387,692.8,18.7,37,64.8,0,512.0,,31727,4053879,428028.4,263.1
893,young,2844,21,8,471,0,33,1,0,81,1302,375,838,19180403,467340.1,20754,1.6,24.8,1198.0,4190302,10315.1,1116.6,1733.4,6711.6,5702,0,4218105,3547535,0,0,0,0,0,0,0,0,0,0,0,0,350.0,0,0,387,687.4,18.7,37,64.8,0,512.0,,31759,4058256,428498.9,263.4
894,young,3400,62,10,560,0,41,2,0,115,1630,375,928,19194761,467851.9,31461,2.3,27.1,1198.0,4194794,10320.4,1116.8,1734.7,6714.4,5702,0,4222654,3551513,0,0,0,0,0,0,0,0,0,0,0,0,350.0,0,0,387,681.1,18.7,37,64.8,0,512.0,,31790,4062615,428966.4,263.6
895,young,3376,28,8,464,0,18,1,0,70,1733,372,982,19208900,468361.0,29819,2.3,29.4,1198.0,4199301,10324.9,1117.0,1736.3,6716.5,5704,0,4227204,3555682,0,0,0,0,0,0,0,0,0,0,0,0,350.0,0,0,387,675.7,18.7,37,64.6,0,512.0,,31824,4067007,429435.4,263.9
896,young,3854,20,8,468,0,26,1,1,96,1938,373,1211,19223729,468871.3,33668,2.5,31.9,1198.0,4203880,10330.5,1117.3,1738.0,6718.9,5704,0,4231829,3559918,0,0,0,0,0,0,0,0,0,0,0,0,350.0,0,0,387,668.5,18.7,37,64.6,0,512.0,,31854,4071428,429904.2,264.2
897,full-cycle,8003,24,998,0,0,0,2,0,89,1410,346,113,19240540,469384.7,151688,16.9,16.9,1198.0,4208951,10336.2,1117.4,1739.7,6722.0,5730,0,4236948,3564452,1021,3798,2213,135977,77,503,103,0,0,0,908,0,376.0,8,8,366,719.1,13.5,29,51.7,0,512.0,starved,31923,4076312,430422.3,264.5
898,young,3466,32,8,714,0,16,1,1,85,1817,365,712,19262518,470081.5,32578,4.9,21.8,1198.0,4215017,10343.6,1117.6,1741.6,6726.4,5756,0,4243049,3569505,0,0,0,0,0,0,0,0,0,0,0,0,376.0,0,0,382,691.9,13.5,29,50.2,0,512.0,,31938,4081821,430876.7,264.9
899,young,3129,22,8,496,0,22,2,0,81,1513,368,916,19276645,470560.5,32902,2.7,24.5,1198.0,4219516,10349.4,1117.8,1742.8,6730.1,5762,0,4247597,3573415,0,0,0,0,0,0,0,0,0,0,0,0,376.0,0,0,382,685.0,13.5,29,49.8,0,512.0,,31968,4086196,431345.7,265.2
900,young,4054,21,8,720,0,23,2,0,90,1969,368,1149,19290728,471070.3,33764,2.6,27.1,1198.0,4223968,10354.4,1117.9,1744.1,6732.9,5764,0,4252109,3577423,0,0,0,0,0,0,0,0,0,0,0,0,376.0,0,0,382,679.3,13.5,29,49.7,0,512.0,,32002,4090530,431813.7,265.4
901,young,3761,34,9,392,0,34,1,0,92,1775,370,1351,19306833,471578.3,28599,2.1,29.2,1198.0,4228449,10361.3,1118.1,1745.5,6737.2,5764,0,4256637,3581270,0,0,0,0,0,0,0,0,0,0,0,0,376.0,0,0,382,673.6,13.5,29,49.7,0,512.0,,32033,4094882,432282.6,265.7
902,young,4303,47,9,730,0,39,2,0,128,1688,372,1531,19322359,472087.5,28057,2.8,32.0,1198.0,4232928,10367.4,1118.2,1747.1,6740.9,5780,0,4261191,3585180,0,0,0,0,0,0,0,0,0,0,0,0,376.0,0,0,382,668.6,13.5,29,48.8,0,512.0,,32074,4099230,432748.7,266.0
903,young,4639,310,9,761,0,26,2,0,92,1636,374,1681,19347899,472595.9,28760,2.5,34.5,1198.0,4237440,10391.2,1135.9,1748.6,6744.7,5788,0,4265756,3589069,0,0,0,0,0,0,0,0,0,0,0,0,376.0,0,0,382,662.5,13.5,29,48.3,0,512.0,,32110,4103592,433214.5,266.3
904,young,3914,27,9,470,0,21,2,0,98,1322,373,1824,19371381,473104.5,21740,1.6,36.1,1198.0,4241926,10396.9,1136.0,1750.5,6747.6,5788,0,4270316,3593085,0,0,0,0,0,0,0,0,0,0,0,0,376.0,0,0,382,658.0,13.5,29,48.3,0,512.0,,32152,4107929,433679.7,266.6
905,young,3964,32,9,522,0,40,2,0,94,1739,369,1457,19391828,473612.9,23990,1.8,37.9,1198.0,4246452,10408.0,1136.2,1752.0,6756.4,5788,0,4274907,3597139,0,0,0,0,0,0,0,0,0,0,0,1,376.0,0,2,380,652.7,13.5,29,48.3,0,512.0,,32189,4112300,434147.8,266.8
906,young,3937,22,9,249,0,44,2,1,120,1794,369,1626,19407887,474125.1,31042,2.3,40.2,1198.0,4251004,10414.1,1136.4,1753.5,6759.9,5788,0,4279489,3601132,0,0,0,0,0,0,0,0,0,0,0,0,376.0,0,0,382,648.2,13.5,29,48.3,0,512.0,,32213,4116730,434618.4,267.1
907,young,4650,61,9,923,0,40,2,0,113,1764,371,1673,19422619,474634.6,35297,2.6,42.8,1198.0,4255551,10420.5,1136.5,1755.1,6764.0,5788,0,4284102,3605041,0,0,0,0,0,0,0,0,0,0,0,0,376.0,0,1,381,642.2,13.5,29,48.3,0,512.0,,32247,4121137,435086.3,267.4
908,full-cycle,8809,172,1004,0,0,0,2,0,83,2554,342,102,19436216,475155.1,142997,17.2,17.2,1198.0,4260364,10425.9,1136.8,1756.7,6766.7,5802,0,4288914,3609356,1176,3212,3393,103255,38,514,178,0,0,0,972,1,384.0,6,8,366,714.4,6.9,27,47.2,0,512.0,starved,32295,4125787,435575.4,267.7
909,young,2968,20,9,558,0,22,2,0,92,1584,357,629,19456154,475809.9,20712,4.3,21.5,1198.0,4266392,10435.8,1138.3,1758.8,6771.5,5844,0,4294970,3614376,0,0,0,0,0,0,0,0,0,0,0,1,386.0,0,0,379,694.3,6.2,27,44.7,0,512.0,,32316,4131261,436024.1,268.1
910,young,3902,52,8,432,0,24,1,0,87,2139,369,1073,19472347,476288.0,35420,2.9,24.4,1198.0,4270864,10440.9,1138.5,1760.2,6774.3,5850,0,4299505,3618385,0,0,0,0,0,0,0,0,0,0,0,0,386.0,0,0,379,687.7,6.2,27,44.4,0,512.0,,32350,4135592,436492.0,268.4
911,young,3900,285,10,456,0,42,2,0,120,1947,368,949,19487270,476798.1,31267,2.4,26.8,1198.0,4275323,10450.6,1142.7,1761.9,6777.5,5852,0,4304005,3622376,0,0,0,0,0,0,0,0,0,0,0,0,386.0,0,1,378,682.3,6.2,27,44.2,0,512.0,,32378,4139915,436961.4,268.6
912,young,4720,144,8,1006,0,46,2,0,143,2147,368,1113,19502367,477308.9,31677,2.3,29.1,1198.0,4279838,10456.2,1142.8,1763.5,6780.5,5852,0,4308560,3626451,0,0,0,0,0,0,0,0,0,0,0,0,386.0,0,0,379,675.9,6.2,27,44.2,0,512.0,,32405,4144299,437430.1,268.9
913,young,3454,60,8,330,0,41,2,1,117,1752,369,1080,19521788,477805.2,33372,2.8,31.9,1198.0,4284306,10465.3,1143.1,1765.1,6787.0,5858,0,4313106,3630313,0,0,0,0,0,0,0,0,0,0,0,1,386.0,0,0,379,669.9,6.2,27,43.9,0,512.0,,32445,4148635,437895.6,269.2
914,young,4071,36,9,436,0,36,2,0,115,1931,368,1446,19537781,478321.1,36809,2.9,34.8,1198.0,4288821,10471.3,1143.6,1766.8,6790.1,5862,0,4317667,3634367,0,0,0,0,0,0,0,0,0,0,0,0,386.0,0,0,379,663.7,6.2,27,43.7,0,512.0,,32477,4153013,438364.2,269.5
915,young,3840,42,11,293,0,24,2,0,88,1857,370,1466,19553576,478828.6,35313,2.6,37.4,1198.0,4293349,10476.9,1143.8,1769.0,6792.5,5862,0,4322239,3638401,0,0,0,0,0,0,0,0,0,0,0,1,386.0,0,0,379,658.0,6.2,27,43.7,0,512.0,,32507,4157410,438833.0,269.7
916,young,4141,21,7,647,0,60,2,1,141,1428,370,1711,19572309,479338.0,27840,2.0,39.3,1198.0,4297896,10484.4,1144.0,1770.6,6797.5,5862,0,4326834,3642137,0,0,0,0,0,0,0,0,0,0,0,0,386.0,0,0,379,652.3,6.2,27,43.7,0,512.0,,32537,4161823,439300.1,270.0
917,young,3874,26,8,449,0,23,2,0,82,1264,367,1926,19588002,479850.5,15538,1.2,40.5,1198.0,4302425,10489.2,1144.2,1771.9,6799.9,5862,0,4331420,3646350,0,0,0,0,0,0,0,0,0,0,0,0,386.0,0,0,379,648.2,6.2,27,43.7,0,512.0,,32572,4166219,439768.1,270.3
918,young,3690,104,8,686,0,21,2,0,79,1279,370,1415,19613361,480361.2,20344,1.6,42.1,1198.0,4306955,10496.1,1144.4,1773.4,6804.5,5864,0,4336008,3650261,0,0,0,0,0,0,0,0,0,0,0,0,386.0,0,0,379,643.9,6.2,27,43.5,0,512.0,,32603,4170614,440236.0,270.6
919,young,3981,63,7,501,0,18,2,0,75,1214,368,1988,19637986,480870.7,22246,1.6,43.7,1198.0,4311499,10544.1,1174.4,1785.0,6809.6,5864,0,4340604,3653890,0,0,0,0,0,0,0,0,0,0,0,0,386.0,0,0,379,638.8,6.2,27,43.5,0,512.0,,32634,4175019,440703.6,270.9
920,young,4856,47,10,403,0,41,1,0,85,1864,373,2304,19654353,481379.3,27440,2.1,45.8,1198.0,4316069,10558.6,1181.7,1786.8,6814.4,5864,0,4345221,3657857,0,0,0,0,0,0,0,0,0,0,0,0,386.0,0,0,379,633.6,6.2,27,43.5,0,512.0,,32664,4179456,441172.5,271.1
921,full-cycle,9803,32,696,0,0,0,2,1,124,1445,338,148,19671490,481893.7,162812,18.2,18.2,1198.0,4321477,10563.9,1181.8,1788.6,6816.2,5884,0,4350665,3662983,728,5819,2075,142695,22,381,70,0,0,0,1111,0,400.0,5,5,360,700.1,6.5,29,51.5,0,512.0,starved,32723,4184666,441719.7,271.5
922,young,4057,155,10,499,0,41,1,0,92,2333,356,869,19694508,482595.8,38708,6.0,24.2,1198.0,4327615,10572.1,1182.0,1790.5,6821.1,5930,0,4356826,3668235,0,0,0,0,0,0,0,0,0,0,0,1,400.0,0,1,369,672.2,6.5,29,48.8,0,512.0,,32747,4190223,442174.3,271.9
923,young,3742,167,10,637,0,28,2,0,98,1691,359,1008,19709175,483073.3,33235,2.4,26.6,1198.0,4332210,10577.3,1183.3,1792.0,6822.5,5930,0,4361479,3672668,0,0,0,0,0,0,0,0,0,0,0,0,400.0,0,0,370,664.4,6.5,29,48.8,0,512.0,,32776,4194640,442642.2,272.2
924,young,3563,67,8,544,0,30,2,1,101,1654,359,1048,19728139,483579.5,26499,1.9,28.6,1198.0,4336705,10582.7,1183.4,1793.7,6825.2,5930,0,4366026,3676784,0,0,0,0,0,0,0,0,0,0,0,0,400.0,0,0,370,659.0,6.5,29,48.8,0,512.0,,32806,4199001,443109.6,272.4
925,young,3360,32,9,229,0,41,2,0,122,1652,360,1209,19755540,484087.9,26311,1.9,30.5,1198.0,4341262,10591.6,1187.9,1795.1,6827.5,5930,0,4370641,3680893,0,0,0,0,0,0,0,0,0,0,0,0,400.0,0,0,370,652.7,6.5,29,48.8,0,512.0,,32838,4203404,443577.5,272.7
926,young,4082,65,10,575,0,38,2,1,125,1896,358,1318,19771722,484596.9,32687,2.4,33.0,1198.0,4345769,10598.6,1188.2,1796.7,6831.8,5930,0,4375187,3684829,0,0,0,0,0,0,0,0,0,0,0,0,400.0,0,0,370,646.9,6.5,29,48.8,0,512.0,,32869,4207793,444047.8,273.0
927,young,4382,522,8,571,0,33,2,0,80,1707,360,1351,19786272,485105.5,30277,2.4,35.4,1198.0,4350273,10603.9,1188.5,1798.5,6834.3,5936,0,4379757,3688936,0,0,0,0,0,0,0,0,0,0,0,0,400.0,0,0,370,641.2,6.5,29,48.4,0,512.0,,32906,4212158,444512.8,273.3
928,young,4142,26,9,642,0,30,1,2,145,1328,358,1845,19805145,485614.6,25329,2.4,37.8,1198.0,4354762,10611.6,1188.6,1800.0,6839.5,5946,0,4384317,3692850,0,0,0,0,0,0,0,0,0,0,0,0,400.0,0,0,370,635.8,6.5,29,47.8,0,512.0,,32949,4216501,444977.6,273.5
929,young,4398,58,8,740,0,33,1,1,84,1778,360,1623,19822346,486124.0,35613,2.8,40.6,1198.0,4359288,10617.6,1188.8,1801.3,6843.4,5950,0,4388892,3696735,0,0,0,0,0,0,0,0,0,0,0,0,400.0,0,0,370,630.2,6.5,29,47.6,0,512.0,,32986,4220896,445445.3,273.8
930,young,3761,22,8,443,0,25,2,0,88,1588,362,1509,19853651,486623.0,26918,2.0,42.6,1198.0,4363811,10626.8,1189.0,1803.1,6849.9,5952,0,4393480,3699828,0,0,0,0,0,0,0,0,0,0,0,1,400.0,0,0,370,624.7,6.5,29,47.5,0,512.0,,33024,4225266,445909.6,274.1
931,young,3808,21,8,346,0,30,2,0,102,1563,359,1657,19871315,487138.3,24640,1.9,44.5,1198.0,4368337,10634.4,1189.7,1804.8,6853.2,5952,0,4398066,3703900,0,0,0,0,0,0,0,0,0,0,0,0,400.0,0,0,370,620.6,6.5,29,47.5,0,512.0,,33058,4229669,446378.3,274.4
932,full-cycle,8289,29,909,0,0,0,2,1,112,1500,342,138,19889245,487656.2,164376,19.0,19.0,1198.0,4373677,10647.0,1196.0,1806.9,6856.7,5971,0,4403448,3708679,938,4248,2066,130517,18,328,76,0,0,0,936,0,398.0,8,10,355,697.7,11.6,27,46.9,0,512.0,starved,33138,4234807,446923.4,274.7
933,young,3612,187,8,606,0,39,2,0,101,1704,361,888,19910070,488352.4,35810,5.6,24.6,1198.0,4379872,10655.1,1196.3,1808.5,6862.0,6017,0,4409661,3713600,0,0,0,0,0,0,0,0,0,0,0,1,400.0,0,0,372,671.1,9.7,27,44.2,0,512.0,,33154,4240399,447375.9,275.1
934,young,3502,23,8,548,0,26,2,0,92,1722,365,1006,19922435,488827.5,32070,2.4,27.0,1198.0,4384604,10659.6,1196.5,1809.8,6864.4,6017,0,4414441,3717862,0,0,0,0,0,0,0,0,0,0,0,0,400.0,0,0,372,660.4,9.7,27,44.2,0,512.0,,33184,4244985,447843.0,275.4
935,young,4314,67,8,386,0,26,1,0,95,2324,364,1295,19938274,489332.6,33503,2.5,29.5,1198.0,4389119,10666.8,1197.1,1811.5,6868.6,6019,0,4419002,3721653,0,0,0,0,0,0,0,0,0,0,0,0,400.0,0,0,372,654.8,9.7,27,44.1,0,512.0,,33217,4249378,448311.6,275.7
936,young,3347,30,8,502,0,14,1,0,62,1467,365,1168,19953091,489844.4,27190,2.0,31.5,1198.0,4393624,10672.3,1197.9,1812.8,6871.5,6019,0,4423553,3725649,0,0,0,0,0,0,0,0,0,0,0,0,400.0,0,0,372,649.1,9.7,27,44.1,0,512.0,,33250,4253755,448780.0,276.0
937,young,3568,151,8,379,0,37,2,0,131,1463,368,1325,19975283,490352.8,23062,1.7,33.2,1198.0,4398134,10679.2,1198.1,1814.8,6875.5,6019,0,4428114,3729486,0,0,0,0,0,0,0,0,0,0,0,0,400.0,0,0,372,644.3,9.7,27,44.1,0,512.0,,33282,4258137,449249.2,276.2
938,young,3725,275,8,330,0,24,2,0,114,1506,366,1377,19989762,490863.7,28603,2.1,35.3,1198.0,4402639,10683.5,1198.2,1816.2,6877.6,6019,0,4432665,3733664,0,0,0,0,0,0,0,0,0,0,0,0,400.0,0,0,372,639.1,9.7,27,44.1,0,512.0,,33313,4262528,449718.6,276.5
939,young,3325,27,7,374,0,58,2,0,122,1163,365,1480,20003602,491368.9,25588,1.8,37.2,1198.0,4407205,10688.7,1198.4,1817.4,6880.6,6019,0,4437290,3737675,0,0,0,0,0,0,0,0,0,0,0,1,400.0,0,0,372,634.0,9.7,27,44.1,0,512.0,,33346,4266975,450185.8,276.8
940,young,3944,48,9,573,0,39,2,0,120,1361,364,1722,20019990,491882.5,20611,1.5,38.7,1198.0,4411746,10695.9,1198.6,1818.8,6885.6,6019,0,4441875,3741364,0,0,0,0,0,0,0,0,0,0,0,0,400.0,0,0,372,630.0,9.7,27,44.1,0,512.0,,33378,4271399,450654.2,277.1
941,young,3687,41,7,431,0,41,2,0,124,1449,367,1512,20036010,492394.9,28786,2.2,40.9,1198.0,4416290,10703.1,1198.7,1820.3,6890.2,6019,0,4446469,3745370,0,0,0,0,0,0,0,0,0,0,0,0,400.0,0,0,372,625.5,9.7,27,44.1,0,512.0,,33409,4275829,451122.4,277.3
942,young,4453,16,7,453,0,20,2,0,81,1897,367,1896,20051335,492904.3,36259,2.7,43.5,1198.0,4420877,10710.2,1198.9,1821.7,6894.9,6019,0,4451090,3749284,0,0,0,0,0,0,0,0,0,0,0,0,400.0,0,0,372,619.0,9.7,27,44.1,0,512.0,,33440,4280308,451591.4,277.6
943,full-cycle,9200,18,689,0,0,0,2,0,81,1322,344,97,20066484,493426.2,162132,17.9,17.9,1198.0,4426499,10716.9,1199.1,1823.4,6898.9,6048,0,4456768,3754103,707,5254,2003,135640,30,459,88,0,0,0,1195,0,386.0,10,14,353,692.2,17.0,29,51.2,0,512.0,starved,33515,4285742,452157.6,278.0
944,young,2954,18,7,222,0,11,1,0,52,1797,355,771,20088283,494117.8,35750,5.3,23.2,1198.0,4432528,10723.6,1199.4,1825.0,6902.9,6074,0,4462816,3759181,0,0,0,0,0,0,0,0,0,0,0,0,386.0,0,0,377,675.4,17.0,29,49.7,0,512.0,,33526,4291204,452604.1,278.4
945,young,3249,18,6,372,1,34,2,1,114,1854,364,762,20106821,494594.9,36244,2.9,26.1,1198.0,4437021,10728.6,1199.5,1826.6,6905.6,6080,0,4467341,3763164,0,0,0,0,0,0,0,0,0,0,0,0,386.0,0,0,377,668.4,17.0,29,49.4,0,512.0,,33557,4295584,453074.1,278.6
946,young,3116,18,7,338,0,18,2,0,62,1719,365,869,20121552,495097.4,35924,2.6,28.8,1198.0,4441542,10735.0,1199.7,1827.9,6909.7,6080,0,4471928,3767102,0,0,0,0,0,0,0,0,0,0,0,0,386.0,0,0,377,660.6,17.0,29,49.4,0,512.0,,33589,4299979,453541.0,278.9
947,young,3547,175,6,548,0,18,2,0,69,1674,366,982,20136986,495609.6,37355,2.7,31.5,1198.0,4446029,10741.1,1199.9,1829.3,6913.4,6080,0,4476461,3770953,0,0,0,0,0,0,0,0,0,0,0,0,386.0,0,0,377,654.2,17.0,29,49.4,0,512.0,,33620,4304341,454009.3,279.2
948,young,3653,27,10,516,0,55,2,0,130,1425,367,1416,20151213,496118.8,28794,2.1,33.6,1198.0,4450536,10746.6,1200.1,1830.6,6916.7,6080,0,4481010,3774912,0,0,0,0,0,0,0,0,0,0,0,0,386.0,0,0,377,648.8,17.0,29,49.4,0,512.0,,33650,4308726,454478.0,279.5
949,young,3841,29,9,492,0,39,2,0,128,1540,372,1510,20168669,496628.8,23639,1.9,35.4,1198.0,4455057,10752.8,1200.3,1832.2,6920.5,6082,0,4485578,3778910,0,0,0,0,0,0,0,0,0,0,0,0,386.0,0,0,377,643.9,17.0,29,49.2,0,512.0,,33683,4313119,454947.3,279.8
950,young,4063,37,8,412,0,23,1,0,87,1754,372,1672,20184543,497138.6,33201,2.5,37.9,1198.0,4459574,10758.4,1200.4,1833.7,6923.9,6082,0,4490142,3782883,0,0,0,0,0,0,0,0,0,0,0,0,386.0,0,0,377,638.3,17.0,29,49.2,0,512.0,,33712,4317518,455415.9,280.0
951,young,4269,53,9,531,0,39,2,0,116,2004,372,1446,20197937,497642.8,38151,2.8,40.7,1198.0,4464106,10763.2,1200.6,1834.9,6926.6,6082,0,4494725,3786952,0,0,0,0,0,0,0,0,0,0,0,0,386.0,0,0,377,632.7,17.0,29,49.2,0,512.0,,33743,4321932,455883.8,280.3
952,full-cycle,17225,41,1193,0,0,0,2,0,98,1712,374,119,20217507,498246.6,165150,18.6,18.6,1198.0,4471285,10779.2,1205.0,1837.3,6934.5,6138,0,4501549,3792540,1234,9050,2640,129856,33,674,92,0,0,0,4194,1,334.0,9,50,347,682.7,13.4,26,44.0,0,512.0,starved,33863,4328756,456579.8,280.8
953,young,2841,41,8,176,0,39,2,0,122,1477,382,883,20239415,498935.2,23825,5.2,23.8,1198.0,4476319,10783.8,1205.2,1838.6,6936.8,6170,0,4506563,3797003,0,0,0,0,0,0,0,0,0,0,0,0,340.0,0,0,403,738.1,8.5,26,42.2,0,512.0,,33866,4333340,456963.7,281.1
954,young,3391,48,8,643,0,26,2,0,88,1739,366,749,20253270,499429.4,32318,2.4,26.2,1198.0,4480874,10788.1,1205.4,1839.9,6939.0,6170,0,4511168,3801184,0,0,0,0,0,0,0,0,0,0,0,1,340.0,0,0,403,730.4,8.5,26,42.2,0,512.0,,33900,4337735,457432.4,281.4
955,young,3262,20,8,293,0,39,1,0,112,1713,367,991,20271306,499936.3,34250,2.6,28.8,1198.0,4485362,10793.5,1205.6,1841.2,6942.3,6172,0,4515710,3805079,0,0,0,0,0,0,0,0,0,0,0,0,340.0,0,0,403,724.1,8.5,26,42.1,0,512.0,,33934,4342098,457899.9,281.6
956,young,3448,24,9,214,0,40,2,0,111,1889,368,1076,20287823,500440.6,36638,2.8,31.6,1198.0,4489822,10801.2,1206.0,1842.7,6947.2,6174,0,4520230,3808922,0,0,0,0,0,0,0,0,0,0,0,0,340.0,0,0,403,718.4,8.5,26,41.9,0,512.0,,33973,4346412,458366.6,281.9
957,young,4107,42,8,462,0,31,2,0,103,1987,371,1388,20301623,500954.1,39006,3.1,34.7,1198.0,4494326,10805.9,1206.2,1844.0,6949.8,6178,0,4524776,3812934,0,0,0,0,0,0,0,0,0,0,0,0,340.0,0,0,403,711.8,8.5,26,41.7,0,512.0,,34004,4350794,458835.4,282.2
958,young,4661,51,9,807,0,38,1,0,86,2056,372,1534,20317087,501462.8,38676,2.8,37.5,1198.0,4498913,10810.8,1206.4,1845.4,6952.6,6178,0,4529422,3817117,0,0,0,0,0,0,0,0,0,0,0,1,340.0,0,0,403,703.8,8.5,26,41.7,0,512.0,,34038,4355240,459302.6,282.5
959,young,3970,34,9,473,0,36,2,1,119,1765,371,1401,20331408,501969.3,31733,2.3,39.8,1198.0,4503494,10816.4,1206.7,1847.0,6955.5,6178,0,4534050,3821261,0,0,0,0,0,0,0,0,0,0,0,0,340.0,0,0,403,697.4,8.5,26,41.7,0,512.0,,34069,4359656,459770.0,282.7
960,young,3998,33,9,451,0,38,2,1,123,1757,372,1433,20347890,502478.3,24793,2.0,41.7,1198.0,4508021,10823.8,1207.3,1848.7,6959.4,6180,0,4538651,3825246,0,0,0,0,0,0,0,0,0,0,0,0,340.0,0,0,403,692.3,8.5,26,41.6,0,512.0,,34115,4364038,460235.2,283.0
961,young,3646,44,8,462,0,34,2,1,114,1397,376,1516,20366767,502985.6,23233,1.9,43.6,1198.0,4512550,10830.4,1207.9,1850.0,6963.4,6184,0,4543250,3829295,0,0,0,0,0,0,0,0,0,0,0,0,340.0,0,1,402,686.7,8.5,26,41.4,0,512.0,,34161,4368426,460699.8,283.3
962,young,3711,45,8,573,0,21,1,0,61,1503,373,1439,20382648,503499.5,25057,1.9,45.5,1198.0,4517115,10837.6,1208.5,1852.5,6966.6,6184,0,4547871,3833377,0,0,0,0,0,0,0,0,0,0,0,0,340.0,0,0,403,682.5,8.5,26,41.4,0,512.0,,34192,4372862,461167.4,283.6
963,young,3829,20,6,387,0,23,2,0,74,1623,382,1626,20396273,504010.2,33621,2.4,47.9,1198.0,4521670,10842.1,1208.7,1853.8,6968.8,6184,0,4552472,3837464,0,0,0,0,0,0,0,0,0,0,0,0,340.0,0,0,403,676.4,8.5,26,41.4,0,512.0,,34221,4377294,461635.2,283.9
964,young,4394,89,8,582,0,28,2,0,111,1644,378,1831,20413185,504516.7,30783,2.3,50.2,1198.0,4526244,10849.1,1210.0,1855.7,6971.8,6184,0,4557098,3841597,0,0,0,0,0,0,0,0,0,0,0,0,340.0,0,0,403,671.8,8.5,26,41.4,0,512.0,,34254,4381744,462103.7,284.2
965,young,4703,28,8,578,0,15,1,0,66,1751,378,2126,20428312,505031.1,27786,2.0,52.2,1198.0,4530828,10857.1,1211.6,1857.6,6975.6,6184,0,4561739,3845594,0,0,0,0,0,0,0,0,0,0,0,0,340.0,0,0,403,667.2,8.5,26,41.4,0,512.0,,34287,4386190,462569.7,284.4
966,young,4516,23,7,621,0,40,2,1,114,1582,380,2011,20443809,505540.7,26911,2.1,54.3,1198.0,4535438,10862.0,1211.7,1859.1,6978.1,6184,0,4566393,3849746,0,0,0,0,0,0,0,0,0,0,0,0,340.0,0,0,403,662.0,8.5,26,41.4,0,512.0,,34320,4390670,463039.3,284.7
967,young,4943,17,7,394,0,32,1,1,86,1981,381,2326,20464901,506049.9,37381,2.7,57.0,1198.0,4540060,10866.9,1211.9,1860.5,6980.7,6184,0,4571060,3853876,0,0,0,0,0,0,0,0,0,0,0,0,340.0,0,0,403,655.3,8.5,26,41.4,0,512.0,,34350,4395173,463507.1,285.0
968,young,4599,36,9,555,0,26,2,0,152,1832,381,1904,20480480,506557.5,37011,2.7,59.7,1198.0,4544718,10872.2,1212.1,1861.8,6983.7,6184,0,4575754,3857993,0,0,0,0,0,0,0,0,0,0,0,0,340.0,0,0,403,648.8,8.5,26,41.4,0,512.0,,34380,4399714,463976.7,285.3
969,young,4881,19,8,337,0,41,2,1,112,2025,385,2238,20494922,507066.0,35056,2.6,62.3,1198.0,4549380,10877.4,1212.3,1863.0,6986.9,6184,0,4580449,3862096,0,0,0,0,0,0,0,0,0,0,0,0,340.0,0,0,403,642.9,8.5,26,41.4,0,512.0,,34412,4404248,464444.9,285.6
970,young,4832,281,9,624,0,30,2,0,97,1668,382,2036,20510424,507574.6,32350,2.4,64.7,1198.0,4554051,10883.6,1212.4,1864.4,6990.7,6184,0,4585171,3866147,0,0,0,0,0,0,0,0,0,0,0,0,340.0,0,0,403,637.3,8.5,26,41.4,0,512.7,,34443,4408786,464912.3,285.9
971,young,5255,20,9,539,0,46,2,0,127,1703,383,2697,20526179,508084.0,33920,2.5,67.2,1198.0,4558741,10889.6,1213.3,1866.0,6993.7,6184,0,4589925,3870392,0,0,0,0,0,0,0,0,0,0,0,0,340.0,0,1,402,631.0,8.5,26,41.4,0,515.2,,34478,4413340,465380.0,286.2
972,young,5333,21,8,560,0,38,2,0,116,1972,381,2501,20541136,508593.3,31856,2.3,69.5,1198.0,4563485,10896.1,1213.4,1867.3,6997.7,6184,0,4594706,3874720,0,0,0,0,0,0,0,0,0,0,0,0,340.0,0,0,403,625.8,8.5,26,41.4,0,517.5,,34508,4417933,465850.7,286.4
973,young,5321,31,8,556,0,41,1,0,107,1629,389,2858,20561476,509105.0,30034,2.3,71.7,1198.0,4568258,10901.8,1214.0,1868.8,7000.6,6184,0,4599524,3878980,0,0,0,0,0,0,0,0,0,0,0,0,340.0,0,0,403,620.9,8.5,26,41.4,0,519.7,,34539,4422582,466324.1,286.7
974,young,5741,95,9,628,0,43,1,0,95,1914,390,2878,20575690,509619.0,36716,2.7,74.4,1198.0,4573055,10907.1,1214.2,1870.2,7003.7,6184,0,4604379,3883255,0,0,0,0,0,0,0,0,0,0,0,0,340.0,0,0,403,614.8,8.5,26,41.4,0,522.4,,34576,4427239,466797.7,287.0
975,young,5716,17,7,848,0,14,1,0,62,1875,396,2821,20594266,510136.2,36546,2.7,77.1,1198.0,4577866,10918.0,1217.2,1873.4,7007.4,6184,0,4609254,3887422,0,0,0,0,0,0,0,0,0,0,0,0,340.0,0,0,403,608.7,8.5,26,41.4,0,525.1,,34615,4431912,467272.2,287.3
976,young,5143,55,9,434,0,38,2,0,109,1448,397,2941,20609040,510653.0,27001,1.9,79.0,1198.0,4582734,10924.0,1217.6,1875.2,7010.4,6184,0,4614168,3891758,0,0,0,0,0,0,0,0,0,0,0,0,340.0,0,0,403,603.3,8.5,26,41.4,0,527.0,,34648,4436625,467750.3,287.6
977,young,6220,25,9,817,0,38,2,0,87,1403,395,3741,20623117,511177.9,23872,1.8,80.9,1198.0,4587614,10929.0,1217.7,1876.7,7012.9,6184,0,4619106,3896237,0,0,0,0,0,0,0,0,0,0,0,0,340.0,0,0,403,598.9,8.5,26,41.4,0,528.9,,34682,4441393,468231.8,287.9
978,young,5416,20,8,449,0,39,1,0,80,1850,395,2892,20637924,511703.2,35593,2.6,83.5,1198.0,4592541,10934.4,1217.9,1878.2,7015.9,6184,0,4624088,3900592,0,0,0,0,0,0,0,0,0,0,0,0,340.0,0,0,403,592.4,8.5,26,41.4,0,531.5,,34713,4446189,468714.3,288.2
979,full-cycle,10743,25,876,0,0,0,1,0,99,2041,371,122,20654192,512264.3,149630,17.9,17.9,1198.0,4598577,10942.8,1218.6,1880.1,7020.5,6208,0,4630114,3905677,901,4876,3090,122483,16,848,55,0,0,0,1771,1,338.0,8,23,370,728.9,13.5,29,50.3,0,512.0,promoted,34795,4451984,469284.2,288.6
980,young,2316,25,11,433,0,42,1,1,113,984,373,636,20675208,513007.5,11784,4.5,22.4,1198.0,4604246,10953.6,1220.6,1883.5,7025.1,6260,0,4635815,3910322,0,0,0,0,0,0,0,0,0,0,0,0,348.0,0,0,396,730.1,5.4,29,47.3,0,512.0,,34817,4457136,469711.8,289.0
981,young,2473,23,8,281,0,21,1,0,74,1297,368,706,20689169,513492.6,20407,1.7,24.1,1198.0,4608697,10959.3,1220.7,1884.9,7028.2,6262,0,4640321,3914327,0,0,0,0,0,0,0,0,0,0,0,0,348.0,0,1,395,724.7,5.4,29,47.2,0,512.0,,34849,4461483,470181.6,289.3
982,young,3284,45,8,409,0,22,2,0,87,1840,369,748,20705916,514004.9,36721,2.7,26.8,1198.0,4613151,10967.4,1220.9,1887.7,7032.7,6262,0,4644822,3918099,0,0,0,0,0,0,0,0,0,0,0,0,348.0,0,0,396,719.3,5.4,29,47.2,0,512.0,,34882,4465812,470651.1,289.5
983,young,4175,493,9,556,0,37,2,0,118,1873,384,994,20720031,514516.3,34156,2.5,29.3,1198.0,4617613,10971.6,1221.0,1889.3,7034.4,6262,0,4649330,3922269,0,0,0,0,0,0,0,0,0,0,0,0,348.0,0,0,396,712.6,5.4,29,47.2,0,512.0,,34911,4470158,471119.6,289.8
984,young,3587,48,8,548,0,34,2,1,110,1816,384,925,20736192,515018.8,35797,2.6,32.0,1198.0,4622102,10976.0,1221.2,1890.6,7036.6,6262,0,4653886,3926352,0,0,0,0,0,0,0,0,0,0,0,0,348.0,0,0,396,706.5,5.4,29,47.2,0,512.0,,34945,4474514,471586.4,290.1
985,young,3545,27,8,514,0,41,1,1,131,1566,388,1138,20755880,515533.5,24397,1.7,33.7,1198.0,4626564,10981.5,1221.6,1892.1,7039.4,6262,0,4658402,3930281,0,0,0,0,0,0,0,0,0,0,0,0,348.0,0,0,396,701.6,5.4,29,47.2,0,512.0,,34976,4478838,472052.7,290.4
986,young,3064,129,8,512,0,36,2,0,90,1037,381,1157,20773193,516043.5,13280,1.0,34.7,1198.0,4631044,10988.5,1221.8,1893.5,7043.9,6262,0,4662929,3934112,0,0,0,0,0,0,0,0,0,0,0,0,348.0,0,0,396,698.5,5.4,29,47.2,0,512.0,,35009,4483181,472521.5,290.6
987,young,3129,545,5,282,0,14,1,0,62,1120,379,998,20803572,516433.4,13902,1.0,35.7,1198.0,4635846,10996.8,1222.2,1895.2,7049.3,6262,0,4667784,3937676,0,0,0,0,0,0,0,0,0,0,0,0,348.0,0,0,396,689.4,5.4,29,47.2,0,512.0,,35042,4487781,472988.9,290.9
988,young,3908,87,7,447,0,46,2,1,159,1490,379,1601,20822191,517059.0,15820,1.2,36.9,1198.0,4640345,11005.5,1223.0,1897.2,7054.4,6262,0,4672334,3941399,0,0,0,0,0,0,0,0,0,0,0,0,348.0,0,0,396,685.4,5.4,29,47.2,0,512.0,,35075,4492149,473458.4,291.2
989,young,4002,158,8,450,0,34,2,1,109,1682,380,1484,20838503,517570.6,29717,2.2,39.1,1198.0,4644844,11011.8,1223.2,1898.6,7058.2,6262,0,4676879,3945508,0,0,0,0,0,0,0,0,0,0,0,0,348.0,0,0,396,680.6,5.4,29,47.2,0,512.0,,35106,4496523,473927.4,291.5
990,young,3641,24,8,182,0,20,2,0,95,1875,385,1331,20859194,518081.3,37479,2.8,41.9,1198.0,4649367,11017.4,1223.5,1900.0,7061.4,6262,0,4681457,3949481,0,0,0,0,0,0,0,0,0,0,0,0,348.0,0,0,396,674.2,5.4,29,47.2,0,512.0,,35137,4500921,474396.2,291.8
991,full-cycle,17169,20,771,0,0,0,2,1,118,1689,413,139,20887230,518629.1,156727,17.8,17.8,1198.0,4656668,11029.6,1226.9,1902.9,7066.4,6270,0,4687844,3955739,791,12341,2629,120825,104,592,97,0,0,0,1302,0,290.0,9,20,393,773.7,16.1,32,58.0,0,512.0,starved,35216,4507956,475142.1,292.2
992,young,3195,20,9,422,0,46,2,0,125,1640,385,851,20917391,519467.0,27183,5.0,22.8,1198.0,4662371,11036.9,1227.1,1904.5,7071.0,6322,0,4693569,3960052,0,0,0,0,0,0,0,0,0,0,0,0,290.0,0,0,422,768.6,16.1,32,54.9,0,512.0,,35234,4513151,475579.0,292.6
993,young,2836,24,8,237,0,25,1,1,85,1598,373,793,20932077,519947.8,35659,3.0,25.7,1198.0,4666882,11044.0,1227.9,1906.3,7074.5,6330,0,4698136,3964015,0,0,0,0,0,0,0,0,0,0,0,0,290.0,0,0,422,760.8,16.1,32,54.5,0,512.0,,35267,4517528,476047.2,292.9
994,young,2921,34,30,367,0,21,3,0,73,1494,383,834,20946419,520452.5,31010,2.7,28.4,1198.0,4671393,11049.4,1228.0,1907.6,7077.8,6338,0,4702710,3967965,0,0,0,0,0,0,0,0,0,0,0,0,290.0,0,0,422,753.7,16.1,32,54.0,0,512.0,,35306,4521899,476513.4,293.1
995,young,3350,285,8,564,0,25,2,1,76,1486,381,836,20962049,520957.3,31564,2.3,30.7,1198.0,4675909,11053.8,1228.2,1909.3,7079.8,6338,0,4707283,3972086,0,0,0,0,0,0,0,0,0,0,0,0,290.0,0,0,422,747.8,16.1,32,54.0,0,512.0,,35345,4526288,476980.8,293.4
996,young,3598,33,8,487,0,43,2,0,122,1566,383,1217,20976922,521471.0,29298,2.1,32.8,1198.0,4680380,11058.9,1228.3,1910.7,7082.8,6338,0,4711809,3976030,0,0,0,0,0,0,0,0,0,0,0,0,290.0,0,0,422,742.6,16.1,32,54.0,0,512.0,,35375,4530640,477448.4,293.7
997,young,3178,26,7,283,0,34,1,0,96,1564,384,1092,20991650,521983.1,28809,2.3,35.1,1198.0,4684893,11063.9,1228.4,1911.9,7085.8,6340,0,4716381,3980041,0,0,0,0,0,0,0,0,0,0,0,0,290.0,0,0,422,737.0,16.1,32,53.9,0,512.0,,35413,4535016,477915.5,294.0
998,young,3532,23,7,284,0,38,2,0,112,1810,384,1184,21006843,522492.4,38117,2.8,37.9,1198.0,4689387,11068.2,1228.6,1913.3,7087.9,6340,0,4720923,3984158,0,0,0,0,0,0,0,0,0,0,0,0,290.0,0,0,422,731.2,16.1,32,53.9,0,512.0,,35447,4539390,478384.1,294.2
999,full-cycle,10843,43,796,0,0,0,2,0,117,1608,352,137,21022786,523016.0,157709,18.3,18.3,1198.0,4695053,11075.3,1228.9,1915.2,7092.0,6359,0,4726619,3989100,839,6116,2571,119707,37,655,125,0,0,0,1227,0,372.0,7,13,360,704.2,8.2,33,59.1,0,512.0,starved,35531,4544849,478959.8,294.6
1000,young,3055,94,8,698,0,23,1,0,94,1423,359,616,21045687,523729.7,26983,4.7,23.0,1198.0,4701069,11082.1,1229.1,1916.9,7095.6,6401,0,4732660,3994192,0,0,0,0,0,0,0,0,0,0,0,0,374.0,0,0,379,691.0,6.9,33,56.7,0,512.0,,35547,4550298,479400.8,295.0
1001,young,2902,20,7,488,0,16,2,0,64,1458,367,789,21058503,524208.5,31725,2.4,25.4,1198.0,4705499,11085.6,1229.3,1918.1,7097.1,6401,0,4737141,3998370,0,0,0,0,0,0,0,0,0,0,0,1,374.0,0,0,379,685.3,6.9,33,56.7,0,512.0,,35577,4554609,479870.5,295.2
1002,young,3366,274,6,200,0,31,2,1,129,1697,368,956,21071978,524717.1,35858,2.6,28.0,1198.0,4709944,11090.5,1229.5,1919.3,7099.8,6401,0,4741641,4002359,0,0,0,0,0,0,0,0,0,0,0,0,374.0,0,0,379,679.3,6.9,33,56.7,0,512.0,,35610,4558925,480338.0,295.5
1003,young,3862,47,9,732,0,35,2,0,113,1753,369,1106,21087323,525219.9,34595,2.7,30.6,1198.0,4714478,11097.7,1230.1,1921.0,7104.1,6403,0,4746228,4006220,0,0,0,0,0,0,0,0,0,0,0,0,374.0,0,0,379,672.2,6.9,33,56.5,0,512.0,,35643,4563325,480807.6,295.8
1004,young,3028,33,8,435,0,11,1,0,55,1273,368,1152,21106856,525733.1,36401,2.7,33.3,1198.0,4719006,11105.2,1232.0,1922.5,7107.6,6403,0,4750790,4010181,0,0,0,0,0,0,0,0,0,0,0,0,374.0,0,0,379,665.7,6.9,33,56.5,0,512.0,,35675,4567713,481277.2,296.1
1005,young,3244,20,8,341,0,12,1,0,52,1486,369,1254,21121170,526241.7,33929,2.5,35.8,1198.0,4723517,11110.6,1232.2,1923.7,7110.9,6403,0,4755348,4014096,0,0,0,0,0,0,0,0,0,0,0,0,374.0,0,1,378,659.5,6.9,33,56.5,0,512.0,,35708,4572110,481745.8,296.4
1006,young,3743,50,8,438,0,48,2,0,113,1544,371,1455,21135837,526746.5,35859,2.6,38.4,1198.0,4728030,11116.1,1232.4,1925.2,7113.9,6403,0,4759899,4018043,0,0,0,0,0,0,0,0,0,0,0,0,374.0,0,0,379,653.7,6.9,33,56.5,0,512.0,,35738,4576511,482214.6,296.6
1007,young,4519,20,7,956,0,33,2,0,105,1765,369,1550,21152249,527261.3,36416,2.7,41.1,1198.0,4732568,11120.5,1232.5,1926.4,7116.4,6403,0,4764489,4022120,0,0,0,0,0,0,0,0,0,0,0,0,374.0,0,0,379,647.2,6.9,33,56.5,0,512.0,,35769,4580940,482682.5,296.9
1008,full-cycle,10722,18,763,0,0,0,2,0,124,1678,373,143,21170303,527783.1,160811,17.7,17.7,1198.0,4738681,11131.7,1235.4,1929.3,7121.1,6439,0,4770401,4027420,781,6777,2079,128557,19,166,66,0,0,0,997,0,346.0,8,8,377,739.0,12.6,33,59.0,0,512.0,starved,35851,4586840,483298.7,297.3
1009,young,3494,272,8,501,0,37,1,1,113,1700,375,774,21200253,528549.9,30605,5.3,22.9,1198.0,4744722,11141.1,1237.0,1931.5,7125.7,6469,0,4776466,4032288,0,0,0,0,0,0,0,0,0,0,0,0,346.0,0,0,393,713.6,12.6,33,57.2,0,512.0,,35867,4592329,483754.1,297.7
1010,young,2740,24,9,468,0,17,1,0,64,1451,371,664,21213736,529025.6,26717,2.1,25.0,1198.0,4749301,11146.8,1237.1,1932.8,7129.2,6469,0,4781095,4036243,0,0,0,0,0,0,0,0,0,0,0,0,346.0,0,0,393,705.5,12.6,33,57.2,0,512.0,,35897,4596763,484222.7,298.0
1011,young,3424,24,7,336,0,35,1,1,117,1914,375,932,21229339,529532.2,38385,2.8,27.8,1198.0,4753778,11153.3,1237.3,1936.0,7131.7,6469,0,4785626,4040258,0,0,0,0,0,0,0,0,0,0,0,0,346.0,0,0,393,698.8,12.6,33,57.2,0,512.0,,35930,4601105,484690.1,298.2
1012,young,3566,31,9,340,0,42,2,0,124,1920,382,1015,21243699,530042.7,37210,2.8,30.6,1198.0,4758233,11159.6,1237.8,1937.4,7135.5,6471,0,4790133,4044154,0,0,0,0,0,0,0,0,0,0,0,0,346.0,0,0,393,692.5,12.6,33,57.1,0,512.0,,35962,4605437,485158.9,298.5
1013,young,3372,19,8,275,0,46,2,0,128,1700,383,1119,21260009,530552.2,37373,2.7,33.4,1198.0,4762696,11165.3,1237.9,1938.7,7139.0,6471,0,4794658,4048015,0,0,0,0,0,0,0,0,0,0,0,0,346.0,0,1,392,685.5,12.6,33,57.1,0,512.0,,35996,4609780,485626.9,298.8
1014,young,3630,28,10,308,0,38,2,1,136,1771,387,1252,21275603,531061.2,37843,3.4,36.7,1198.0,4767233,11170.5,1238.1,1939.9,7142.1,6483,0,4799261,4052066,0,0,0,0,0,0,0,0,0,0,0,0,346.0,0,0,393,679.0,12.6,33,56.4,0,512.0,,36035,4614173,486092.2,299.1
1015,young,3125,32,8,382,0,38,2,0,118,1319,386,1162,21293712,531570.5,28248,2.4,39.1,1198.0,4771693,11175.9,1238.2,1941.4,7145.2,6491,0,4803785,4056108,0,0,0,0,0,0,0,0,0,0,0,0,346.0,0,0,393,674.3,12.6,33,56.0,0,512.0,,36076,4618499,486555.5,299.3
1016,full-cycle,10081,168,786,0,0,0,2,0,112,1131,354,131,21308332,532091.2,156042,18.2,18.2,1198.0,4777158,11183.5,1239.3,1943.4,7148.2,6519,0,4809329,4061171,954,5955,2054,127181,228,480,76,0,0,0,1053,1,368.0,8,10,365,715.1,12.6,32,56.3,0,512.0,starved,36174,4623722,487102.6,299.7
1017,young,3053,245,9,527,0,26,2,1,99,1335,362,664,21331328,532782.8,26590,5.5,23.6,1198.0,4783076,11191.2,1239.5,1945.0,7153.0,6565,0,4815287,4066011,0,0,0,0,0,0,0,0,0,0,0,0,368.0,0,1,382,694.8,12.6,32,53.6,0,512.0,,36195,4629116,487550.1,300.1
1018,young,3208,295,8,824,0,27,1,0,82,1127,371,761,21344934,533260.7,20531,1.9,25.6,1198.0,4787582,11197.5,1239.7,1946.8,7156.3,6573,0,4819862,4069932,0,0,0,0,0,0,0,0,0,0,0,0,368.0,0,0,383,688.6,12.6,32,53.1,0,512.0,,36238,4633470,488015.0,300.3
1019,young,3041,89,17,390,0,20,2,1,79,1613,367,752,21360500,533768.1,28355,2.1,27.7,1198.0,4792094,11203.7,1239.9,1948.2,7160.2,6573,0,4824424,4073787,0,0,0,0,0,0,0,0,0,0,0,1,368.0,0,1,382,681.5,12.6,32,53.1,0,512.0,,36274,4637851,488484.5,300.6
1020,young,3781,42,9,784,0,38,2,0,89,1688,368,1034,21375559,534275.9,38558,2.8,30.5,1198.0,4796551,11208.6,1240.0,1949.6,7162.8,6573,0,4828926,4077748,0,0,0,0,0,0,0,0,0,0,0,0,368.0,0,0,383,676.4,12.6,32,53.1,0,512.0,,36305,4642197,488952.8,300.9
1021,young,3788,151,7,331,0,47,2,0,126,1958,369,1046,21391815,534785.4,38772,2.8,33.4,1198.0,4801031,11215.1,1240.2,1950.9,7167.1,6573,0,4833466,4081536,0,0,0,0,0,0,0,0,0,0,0,0,368.0,0,0,383,670.7,12.6,32,53.1,0,512.0,,36339,4646541,489421.4,301.2
1022,young,3755,285,9,400,0,35,2,0,109,1574,371,1234,21408263,535294.8,34544,2.5,35.9,1198.0,4805536,11221.5,1240.4,1952.3,7171.0,6573,0,4838025,4085431,0,0,0,0,0,0,0,0,0,0,0,0,368.0,0,0,383,664.1,12.6,32,53.1,0,512.0,,36375,4650920,489889.0,301.4
1023,young,3833,168,9,554,0,29,1,0,89,1521,369,1354,21426027,535802.8,23635,1.7,37.6,1198.0,4810042,11227.7,1240.5,1954.3,7174.3,6573,0,4842583,4089421,0,0,0,0,0,0,0,0,0,0,0,0,368.0,0,1,382,659.0,12.6,32,53.1,0,512.0,,36406,4655276,490355.8,301.7
1024,young,4251,60,7,1148,0,30,1,0,79,1386,373,1474,21443123,536312.3,23591,1.8,39.4,1198.0,4814554,11233.4,1241.0,1955.5,7177.3,6573,0,4847141,4093544,0,0,0,0,0,0,0,0,0,0,0,0,368.0,0,0,383,655.6,12.6,32,53.1,0,512.0,,36437,4659672,490825.3,302.0
1025,full-cycle,10902,32,1303,0,0,0,2,0,103,1757,354,121,21461453,536858.4,164619,18.9,18.9,1198.0,4820401,11240.6,1241.1,1957.3,7181.5,6607,0,4853012,4098662,1335,5722,2238,124734,21,242,90,0,0,0,1498,0,366.0,13,23,348,682.6,17.0,32,55.9,0,512.0,starved,36529,4665285,491408.8,302.4
1026,young,3356,42,9,685,0,21,1,0,98,1709,356,680,21483117,537527.8,30731,5.3,24.2,1198.0,4826189,11248.1,1241.4,1959.5,7185.1,6637,0,4858795,4103481,0,0,0,0,0,0,0,0,0,0,0,0,368.0,0,1,382,690.0,15.1,32,54.1,0,512.0,,36531,4670503,491834.2,302.7
1027,young,3236,27,7,494,0,36,2,0,87,1567,367,938,21494980,538006.1,30093,2.3,26.5,1198.0,4830824,11251.7,1241.5,1960.8,7186.6,6639,0,4863478,4107803,0,0,0,0,0,0,0,0,0,0,0,0,368.0,0,0,383,681.5,15.1,32,54.0,0,512.0,,36563,4674997,492302.3,303.0
1028,young,2868,18,7,277,0,17,1,0,60,1408,366,987,21510583,538512.2,28768,2.1,28.6,1198.0,4835302,11256.7,1241.7,1962.1,7189.4,6639,0,4868015,4111867,0,0,0,0,0,0,0,0,0,0,0,0,368.0,0,0,383,675.9,15.1,32,54.0,0,512.0,,36596,4679348,492768.6,303.3
1029,young,3303,48,7,531,0,30,2,0,112,1482,365,1022,21523961,539020.8,28861,2.2,30.8,1198.0,4839781,11262.1,1241.9,1963.5,7192.4,6639,0,4872547,4115830,0,0,0,0,0,0,0,0,0,0,0,0,368.0,0,0,383,669.6,15.1,32,54.0,0,512.0,,36628,4683713,493237.9,303.6
1030,young,4049,204,9,633,0,30,1,0,108,1759,365,1177,21544848,539505.7,33276,2.4,33.2,1198.0,4844346,11268.9,1242.1,1964.9,7196.9,6639,0,4877169,4119638,0,0,0,0,0,0,0,0,0,0,0,0,368.0,0,1,382,662.2,15.1,32,54.0,0,512.0,,36662,4688131,493705.0,303.8
1031,young,3869,33,10,368,0,22,2,0,83,2099,375,1155,21565345,540036.9,34232,2.5,35.8,1198.0,4848822,11275.4,1242.3,1966.9,7200.6,6639,0,4881695,4123550,0,0,0,0,0,0,0,0,0,0,0,0,368.0,0,0,383,658.0,15.1,32,54.0,0,512.0,,36694,4692489,494173.1,304.1
1032,young,3475,31,7,407,0,14,2,0,52,1432,374,1438,21590977,540476.5,26656,1.9,37.6,1198.0,4853427,11282.8,1242.5,1968.3,7205.9,6639,0,4886353,4127236,0,0,0,0,0,0,0,0,0,0,0,0,368.0,0,0,383,650.7,15.1,32,54.0,0,512.0,,36728,4696931,494639.8,304.4
1033,full-cycle,9632,31,858,0,0,0,2,0,118,1428,350,148,21608918,541068.7,163459,17.7,17.7,1198.0,4859101,11291.1,1242.7,1970.3,7210.7,6659,0,4892058,4132195,889,5461,2172,134415,21,464,101,0,0,0,1019,0,372.0,10,12,361,708.6,14.5,30,54.0,0,512.0,starved,36805,4702399,495222.3,304.8
1034,young,2956,20,7,678,0,31,1,0,99,1311,363,734,21630435,541781.6,25412,4.9,22.6,1198.0,4865162,11298.1,1242.8,1972.0,7215.0,6703,0,4898143,4137159,0,0,0,0,0,0,0,0,0,0,0,0,374.0,0,0,382,689.6,13.5,30,51.4,0,512.0,,36822,4707880,495668.1,305.1
1035,young,2796,155,7,441,0,38,1,0,82,1144,370,816,21643972,542258.9,22729,1.8,24.4,1198.0,4869726,11303.9,1243.0,1973.6,7218.5,6705,0,4902760,4141135,0,0,0,0,0,0,0,0,0,0,0,0,374.0,0,0,382,683.0,13.5,30,51.3,0,512.0,,36857,4712290,496137.3,305.4
1036,young,3417,32,8,464,0,31,2,0,90,1737,373,988,21660239,542766.7,29306,2.2,26.6,1198.0,4874209,11311.3,1244.1,1975.4,7222.3,6705,0,4907279,4144862,0,0,0,0,0,0,0,0,0,0,0,0,374.0,0,0,382,677.3,13.5,30,51.3,0,512.0,,36888,4716654,496607.1,305.7
1037,young,3239,25,9,301,0,41,2,0,117,1561,373,1132,21673384,543272.6,35461,2.6,29.2,1198.0,4878697,11318.7,1245.8,1977.0,7225.5,6705,0,4911817,4148818,0,0,0,0,0,0,0,0,0,0,0,0,374.0,0,0,382,672.1,13.5,30,51.3,0,512.0,,36919,4721023,497075.8,306.0
1038,young,3687,18,8,506,0,32,2,0,81,1753,372,1212,21692913,543789.0,31523,2.3,31.5,1198.0,4883195,11325.7,1246.7,1978.5,7229.6,6705,0,4916378,4152663,0,0,0,0,0,0,0,0,0,0,0,0,374.0,0,0,382,666.4,13.5,30,51.3,0,512.0,,36952,4725396,497542.9,306.2
1039,young,3633,35,10,516,0,37,2,0,116,1450,377,1395,21707182,544298.5,30839,2.3,33.8,1198.0,4887712,11332.0,1246.9,1980.0,7233.4,6705,0,4920946,4156563,0,0,0,0,0,0,0,0,0,0,0,0,374.0,0,0,382,660.8,13.5,30,51.3,0,512.0,,36986,4729789,498012.8,306.5
1040,young,3932,18,7,517,0,27,1,0,75,1857,378,1338,21723052,544811.0,37116,2.7,36.6,1198.0,4892266,11339.7,1247.3,1981.5,7238.6,6705,0,4925539,4160393,0,0,0,0,0,0,0,0,0,0,0,0,374.0,0,0,382,654.4,13.5,30,51.3,0,512.0,,37017,4734227,498481.7,306.8
1041,young,3871,17,7,396,0,20,1,1,77,1757,378,1536,21738823,545318.4,36951,2.7,39.3,1198.0,4896823,11347.2,1248.3,1982.9,7242.5,6705,0,4930135,4164249,0,0,0,0,0,0,0,0,0,0,0,1,374.0,0,0,382,648.5,13.5,30,51.3,0,512.0,,37047,4738666,498950.3,307.1
1042,full-cycle,9901,44,937,0,0,0,2,0,102,1388,354,120,21751916,545844.8,167083,18.1,18.1,1198.0,4902432,11352.3,1248.5,1984.6,7245.0,6738,0,4935802,4169264,981,5437,2100,139769,26,493,65,0,0,0,1316,0,368.0,11,13,362,707.0,18.1,29,51.3,0,512.0,starved,37123,4744078,499517.0,307.4
1043,young,3594,27,9,795,0,18,2,0,70,1888,353,691,21773063,546537.7,38549,5.8,23.8,1198.0,4908480,11360.5,1248.7,1986.2,7250.4,6766,0,4941878,4174094,0,0,0,0,0,0,0,0,0,0,0,0,368.0,0,0,386,691.2,18.1,29,49.6,0,512.0,,37135,4749559,499960.4,307.8
1044,young,3441,50,7,414,0,44,2,0,124,1610,363,1123,21787958,547013.5,37806,2.9,26.7,1198.0,4912976,11367.8,1248.9,1987.7,7255.4,6768,0,4946425,4177843,0,0,0,0,0,0,0,0,0,0,0,0,368.0,0,0,386,683.6,18.1,29,49.5,0,512.0,,37168,4753934,500428.3,308.1
1045,young,3974,43,8,800,0,33,1,1,106,1785,363,1109,21805289,547522.3,34342,2.7,29.4,1198.0,4917429,11375.1,1249.1,1989.5,7259.9,6772,0,4950948,4181554,0,0,0,0,0,0,0,0,0,0,0,1,368.0,0,0,386,677.8,18.1,29,49.3,0,512.0,,37206,4758262,500895.1,308.4
1046,young,3554,54,8,665,0,49,2,0,132,1207,363,1311,21820420,548031.4,24606,2.3,31.7,1198.0,4921931,11381.6,1249.7,1990.7,7263.8,6784,0,4955498,4185462,0,0,0,0,0,0,0,0,0,0,0,0,368.0,0,0,386,672.1,18.1,29,48.6,0,512.0,,37246,4762636,501361.3,308.6
1047,young,3228,325,9,484,0,36,1,1,126,1148,377,990,21845827,548437.7,19518,1.6,33.3,1198.0,4926551,11387.8,1249.9,1992.2,7267.4,6786,0,4960195,4189288,0,0,0,0,0,0,0,0,0,0,0,0,368.0,0,0,386,664.6,18.1,29,48.5,0,512.0,,37286,4767088,501825.4,308.9
1048,young,2965,25,8,324,0,21,1,0,90,1217,378,1211,21866070,549044.1,24239,1.9,35.2,1198.0,4931022,11395.6,1250.4,1994.1,7271.9,6788,0,4964727,4193087,0,0,0,0,0,0,0,0,0,0,0,0,368.0,0,0,386,660.5,18.1,29,48.3,0,512.0,,37329,4771415,502291.7,309.2
1049,young,3540,20,8,224,0,20,1,0,66,1716,382,1433,21885506,549554.1,31364,2.4,37.5,1198.0,4935522,11400.8,1250.6,1995.6,7274.8,6788,0,4969271,4197080,0,0,0,0,0,0,0,0,0,0,0,0,368.0,0,0,386,656.2,18.1,29,48.3,0,512.0,,37363,4775795,502759.9,309.5
1050,young,4324,49,8,765,0,26,2,0,106,1836,379,1441,21902099,550064.7,38557,2.8,40.3,1198.0,4940029,11406.5,1250.7,1996.8,7277.6,6788,0,4973836,4201243,0,0,0,0,0,0,0,0,0,0,0,0,368.0,0,0,386,650.5,18.1,29,48.3,0,512.0,,37400,4780173,503227.1,309.8
1051,full-cycle,9393,24,806,0,0,0,2,0,118,1344,366,140,21918328,550578.2,162564,18.7,18.7,1198.0,4945435,11412.9,1251.5,1998.6,7280.3,6812,0,4979307,4206201,830,5553,1978,141346,26,370,91,0,0,0,934,0,370.0,8,8,370,725.3,13.7,28,48.7,0,512.0,starved,37468,4785406,503781.6,310.1
1052,young,3410,26,8,446,0,40,2,0,121,1962,363,724,21939530,551289.5,37988,5.3,23.9,1198.0,4951617,11420.1,1251.7,2000.4,7284.6,6840,0,4985499,4211577,0,0,0,0,0,0,0,0,0,0,0,0,372.0,0,1,384,695.9,12.7,28,47.1,0,512.0,,37485,4791030,504239.1,310.5
1053,young,3441,92,8,402,0,41,2,0,131,1620,364,1077,21952922,551766.4,26754,2.3,26.2,1198.0,4956187,11424.7,1251.9,2001.7,7286.9,6848,0,4990119,4215807,0,0,0,0,0,0,0,0,0,0,0,0,372.0,0,0,385,688.9,12.7,28,46.6,0,512.0,,37517,4795447,504705.4,310.8
1054,young,3154,28,9,408,0,32,2,0,125,1501,366,966,21972110,552277.4,20565,1.7,27.9,1198.0,4960678,11428.4,1252.0,2003.0,7288.6,6850,0,4994666,4220025,0,0,0,0,0,0,0,0,0,0,0,0,372.0,0,0,385,684.1,12.7,28,46.5,0,512.0,,37549,4799819,505174.4,311.1
1055,young,3262,24,9,360,0,33,1,0,96,1639,363,1034,21986837,552787.9,30711,2.3,30.2,1198.0,4965149,11434.0,1252.2,2004.4,7292.1,6850,0,4999192,4224001,0,0,0,0,0,0,0,0,0,0,0,0,372.0,0,0,385,678.4,12.7,28,46.5,0,512.0,,37579,4804182,505642.5,311.3
1056,young,4480,280,9,629,0,30,2,0,113,1808,367,1486,22003030,553297.9,25445,1.8,32.0,1198.0,4969643,11441.0,1252.8,2006.2,7296.1,6850,0,5003738,4227863,0,0,0,0,0,0,0,0,0,0,0,0,372.0,0,0,385,673.3,12.7,28,46.5,0,512.0,,37610,4808548,506110.4,311.6
1057,young,4376,155,10,432,0,56,2,1,145,1692,367,1840,22019155,553808.8,26365,2.0,34.0,1198.0,4974168,11446.2,1252.9,2008.1,7298.4,6850,0,5008303,4232120,0,0,0,0,0,0,0,0,0,0,0,0,372.0,0,0,385,668.5,12.7,28,46.5,0,512.0,,37635,4812943,506581.7,311.9
1058,young,5117,502,10,816,0,32,2,0,128,1879,371,1643,22033472,554315.8,28687,2.0,36.0,1198.0,4978709,11449.9,1253.0,2009.3,7300.0,6850,0,5012881,4236371,0,0,0,0,0,0,0,0,0,0,0,0,372.0,0,0,385,663.3,12.7,28,46.5,0,512.0,,37663,4817334,507051.2,312.2
1059,young,3566,31,9,320,0,36,2,0,98,1326,382,1691,22048923,554829.3,13156,1.0,37.0,1198.0,4983212,11454.0,1253.2,2011.0,7301.6,6850,0,5017429,4240638,0,0,0,0,0,0,0,0,0,0,0,0,372.0,0,0,385,659.3,12.7,28,46.5,0,512.0,,37694,4821702,507519.9,312.4
1060,young,3624,21,9,527,0,47,2,1,126,1253,379,1584,22064391,555337.5,19001,1.4,38.5,1198.0,4987725,11460.4,1253.4,2012.5,7305.6,6850,0,5021999,4244481,0,0,0,0,0,0,0,0,0,0,0,0,372.0,0,1,384,655.2,12.7,28,46.5,0,512.0,,37728,4826086,507988.9,312.7
1061,young,4027,22,10,278,0,26,2,1,106,1734,377,1768,22081188,555851.0,26665,2.0,40.4,1198.0,4992262,11468.6,1254.6,2014.6,7308.5,6850,0,5026581,4248552,0,0,0,0,0,0,0,0,0,0,0,0,372.0,0,0,385,650.9,12.7,28,46.5,0,512.0,,37758,4830510,508456.9,313.0
1062,full-cycle,10451,31,1310,0,0,0,2,1,134,1914,352,154,22094274,556367.0,166245,18.0,18.0,1198.0,4997951,11474.9,1255.2,2016.4,7310.9,6874,0,5032327,4253852,1341,5400,2524,121430,22,207,217,0,0,0,1100,0,374.0,9,9,370,726.4,15.1,24,42.0,0,512.0,starved,37827,4835973,509027.1,313.4
1063,young,3557,20,8,694,0,34,2,0,111,1829,361,794,22114614,557097.3,37594,5.3,23.2,1198.0,5004158,11481.5,1255.4,2018.0,7314.7,6902,0,5038556,4259175,0,0,0,0,0,0,0,0,0,0,0,0,376.0,0,0,387,697.8,14.1,24,40.3,0,512.0,,37842,4841601,509482.7,313.7
1064,young,3482,18,7,461,0,34,9,1,152,1829,370,893,22128256,557573.7,33022,3.0,26.2,1198.0,5008815,11487.0,1255.7,2019.4,7317.7,6914,0,5043251,4263367,0,0,0,0,0,0,0,0,0,0,0,0,376.0,0,0,387,688.9,14.1,24,39.6,0,512.0,,37873,4846087,509949.3,314.0
1065,young,3329,26,6,234,0,41,1,1,116,1591,370,1212,22142238,558080.4,31319,2.5,28.7,1198.0,5013304,11494.5,1256.7,2021.8,7321.1,6918,0,5047810,4267345,0,0,0,0,0,0,0,0,0,0,0,0,376.0,0,0,387,683.4,14.1,24,39.4,0,512.0,,37910,4850448,510416.0,314.3
1066,young,3157,29,8,385,0,18,2,0,70,1394,372,1144,22157732,558589.0,29060,2.6,31.3,1198.0,5017783,11500.9,1256.9,2023.5,7325.0,6928,0,5052352,4271149,0,0,0,0,0,0,0,0,0,0,0,0,376.0,0,1,386,677.3,14.1,24,38.8,0,512.0,,37952,4854793,510881.7,314.6
1067,young,3299,44,9,526,0,41,2,0,114,1228,370,1230,22173379,559099.1,25818,2.3,33.6,1198.0,5022273,11506.1,1257.1,2024.7,7327.7,6936,0,5056913,4275199,0,0,0,0,0,0,0,0,0,0,0,0,376.0,0,1,386,672.1,14.1,24,38.3,0,512.0,,37993,4859155,511346.2,314.9
1068,young,3684,50,8,678,0,37,2,1,111,1458,373,1270,22193161,559607.6,30080,2.2,35.8,1198.0,5026845,11512.0,1257.3,2026.1,7331.3,6936,0,5061558,4279201,0,0,0,0,0,0,0,0,0,0,0,0,376.0,0,1,386,665.3,14.1,24,38.3,0,512.0,,38038,4863573,511812.0,315.2
1069,young,4458,43,6,510,0,37,2,0,89,2019,372,1707,22207618,560115.9,35046,2.6,38.4,1198.0,5031363,11516.9,1257.5,2027.4,7333.7,6936,0,5066126,4283337,0,0,0,0,0,0,0,0,0,0,0,0,376.0,0,0,387,659.7,14.1,24,38.3,0,512.0,,38071,4867986,512279.5,315.4
1070,young,3926,28,7,484,0,39,2,0,110,1546,374,1608,22222757,560624.8,32520,2.3,40.8,1198.0,5035912,11530.8,1266.1,2029.1,7336.6,6936,0,5070738,4287420,0,0,0,0,0,0,0,0,0,0,0,0,376.0,0,0,387,654.0,14.1,24,38.3,0,512.0,,38109,4872391,512746.0,315.7
1071,young,3614,49,9,559,0,35,2,0,113,1211,374,1523,22238602,561135.8,22574,1.7,42.5,1198.0,5040471,11538.1,1267.2,2030.8,7340.3,6938,0,5075356,4291383,0,0,0,0,0,0,0,0,0,0,0,0,376.0,0,0,387,649.0,14.1,24,38.2,0,512.0,,38150,4876794,513211.5,316.0
1072,young,3750,190,11,662,0,41,2,0,123,1021,378,1616,22254728,561645.3,17550,1.3,43.8,1198.0,5045019,11544.1,1267.4,2032.7,7343.3,6938,0,5079966,4295390,0,0,0,0,0,0,0,0,0,0,0,1,376.0,0,0,387,644.2,14.1,24,38.2,0,512.0,,38193,4881184,513676.9,316.3
1073,full-cycle,10890,25,895,0,0,0,2,0,117,1385,365,135,22273040,562181.0,154137,18.1,18.1,1198.0,5051239,11553.5,1267.7,2034.9,7348.7,6962,0,5085974,4300734,920,6446,2054,120370,188,266,71,0,0,0,1369,0,326.0,26,20,364,719.9,13.6,26,44.6,0,512.0,starved,38292,4887166,514308.5,316.7
1074,young,2569,45,10,769,0,22,2,0,75,1025,361,555,22299213,562903.8,16231,5.2,23.2,1198.0,5056621,11572.9,1274.3,2041.4,7353.9,7020,0,5091381,4305179,0,0,0,0,0,0,0,0,0,0,0,1,356.0,0,1,394,726.5,6.5,26,41.2,0,512.0,,38310,4892020,514713.5,317.0
1075,young,2711,45,9,469,0,33,2,0,106,1231,370,733,22313559,563391.0,22958,1.9,25.1,1198.0,5061213,11578.9,1274.6,2042.9,7357.4,7024,0,5096021,4309137,0,0,0,0,0,0,0,0,0,0,0,1,356.0,0,0,395,719.6,6.5,26,41.0,0,512.0,,38351,4896460,515179.9,317.3
1076,young,3323,20,7,471,0,36,2,0,114,1768,374,818,22329260,563896.3,32502,2.4,27.6,1198.0,5065636,11585.8,1274.8,2044.2,7362.1,7024,0,5100514,4312822,0,0,0,0,0,0,0,0,0,0,0,0,356.0,0,0,395,712.8,6.5,26,41.0,0,512.0,,38388,4900755,515646.7,317.6
1077,young,3228,24,8,358,0,46,1,0,84,1744,378,862,22343945,564405.5,36761,2.7,30.3,1198.0,5070086,11592.6,1275.6,2045.5,7365.6,7024,0,5105009,4316731,0,0,0,0,0,0,0,0,0,0,0,0,356.0,0,0,395,706.9,6.5,26,41.0,0,512.0,,38421,4905091,516115.9,317.8
1078,young,3221,19,7,314,0,24,1,1,79,1675,379,1034,22360724,564915.5,35629,2.6,32.9,1198.0,5074555,11597.6,1275.7,2046.8,7368.5,7024,0,5109528,4320660,0,0,0,0,0,0,0,0,0,0,0,0,356.0,0,0,395,700.8,6.5,26,41.0,0,512.0,,38455,4909441,516585.6,318.1
1079,young,3388,22,6,233,0,43,2,0,116,1692,381,1205,22375625,565427.5,38399,2.8,35.7,1198.0,5079052,11603.1,1275.9,2048.0,7372.1,7024,0,5114075,4324641,0,0,0,0,0,0,0,0,0,0,0,0,356.0,0,0,395,693.8,6.5,26,41.0,0,512.0,,38490,4913811,517053.8,318.4
1080,young,4141,177,8,494,0,38,2,0,125,1615,380,1604,22388676,565937.7,33408,2.4,38.1,1198.0,5083587,11607.9,1276.1,2049.5,7374.5,7024,0,5118666,4328743,0,0,0,0,0,0,0,0,0,0,0,1,356.0,0,1,394,687.0,6.5,26,41.0,0,512.0,,38527,4918224,517520.3,318.7
1081,young,3521,17,7,296,0,19,2,0,75,1538,381,1449,22403431,566447.6,29863,2.2,40.3,1198.0,5088153,11613.1,1276.3,2050.9,7377.4,7024,0,5123295,4332793,0,0,0,0,0,0,0,0,0,0,0,0,356.0,0,0,395,680.8,6.5,26,41.0,0,512.0,,38567,4922637,517985.2,318.9
1082,young,4267,34,14,580,0,24,2,0,88,1773,381,1698,22417340,566955.0,37919,2.8,43.1,1198.0,5092657,11618.9,1276.4,2052.1,7381.1,7024,0,5127852,4336731,0,0,0,0,0,0,0,0,0,0,0,0,356.0,0,0,395,674.8,6.5,26,41.0,0,512.0,,38608,4927025,518452.8,319.2
1083,young,4340,81,9,450,0,35,2,0,88,1857,384,1735,22434495,567464.5,37107,2.7,45.8,1198.0,5097204,11622.9,1276.5,2053.6,7382.8,7024,0,5132462,4340910,0,0,0,0,0,0,0,0,0,0,0,0,356.0,0,0,395,668.5,6.5,26,41.0,0,512.0,,38648,4931446,518919.2,319.5
1084,young,4216,99,6,491,0,48,2,1,134,1538,382,1818,22449391,567974.3,34210,2.5,48.3,1198.0,5101783,11628.8,1276.7,2055.6,7385.9,7024,0,5137096,4344896,0,0,0,0,0,0,0,0,0,0,0,0,356.0,0,2,393,661.1,6.5,26,41.0,0,512.0,,38685,4935905,519387.6,319.8
1085,full-cycle,9818,66,779,0,0,0,2,0,129,1939,361,146,22463604,568491.5,165615,18.9,18.9,1198.0,5107786,11636.8,1278.7,2058.6,7388.0,7058,0,5143147,4350472,845,5431,2373,123545,20,216,39,0,0,0,1089,0,356.0,10,10,369,726.6,16.2,32,56.0,0,512.0,starved,38777,4941655,519979.1,320.2
1086,young,2851,23,9,408,0,18,1,0,58,1602,362,653,22488107,569215.5,37515,5.7,24.6,1198.0,5114059,11648.8,1279.3,2060.8,7395.9,7086,0,5149460,4355536,0,0,0,0,0,0,0,0,0,0,0,0,356.0,0,0,389,696.7,16.2,32,54.4,0,512.0,,38790,4947346,520431.5,320.5
1087,young,2840,19,7,340,0,10,1,0,52,1619,364,731,22502331,569687.8,35619,2.7,27.3,1198.0,5118624,11654.2,1279.5,2062.1,7399.2,7088,0,5154063,4359534,0,0,0,0,0,0,0,0,0,0,0,0,356.0,0,0,389,689.1,16.2,32,54.2,0,512.0,,38820,4951780,520900.4,320.8
1088,young,3332,155,6,328,0,32,2,0,82,1691,373,931,22517940,570196.1,33895,2.5,29.8,1198.0,5123085,11661.4,1279.8,2063.4,7404.1,7088,0,5158587,4363331,0,0,0,0,0,0,0,0,0,0,0,0,356.0,0,0,389,683.4,16.2,32,54.2,0,512.0,,38855,4956133,521366.7,321.1
1089,young,3113,17,6,312,0,44,2,0,116,1421,375,1102,22533224,570707.8,31083,2.4,32.2,1198.0,5127584,11670.6,1282.7,2065.1,7407.7,7090,0,5163128,4367213,0,0,0,0,0,0,0,0,0,0,0,0,356.0,0,0,389,678.1,16.2,32,54.1,0,512.0,,38889,4960511,521836.6,321.4
1090,young,2906,28,8,237,0,18,1,0,67,1462,376,1016,22553715,571217.4,29795,2.2,34.3,1198.0,5132065,11676.5,1282.9,2066.4,7411.4,7090,0,5167654,4371100,0,0,0,0,0,0,0,0,0,0,0,0,356.0,0,0,389,672.3,16.2,32,54.1,0,512.0,,38922,4964858,522305.0,321.7
1091,young,3160,17,7,331,0,17,2,0,66,1476,382,1180,22569265,571726.3,31440,2.4,36.7,1198.0,5136555,11683.1,1283.0,2067.8,7415.7,7090,0,5172178,4374960,0,0,0,0,0,0,0,0,0,0,0,0,356.0,0,0,389,666.8,16.2,32,54.1,0,512.0,,38951,4969241,522775.4,321.9
1092,full-cycle,9725,26,960,0,0,0,2,1,111,1028,348,131,22584474,572247.8,160271,17.5,17.5,1198.0,5141990,11689.0,1283.2,2069.4,7418.9,7113,0,5177670,4379736,986,5522,2119,140135,227,666,60,0,0,0,1039,0,388.0,7,12,359,703.2,11.4,27,48.0,0,512.0,starved,39030,4974449,523322.5,322.3
1093,young,3476,22,8,990,0,24,1,0,89,1523,354,737,22606020,572945.3,27152,4.8,22.2,1198.0,5148022,11696.9,1283.7,2071.2,7423.4,7147,0,5183731,4384708,0,0,0,0,0,0,0,0,0,0,0,0,388.0,0,0,378,684.9,11.4,27,46.0,0,512.0,,39046,4979928,523770.4,322.6
1094,young,3236,25,8,459,0,24,2,0,87,1768,357,768,22625762,573423.0,33172,2.5,24.8,1198.0,5152597,11704.9,1283.9,2072.5,7429.2,7149,0,5188357,4388612,0,0,0,0,0,0,0,0,0,0,0,0,388.0,0,0,378,676.2,11.4,27,45.8,0,512.0,,39078,4984361,524239.0,322.9
1095,young,3760,31,8,429,0,37,2,0,120,2058,362,998,22643199,573924.6,34505,3.0,27.8,1198.0,5157075,11711.8,1284.0,2073.8,7434.2,7159,0,5192890,4392427,0,0,0,0,0,0,0,0,0,0,0,0,388.0,0,0,378,669.7,11.4,27,45.3,0,512.0,,39120,4988706,524705.4,323.2
1096,young,3952,43,7,578,0,44,1,0,96,1820,359,1260,22658077,574439.3,34982,2.6,30.4,1198.0,5161553,11717.6,1284.2,2075.1,7437.7,7159,0,5197412,4396242,0,0,0,0,0,0,0,0,0,0,0,1,388.0,0,0,378,663.2,11.4,27,45.3,0,512.0,,39147,4993076,525174.3,323.5
1097,young,3435,32,7,629,0,33,2,0,105,1435,357,1097,22677457,574952.2,33145,2.7,33.1,1198.0,5166095,11724.5,1284.3,2077.0,7441.8,7165,0,5202016,4400091,0,0,0,0,0,0,0,0,0,0,0,0,388.0,0,0,378,656.2,11.4,27,44.9,0,512.0,,39186,4997473,525640.7,323.8
1098,young,3802,245,10,588,0,38,2,0,118,1430,366,1302,22701022,575395.1,31532,2.3,35.4,1198.0,5170643,11732.2,1284.6,2078.4,7447.1,7165,0,5206613,4403716,0,0,0,0,0,0,0,0,0,0,0,0,388.0,0,0,378,649.3,11.4,27,44.9,0,512.0,,39219,5001889,526109.4,324.0
1099,young,4088,157,8,934,0,30,2,1,84,1421,363,1367,22718492,575973.3,25632,1.8,37.2,1198.0,5175152,11739.1,1284.9,2079.6,7451.7,7165,0,5211158,4407529,0,0,0,0,0,0,0,0,0,0,0,0,388.0,0,0,378,644.5,11.4,27,44.9,0,512.0,,39249,5006268,526577.8,324.3
1100,young,3637,30,8,517,0,35,2,0,113,1401,361,1445,22742689,576483.9,23947,1.8,39.1,1198.0,5179724,11749.2,1285.1,2081.2,7459.0,7165,0,5215780,4411493,0,0,0,0,0,0,0,0,0,0,0,0,388.0,0,0,378,639.2,11.4,27,44.9,0,512.0,,39282,5010720,527046.7,324.6
1101,young,3986,66,9,525,0,42,2,0,118,1581,363,1585,22758004,576992.1,33717,2.5,41.6,1198.0,5184264,11756.9,1285.4,2083.2,7463.6,7165,0,5220368,4415450,0,0,0,0,0,0,0,0,0,0,0,0,388.0,0,0,378,633.3,11.4,27,44.9,0,512.0,,39313,5015139,527514.7,324.9
1102,full-cycle,9330,23,933,0,0,0,2,1,116,1640,356,133,22774787,577508.4,163565,18.5,18.5,1198.0,5189917,11763.4,1285.6,2085.3,7467.1,7199,0,5226063,4420532,956,5316,2052,125329,21,182,67,0,0,0,976,1,368.0,11,9,366,716.2,18.7,29,50.4,0,512.0,starved,39393,5020587,528091.6,325.2
1103,young,2974,23,8,492,0,29,2,0,79,1545,366,742,22794933,578222.8,33966,5.4,23.8,1198.0,5196199,11774.3,1286.8,2087.7,7473.5,7225,0,5232359,4425330,0,0,0,0,0,0,0,0,0,0,0,0,368.0,0,0,386,689.0,18.7,29,48.9,0,512.0,,39407,5026277,528544.4,325.6
1104,young,3084,46,8,463,0,32,1,0,100,1558,377,818,22814966,578697.1,30264,2.4,26.2,1198.0,5200674,11781.0,1287.0,2090.7,7476.3,7227,0,5236892,4429347,0,0,0,0,0,0,0,0,0,0,0,0,368.0,0,1,385,682.4,18.7,29,48.7,0,512.0,,39438,5030630,529013.4,325.9
1105,young,3752,29,9,703,0,32,2,1,86,1793,376,1031,22832238,579206.4,37923,2.8,29.0,1198.0,5205153,11789.4,1287.2,2092.3,7482.3,7227,0,5241418,4433046,0,0,0,0,0,0,0,0,0,0,0,0,368.0,0,0,386,677.0,18.7,29,48.7,0,512.0,,39469,5035000,529482.6,326.2
1106,young,3838,18,8,376,0,34,2,0,115,1945,378,1262,22849234,579715.0,38580,2.8,31.8,1198.0,5209637,11797.7,1287.5,2093.9,7488.1,7227,0,5245954,4436890,0,0,0,0,0,0,0,0,0,0,0,0,368.0,0,0,386,670.5,18.7,29,48.7,0,512.0,,39500,5039365,529951.3,326.5
1107,young,3831,28,8,728,0,29,1,0,102,1563,378,1262,22866557,580222.6,31656,2.3,34.1,1198.0,5214139,11805.4,1287.6,2095.8,7493.1,7227,0,5250502,4440824,0,0,0,0,0,0,0,0,0,0,0,0,368.0,0,0,386,664.4,18.7,29,48.7,0,512.0,,39533,5043741,530419.3,326.7
1108,young,4054,94,9,261,0,38,2,0,115,1863,376,1566,22882777,580731.0,29802,2.2,36.3,1198.0,5218670,11810.9,1287.8,2097.0,7496.4,7227,0,5255086,4444755,0,0,0,0,0,0,0,0,0,0,0,0,368.0,0,0,386,659.0,18.7,29,48.7,0,512.0,,39564,5048133,530888.3,327.0
1109,young,4482,64,8,692,0,38,2,0,117,1965,379,1513,22898138,581240.4,38644,2.8,39.2,1198.0,5223192,11817.3,1288.3,2098.7,7499.8,7227,0,5259662,4448840,0,0,0,0,0,0,0,0,0,0,0,0,368.0,0,0,386,652.9,18.7,29,48.7,0,512.0,,39598,5052518,531357.0,327.3
1110,full-cycle,11421,87,958,0,0,0,3,0,141,1508,354,166,22923361,581791.6,159220,17.4,17.4,1198.0,5229055,11824.6,1288.6,2100.5,7504.0,7251,0,5265591,4453690,1045,5680,2099,129951,34,283,89,0,0,0,2525,0,396.0,7,27,343,669.9,11.9,24,42.1,0,512.0,starved,39678,5058136,531937.0,327.7
1111,young,3478,54,9,444,0,28,2,1,101,2019,363,757,22940657,582462.8,37155,5.3,22.7,1198.0,5234666,11829.7,1289.0,2102.1,7506.4,7281,0,5271209,4458644,0,0,0,0,0,0,0,0,0,0,0,0,398.0,0,0,376,681.4,10.9,24,40.3,0,512.0,,39688,5063243,532358.1,328.0
1112,young,3396,28,9,320,0,36,2,0,109,1918,372,924,22953425,582941.6,36163,3.1,25.8,1198.0,5239128,11834.3,1289.3,2103.5,7508.7,7289,0,5275715,4462806,0,0,0,0,0,0,0,0,0,0,0,0,398.0,0,0,376,675.2,10.9,24,39.8,0,512.0,,39716,5067579,532828.1,328.3
1113,young,4453,433,8,910,0,22,1,0,80,1872,372,1027,22970098,583447.7,36224,2.7,28.5,1198.0,5243583,11840.2,1289.4,2105.0,7512.3,7291,0,5280216,4466604,0,0,0,0,0,0,0,0,0,0,0,0,398.0,0,0,376,669.0,10.9,24,39.7,0,512.0,,39745,5071903,533297.0,328.6
1114,young,3475,20,8,623,0,33,2,0,88,1479,372,1073,22984637,583955.3,25784,2.6,31.1,1198.0,5248071,11845.9,1289.6,2106.2,7515.8,7307,0,5284768,4470586,0,0,0,0,0,0,0,0,0,0,0,0,398.0,0,0,376,663.2,10.9,24,38.8,0,512.0,,39788,5076229,533760.9,328.9
1115,young,3240,49,40,450,0,28,2,1,95,1229,371,1206,23005273,584462.7,17408,1.3,32.4,1198.0,5252524,11858.2,1292.9,2108.7,7521.5,7307,0,5289280,4474335,0,0,0,0,0,0,0,0,0,0,0,0,398.0,0,0,376,659.1,10.9,24,38.8,0,512.0,,39828,5080537,534227.9,329.1
1116,young,3162,23,7,192,0,20,1,0,83,1612,371,1166,23031692,584974.1,27276,2.2,34.6,1198.0,5257205,11861.7,1293.1,2110.0,7522.9,7309,0,5294026,4478739,0,0,0,0,0,0,0,0,0,0,0,0,398.0,0,0,376,650.8,10.9,24,38.7,0,512.0,,39869,5085032,534694.1,329.4
1117,young,3965,114,8,525,0,33,2,0,82,1864,369,1258,23048192,585473.6,38261,2.8,37.4,1198.0,5261722,11867.6,1293.2,2111.5,7526.4,7309,0,5298598,4482755,0,0,0,0,0,0,0,0,0,0,0,0,398.0,0,1,375,644.2,10.9,24,38.7,0,512.0,,39907,5089438,535162.4,329.7
1118,young,3905,18,7,365,0,36,2,0,124,1826,369,1449,23070877,585988.7,38252,2.8,40.2,1198.0,5266250,11873.8,1293.5,2112.8,7530.1,7309,0,5303178,4486621,0,0,0,0,0,0,0,0,0,0,0,0,398.0,0,0,376,638.4,10.9,24,38.7,0,512.0,,39938,5093845,535629.1,330.0
1119,young,4178,27,7,767,0,12,2,0,58,1679,371,1525,23091729,586497.5,38313,2.8,43.0,1198.0,5270804,11880.6,1293.7,2114.4,7534.3,7309,0,5307786,4490617,0,0,0,0,0,0,0,0,0,0,0,0,398.0,0,1,375,632.0,10.9,24,38.7,0,512.0,,39972,5098277,536097.4,330.3
1120,young,4224,96,9,436,0,25,2,0,108,1692,373,1801,23107058,587005.7,25723,1.8,44.8,1198.0,5275358,11886.2,1293.9,2115.7,7537.2,7309,0,5312384,4494618,0,0,0,0,0,0,0,0,0,0,0,0,398.0,0,0,376,627.5,10.9,24,38.7,0,512.0,,40003,5102697,536564.6,330.5
1121,young,4207,25,8,1131,0,31,2,0,105,1348,372,1470,23121790,587512.4,23632,1.8,46.6,1198.0,5279923,11890.2,1294.2,2117.2,7539.0,7309,0,5317003,4498948,0,0,0,0,0,0,0,0,0,0,0,0,398.0,0,0,376,623.0,10.9,24,38.7,0,512.0,,40034,5107136,537033.7,330.8
1122,full-cycle,11210,83,758,0,0,0,2,0,107,1058,346,124,23155378,588051.3,153778,17.8,17.8,1198.0,5285890,11902.6,1294.4,2119.3,7548.3,7335,0,5322999,4503067,841,6269,1989,129033,36,694,69,0,0,0,2038,0,388.0,6,33,338,669.3,6.9,28,48.7,0,512.0,starved,40116,5112842,537621.3,331.2
1123,young,2994,47,10,432,0,29,1,0,90,1437,353,876,23179249,588722.9,22360,4.7,22.5,1198.0,5291545,11907.9,1294.5,2120.7,7551.3,7371,0,5328665,4507944,0,0,0,0,0,0,0,0,0,0,0,0,388.0,0,0,377,685.7,6.9,28,46.6,0,512.0,,40127,5117954,538034.8,331.5
1124,young,2945,37,8,320,0,36,2,0,116,1638,364,713,23193860,589197.4,32026,2.3,24.9,1198.0,5296104,11913.5,1294.7,2122.4,7554.4,7371,0,5333284,4512017,0,0,0,0,0,0,0,0,0,0,0,0,388.0,0,0,377,677.7,6.9,28,46.6,0,512.0,,40161,5122388,538503.8,331.8
1125,young,3206,64,9,317,0,40,2,0,118,1674,364,913,23209305,589699.8,29853,2.3,27.1,1198.0,5300662,11920.5,1294.9,2124.0,7558.0,7373,0,5337889,4515975,0,0,0,0,0,0,0,0,0,0,0,0,388.0,0,0,377,670.5,6.9,28,46.5,0,512.0,,40192,5126810,538971.6,332.1
1126,young,3394,162,10,502,0,34,2,0,116,1492,369,975,23224845,590213.1,28341,2.1,29.2,1198.0,5305131,11927.2,1295.1,2125.5,7561.9,7373,0,5342418,4519712,0,0,0,0,0,0,0,0,0,0,0,0,388.0,0,0,377,665.5,6.9,28,46.5,0,512.0,,40224,5131172,539439.4,332.4
1127,young,3496,94,9,540,0,25,2,0,95,1529,368,1149,23246480,590721.5,29475,2.2,31.4,1198.0,5309677,11934.8,1295.6,2127.3,7566.4,7373,0,5347016,4523499,0,0,0,0,0,0,0,0,0,0,0,0,388.0,0,0,377,659.7,6.9,28,46.5,0,512.0,,40258,5135581,539907.9,332.7
1128,young,3782,170,10,485,0,29,1,0,92,1599,367,1314,23263338,591230.9,30799,2.3,33.7,1198.0,5314192,11940.9,1295.8,2128.6,7570.3,7373,0,5351578,4527348,0,0,0,0,0,0,0,0,0,0,0,0,388.0,0,0,377,654.4,6.9,28,46.5,0,512.0,,40288,5139997,540375.7,332.9
1129,young,3966,20,7,633,0,39,2,0,116,1708,367,1367,23279780,591739.4,31354,2.3,35.9,1198.0,5318706,11946.6,1296.1,2129.9,7573.8,7373,0,5356145,4531243,0,0,0,0,0,0,0,0,0,0,0,0,388.0,0,0,377,648.9,6.9,28,46.5,0,512.0,,40318,5144392,540843.1,333.2
1130,young,3708,31,10,338,0,41,2,0,131,1626,368,1450,23295361,592247.8,19020,1.3,37.3,1198.0,5323255,11953.0,1296.2,2131.4,7577.9,7373,0,5360743,4535097,0,0,0,0,0,0,0,0,0,0,0,0,388.0,0,0,377,644.5,6.9,28,46.5,0,512.0,,40351,5148792,541310.9,333.5
1131,young,3657,21,8,322,0,59,2,1,136,1285,366,1764,23311325,592759.0,14360,1.4,38.7,1198.0,5327782,11958.5,1296.4,2132.8,7581.2,7379,0,5365339,4539026,0,0,0,0,0,0,0,0,0,0,0,0,388.0,0,0,377,641.3,6.9,28,46.1,0,512.0,,40389,5153177,541775.8,333.8
1132,young,4465,301,11,557,0,26,2,0,108,1542,363,1810,23326619,593270.8,25201,1.9,40.6,1198.0,5332354,11968.7,1298.1,2134.4,7584.9,7379,0,5369965,4543080,0,0,0,0,0,0,0,0,0,0,0,0,388.0,0,0,377,637.1,6.9,28,46.1,0,512.0,,40422,5157614,542245.2,334.1
1133,young,3802,39,10,441,0,44,2,0,126,1388,366,1698,23343123,593775.7,29038,2.1,42.7,1198.0,5336925,11981.5,1298.4,2143.4,7587.7,7379,0,5374574,4547213,0,0,0,0,0,0,0,0,0,0,0,0,388.0,0,0,377,632.1,6.9,28,46.1,0,512.0,,40451,5162056,542713.2,334.3
1134,full-cycle,11065,178,747,0,0,0,2,0,117,1307,344,136,23359590,594327.6,153920,17.4,17.4,1198.0,5342745,11988.5,1298.8,2145.3,7591.4,7403,0,5380384,4552192,924,5110,2162,127234,33,587,91,0,0,0,2784,0,390.0,11,20,347,677.8,12.2,26,45.6,0,512.0,starved,40522,5167670,543295.7,334.7
1135,young,3620,48,18,926,0,43,2,0,118,1612,358,766,23380016,595010.3,28753,5.4,22.8,1198.0,5348554,11996.0,1299.6,2146.8,7594.6,7449,0,5386221,4557255,0,0,0,0,0,0,0,0,0,0,0,0,396.0,0,0,375,679.2,9.5,26,42.9,0,512.0,,40535,5172955,543718.1,335.1
1136,young,3714,532,10,490,0,13,1,1,76,1514,361,990,23397035,595487.0,27624,2.1,25.0,1198.0,5353124,12005.9,1300.5,2149.0,7599.8,7453,0,5390850,4561074,0,0,0,0,0,0,0,0,0,0,0,0,396.0,0,0,375,671.4,9.5,26,42.6,0,512.0,,40574,5177342,544184.9,335.4
1137,young,3198,170,8,588,0,32,2,0,111,1307,359,899,23414289,595996.6,20548,1.6,26.5,1198.0,5357632,12012.0,1300.7,2150.3,7603.3,7453,0,5395403,4565039,0,0,0,0,0,0,0,0,0,0,0,0,396.0,0,0,375,667.1,9.5,26,42.6,0,512.0,,40605,5181700,544655.2,335.6
1138,young,3214,25,7,445,0,42,1,0,128,1398,359,1100,23434526,596507.2,30644,2.3,28.8,1198.0,5362186,12021.3,1300.9,2151.7,7610.2,7453,0,5400000,4569175,0,0,0,0,0,0,0,0,0,0,0,1,396.0,0,0,375,660.2,9.5,26,42.6,0,512.0,,40637,5186115,545123.9,335.9
1139,young,4160,606,9,615,0,47,2,1,131,1481,364,1156,23449748,597010.5,26823,1.9,30.7,1198.0,5366680,12026.2,1301.0,2153.0,7613.1,7453,0,5404546,4573183,0,0,0,0,0,0,0,0,0,0,0,0,396.0,0,0,375,654.7,9.5,26,42.6,0,512.0,,40668,5190459,545591.6,336.2
1140,young,3584,63,9,399,0,23,2,0,87,1505,362,1407,23472230,597526.7,23255,1.8,32.5,1198.0,5371171,12031.9,1301.2,2154.4,7616.2,7453,0,5409097,4577132,0,0,0,0,0,0,0,0,0,0,0,1,396.0,0,0,375,650.6,9.5,26,42.6,0,512.0,,40700,5194808,546060.2,336.5
1141,young,3527,524,7,181,0,24,2,1,70,1341,363,1310,23488960,598039.4,21335,1.5,34.0,1198.0,5375692,12037.8,1301.4,2156.0,7619.5,7453,0,5413652,4581269,0,0,0,0,0,0,0,0,0,0,0,1,396.0,0,1,374,646.1,9.5,26,42.6,0,512.0,,40732,5199200,546528.9,336.7
1142,young,3113,27,9,231,0,14,1,0,63,1356,360,1348,23504938,598550.9,21167,1.7,35.7,1198.0,5380222,12043.9,1301.6,2157.6,7623.0,7453,0,5418231,4585351,0,0,0,0,0,0,0,0,0,0,0,0,396.0,0,0,375,642.6,9.5,26,42.6,0,512.0,,40763,5203613,546998.8,337.0
1143,young,4325,20,8,531,0,41,2,0,121,1984,361,1557,23519714,599060.3,37920,2.8,38.4,1198.0,5384767,12050.1,1301.8,2158.8,7626.6,7453,0,5422814,4589299,0,0,0,0,0,0,0,0,0,0,0,0,396.0,0,0,375,636.8,9.5,26,42.6,0,512.0,,40793,5208039,547467.9,337.3
1144,young,4086,18,8,383,0,41,2,0,122,1756,359,1686,23535762,599572.9,35830,2.6,41.1,1198.0,5389359,12055.3,1302.5,2160.3,7628.9,7453,0,5427451,4593499,0,0,0,0,0,0,0,0,0,0,0,0,396.0,0,0,375,629.9,9.5,26,42.6,0,512.0,,40822,5212507,547936.6,337.6
1145,young,4309,25,8,383,0,34,2,1,110,1970,364,1694,23550808,600078.5,33050,2.4,43.5,1198.0,5393938,12060.9,1302.7,2162.0,7632.0,7453,0,5432088,4597546,0,0,0,0,0,0,0,0,0,0,0,0,396.0,0,0,375,623.6,9.5,26,42.6,0,512.0,,40856,5216953,548404.7,337.9
1146,full-cycle,14346,28,802,0,0,0,2,0,97,1479,374,120,23566689,600632.2,157293,17.7,17.7,1198.0,5400249,12070.4,1304.8,2163.9,7636.3,7493,0,5438270,4602817,830,8103,2389,123058,24,622,137,0,0,0,2898,1,350.0,9,29,358,704.8,15.4,28,48.3,0,512.0,starved,40945,5222999,549028.5,338.3
1147,young,3028,33,8,413,0,36,2,1,81,1574,380,799,23591501,601335.2,27347,5.1,22.8,1198.0,5405731,12080.9,1306.2,2165.9,7641.7,7517,0,5443766,4606987,0,0,0,0,0,0,0,0,0,0,0,0,350.0,0,0,396,718.3,15.4,28,46.9,0,512.0,,40950,5228012,549450.1,338.6
1148,young,2887,18,7,282,0,41,2,0,116,1466,381,855,23609225,601817.7,28376,2.1,24.9,1198.0,5410242,12089.9,1308.8,2168.1,7645.0,7517,0,5448329,4610894,0,0,0,0,0,0,0,0,0,0,0,0,350.0,0,1,395,711.9,15.4,28,46.9,0,512.0,,40982,5232380,549919.6,338.9
1149,young,3019,25,6,352,0,37,1,0,96,1547,384,864,23626074,602327.6,31186,2.4,27.3,1198.0,5414730,12098.3,1309.9,2169.9,7649.6,7519,0,5452868,4614630,0,0,0,0,0,0,0,0,0,0,0,0,350.0,0,0,396,705.1,15.4,28,46.8,0,512.0,,41014,5236755,550388.9,339.2
1150,young,3336,49,7,146,0,22,2,0,93,2027,385,914,23639688,602832.1,36580,2.7,30.0,1198.0,5419168,12102.7,1310.7,2171.2,7651.2,7519,0,5457353,4618785,0,0,0,0,0,0,0,0,0,0,0,0,350.0,0,0,396,699.1,15.4,28,46.8,0,512.0,,41041,5241091,550857.7,339.4
1151,young,3562,22,9,219,0,417,2,0,130,1568,386,1142,23655599,603345.5,31922,2.4,32.4,1198.0,5423653,12108.0,1310.8,2172.6,7654.4,7519,0,5461890,4622739,0,0,0,0,0,0,0,0,0,0,0,0,350.0,0,0,396,690.8,15.4,28,46.8,0,512.0,,41074,5245486,551340.2,339.8
1152,young,3074,16,13,288,0,26,2,0,82,1466,377,1095,23669951,603852.7,34529,2.9,35.3,1198.0,5428241,12113.6,1310.9,2173.9,7657.8,7519,0,5466520,4626826,0,0,0,0,0,0,0,0,0,0,0,0,350.0,0,0,396,675.9,15.4,28,46.8,0,512.0,,41105,5249988,551817.3,340.2
1153,young,4084,17,7,694,0,30,1,0,105,1664,380,1489,23684947,604352.0,37465,2.7,38.1,1198.0,5432775,12119.0,1311.5,2175.4,7660.5,7519,0,5471106,4630954,0,0,0,0,0,0,0,0,0,0,0,1,350.0,0,0,396,669.8,15.4,28,46.8,0,512.0,,41138,5254410,552285.5,340.4
1154,full-cycle,9794,18,800,0,0,0,2,1,168,1193,374,185,23699895,604877.4,165113,17.9,17.9,1198.0,5438511,12126.6,1311.6,2177.2,7665.3,7542,0,5476908,4635840,818,5531,2037,141308,14,531,106,0,0,0,1342,1,336.0,13,15,375,734.5,22.6,28,49.8,0,512.0,starved,41210,5259947,552855.9,340.8
1155,young,3210,26,7,212,0,39,2,0,113,1872,377,834,23721064,605610.3,37959,5.3,23.2,1198.0,5444326,12136.0,1312.3,2178.8,7671.2,7570,0,5482730,4640357,0,0,0,0,0,0,0,0,0,0,0,0,336.0,0,0,403,723.6,22.6,28,48.1,0,512.0,,41222,5265274,553300.4,341.2
1156,young,3171,103,9,301,0,37,2,0,79,1838,392,742,23733685,606089.2,38037,3.4,26.6,1198.0,5448757,12140.0,1312.5,2180.6,7672.6,7582,0,5487226,4644579,0,0,0,0,0,0,0,0,0,0,0,0,336.0,0,1,402,716.5,22.6,28,47.4,0,512.0,,41260,5269578,553766.5,341.4
1157,young,3101,31,9,309,0,20,1,0,80,1760,392,813,23752746,606598.0,37627,3.2,29.8,1198.0,5453161,12145.7,1312.6,2181.8,7676.0,7592,0,5491709,4648335,0,0,0,0,0,0,0,0,0,0,0,0,336.0,0,0,403,710.4,22.6,28,46.9,0,512.0,,41300,5273866,554230.8,341.7
1158,young,3600,28,9,364,0,31,2,0,107,1845,394,1152,23768754,607107.0,38364,2.8,32.6,1198.0,5457689,12150.8,1312.8,2183.2,7678.8,7592,0,5496296,4652325,0,0,0,0,0,0,0,0,0,0,0,0,336.0,0,0,403,702.6,22.6,28,46.9,0,512.0,,41337,5278266,554697.5,342.0
1159,young,3714,26,9,203,0,33,2,0,116,1988,393,1262,23785091,607615.1,39247,2.9,35.5,1198.0,5462297,12156.1,1313.1,2184.7,7681.5,7592,0,5500960,4656473,0,0,0,0,0,0,0,0,0,0,0,0,336.0,0,0,403,694.7,22.6,28,46.9,0,512.0,,41378,5282694,555163.5,342.3
1160,young,4123,44,7,516,0,34,2,0,103,1955,395,1387,23799234,608121.9,39223,2.9,38.4,1198.0,5466767,12160.8,1313.5,2186.1,7683.6,7592,0,5505478,4660720,0,0,0,0,0,0,0,0,0,0,0,0,336.0,0,0,403,688.9,22.6,28,46.9,0,512.0,,41411,5287039,555632.2,342.6
1161,young,4182,25,8,459,0,19,1,0,81,1941,396,1585,23813296,608628.2,37981,2.8,41.2,1198.0,5471233,12166.0,1313.6,2187.4,7686.6,7592,0,5510013,4664688,0,0,0,0,0,0,0,0,0,0,0,1,336.0,0,1,402,682.4,22.6,28,46.9,0,512.0,,41447,5291399,556098.3,342.8
1162,full-cycle,10292,39,747,0,0,0,2,0,106,1690,373,125,23831691,609184.8,160552,18.3,18.3,1198.0,5477016,12174.5,1313.9,2189.4,7691.9,7608,0,5515679,4669472,786,5230,2211,122346,26,240,120,0,0,0,2002,0,320.0,15,23,370,723.6,8.6,31,55.2,0,512.0,starved,41518,5296951,556685.8,343.2
1163,young,3096,22,9,430,0,35,2,1,119,1672,380,752,23848677,609866.2,30692,4.8,23.1,1198.0,5482325,12179.2,1314.1,2190.9,7694.0,7644,0,5520999,4674308,0,0,0,0,0,0,0,0,0,0,0,0,336.0,0,0,400,738.3,4.9,31,53.1,0,512.0,,41528,5301819,557096.9,343.5
1164,young,2995,27,8,416,0,33,2,0,78,1651,390,695,23861718,610350.1,37115,2.9,26.0,1198.0,5486736,12183.5,1314.3,2192.2,7696.2,7648,0,5525459,4678415,0,0,0,0,0,0,0,0,0,0,0,0,336.0,0,0,400,731.5,4.9,31,52.8,0,512.0,,41553,5306123,557566.7,343.8
1165,young,2986,17,5,136,0,30,2,0,78,1760,390,930,23884217,610858.8,38765,3.2,29.3,1198.0,5491146,12188.9,1314.5,2193.5,7699.6,7656,0,5529932,4682240,0,0,0,0,0,0,0,0,0,0,0,0,336.0,0,0,400,724.9,4.9,31,52.4,0,512.0,,41586,5310410,558034.4,344.1
1166,young,3773,23,8,493,0,36,2,0,96,1851,385,1165,23897716,611368.7,39196,2.9,32.2,1198.0,5495754,12192.9,1314.6,2195.0,7701.1,7656,0,5534579,4686585,0,0,0,0,0,0,0,0,0,0,0,0,336.0,0,0,400,716.6,4.9,31,52.4,0,512.0,,41619,5314855,558503.4,344.4
1167,young,3794,28,9,383,0,21,1,1,73,2023,387,1181,23910561,611875.5,36012,2.6,34.8,1198.0,5500226,12196.7,1314.8,2196.4,7702.7,7656,0,5539097,4690802,0,0,0,0,0,0,0,0,0,0,0,0,336.0,0,0,400,709.7,4.9,31,52.4,0,512.0,,41650,5319215,558972.2,344.6
1168,young,3523,27,7,448,0,36,1,0,94,1582,386,1284,23924245,612383.9,34891,2.8,37.6,1198.0,5504686,12202.7,1315.2,2198.1,7705.9,7660,0,5543622,4694699,0,0,0,0,0,0,0,0,0,0,0,0,336.0,0,0,400,704.5,4.9,31,52.1,0,512.0,,41689,5323547,559440.4,344.9
1169,young,3871,23,7,337,0,44,1,0,117,1880,386,1361,23939142,612893.3,37262,3.0,40.6,1198.0,5509160,12207.4,1315.4,2199.4,7708.5,7666,0,5548143,4698784,0,0,0,0,0,0,0,0,0,0,0,0,336.0,0,0,400,697.5,4.9,31,51.8,0,512.0,,41717,5327909,559907.8,345.2
1170,young,3906,43,9,319,0,33,2,0,110,1796,386,1541,23955078,613400.9,37216,2.7,43.3,1198.0,5513657,12213.9,1315.5,2201.4,7712.3,7666,0,5552687,4702775,0,0,0,0,0,0,0,0,0,0,0,0,336.0,0,0,400,692.4,4.9,31,51.8,0,512.0,,41750,5332266,560376.9,345.5
1171,young,4566,22,8,644,0,45,2,1,139,2007,387,1617,23969353,613910.6,38929,2.9,46.2,1198.0,5518161,12222.8,1319.8,2202.6,7714.9,7666,0,5557244,4706907,0,0,0,0,0,0,0,0,0,0,0,0,336.0,0,0,400,686.4,4.9,31,51.8,0,512.0,,41778,5336645,560845.1,345.7
1172,full-cycle,9111,26,996,0,0,0,2,1,121,1337,375,142,23985044,614432.6,161923,18.0,18.0,1198.0,5523565,12230.0,1320.0,2204.3,7719.4,7700,0,5562675,4711575,1021,4384,2067,135859,152,348,79,0,0,0,1546,0,348.0,7,14,374,733.5,11.0,30,52.8,0,512.0,starved,41849,5341849,561390.8,346.1
1173,young,3491,152,9,473,0,30,2,0,97,1903,373,751,24004140,615138.9,36060,5.9,23.9,1198.0,5529374,12236.8,1320.3,2205.9,7723.4,7734,0,5568529,4716430,0,0,0,0,0,0,0,0,0,0,0,0,352.0,0,0,393,718.0,8.1,30,50.8,0,512.0,,41865,5347138,561832.9,346.4
1174,young,3034,95,7,241,0,21,1,0,104,1742,374,760,24020978,615619.4,30793,2.4,26.3,1198.0,5533875,12240.1,1320.5,2207.2,7724.6,7736,0,5573077,4720693,0,0,0,0,0,0,0,0,0,0,0,0,352.0,0,0,393,711.7,8.1,30,50.7,0,512.0,,41895,5351495,562301.6,346.7
1175,young,3266,22,9,375,0,39,2,0,115,1657,377,1001,24035614,616128.0,34230,2.7,29.0,1198.0,5538334,12246.2,1320.7,2208.5,7728.3,7740,0,5577589,4724702,0,0,0,0,0,0,0,0,0,0,0,0,352.0,0,0,393,705.3,8.1,30,50.5,0,512.0,,41935,5355821,562769.4,347.0
1176,young,3540,25,10,287,0,28,1,0,120,1903,380,1097,24055847,616635.9,38471,2.9,32.0,1198.0,5542764,12252.1,1320.8,2209.9,7731.8,7742,0,5582063,4728489,0,0,0,0,0,0,0,0,0,0,0,0,352.0,0,0,393,698.8,8.1,30,50.3,0,512.0,,41971,5360138,563238.4,347.3
1177,young,3667,110,8,384,0,36,2,0,110,1747,387,1202,24080450,617144.8,35257,2.7,34.6,1198.0,5547201,12259.3,1321.7,2211.5,7735.9,7744,0,5586580,4732306,0,0,0,0,0,0,0,0,0,0,0,0,352.0,0,0,393,692.7,8.1,30,50.2,0,512.0,,42014,5364451,563703.0,347.5
1178,young,3509,150,7,347,0,38,2,0,82,1598,388,1229,24096070,617653.9,32486,2.4,37.0,1198.0,5551661,12264.2,1321.9,2212.9,7738.6,7744,0,5591093,4736352,0,0,0,0,0,0,0,0,0,0,0,0,352.0,0,0,393,685.8,8.1,30,50.2,0,512.0,,42045,5368804,564172.3,347.8
1179,young,3720,242,12,274,0,36,2,0,119,1567,388,1399,24122234,618127.5,28791,2.4,39.4,1198.0,5556195,12271.2,1323.0,2214.6,7742.0,7750,0,5595677,4740471,0,0,0,0,0,0,0,0,0,0,0,1,352.0,0,0,393,679.4,8.1,30,49.9,0,512.0,,42084,5373188,564638.7,348.1
1180,young,3365,323,6,396,0,25,1,0,85,1131,389,1283,24150266,618571.7,19765,1.4,40.8,1198.0,5560701,12281.5,1324.6,2216.7,7747.6,7750,0,5600252,4744146,0,0,0,0,0,0,0,0,0,0,0,0,352.0,0,1,392,674.0,8.1,30,49.9,0,512.0,,42126,5377558,565104.2,348.4
1181,young,3892,160,6,512,0,49,2,0,128,1168,384,1749,24173715,619182.6,22940,1.7,42.5,1198.0,5565238,12289.7,1324.7,2218.1,7753.2,7750,0,5604840,4747704,0,0,0,0,0,0,0,0,0,0,0,0,352.0,0,0,393,669.4,8.1,30,49.9,0,512.0,,42159,5381972,565573.0,348.6
1182,full-cycle,12556,26,860,0,0,0,1,0,92,1886,377,109,24191219,619732.2,154565,17.9,17.9,1198.0,5571623,12298.9,1325.0,2220.1,7758.8,7768,0,5611262,4753042,886,7241,2779,112424,84,572,120,0,0,0,1537,0,344.0,8,28,360,710.3,13.1,31,55.1,0,512.0,starved,42250,5388128,566216.8,349.0
1183,young,3059,97,7,517,0,35,2,0,107,1525,377,622,24216597,620453.4,25095,5.7,23.6,1198.0,5577262,12305.6,1325.2,2221.9,7762.5,7830,0,5616933,4757680,0,0,0,0,0,0,0,0,0,0,0,0,344.0,0,0,396,718.3,13.1,31,51.4,0,512.0,,42267,5393243,566637.2,349.4
1184,young,2835,312,7,343,0,22,2,0,80,1256,380,747,24229779,620922.1,25076,1.9,25.5,1198.0,5581807,12310.4,1325.6,2224.3,7763.7,7832,0,5621537,4762022,0,0,0,0,0,0,0,0,0,0,0,0,344.0,0,0,396,711.1,13.1,31,51.3,0,512.0,,42310,5397634,567104.3,349.7
1185,young,2727,39,6,332,0,43,1,1,119,1214,381,902,24245229,621435.4,23034,1.7,27.2,1198.0,5586263,12317.2,1325.7,2225.8,7767.8,7832,0,5626047,4766003,0,0,0,0,0,0,0,0,0,0,0,0,344.0,0,0,396,705.7,13.1,31,51.3,0,512.0,,42349,5401966,567571.9,350.0
1186,young,2835,24,9,327,0,22,1,1,78,1375,381,914,24259239,621947.4,29514,2.2,29.5,1198.0,5590724,12322.8,1325.9,2227.1,7771.3,7832,0,5630552,4770047,0,0,0,0,0,0,0,0,0,0,0,0,344.0,0,0,396,700.3,13.1,31,51.3,0,512.0,,42382,5406313,568040.9,350.2
1187,young,3334,42,8,426,0,21,2,0,72,1767,389,938,24272280,622457.3,37881,2.8,32.3,1198.0,5595190,12326.9,1326.0,2228.4,7773.3,7832,0,5635079,4774154,0,0,0,0,0,0,0,0,0,0,0,0,344.0,0,0,396,693.8,13.1,31,51.3,0,512.0,,42415,5410664,568507.8,350.5
1188,young,3407,54,9,412,0,26,2,0,95,1684,391,1066,24293098,622966.6,35406,2.6,34.8,1198.0,5599653,12331.4,1326.2,2229.8,7775.5,7832,0,5639602,4778212,0,0,0,0,0,0,0,0,0,0,0,0,344.0,0,0,396,687.5,13.1,31,51.3,0,512.0,,42453,5415000,568974.9,350.8
1189,young,3419,163,8,402,0,26,1,0,74,1528,392,1138,24306468,623476.5,27652,2.0,36.8,1198.0,5604125,12336.2,1326.3,2231.4,7777.9,7832,0,5644123,4782254,0,0,0,0,0,0,0,0,0,0,0,0,344.0,0,0,396,682.4,13.1,31,51.3,0,512.0,,42487,5419352,569442.4,351.1
1190,young,3556,33,10,311,0,33,1,1,78,1696,389,1308,24320495,623977.1,27282,2.0,38.9,1198.0,5608620,12342.4,1326.5,2232.8,7781.8,7832,0,5648669,4786180,0,0,0,0,0,0,0,0,0,0,0,0,344.0,0,0,396,677.6,13.1,31,51.3,0,512.0,,42524,5423719,569910.8,351.3
1191,full-cycle,8689,22,725,0,0,0,2,0,63,1021,367,80,24336071,624511.9,159828,18.3,18.3,1198.0,5614149,12349.3,1327.0,2234.5,7785.6,7870,0,5654244,4791014,746,5291,1509,127366,19,296,85,0,0,0,1067,1,346.0,11,11,369,724.2,16.6,35,61.8,0,512.0,starved,42607,5429030,570469.4,351.7
1192,young,3111,23,8,472,0,15,1,0,71,1774,370,686,24355274,625204.8,37834,5.7,24.0,1198.0,5620144,12356.1,1327.2,2236.2,7789.4,7892,0,5660252,4795845,0,0,0,0,0,0,0,0,0,0,0,0,348.0,0,0,390,704.1,15.7,35,60.5,0,512.0,,42614,5434500,570919.3,352.1
1193,young,4296,455,8,854,0,23,2,1,87,1806,385,950,24369022,625681.6,35891,2.8,26.8,1198.0,5624655,12362.9,1327.4,2237.6,7793.9,7896,0,5664805,4799766,0,0,0,0,0,0,0,0,0,0,0,0,348.0,0,0,390,697.3,15.7,35,60.3,0,512.0,,42646,5438883,571388.8,352.3
1194,young,3179,39,27,417,0,19,2,0,64,1569,382,941,24383677,626181.7,33851,3.1,29.9,1198.0,5629113,12369.3,1327.5,2239.0,7798.1,7908,0,5669327,4803730,0,0,0,0,0,0,0,0,0,0,0,0,348.0,0,0,390,690.5,15.7,35,59.6,0,512.0,,42685,5443223,571854.2,352.6
1195,young,3236,52,10,422,0,34,1,0,108,1537,377,1016,24397381,626695.7,35903,2.9,32.8,1198.0,5633631,12374.7,1327.7,2240.3,7801.2,7914,0,5673909,4807742,0,0,0,0,0,0,0,0,0,0,0,0,348.0,0,2,388,682.6,15.7,35,59.2,0,512.0,,42723,5447621,572321.4,352.9
1196,young,3570,26,9,634,0,36,2,0,81,1658,377,1051,24411546,627203.9,34520,2.5,35.3,1198.0,5638116,12380.4,1327.8,2241.8,7804.5,7914,0,5678439,4811710,0,0,0,0,0,0,0,0,0,0,0,0,348.0,0,0,390,677.6,15.7,35,59.2,0,512.0,,42752,5451996,572788.9,353.2
1197,young,3409,36,9,537,0,29,1,0,80,1574,380,1076,24426628,627711.4,34824,2.6,37.9,1198.0,5642597,12386.5,1328.0,2243.1,7808.5,7914,0,5682962,4815550,0,0,0,0,0,0,0,0,0,0,0,0,348.0,0,0,390,671.9,15.7,35,59.2,0,512.0,,42785,5456361,573258.2,353.4
1198,full-cycle,8826,31,744,0,0,0,2,0,116,1330,365,135,24447945,628227.1,163444,18.6,18.6,1198.0,5648089,12392.1,1328.2,2244.7,7811.4,7938,0,5688519,4820567,774,5370,1705,136536,20,144,69,0,0,0,929,0,362.0,7,8,375,735.4,11.7,28,49.0,0,512.0,starved,42854,5461636,573816.4,353.8
1199,young,2839,30,8,226,0,16,2,0,77,1704,369,715,24467253,628950.6,36538,5.0,23.6,1198.0,5654071,12398.3,1328.4,2246.3,7814.9,7964,0,5694517,4825528,0,0,0,0,0,0,0,0,0,0,0,0,362.0,0,0,390,708.7,11.7,28,47.4,0,512.0,,42867,5467108,574273.6,354.2
1200,young,3110,81,9,364,0,22,2,0,87,1727,380,756,24482450,629428.7,35118,3.1,26.7,1198.0,5658496,12403.1,1329.4,2247.8,7816.2,7974,0,5698990,4829806,0,0,0,0,0,0,0,0,0,0,0,0,362.0,0,0,390,702.3,11.7,28,46.9,0,512.0,,42900,5471415,574742.4,354.4
1201,young,3362,24,9,510,0,21,2,0,61,1849,380,832,24495688,629936.4,37623,2.8,29.4,1198.0,5663044,12407.4,1329.6,2249.1,7818.3,7974,0,5703597,4834004,0,0,0,0,0,0,0,0,0,0,0,0,362.0,0,1,389,694.3,11.7,28,46.9,0,512.0,,42937,5475813,575210.4,354.7
1202,young,3157,35,10,238,0,29,2,0,82,1682,378,1020,24511320,630442.0,32545,2.4,31.8,1198.0,5667491,12412.3,1329.7,2250.4,7821.1,7974,0,5708096,4837955,0,0,0,0,0,0,0,0,0,0,0,0,362.0,0,0,390,689.1,11.7,28,46.9,0,512.0,,42966,5480148,575677.8,355.0
1203,young,3313,38,8,616,0,22,1,1,82,1483,375,997,24525139,630953.3,32239,2.5,34.3,1198.0,5671995,12416.6,1329.9,2251.7,7823.2,7976,0,5712636,4842114,0,0,0,0,0,0,0,0,0,0,0,0,362.0,0,0,390,683.5,11.7,28,46.7,0,512.0,,42996,5484538,576147.2,355.3
1204,young,3763,28,7,491,0,34,2,1,110,1558,379,1407,24539532,631464.0,33147,2.4,36.7,1198.0,5676488,12422.7,1330.1,2253.0,7826.5,7976,0,5717176,4846120,0,0,0,0,0,0,0,0,0,0,0,0,362.0,0,0,390,677.5,11.7,28,46.7,0,512.0,,43028,5488910,576615.1,355.5
1205,young,3622,164,8,457,0,47,2,0,124,1418,381,1319,24556865,631974.8,30377,2.3,39.0,1198.0,5680984,12429.5,1330.9,2254.8,7830.2,7976,0,5721726,4850106,0,0,0,0,0,0,0,0,0,0,0,0,362.0,0,1,389,672.2,11.7,28,46.7,0,512.0,,43062,5493293,577083.7,355.8
1206,young,4861,26,11,446,0,44,2,0,143,2072,381,2063,24572830,632485.1,31211,2.2,41.2,1198.0,5685530,12433.7,1331.0,2256.3,7832.1,7976,0,5726322,4854290,0,0,0,0,0,0,0,0,0,0,0,0,362.0,0,0,390,667.1,11.7,28,46.7,0,512.0,,43091,5497692,577549.6,356.1
1207,young,5273,984,10,398,0,18,1,0,90,1615,381,2086,24589751,632996.1,14162,1.0,42.2,1198.0,5690076,12440.1,1331.1,2258.0,7835.8,7976,0,5730902,4858349,0,0,0,0,0,0,0,0,0,0,0,0,362.0,0,0,390,663.9,11.7,28,46.7,0,512.0,,43121,5502074,578018.7,356.4
1208,young,3587,186,17,584,0,13,2,0,59,1011,382,1572,24604389,633509.2,12792,1.3,43.5,1198.0,5694583,12446.0,1331.8,2259.6,7839.0,7982,0,5735482,4862464,0,0,0,0,0,0,0,0,0,0,0,0,362.0,0,0,390,660.4,11.7,28,46.4,0,512.0,,43158,5506445,578485.2,356.7
1209,full-cycle,10869,25,856,0,0,0,2,0,98,1603,364,118,24618151,634020.2,166020,18.6,18.6,1198.0,5700232,12452.3,1332.8,2261.5,7841.5,8016,0,5741182,4867688,881,6467,2281,133233,99,372,79,0,0,0,1140,0,360.0,11,8,373,731.0,19.0,27,46.9,0,512.0,starved,43242,5511879,579061.3,357.0
1210,young,3212,21,8,599,0,20,2,0,66,1740,369,683,24638236,634754.6,38422,5.6,24.2,1198.0,5706259,12459.1,1333.0,2263.3,7845.5,8046,0,5747229,4872865,0,0,0,0,0,0,0,0,0,0,0,0,362.0,0,0,391,703.5,18.0,27,45.1,0,512.0,,43256,5517395,579518.1,357.4
1211,young,3623,27,8,673,0,27,2,1,99,1736,387,975,24651479,635233.0,33854,2.5,26.7,1198.0,5710745,12464.4,1333.2,2264.6,7848.6,8048,0,5751759,4876852,0,0,0,0,0,0,0,0,0,0,0,0,362.0,0,1,390,695.4,18.0,27,45.0,0,512.0,,43287,5521764,579987.6,357.7
1212,young,3255,23,7,485,0,22,2,0,84,1685,387,879,24666389,635742.3,30837,2.4,29.1,1198.0,5715260,12470.1,1333.6,2266.1,7851.7,8050,0,5756322,4880902,0,0,0,0,0,0,0,0,0,0,0,0,362.0,0,0,391,689.5,18.0,27,44.9,0,512.0,,43315,5526157,580456.8,358.0
1213,young,2983,46,9,530,0,37,1,1,100,1318,386,842,24682728,636251.2,28075,2.1,31.2,1198.0,5719827,12474.8,1333.8,2267.5,7854.2,8052,0,5760936,4885198,0,0,0,0,0,0,0,0,0,0,0,0,362.0,0,0,391,682.7,18.0,27,44.8,0,512.0,,43348,5530579,580924.3,358.2
1214,young,2985,55,7,632,0,18,2,0,69,1129,386,996,24700443,636754.0,19083,1.4,32.6,1198.0,5724318,12480.7,1333.9,2269.0,7857.7,8052,0,5765484,4889020,0,0,0,0,0,0,0,0,0,0,0,0,362.0,0,0,391,677.7,18.0,27,44.8,0,512.0,,43381,5534939,581392.6,358.5
1215,young,3161,94,8,278,0,42,2,0,118,1432,383,1103,24719222,637269.8,24982,1.9,34.6,1198.0,5728818,12487.3,1334.0,2270.5,7861.6,8052,0,5770034,4893065,0,0,0,0,0,0,0,0,0,0,0,0,362.0,0,1,390,672.0,18.0,27,44.8,0,512.0,,43415,5539317,581862.9,358.8
1216,young,3754,56,9,352,0,31,2,0,103,1941,382,1186,24731648,637780.1,36460,2.7,37.2,1198.0,5733328,12491.4,1334.2,2271.8,7863.6,8052,0,5774583,4897184,0,0,0,0,0,0,0,0,0,0,0,0,362.0,0,0,391,666.2,18.0,27,44.8,0,512.0,,43441,5543732,582332.1,359.1
1217,young,3806,16,7,228,0,39,1,0,113,1925,380,1422,24745359,638288.0,37552,2.8,40.0,1198.0,5737855,12496.7,1334.3,2273.2,7866.6,8052,0,5779158,4901169,0,0,0,0,0,0,0,0,0,0,0,0,362.0,0,0,391,660.3,18.0,27,44.8,0,512.0,,43473,5548146,582801.2,359.4
1218,full-cycle,9203,39,957,0,0,0,2,0,99,1324,374,117,24759789,638803.7,159897,17.5,17.5,1198.0,5743267,12502.4,1335.1,2274.9,7869.3,8082,0,5784608,4906121,996,5352,1716,132608,23,184,60,0,0,0,1053,0,336.0,11,8,379,740.4,18.6,33,59.4,0,512.0,starved,43537,5553382,583351.7,359.7
1219,young,3240,25,8,586,0,32,2,0,99,1591,376,820,24780354,639502.6,36804,5.6,23.1,1198.0,5749316,12509.6,1335.3,2276.4,7873.9,8112,0,5790674,4910878,0,0,0,0,0,0,0,0,0,0,0,0,338.0,0,0,397,715.5,17.6,33,57.6,0,512.0,,43555,5558886,583804.1,360.1
1220,young,3040,24,9,315,0,29,2,0,90,1702,383,806,24795291,639981.8,36602,2.9,26.0,1198.0,5753814,12516.1,1335.5,2277.9,7877.8,8116,0,5795229,4914807,0,0,0,0,0,0,0,0,0,0,0,1,338.0,0,0,397,708.1,17.6,33,57.4,0,512.0,,43588,5563258,584272.2,360.3
1221,young,3318,173,7,423,0,19,2,0,82,1447,381,1056,24809582,640490.4,33310,2.5,28.5,1198.0,5758298,12522.1,1336.1,2279.3,7881.2,8118,0,5799762,4918776,0,0,0,0,0,0,0,0,0,0,0,0,338.0,0,0,397,701.5,17.6,33,57.3,0,512.0,,43619,5567619,584740.2,360.6
1222,young,3918,44,10,542,0,38,2,0,123,1778,383,1268,24823613,640997.9,31616,2.3,30.8,1198.0,5762776,12528.4,1337.1,2280.9,7884.2,8118,0,5804284,4922719,0,0,0,0,0,0,0,0,0,0,0,0,338.0,0,0,397,695.7,17.6,33,57.3,0,512.0,,43652,5571971,585209.1,360.9
1223,young,3364,34,9,583,0,21,2,0,82,1442,382,1076,24842481,641506.3,29993,2.8,33.7,1198.0,5767254,12535.4,1337.2,2282.3,7888.7,8132,0,5808826,4926530,0,0,0,0,0,0,0,0,0,0,0,0,338.0,0,0,397,690.2,17.6,33,56.5,0,512.0,,43692,5576303,585674.8,361.2
1224,young,3353,240,43,316,0,38,2,0,104,1389,383,1155,24858406,642014.8,26987,2.0,35.7,1198.0,5771741,12551.3,1347.1,2283.6,7892.4,8132,0,5813385,4930469,0,0,0,0,0,0,0,0,0,0,0,0,338.0,0,0,397,686.1,17.6,33,56.5,0,512.0,,43734,5580655,586140.6,361.5
1225,young,3812,24,10,301,0,34,2,0,106,1853,383,1421,24872454,642527.0,35894,2.7,38.3,1198.0,5776246,12556.6,1347.3,2284.9,7895.6,8132,0,5817938,4934406,0,0,0,0,0,0,0,0,0,0,0,0,338.0,0,0,397,680.2,17.6,33,56.5,0,512.0,,43767,5585044,586608.2,361.7
1226,full-cycle,9468,47,772,0,0,0,2,1,126,1380,377,144,24888172,643041.0,158889,18.1,18.1,1198.0,5781816,12563.3,1347.5,2286.6,7899.5,8166,0,5823549,4939459,819,5746,1880,130658,19,266,64,0,0,0,951,0,332.0,11,7,384,751.4,18.0,31,54.4,0,512.0,starved,43840,5590409,587176.2,362.1
1227,young,3269,103,8,528,0,39,2,1,122,1577,382,802,24911603,643774.7,33148,5.3,23.4,1198.0,5787801,12569.2,1347.7,2289.0,7902.1,8192,0,5829567,4944918,0,0,0,0,0,0,0,0,0,0,0,0,332.0,0,0,402,726.5,18.0,31,52.9,0,512.0,,43855,5595891,587629.6,362.5
1228,young,3374,24,9,714,0,36,2,0,93,1609,392,813,24926431,644246.1,30584,3.2,26.6,1198.0,5792281,12579.9,1353.6,2290.3,7904.9,8210,0,5834115,4948950,0,0,0,0,0,0,0,0,0,0,0,1,332.0,0,0,402,720.1,18.0,31,51.9,0,512.0,,43895,5600204,588095.3,362.7
1229,young,3662,22,9,514,0,44,2,0,121,1910,396,950,24940874,644758.7,37980,2.9,29.4,1198.0,5796726,12583.4,1353.7,2291.8,7906.2,8212,0,5838604,4953163,0,0,0,0,0,0,0,0,0,0,0,0,332.0,0,0,402,713.6,18.0,31,51.7,0,512.0,,43927,5604526,588563.8,363.0
1230,young,3707,63,9,224,0,43,2,1,127,1869,393,1254,24970958,645267.0,38099,2.9,32.3,1198.0,5801281,12594.1,1353.8,2293.4,7914.5,8214,0,5843227,4956883,0,0,0,0,0,0,0,0,0,0,0,0,332.0,0,0,402,705.7,18.0,31,51.6,0,512.0,,43968,5608900,589029.3,363.3
1231,young,3969,23,9,345,0,36,2,0,108,2014,391,1352,24988424,645770.9,39564,2.9,35.2,1198.0,5805755,12600.7,1354.1,2295.4,7918.1,8214,0,5847755,4960832,0,0,0,0,0,0,0,0,0,0,0,0,332.0,0,0,402,698.2,18.0,31,51.6,0,512.0,,44000,5613244,589497.9,363.6
1232,young,4236,28,7,472,0,40,2,0,121,2043,393,1451,25004585,646282.0,37696,2.8,38.0,1198.0,5810217,12605.8,1354.4,2297.0,7920.7,8214,0,5852267,4964847,0,0,0,0,0,0,0,0,0,0,0,0,332.0,0,1,401,692.2,18.0,31,51.6,0,512.0,,44034,5617592,589967.3,363.8
1233,young,4685,90,9,752,0,51,2,0,130,1965,392,1565,25018772,646791.9,35371,2.6,40.6,1198.0,5814684,12610.8,1354.5,2299.0,7922.7,8214,0,5856775,4968993,0,0,0,0,0,0,0,0,0,0,0,0,332.0,0,0,402,686.7,18.0,31,51.6,0,512.0,,44062,5621934,590436.7,364.1
1234,full-cycle,9759,160,824,0,0,0,2,0,127,1219,368,150,25040093,647336.7,152999,17.6,17.6,1198.0,5819996,12621.7,1356.1,2301.3,7929.0,8220,0,5861949,4973144,984,5471,1763,129780,27,254,104,0,0,0,1476,0,326.0,18,15,373,729.3,10.1,30,53.9,0,512.0,starved,44133,5627037,590986.3,364.5
1235,young,2699,24,8,323,0,27,2,0,111,1426,375,703,25070643,648007.7,21194,4.5,22.1,1198.0,5825351,12627.4,1356.7,2303.5,7931.0,8272,0,5867337,4978009,0,0,0,0,0,0,0,0,0,0,0,0,354.0,0,0,392,728.1,2.9,30,50.9,0,512.0,,44148,5631942,591405.9,364.8
1236,young,3181,23,11,308,0,14,1,1,72,1968,376,738,25084700,648495.6,39151,3.1,25.2,1198.0,5829875,12631.7,1356.9,2304.8,7933.2,8276,0,5871914,4982183,0,0,0,0,0,0,0,0,0,0,0,1,354.0,0,0,392,720.2,2.9,30,50.6,0,512.0,,44181,5636326,591873.8,365.1
1237,young,3152,29,8,544,0,18,1,0,74,1545,379,819,25100270,649005.1,33505,2.4,27.6,1198.0,5834346,12635.4,1357.1,2306.2,7934.7,8276,0,5876443,4986392,0,0,0,0,0,0,0,0,0,0,0,0,354.0,0,0,392,713.4,2.9,30,50.6,0,512.0,,44214,5640653,592341.7,365.3
1238,young,3285,37,9,695,0,38,2,1,114,1347,377,980,25115549,649513.8,26632,2.1,29.7,1198.0,5838792,12640.5,1357.2,2307.6,7937.5,8278,0,5880927,4990348,0,0,0,0,0,0,0,0,0,0,0,0,354.0,0,0,392,708.8,2.9,30,50.5,0,512.0,,44247,5644981,592811.7,365.6
1239,young,4271,279,10,656,0,42,2,1,131,1671,377,1380,25131528,650024.0,32302,2.4,32.1,1198.0,5843263,12647.2,1357.8,2309.1,7941.2,8278,0,5885436,4994308,0,0,0,0,0,0,0,0,0,0,0,0,354.0,0,0,392,703.1,2.9,30,50.5,0,512.0,,44275,5649330,593282.4,365.9
1240,young,3967,46,7,542,0,21,1,0,92,1857,380,1318,25145192,650528.4,32867,2.4,34.5,1198.0,5847734,12651.0,1357.9,2310.5,7942.7,8278,0,5889951,4998527,0,0,0,0,0,0,0,0,0,0,0,0,354.0,0,0,392,696.6,2.9,30,50.5,0,512.0,,44305,5653673,593751.1,366.2
1241,young,3502,42,8,303,0,38,2,0,118,1567,383,1365,25160468,651042.0,28453,2.1,36.6,1198.0,5852193,12658.0,1358.1,2312.1,7947.1,8278,0,5894463,5002435,0,0,0,0,0,0,0,0,0,0,0,0,354.0,0,0,392,690.7,2.9,30,50.5,0,512.0,,44339,5658013,594220.3,366.4
1242,young,3946,94,8,600,0,20,2,0,70,1548,384,1483,25175264,651551.5,28459,2.1,38.6,1198.0,5856732,12665.9,1360.4,2315.0,7949.1,8278,0,5899047,5006651,0,0,0,0,0,0,0,0,0,0,0,0,354.0,0,0,392,685.1,2.9,30,50.5,0,512.0,,44368,5662429,594688.6,366.7
1243,young,3802,90,8,295,0,41,2,0,125,1736,384,1403,25191909,652060.6,29086,2.2,40.8,1198.0,5861211,12674.7,1361.0,2316.8,7954.3,8278,0,5903574,5010646,0,0,0,0,0,0,0,0,0,0,0,0,354.0,0,0,392,680.4,2.9,30,50.5,0,512.0,,44400,5666782,595157.6,367.0
1244,young,4418,293,8,541,0,47,2,0,104,1684,386,1678,25206679,652567.7,35854,2.6,43.4,1198.0,5865718,12680.5,1361.2,2318.4,7957.4,8278,0,5908133,5014825,0,0,0,0,0,0,0,0,0,0,0,0,354.0,0,0,392,674.8,2.9,30,50.5,0,512.0,,44433,5671149,595626.1,367.3
1245,young,4182,150,8,626,0,38,2,0,117,1508,386,1608,25222891,653079.2,27180,2.0,45.4,1198.0,5870236,12686.8,1361.4,2319.9,7961.2,8278,0,5912702,5018763,0,0,0,0,0,0,0,0,0,0,0,0,354.0,0,0,392,670.0,2.9,30,50.5,0,512.0,,44463,5675535,596093.9,367.6
1246,full-cycle,8868,78,959,0,0,0,2,0,158,1442,362,179,25243838,653594.6,155718,17.2,17.2,1198.0,5875613,12694.0,1361.6,2321.6,7965.3,8310,0,5918124,5023712,1036,5122,1814,134810,15,139,32,0,0,0,860,0,372.0,7,5,373,727.6,11.2,28,49.4,0,512.0,starved,44536,5680707,596639.5,367.9
1247,young,2635,27,8,406,0,24,1,0,85,1382,373,611,25274020,654305.7,30685,5.9,23.1,1198.0,5881535,12714.7,1372.7,2325.7,7970.0,8356,0,5924083,5028970,0,0,0,0,0,0,0,0,0,0,0,0,372.0,0,0,385,700.4,11.2,28,46.7,0,512.0,,44560,5686114,597094.0,368.3
1248,young,2877,53,8,365,0,36,2,0,91,1436,381,801,25288422,654780.7,24256,1.8,25.0,1198.0,5885983,12720.4,1372.9,2326.9,7972.7,8356,0,5928599,5033140,0,0,0,0,0,0,0,0,0,0,0,0,372.0,0,0,385,695.6,11.2,28,46.7,0,512.0,,44598,5690443,597563.2,368.5
1249,young,2852,34,8,367,0,32,1,0,113,1398,383,769,25314072,655293.7,26583,2.2,27.2,1198.0,5890593,12727.0,1373.2,2328.9,7976.0,8362,0,5933271,5037116,0,0,0,0,0,0,0,0,0,0,0,0,372.0,0,1,384,687.1,11.2,28,46.4,0,512.0,,44641,5694868,598028.2,368.8
1250,young,3108,386,9,318,0,24,2,0,95,1174,385,981,25333061,655801.3,23495,1.8,29.0,1198.0,5895055,12736.2,1373.5,2330.6,7982.6,8362,0,5937787,5040914,0,0,0,0,0,0,0,0,0,0,0,0,372.0,0,0,385,682.3,11.2,28,46.4,0,512.0,,44680,5699196,598496.0,369.1
1251,young,3099,20,8,225,0,32,2,0,108,1682,384,915,25347516,656304.5,34103,2.5,31.5,1198.0,5899512,12742.3,1373.6,2332.1,7986.5,8362,0,5942313,5044699,0,0,0,0,0,0,0,0,0,0,0,0,372.0,0,0,385,676.8,11.2,28,46.4,0,512.0,,44719,5703520,598963.3,369.4
1252,young,3535,41,7,277,0,42,2,0,127,1577,385,1388,25362278,656822.5,29705,2.1,33.6,1198.0,5903982,12747.8,1373.9,2333.7,7989.3,8362,0,5946842,5048741,0,0,0,0,0,0,0,0,0,0,0,1,372.0,0,0,385,671.2,11.2,28,46.4,0,512.0,,44761,5707843,599429.3,369.7
1253,young,3443,22,6,575,0,17,1,0,74,1482,384,1227,25377194,657333.1,27752,2.1,35.7,1198.0,5908463,12754.0,1374.1,2335.2,7993.2,8362,0,5951375,5052671,0,0,0,0,0,0,0,0,0,0,0,0,372.0,0,0,385,667.0,11.2,28,46.4,0,512.0,,44793,5712191,599898.1,369.9
1254,young,3800,17,7,277,0,27,2,0,96,1960,382,1320,25393851,657844.9,38686,2.8,38.6,1198.0,5912961,12761.0,1374.2,2336.5,7998.0,8362,0,5955932,5056530,0,0,0,0,0,0,0,0,0,0,0,0,372.0,0,0,385,661.0,11.2,28,46.4,0,512.0,,44829,5716568,600364.7,370.2
1255,young,4125,22,9,299,0,41,2,0,114,2034,380,1550,25407000,658352.7,38561,2.8,41.4,1198.0,5917480,12765.1,1374.4,2338.0,7999.7,8362,0,5960505,5060724,0,0,0,0,0,0,0,0,0,0,0,0,372.0,0,0,385,654.1,11.2,28,46.4,0,512.0,,44861,5720987,600832.4,370.5
1256,young,4047,44,7,510,0,22,2,0,90,1810,383,1465,25420160,658863.0,32453,2.3,43.7,1198.0,5921990,12770.5,1374.5,2339.4,8002.7,8362,0,5965069,5064829,0,0,0,0,0,0,0,0,0,0,0,0,372.0,0,2,383,648.2,11.2,28,46.4,0,512.0,,44894,5725382,601300.5,370.8
1257,full-cycle,9752,25,729,0,0,0,2,0,90,1357,364,106,25435010,659402.8,163802,18.7,18.7,1198.0,5927759,12778.1,1374.7,2341.3,8007.2,8396,0,5970890,5069747,754,5333,1898,131499,19,291,119,0,0,0,1698,0,368.0,11,22,355,698.7,18.6,27,46.2,0,512.0,starved,44973,5730963,601884.0,371.1
1258,young,3245,26,7,469,0,33,1,0,107,1708,364,839,25453467,660097.1,38875,5.8,24.5,1198.0,5933702,12785.1,1375.0,2342.8,8011.4,8424,0,5976840,5074656,0,0,0,0,0,0,0,0,0,0,0,0,368.0,0,0,388,692.8,18.6,27,44.6,0,512.0,,44982,5736354,602315.3,371.5
1259,young,3475,34,12,453,0,31,2,0,103,1880,379,898,25466227,660567.8,36174,2.7,27.2,1198.0,5938188,12790.5,1375.2,2344.0,8014.7,8426,0,5981378,5078640,0,0,0,0,0,0,0,0,0,0,0,0,368.0,0,0,388,685.5,18.6,27,44.5,0,512.0,,45013,5740732,602783.2,371.8
1260,young,3122,26,9,184,0,30,2,0,90,1627,382,1089,25482307,661078.7,31575,3.0,30.2,1198.0,5942643,12794.0,1375.3,2345.2,8016.1,8440,0,5985898,5082822,0,0,0,0,0,0,0,0,0,0,0,1,368.0,0,0,388,679.8,18.6,27,43.7,0,512.0,,45054,5745062,603247.7,372.0
1261,young,3655,388,8,418,0,23,2,1,93,1406,387,1236,25514542,661466.5,23435,1.9,32.1,1198.0,5947220,12804.7,1375.8,2347.1,8023.4,8444,0,5990539,5086281,0,0,0,0,0,0,0,0,0,0,0,0,368.0,0,0,388,672.6,18.6,27,43.4,0,512.0,,45094,5749464,603711.8,372.3
1262,young,3396,21,7,233,0,22,1,0,84,1888,385,1085,25532880,662089.3,25563,2.0,34.0,1198.0,5951678,12811.6,1376.2,2348.6,8027.7,8444,0,5995055,5090073,0,0,0,0,0,0,0,0,0,0,0,0,368.0,0,0,388,667.7,18.6,27,43.4,0,512.0,,45130,5753815,604180.7,372.6
1263,young,4198,40,8,534,0,25,2,0,91,2072,385,1330,25552032,662601.0,38262,2.8,36.8,1198.0,5956170,12819.3,1376.5,2350.0,8033.0,8444,0,5999577,5093935,0,0,0,0,0,0,0,0,0,0,0,1,368.0,0,0,388,661.6,18.6,27,43.4,0,512.0,,45160,5758192,604650.9,372.9
1264,young,4558,20,8,675,0,44,2,0,128,2054,387,1545,25567647,663112.8,37965,2.8,39.6,1198.0,5960668,12825.2,1376.7,2351.4,8035.8,8444,0,6004116,5097930,0,0,0,0,0,0,0,0,0,0,0,0,368.0,0,0,388,655.6,18.6,27,43.4,0,512.0,,45192,5762579,605120.6,373.2
1265,full-cycle,8460,24,825,0,0,0,2,1,88,845,355,105,25580585,663623.2,146710,17.3,17.3,1198.0,5965567,12830.1,1376.9,2352.7,8038.6,8444,0,6009047,5102332,848,5702,1138,137347,18,133,30,0,0,0,766,0,378.0,1,0,386,747.1,1.0,23,40.5,0,512.0,starved,45239,5767354,605627.8,373.5
1266,young,3493,112,8,590,0,18,2,0,66,1729,370,849,25612780,664322.7,35060,6.2,23.5,1198.0,5971482,12833.2,1377.0,2354.4,8039.0,8520,0,6015016,5108225,0,0,0,0,0,0,0,0,0,0,0,0,380.0,0,0,386,715.4,0.0,23,36.0,0,512.0,,45279,5772722,606082.6,373.8
1267,young,2657,44,6,451,0,17,2,0,64,1211,368,761,25629307,664797.8,24731,2.0,25.5,1198.0,5975972,12840.5,1377.2,2355.8,8044.0,8524,0,6019583,5112126,0,0,0,0,0,0,0,0,0,0,0,0,380.0,0,0,386,707.8,0.0,23,35.8,0,512.0,,45320,5777050,606548.7,374.1
1268,young,2567,103,9,507,0,16,1,0,49,1035,370,779,25645350,665301.2,26961,2.0,27.6,1198.0,5980427,12847.4,1377.3,2357.1,8048.8,8524,0,6024104,5115902,0,0,0,0,0,0,0,0,0,0,0,0,380.0,0,1,385,701.6,0.0,23,35.8,0,512.0,,45361,5781384,607016.6,374.4
1269,young,3511,102,8,484,0,33,2,0,107,1640,370,1063,25660750,665815.5,34785,2.5,30.1,1198.0,5984885,12854.6,1377.7,2358.9,8053.2,8524,0,6028602,5119576,0,0,0,0,0,0,0,0,0,0,0,0,380.0,0,0,386,696.7,0.0,23,35.8,0,512.0,,45393,5785721,607485.3,374.7
1270,young,3326,24,7,455,0,32,1,1,87,1492,372,1131,25677849,666325.1,31008,2.3,32.4,1198.0,5989357,12862.3,1377.8,2360.6,8058.3,8526,0,6033149,5123220,0,0,0,0,0,0,0,0,0,0,0,0,380.0,0,0,386,690.4,0.0,23,35.6,0,512.0,,45434,5790060,607949.8,374.9
1271,young,3200,25,7,324,0,36,2,0,119,1444,374,1169,25696856,666831.8,30725,2.3,34.8,1198.0,5993833,12871.6,1379.3,2362.5,8063.5,8526,0,6037687,5126968,0,0,0,0,0,0,0,0,0,0,0,0,380.0,0,0,386,684.0,0.0,23,35.6,0,512.0,,45473,5794411,608416.4,375.2
1272,young,3810,32,8,477,0,36,2,0,112,1690,371,1385,25711045,667343.5,34590,2.5,37.3,1198.0,5998359,12877.5,1379.4,2363.7,8067.4,8526,0,6042243,5130704,0,0,0,0,0,0,0,0,0,0,0,0,380.0,0,0,386,678.0,0.0,23,35.6,0,512.0,,45504,5798831,608886.3,375.5
1273,young,3788,55,8,434,0,36,2,0,83,1654,371,1423,25725106,667854.4,30983,2.3,39.5,1198.0,6002898,12883.2,1379.6,2365.0,8070.9,8526,0,6046824,5134652,0,0,0,0,0,0,0,0,0,0,0,0,380.0,0,0,386,672.8,0.0,23,35.6,0,512.0,,45538,5803248,609355.4,375.8
1274,young,3880,23,9,510,0,33,2,0,109,1649,375,1493,25739697,668363.5,33236,2.5,42.0,1198.0,6007441,12889.1,1379.8,2366.3,8074.5,8526,0,6051413,5138479,0,0,0,0,0,0,0,0,0,0,0,0,380.0,0,0,386,667.0,0.0,23,35.6,0,512.0,,45577,5807671,609824.2,376.0
1275,young,3773,48,6,414,0,35,2,1,115,1492,374,1587,25754566,668872.6,30504,2.2,44.2,1198.0,6011988,12895.8,1380.0,2368.0,8077.6,8526,0,6056024,5142524,0,0,0,0,0,0,0,0,0,0,0,0,380.0,0,0,386,662.0,0.0,23,35.6,0,512.0,,45614,5812082,610289.8,376.3
1276,young,4098,19,7,528,0,20,1,1,81,1445,376,1934,25772627,669383.6,26498,2.1,46.3,1198.0,6016546,12903.6,1380.2,2369.5,8082.9,8528,0,6060645,5146102,0,0,0,0,0,0,0,0,0,0,0,0,380.0,0,0,386,656.5,0.0,23,35.5,0,512.0,,45655,5816513,610755.4,376.6
1277,young,4908,38,10,520,0,30,2,1,110,1927,377,2179,25788031,669893.0,35060,2.6,48.9,1198.0,6021125,12911.9,1382.3,2371.3,8086.2,8528,0,6065274,5150023,0,0,0,0,0,0,0,0,0,0,0,0,380.0,0,0,386,650.5,0.0,23,35.5,0,512.0,,45693,5820960,611222.0,376.9
1278,young,4863,36,8,315,0,34,2,0,108,1905,378,2337,25805525,670402.1,33584,2.5,51.4,1198.0,6025717,12918.2,1383.2,2372.9,8089.2,8528,0,6069916,5154072,0,0,0,0,0,0,0,0,0,0,0,0,380.0,0,2,384,644.5,0.0,23,35.5,0,512.0,,45725,5825427,611689.5,377.2
1279,young,4401,27,8,494,0,30,2,0,90,1662,377,2009,25824921,670907.3,33784,2.5,53.8,1198.0,6030323,12923.4,1383.5,2374.3,8091.8,8528,0,6074570,5158242,0,0,0,0,0,0,0,0,0,0,0,0,380.0,0,0,386,639.2,0.0,23,35.5,0,512.0,,45757,5829901,612156.6,377.5
1280,full-cycle,8895,18,754,0,0,0,2,0,74,1168,368,91,25843177,671426.0,163148,18.6,18.6,1198.0,6035838,12929.3,1383.7,2375.9,8095.1,8556,0,6080135,5163048,772,5385,1642,137441,26,304,44,0,0,0,1023,0,370.0,10,8,369,723.2,16.9,27,46.6,0,512.0,starved,45830,5835233,612713.1,377.8
1281,young,2922,38,7,195,0,32,2,0,82,1771,370,729,25865260,672135.8,37167,5.7,24.3,1198.0,6041828,12937.9,1384.0,2377.5,8100.8,8590,0,6086162,5167838,0,0,0,0,0,0,0,0,0,0,0,0,372.0,0,0,386,695.2,15.9,27,44.6,0,512.0,,45845,5840695,613166.7,378.2
1282,young,3213,47,8,419,0,23,2,0,89,1776,378,781,25877489,672617.6,37025,2.8,27.1,1198.0,6046318,12942.7,1384.2,2379.6,8102.7,8592,0,6090695,5171977,0,0,0,0,0,0,0,0,0,0,0,0,372.0,0,0,386,688.3,15.9,27,44.5,0,512.0,,45878,5845059,613635.6,378.5
1283,young,3400,29,9,444,0,34,2,0,105,1813,378,897,25891123,673118.8,38602,2.8,30.0,1198.0,6050828,12947.7,1384.4,2380.8,8105.6,8592,0,6095261,5175938,0,0,0,0,0,0,0,0,0,0,0,1,372.0,0,0,386,681.1,15.9,27,44.5,0,512.0,,45909,5849448,614103.8,378.7
1284,young,3104,165,9,311,0,27,1,0,80,1475,377,938,25904618,673633.0,30676,2.2,32.2,1198.0,6055294,12954.1,1385.3,2382.4,8108.7,8592,0,6099782,5179903,0,0,0,0,0,0,0,0,0,0,0,0,372.0,0,0,386,675.9,15.9,27,44.5,0,512.0,,45942,5853786,614571.0,379.0
1285,young,3019,26,8,323,0,30,2,0,122,1428,378,1024,25920835,674142.3,25594,2.0,34.2,1198.0,6059767,12958.8,1385.5,2383.9,8110.9,8594,0,6104310,5184075,0,0,0,0,0,0,0,0,0,0,0,0,372.0,0,1,385,670.6,15.9,27,44.4,0,512.0,,45975,5858130,615039.0,379.3
1286,young,3515,54,7,381,0,21,2,0,77,1680,380,1161,25935270,674652.9,31971,2.4,36.6,1198.0,6064286,12966.0,1386.8,2385.6,8114.3,8596,0,6108871,5188033,0,0,0,0,0,0,0,0,0,0,0,0,372.0,0,0,386,665.4,15.9,27,44.2,0,512.0,,46008,5862533,615507.8,379.6
1287,young,4004,30,8,723,0,43,1,0,130,1663,378,1302,25950558,675163.9,31357,2.3,38.9,1198.0,6068823,12970.8,1386.9,2387.1,8116.9,8596,0,6113461,5192053,0,0,0,0,0,0,0,0,0,0,0,0,372.0,0,0,386,659.8,15.9,27,44.2,0,512.0,,46042,5866946,615976.3,379.8
1288,young,4178,34,8,529,0,42,2,1,133,1644,377,1683,25965898,675673.9,29191,2.1,41.0,1198.0,6073418,12976.8,1387.2,2388.8,8120.2,8596,0,6118097,5196199,0,0,0,0,0,0,0,0,0,0,0,0,372.0,0,0,386,653.2,15.9,27,44.2,0,512.0,,46071,5871393,616444.5,380.1
1289,young,3520,19,8,402,0,19,1,0,76,1552,379,1381,25981691,676182.2,30332,2.3,43.3,1198.0,6077956,12981.8,1387.3,2390.0,8123.1,8596,0,6122688,5200230,0,0,0,0,0,0,0,0,0,0,0,0,372.0,0,0,386,647.5,15.9,27,44.2,0,512.0,,46103,5875823,616913.2,380.4
1290,full-cycle,11984,142,852,0,0,0,2,0,104,1764,383,121,26017118,676711.0,162306,17.7,17.7,1198.0,6084142,12998.0,1387.7,2392.5,8135.2,8618,0,6128598,5203688,994,7079,2249,119616,21,248,85,0,0,0,1561,1,326.0,13,13,383,751.9,11.5,27,47.9,0,512.0,starved,46192,5881773,617548.6,380.8
1291,young,3947,524,16,524,0,34,2,0,97,1822,390,842,26045152,677401.8,24205,4.9,22.6,1198.0,6089717,13008.0,1387.9,2396.1,8140.6,8662,0,6134192,5208450,0,0,0,0,0,0,0,0,0,0,0,0,340.0,0,0,402,746.5,2.9,27,45.3,0,512.0,,46201,5886879,617985.6,381.1
1292,young,2768,30,9,421,0,32,2,0,106,1282,387,813,26062974,677962.1,23054,1.8,24.4,1198.0,6094332,13014.7,1388.1,2397.7,8144.7,8662,0,6138857,5212342,0,0,0,0,0,0,0,0,0,0,0,0,340.0,0,0,402,737.9,2.9,27,45.3,0,512.0,,46234,5891323,618454.9,381.4
1293,young,3366,18,8,398,0,37,1,0,115,1888,390,837,26081198,678467.4,35727,2.6,27.0,1198.0,6098752,13021.5,1388.4,2399.0,8149.3,8662,0,6143325,5215996,0,0,0,0,0,0,0,0,0,0,0,0,340.0,0,0,402,732.4,2.9,27,45.3,0,512.0,,46266,5895626,618924.7,381.7
1294,young,3471,306,9,529,0,24,1,0,73,1537,394,865,26095780,678979.3,31141,2.2,29.2,1198.0,6103167,13028.0,1388.5,2401.1,8152.7,8662,0,6147794,5220014,0,0,0,0,0,0,0,0,0,0,0,0,340.0,0,1,401,726.0,2.9,27,45.3,0,512.0,,46300,5899915,619393.3,382.0
1295,young,3107,240,8,285,0,18,1,0,63,1268,394,1141,26111710,679488.6,28719,2.2,31.4,1198.0,6107661,13033.4,1388.7,2402.6,8155.7,8662,0,6152337,5224012,0,0,0,0,0,0,0,0,0,0,0,0,340.0,0,0,402,720.2,2.9,27,45.3,0,512.0,,46332,5904282,619862.4,382.2
1296,young,3328,20,8,257,0,47,1,1,123,1614,398,1156,26129710,679997.9,37558,2.7,34.1,1198.0,6112196,13039.1,1388.8,2404.0,8159.2,8662,0,6156908,5227960,0,0,0,0,0,0,0,0,0,0,0,0,340.0,0,0,402,713.6,2.9,27,45.3,0,512.0,,46362,5908683,620331.3,382.5
1297,young,3766,20,8,384,0,19,1,0,65,1831,397,1351,26149258,680505.9,38358,2.9,37.0,1198.0,6116665,13047.2,1389.0,2405.9,8164.4,8664,0,6161444,5231793,0,0,0,0,0,0,0,0,0,0,0,0,340.0,0,1,401,705.6,2.9,27,45.2,0,512.0,,46398,5913033,620798.2,382.8
1298,young,4005,16,6,182,0,36,2,0,88,1944,396,1679,26163943,681012.3,37318,2.7,39.8,1198.0,6121148,13052.5,1389.2,2407.2,8167.7,8664,0,6165966,5235723,0,0,0,0,0,0,0,0,0,0,0,0,340.0,0,0,402,700.1,2.9,27,45.2,0,512.0,,46428,5917416,621267.0,383.1
1299,young,3964,48,7,400,0,24,1,1,115,1782,394,1478,26177978,681523.7,37566,3.0,42.8,1198.0,6125652,13058.7,1389.3,2408.7,8171.6,8670,0,6170526,5239692,0,0,0,0,0,0,0,0,0,0,0,0,340.0,0,0,402,694.3,2.9,27,44.8,0,512.0,,46464,5921793,621733.9,383.4
1300,young,4524,500,4,613,0,42,2,0,118,1483,391,1643,26197944,682032.5,35582,2.9,45.7,1198.0,6130232,13067.1,1391.8,2410.6,8174.9,8676,0,6175163,5243616,0,0,0,0,0,0,0,0,0,0,0,1,340.0,0,0,402,687.5,2.9,27,44.5,0,512.0,,46503,5926231,622200.4,383.6
1301,young,3876,48,18,465,0,28,2,0,96,1524,393,1590,26214914,682542.5,31889,2.4,48.1,1198.0,6134805,13073.4,1392.4,2412.2,8178.3,8678,0,6179788,5247601,0,0,0,0,0,0,0,0,0,0,0,0,340.0,0,0,402,681.3,2.9,27,44.4,0,512.0,,46542,5930655,622668.1,383.9
1302,full-cycle,7932,26,786,0,0,0,2,0,117,1434,369,137,26229748,683058.1,151912,17.7,17.7,1198.0,6139960,13080.9,1393.1,2414.0,8182.5,8703,0,6185009,5252194,812,3859,2224,117433,56,493,94,0,0,0,967,0,340.0,12,8,379,743.6,19.5,30,52.8,0,512.0,starved,46624,5935605,623191.8,384.2
1303,young,2846,26,9,270,0,18,2,0,237,1599,380,623,26247967,683752.9,33559,5.0,22.7,1198.0,6146025,13087.5,1393.3,2415.7,8186.3,8732,0,6191086,5257382,0,0,0,0,0,0,0,0,0,0,0,0,340.0,0,0,399,718.8,19.5,30,51.1,0,512.0,,46635,5941124,623645.2,384.6
1304,young,3103,23,10,439,0,20,1,0,98,1713,392,769,26260962,684228.5,36653,3.7,26.4,1198.0,6150479,13092.9,1393.5,2416.9,8189.6,8752,0,6195603,5261423,0,0,0,0,0,0,0,0,0,0,0,0,340.0,0,0,399,711.6,19.5,30,49.9,0,512.0,,46676,5945446,624110.3,384.9
1305,young,3495,26,7,562,0,17,1,0,62,1687,389,1059,26275448,684739.5,37031,2.7,29.1,1198.0,6155040,13097.6,1393.6,2418.2,8192.1,8752,0,6200208,5265631,0,0,0,0,0,0,0,0,0,0,0,0,340.0,0,0,399,703.8,19.5,30,49.9,0,512.0,,46711,5949864,624578.8,385.2
1306,young,3182,26,8,608,0,26,1,0,73,1466,388,906,26289693,685249.2,29734,2.2,31.3,1198.0,6159508,13103.8,1393.8,2419.9,8195.6,8754,0,6204728,5269583,0,0,0,0,0,0,0,0,0,0,0,0,340.0,0,0,399,697.6,19.5,30,49.8,0,512.0,,46750,5954207,625046.1,385.4
1307,young,3902,28,7,902,0,25,1,1,111,1558,392,1184,26310323,685758.2,30035,2.3,33.6,1198.0,6163970,13111.4,1394.1,2421.2,8200.8,8754,0,6209237,5273326,0,0,0,0,0,0,0,0,0,0,0,0,340.0,0,0,399,692.5,19.5,30,49.8,0,512.0,,46788,5958549,625514.1,385.7
1308,young,3359,23,8,177,0,18,2,0,70,1736,390,1290,26324822,686270.4,38435,2.8,36.4,1198.0,6168468,13116.5,1394.3,2422.5,8203.7,8754,0,6213789,5277287,0,0,0,0,0,0,0,0,0,0,0,0,340.0,0,1,398,686.1,19.5,30,49.8,0,512.0,,46821,5962935,625982.3,386.0
1309,young,3920,27,9,606,0,38,2,1,104,1792,388,1282,26337526,686780.9,36631,2.7,39.1,1198.0,6173034,13121.1,1394.4,2423.9,8206.1,8754,0,6218400,5281448,0,0,0,0,0,0,0,0,0,0,0,0,340.0,0,0,399,679.1,19.5,30,49.8,0,512.0,,46853,5967382,626450.3,386.3
1310,full-cycle,10712,45,690,0,0,0,2,0,92,1686,377,110,26354788,687329.1,166415,18.7,18.7,1198.0,6179169,13130.8,1394.8,2426.1,8212.2,8788,0,6224600,5286499,735,5724,2213,130135,21,291,97,0,0,0,1948,0,318.0,12,25,367,715.7,19.6,36,64.1,0,512.0,starved,46934,5973302,627067.2,386.7
1311,young,3507,32,7,447,0,33,1,1,112,2032,370,778,26375000,688028.3,38897,5.7,24.5,1198.0,6184616,13136.5,1395.0,2427.6,8215.5,8814,0,6230053,5291209,0,0,0,0,0,0,0,0,0,0,0,0,320.0,0,0,403,727.1,18.6,36,62.6,0,512.0,,46939,5978283,627483.2,387.0
1312,young,3476,25,7,324,1,41,2,0,114,1788,386,1107,26389987,688507.8,37824,2.9,27.4,1198.0,6189104,13140.3,1395.1,2428.8,8217.3,8816,0,6234577,5295346,0,0,0,0,0,0,0,0,0,0,0,0,320.0,0,0,403,720.3,18.6,36,62.4,0,512.0,,46970,5982653,627952.9,387.3
1313,young,3627,155,7,585,0,34,1,0,89,1674,389,1001,26407174,689016.1,34763,2.6,30.0,1198.0,6193550,13147.0,1395.3,2430.3,8221.7,8818,0,6239068,5299230,0,0,0,0,0,0,0,0,0,0,0,0,320.0,0,0,403,714.4,18.6,36,62.3,0,512.0,,47003,5986981,628421.6,387.6
1314,young,3526,64,8,583,0,37,2,0,123,1597,389,1066,26422296,689524.0,34282,2.6,32.6,1198.0,6198001,13153.2,1395.7,2431.7,8225.4,8820,0,6243575,5303054,0,0,0,0,0,0,0,0,0,0,0,0,320.0,0,0,403,708.3,18.6,36,62.2,0,512.0,,47037,5991310,628889.7,387.8
1315,young,3669,26,6,506,0,12,1,0,66,1861,390,1093,26436815,690032.8,37631,2.8,35.4,1198.0,6202464,13159.9,1395.8,2433.2,8229.7,8820,0,6248089,5306972,0,0,0,0,0,0,0,0,0,0,0,0,320.0,0,0,403,702.7,18.6,36,62.2,0,512.0,,47071,5995659,629358.6,388.1
1316,full-cycle,9804,18,724,0,0,0,2,1,90,1138,385,113,26451113,690548.0,157355,17.3,17.3,1198.0,6207726,13166.2,1396.2,2434.9,8233.1,8844,0,6253400,5311701,742,6085,1916,137163,80,533,45,0,0,0,993,0,326.0,12,10,386,760.1,21.0,28,49.8,0,512.0,starved,47138,6000747,629903.0,388.4
1317,young,2985,28,8,556,0,30,2,0,101,1528,384,664,26475353,691256.5,33458,5.4,22.7,1198.0,6213448,13173.5,1396.8,2436.6,8237.2,8882,0,6259150,5316433,0,0,0,0,0,0,0,0,0,0,0,0,328.0,0,0,407,738.7,20.0,28,47.6,0,512.0,,47157,6006032,630358.8,388.8
1318,young,3141,17,7,696,0,46,2,1,122,1282,390,874,26492724,691737.0,24625,1.7,24.5,1198.0,6217876,13180.2,1397.0,2438.3,8241.2,8882,0,6263632,5320205,0,0,0,0,0,0,0,0,0,0,0,0,328.0,0,0,407,732.9,20.0,28,47.6,0,512.0,,47188,6010328,630827.0,389.1
1319,young,2922,102,8,482,0,26,1,0,81,1269,390,903,26507481,692242.9,23180,1.8,26.3,1198.0,6222329,13185.9,1397.1,2440.1,8244.3,8882,0,6268127,5324115,0,0,0,0,0,0,0,0,0,0,0,1,328.0,0,0,407,727.6,20.0,28,47.6,0,512.0,,47220,6014668,631297.6,389.3
1320,young,3682,30,9,464,0,32,2,0,109,1958,391,1020,26522876,692755.6,37006,2.7,29.0,1198.0,6226804,13192.1,1397.3,2441.5,8248.0,8882,0,6272657,5328148,0,0,0,0,0,0,0,0,0,0,0,0,328.0,0,1,406,718.9,20.0,28,47.6,0,512.0,,47254,6019026,631766.2,389.6
1321,young,3623,46,11,400,0,39,2,0,118,1858,393,1080,26538024,693263.2,37432,2.8,31.8,1198.0,6231228,13199.1,1398.2,2443.0,8251.8,8882,0,6277131,5331941,0,0,0,0,0,0,0,0,0,0,0,0,328.0,0,0,407,713.2,20.0,28,47.6,0,512.0,,47285,6023347,632234.5,389.9
1322,young,3945,17,8,550,0,30,1,0,80,1905,399,1304,26560601,693773.4,38587,2.8,34.6,1198.0,6235717,13237.8,1421.6,2454.5,8254.8,8882,0,6281666,5335983,0,0,0,0,0,0,0,0,0,0,0,0,328.0,0,0,407,705.9,20.0,28,47.6,0,512.0,,47316,6027709,632703.5,390.2
1323,young,3803,29,8,179,0,21,1,0,66,2034,399,1405,26579428,694281.6,38478,2.8,37.4,1198.0,6240182,13245.7,1421.8,2456.4,8259.7,8882,0,6286177,5339771,0,0,0,0,0,0,0,0,0,0,0,0,328.0,0,0,407,699.6,20.0,28,47.6,0,512.0,,47347,6032054,633172.3,390.4
1324,young,4203,55,10,462,0,41,2,1,125,1843,400,1572,26593341,694792.1,35511,2.6,40.0,1198.0,6244665,13250.2,1421.9,2457.8,8262.1,8882,0,6290705,5343754,0,0,0,0,0,0,0,0,0,0,0,0,328.0,0,0,407,694.1,20.0,28,47.6,0,512.0,,47378,6036430,633641.1,390.7
1325,full-cycle,10639,34,939,0,0,0,2,0,106,1391,382,125,26611048,695328.9,159852,18.0,18.0,1198.0,6250825,13260.0,1422.2,2459.8,8268.5,8903,0,6296785,5348989,973,6198,2149,127290,29,509,88,0,0,0,1181,0,310.0,16,16,382,751.6,11.2,30,53.9,0,512.0,starved,47474,6042340,634262.2,391.1
1326,young,2895,19,8,740,0,42,2,0,118,1134,379,761,26633673,696052.1,16031,4.4,22.4,1198.0,6256487,13266.9,1422.9,2461.6,8272.0,8961,0,6302468,5353788,0,0,0,0,0,0,0,0,0,0,0,0,334.0,0,0,402,743.0,3.1,30,50.5,0,512.0,,47488,6047490,634687.5,391.5
1327,young,2949,26,7,292,0,24,1,0,82,1607,380,832,26651039,696543.2,24194,2.1,24.5,1198.0,6260976,13274.5,1423.3,2463.1,8276.6,8965,0,6307002,5357796,0,0,0,0,0,0,0,0,0,0,0,0,334.0,0,0,402,737.2,3.1,30,50.3,0,512.0,,47523,6051848,635158.0,391.7
1328,young,3412,23,9,264,0,48,2,0,108,1777,378,1101,26666347,697052.0,37463,3.0,27.4,1198.0,6265469,13280.0,1423.5,2464.5,8279.9,8969,0,6311541,5361707,0,0,0,0,0,0,0,0,0,0,0,0,334.0,0,0,402,729.8,3.1,30,50.1,0,512.0,,47557,6056220,635625.5,392.0
1329,young,3905,252,7,551,0,20,2,1,78,1865,381,1009,26682270,697557.4,38658,2.8,30.3,1198.0,6269972,13287.3,1423.6,2465.7,8285.2,8969,0,6316111,5365485,0,0,0,0,0,0,0,0,0,0,0,0,334.0,0,0,402,723.2,3.1,30,50.1,0,512.0,,47592,6060590,636093.3,392.3
1330,young,3447,54,16,482,0,30,2,0,106,1512,382,1138,26699006,698070.8,34213,2.6,32.9,1198.0,6274475,13293.6,1423.8,2467.2,8288.9,8971,0,6320670,5369394,0,0,0,0,0,0,0,0,0,0,0,0,334.0,0,0,402,717.1,3.1,30,49.9,0,512.0,,47630,6064943,636560.1,392.6
1331,young,3345,43,11,430,0,39,2,1,86,1333,379,1337,26719565,698573.2,29315,2.2,35.0,1198.0,6278981,13303.1,1424.3,2468.7,8295.6,8971,0,6325245,5373434,0,0,0,0,0,0,0,0,0,0,0,0,334.0,0,0,402,711.8,3.1,30,49.9,0,512.0,,47671,6069302,637025.6,392.8
1332,young,3789,21,8,225,0,40,2,0,132,1815,380,1471,26734019,699089.0,33259,2.5,37.5,1198.0,6283467,13309.5,1424.6,2470.0,8299.8,8971,0,6329783,5377318,0,0,0,0,0,0,0,0,0,0,0,0,334.0,0,0,402,705.8,3.1,30,49.9,0,512.0,,47703,6073679,637493.2,393.1
1333,young,4607,81,9,603,0,30,2,0,105,1776,385,1887,26750109,699598.0,34568,2.5,40.0,1198.0,6287988,13315.1,1424.8,2471.5,8303.1,8971,0,6334359,5381415,0,0,0,0,0,0,0,0,0,0,0,1,334.0,0,0,402,699.7,3.1,30,49.9,0,512.0,,47736,6078079,637960.0,393.4
1334,young,3891,28,7,762,0,27,1,1,91,1367,384,1521,26767176,700109.4,25939,1.9,41.9,1198.0,6292527,13323.8,1425.9,2473.6,8307.9,8971,0,6338944,5385308,0,0,0,0,0,0,0,0,0,0,0,0,334.0,0,0,402,694.8,3.1,30,49.9,0,512.0,,47769,6082481,638429.2,393.7
1335,young,3973,90,7,473,0,28,2,1,104,1360,385,1806,26782101,700614.4,26530,2.0,43.9,1198.0,6297055,13329.7,1426.1,2475.1,8311.5,8971,0,6343529,5389263,0,0,0,0,0,0,0,0,0,0,0,0,334.0,0,0,402,689.6,3.1,30,49.9,0,512.0,,47800,6086874,638896.6,394.0
1336,full-cycle,9268,24,870,0,0,0,1,0,86,1777,380,102,26795746,701136.7,165400,18.6,18.6,1198.0,6302706,13335.0,1426.4,2476.7,8313.9,9007,0,6349216,5394406,894,5158,2212,123561,27,224,74,0,0,0,913,1,326.0,12,9,380,746.0,20.1,35,62.1,0,512.0,starved,47887,6092302,639470.5,394.3
1337,young,3685,17,8,720,0,37,2,1,81,1922,381,830,26815320,701856.9,39320,6.0,24.5,1198.0,6308560,13342.3,1426.6,2478.4,8318.5,9035,0,6355090,5399268,0,0,0,0,0,0,0,0,0,0,0,0,332.0,0,0,398,721.6,14.7,35,60.5,0,512.0,,47894,6097701,639926.6,394.7
1338,young,3494,30,9,762,0,44,1,1,88,1634,386,871,26828835,702335.5,39072,2.9,27.4,1198.0,6313110,13346.3,1426.8,2479.7,8320.2,9035,0,6359672,5403462,0,0,0,0,0,0,0,0,0,0,0,1,332.0,0,0,398,713.5,14.7,35,60.5,0,512.0,,47924,6102118,640396.5,395.0
1339,young,3314,44,7,261,0,33,2,0,111,1871,387,904,26844485,702846.7,38550,2.9,30.3,1198.0,6317568,13353.3,1427.4,2481.5,8324.1,9037,0,6364191,5407318,0,0,0,0,0,0,0,0,0,0,0,0,332.0,0,0,398,706.6,14.7,35,60.4,0,512.0,,47958,6106456,640864.3,395.2
1340,young,3703,39,6,648,0,20,1,0,79,1775,390,1057,26860936,703356.1,38216,2.8,33.1,1198.0,6322030,13360.7,1429.0,2483.4,8327.4,9037,0,6368702,5411227,0,0,0,0,0,0,0,0,0,0,0,0,332.0,0,0,398,700.5,14.7,35,60.4,0,512.0,,47991,6110797,641333.0,395.5
1341,young,3030,24,7,236,0,41,1,0,89,1491,392,1039,26879748,703867.2,31562,2.3,35.4,1198.0,6326562,13366.9,1429.1,2484.8,8330.6,9037,0,6373274,5415301,0,0,0,0,0,0,0,0,0,0,0,1,332.0,0,0,398,693.8,14.7,35,60.4,0,512.0,,48022,6115189,641801.1,395.8
1342,young,3850,18,8,574,0,36,2,0,114,1540,394,1495,26894546,704376.5,29821,2.2,37.6,1198.0,6331098,13372.2,1429.3,2486.4,8333.4,9037,0,6377848,5419398,0,0,0,0,0,0,0,0,0,0,0,0,332.0,0,0,398,687.2,14.7,35,60.4,0,512.0,,48052,6119608,642271.1,396.1
1343,full-cycle,10379,17,713,0,0,0,1,0,80,1060,372,96,26912003,704930.9,160698,17.6,17.6,1198.0,6336989,13381.3,1429.5,2488.6,8339.3,9066,0,6383796,5424234,730,5677,1434,142316,24,193,54,0,0,0,2466,0,340.0,12,31,357,702.0,20.9,29,51.5,0,512.0,starved,48134,6125266,642865.7,396.4
1344,young,3209,91,9,272,0,23,1,0,88,1872,384,790,26929800,705601.5,39004,5.7,23.3,1198.0,6342378,13387.3,1429.7,2490.0,8342.9,9096,0,6389199,5428909,0,0,0,0,0,0,0,0,0,0,0,0,340.0,0,0,400,720.5,20.9,29,49.8,0,512.0,,48144,6130166,643281.2,396.8
1345,young,3204,19,7,412,0,18,1,0,85,1717,395,861,26945257,706078.1,38720,2.8,26.2,1198.0,6346828,13394.7,1429.9,2491.4,8348.2,9096,0,6393700,5432770,0,0,0,0,0,0,0,0,0,0,0,0,340.0,0,0,400,713.5,20.9,29,49.8,0,512.0,,48175,6134490,643750.2,397.0
1346,young,3468,154,8,378,0,38,2,0,97,1780,393,909,26959805,706590.8,35548,2.6,28.8,1198.0,6351298,13398.9,1430.0,2492.6,8350.4,9096,0,6398208,5436827,0,0,0,0,0,0,0,0,0,0,0,1,340.0,0,0,400,706.8,20.9,29,49.8,0,512.0,,48206,6138852,644219.8,397.3
1347,young,3239,17,8,350,0,13,1,0,77,1686,391,1028,26973683,707093.3,33916,2.5,31.3,1198.0,6355779,13404.7,1430.2,2493.9,8353.9,9096,0,6402731,5440719,0,0,0,0,0,0,0,0,0,0,0,0,340.0,0,0,400,700.1,20.9,29,49.8,0,512.0,,48238,6143217,644689.3,397.6
1348,young,3949,150,8,420,0,36,1,0,113,1933,390,1215,26988912,707604.7,36905,2.7,34.0,1198.0,6360258,13410.2,1430.4,2495.3,8357.1,9096,0,6407248,5444663,0,0,0,0,0,0,0,0,0,0,0,0,340.0,0,0,400,694.0,20.9,29,49.8,0,512.0,,48268,6147578,645159.2,397.9
1349,young,4122,21,10,418,0,43,1,1,118,2055,392,1367,27004470,708115.1,37605,2.9,36.8,1198.0,6364763,13414.9,1430.5,2496.8,8359.6,9098,0,6411808,5448742,0,0,0,0,0,0,0,0,0,0,0,0,340.0,0,0,400,686.5,20.9,29,49.6,0,512.0,,48301,6151961,645627.0,398.1
1350,young,4355,18,7,361,0,35,2,0,118,2051,392,1658,27021705,708625.0,36280,2.6,39.5,1198.0,6369262,13421.0,1430.9,2498.3,8363.1,9098,0,6416360,5452801,0,0,0,0,0,0,0,0,0,0,0,0,340.0,0,0,400,681.4,20.9,29,49.6,0,512.0,,48333,6156336,646095.1,398.4
1351,full-cycle,7995,27,880,0,0,0,2,0,120,1483,381,141,27039014,709141.9,157059,17.3,17.3,1198.0,6374438,13427.9,1431.1,2499.9,8367.3,9130,0,6421562,5457311,908,4166,1868,125863,28,148,60,0,0,0,1013,0,338.0,10,7,385,755.6,16.6,28,49.4,0,512.0,starved,48402,6161318,646622.6,398.8
1352,young,3537,308,14,406,0,20,2,0,80,1859,371,740,27059198,709844.4,38214,5.7,23.0,1198.0,6380398,13436.1,1431.4,2501.6,8372.6,9158,0,6427556,5462165,0,0,0,0,0,0,0,0,0,0,0,1,338.0,0,0,402,729.1,16.6,28,47.8,0,512.0,,48419,6166783,647079.2,399.1
1353,young,4018,306,8,688,0,26,1,0,88,1872,381,885,27075087,710321.8,35758,3.1,26.1,1198.0,6384849,13442.4,1431.5,2502.9,8376.7,9168,0,6432051,5465893,0,0,0,0,0,0,0,0,0,0,0,1,338.0,0,0,402,723.1,16.6,28,47.2,0,512.0,,48456,6171106,647547.2,399.4
1354,young,3455,84,8,569,0,34,1,0,102,1455,384,1094,27090539,710830.0,31682,2.9,29.0,1198.0,6389273,13450.7,1434.3,2504.4,8380.0,9180,0,6436543,5469936,0,0,0,0,0,0,0,0,0,0,0,1,338.0,0,1,401,716.7,16.6,28,46.5,0,512.0,,48496,6175388,648011.9,399.7
1355,young,3609,32,8,390,0,32,2,1,109,1820,381,1152,27106159,711337.5,31648,2.4,31.3,1198.0,6393784,13455.3,1434.7,2505.7,8382.1,9180,0,6441108,5474135,0,0,0,0,0,0,0,0,0,0,0,0,338.0,0,0,402,710.8,16.6,28,46.5,0,512.0,,48533,6179759,648480.3,400.0
1356,young,3597,187,8,470,0,21,1,0,84,1552,388,1176,27127758,711845.4,29764,2.1,33.5,1198.0,6398285,13460.5,1434.9,2507.4,8384.0,9180,0,6445667,5478486,0,0,0,0,0,0,0,0,0,0,0,0,338.0,0,0,402,703.3,16.6,28,46.5,0,512.0,,48568,6184125,648947.1,400.2
1357,young,3539,25,10,477,0,30,2,0,112,1482,386,1336,27142595,712344.5,23135,1.7,35.2,1198.0,6402751,13466.8,1435.1,2509.0,8387.7,9180,0,6450195,5482431,0,0,0,0,0,0,0,0,0,0,0,0,338.0,0,0,402,698.5,16.6,28,46.5,0,512.0,,48605,6188461,649414.3,400.5
1358,young,4383,47,10,972,0,41,2,1,116,1672,389,1463,27160189,712864.8,29477,2.2,37.4,1198.0,6407251,13471.1,1435.3,2510.4,8389.6,9180,0,6454767,5486582,0,0,0,0,0,0,0,0,0,0,0,0,338.0,0,0,402,693.3,16.6,28,46.5,0,512.0,,48646,6192820,649879.7,400.8
1359,young,3508,26,7,646,0,37,2,0,113,1338,389,1274,27176951,713374.9,24770,1.8,39.2,1198.0,6411732,13479.5,1435.5,2513.1,8394.2,9180,0,6459315,5490571,0,0,0,0,0,0,0,0,0,0,0,0,338.0,0,1,401,688.3,16.6,28,46.5,0,512.0,,48687,6197171,650345.4,401.1
1360,young,3910,334,9,535,0,39,1,0,88,1381,389,1418,27197489,713883.9,24201,1.8,41.0,1198.0,6416266,13487.8,1435.8,2514.8,8399.4,9180,0,6463886,5494153,0,0,0,0,0,0,0,0,0,0,0,0,338.0,0,1,401,683.0,16.6,28,46.5,0,512.0,,48720,6201573,650814.7,401.3
1361,full-cycle,12893,43,1010,0,0,0,2,1,118,1752,378,138,27220948,714448.2,158867,18.1,18.1,1198.0,6422167,13499.8,1436.8,2517.6,8406.7,9223,0,6469797,5498770,1053,5279,2680,121526,37,647,91,0,0,0,3780,0,328.0,13,35,357,706.4,13.9,30,51.8,0,512.0,starved,48814,6207196,651401.2,401.7
1362,young,3060,280,10,328,0,20,2,0,77,1561,377,693,27240051,715124.0,28961,5.1,23.2,1198.0,6427553,13506.3,1437.1,2518.9,8410.8,9241,0,6475197,5503051,0,0,0,0,0,0,0,0,0,0,0,0,336.0,0,0,401,731.5,10.1,30,50.7,0,512.0,,48820,6212106,651805.3,402.0
1363,young,3497,47,10,392,0,46,2,1,170,1804,384,967,27262123,715608.2,30125,2.3,25.5,1198.0,6432096,13511.0,1437.2,2520.4,8413.1,9243,0,6479798,5507175,0,0,0,0,0,0,0,0,0,0,0,0,336.0,0,2,399,723.5,10.1,30,50.6,0,512.0,,48854,6216508,652272.7,402.3
1364,young,3999,742,8,408,0,21,2,0,92,1559,384,1112,27277482,716115.7,29455,2.2,27.7,1198.0,6436580,13514.6,1437.3,2521.7,8414.7,9243,0,6484317,5511367,0,0,0,0,0,0,0,0,0,0,0,0,336.0,0,0,401,718.9,10.1,30,50.6,0,512.0,,48878,6220857,652742.6,402.6
1365,young,4123,159,8,753,0,49,2,1,136,1718,385,1143,27295274,716624.7,33494,2.4,30.1,1198.0,6441057,13520.5,1437.4,2523.3,8418.3,9243,0,6488833,5515197,0,0,0,0,0,0,0,0,0,0,0,0,336.0,0,0,401,713.7,10.1,30,50.6,0,512.0,,48909,6225202,653211.7,402.9
1366,young,4316,24,10,591,0,28,2,0,99,2296,387,1199,27312328,717128.2,34007,2.6,32.8,1198.0,6445532,13526.6,1437.6,2524.6,8422.4,9245,0,6493360,5518968,0,0,0,0,0,0,0,0,0,0,0,0,336.0,0,1,400,707.8,10.1,30,50.5,0,512.0,,48942,6229557,653680.7,403.2
1367,young,3584,57,9,462,0,39,1,0,117,1770,388,1072,27332546,717643.3,35790,2.6,35.4,1198.0,6450037,13533.5,1437.8,2526.0,8427.1,9245,0,6497903,5522494,0,0,0,0,0,0,0,0,0,0,0,0,336.0,0,1,400,702.2,10.1,30,50.5,0,512.0,,48973,6233946,654150.0,403.4
1368,young,3863,86,8,594,0,31,2,0,104,1635,388,1340,27347419,718152.0,34684,2.6,37.9,1198.0,6454556,13539.3,1437.9,2527.3,8430.8,9245,0,6502472,5526355,0,0,0,0,0,0,0,0,0,0,0,0,336.0,0,0,401,696.7,10.1,30,50.5,0,512.0,,49006,6238356,654618.3,403.7
1369,young,4159,48,7,483,0,31,2,1,107,1848,396,1573,27361164,718658.8,36458,2.7,40.6,1198.0,6459075,13543.0,1438.0,2528.6,8432.5,9245,0,6507039,5530584,0,0,0,0,0,0,0,0,0,0,0,0,336.0,0,0,401,690.4,10.1,30,50.5,0,512.0,,49037,6242755,655086.1,404.0
1370,young,4315,28,8,660,0,32,2,0,101,1789,397,1637,27376341,719165.6,36244,2.7,43.3,1198.0,6463587,13548.8,1438.2,2530.0,8436.1,9245,0,6511600,5534512,0,0,0,0,0,0,0,0,0,0,0,0,336.0,0,0,401,684.1,10.1,30,50.5,0,512.0,,49069,6247149,655554.7,404.3
1371,full-cycle,10506,26,657,0,0,0,2,0,102,1104,378,118,27392369,719719.7,162032,17.6,17.6,1198.0,6469399,13557.9,1438.6,2532.3,8441.5,9276,0,6517461,5539327,683,5966,1978,138149,23,639,86,0,0,0,1801,1,322.0,14,33,359,709.5,22.4,32,57.2,0,512.0,starved,49149,6252753,656142.3,404.6
1372,young,2791,54,7,261,0,31,1,1,91,1603,386,683,27410184,720393.8,35424,5.3,23.0,1198.0,6474729,13563.8,1438.7,2534.4,8444.5,9300,0,6522798,5543925,0,0,0,0,0,0,0,0,0,0,0,0,326.0,0,0,404,731.8,19.6,32,55.8,0,512.0,,49153,6257647,656558.2,405.0
1373,young,3078,16,7,351,0,34,2,1,109,1718,397,746,27422804,720877.8,37452,3.0,26.0,1198.0,6479231,13568.4,1438.9,2535.9,8446.8,9306,0,6527345,5548042,0,0,0,0,0,0,0,0,0,0,0,0,326.0,0,0,404,724.4,19.6,32,55.5,0,512.0,,49188,6262020,657027.8,405.2
1374,young,3187,25,6,374,0,20,2,0,64,1836,394,794,27439686,721384.9,38497,2.8,28.8,1198.0,6483684,13576.1,1439.1,2538.0,8451.6,9306,0,6531839,5551855,0,0,0,0,0,0,0,0,0,0,0,0,326.0,0,0,404,717.4,19.6,32,55.5,0,512.0,,49217,6266357,657497.1,405.5
1375,young,3099,25,7,465,0,11,1,0,51,1575,398,886,27457784,721893.5,36602,2.7,31.5,1198.0,6488140,13583.5,1439.6,2539.4,8456.5,9306,0,6536336,5555632,0,0,0,0,0,0,0,0,0,0,0,0,326.0,0,0,404,710.1,19.6,32,55.5,0,512.0,,49250,6270698,657966.4,405.8
1376,young,3314,52,6,322,0,10,1,0,54,1644,397,1156,27472904,722398.4,35425,2.9,34.4,1198.0,6492624,13590.3,1440.5,2540.8,8460.2,9312,0,6540881,5559430,0,0,0,0,0,0,0,0,0,0,0,0,326.0,0,1,403,702.8,19.6,32,55.1,0,512.0,,49284,6275059,658434.4,406.1
1377,young,3710,19,8,401,0,40,2,0,125,1557,397,1485,27487747,722911.1,35481,2.7,37.1,1198.0,6497130,13596.7,1440.7,2542.2,8464.3,9314,0,6545424,5563313,0,0,0,0,0,0,0,0,0,0,0,0,326.0,0,0,404,696.0,19.6,32,55.0,0,512.0,,49315,6279458,658903.4,406.3
1378,full-cycle,9998,26,905,0,0,0,2,0,124,1574,370,144,27501207,723424.2,164297,18.4,18.4,1198.0,6502717,13601.7,1440.9,2543.9,8466.5,9333,0,6551064,5568509,931,5490,2359,126450,38,510,85,0,0,0,1158,0,342.0,7,8,386,756.7,11.5,27,47.7,0,512.0,starved,49379,6284835,659467.0,406.7
1379,young,3217,22,8,496,0,19,2,0,80,1725,374,781,27526110,724144.8,37217,5.6,24.0,1198.0,6508737,13609.2,1441.1,2545.9,8470.7,9377,0,6557122,5573617,0,0,0,0,0,0,0,0,0,0,0,0,342.0,0,0,401,728.3,11.5,27,45.1,0,512.0,,49403,6290288,659921.5,407.1
1380,young,3337,65,9,611,0,36,2,0,119,1533,378,898,27538550,724620.1,29622,2.8,26.8,1198.0,6513364,13612.6,1441.2,2547.2,8472.0,9391,0,6561809,5578042,0,0,0,0,0,0,0,0,0,0,0,0,342.0,0,0,401,719.8,11.5,27,44.3,0,512.0,,49443,6294722,660386.4,407.4
1381,young,3141,26,9,464,0,44,2,0,123,1410,374,1012,27555086,725124.5,30507,2.3,29.1,1198.0,6517832,13620.3,1441.4,2548.7,8477.2,9391,0,6566326,5581702,0,0,0,0,0,0,0,0,0,0,0,0,342.0,0,0,401,714.3,11.5,27,44.3,0,512.0,,49473,6299092,660855.5,407.6
1382,young,3465,34,7,540,0,49,2,1,133,1547,375,1075,27569124,725634.3,38235,2.8,31.9,1198.0,6522312,13626.3,1441.5,2550.0,8481.2,9391,0,6570866,5585547,0,0,0,0,0,0,0,0,0,0,0,0,342.0,0,0,401,707.9,11.5,27,44.3,0,512.0,,49504,6303453,661323.1,407.9
1383,young,3152,168,9,251,0,22,2,0,96,1383,375,1147,27584342,726142.4,26395,1.9,33.8,1198.0,6526812,13633.8,1441.7,2551.2,8486.5,9391,0,6575418,5589272,0,0,0,0,0,0,0,0,0,0,0,0,342.0,0,0,401,702.8,11.5,27,44.3,0,512.0,,49536,6307823,661790.1,408.2
1384,young,3151,81,7,372,0,39,2,0,122,1192,377,1220,27601978,726651.8,18818,1.4,35.2,1198.0,6531343,13640.4,1441.9,2552.6,8490.8,9391,0,6579997,5593055,0,0,0,0,0,0,0,0,0,0,0,0,342.0,0,1,400,698.2,11.5,27,44.3,0,512.0,,49569,6312233,662260.0,408.5
1385,young,3623,20,7,558,0,34,2,0,109,1453,381,1350,27617328,727161.9,28450,2.1,37.3,1198.0,6535856,13647.7,1442.2,2554.4,8495.0,9391,0,6584554,5597029,0,0,0,0,0,0,0,0,0,0,0,0,342.0,0,0,401,694.0,11.5,27,44.3,0,512.0,,49602,6316616,662729.3,408.8
1386,young,3489,29,9,358,0,13,1,0,63,1770,381,1184,27634711,727672.9,35667,2.6,40.0,1198.0,6540398,13655.2,1442.3,2555.8,8500.2,9391,0,6589137,5600923,0,0,0,0,0,0,0,0,0,0,0,0,342.0,0,0,401,687.9,11.5,27,44.3,0,512.0,,49633,6321033,663198.6,409.0
1387,young,3869,95,7,490,0,24,2,0,84,1756,384,1307,27651710,728181.2,34605,2.5,42.5,1198.0,6544928,13661.8,1442.6,2557.1,8504.5,9391,0,6593717,5604835,0,0,0,0,0,0,0,0,0,0,0,0,342.0,0,0,401,682.6,11.5,27,44.3,0,512.0,,49666,6325443,663665.4,409.3
1388,young,4078,23,55,558,0,38,2,1,121,1475,386,1719,27670970,728692.3,27385,2.1,44.6,1198.0,6549466,13672.2,1443.3,2558.7,8511.8,9393,0,6598316,5608684,0,0,0,0,0,0,0,0,0,0,0,0,342.0,0,0,401,677.1,11.5,27,44.2,0,512.0,,49707,6329852,664132.0,409.6
1389,full-cycle,8585,19,870,0,0,0,2,0,103,1228,373,121,27687682,729202.6,157867,18.1,18.1,1198.0,6555010,13679.1,1443.5,2560.4,8516.1,9393,0,6603908,5613664,888,5245,1527,134470,13,134,26,0,0,0,919,0,358.0,1,2,390,756.9,1.0,27,48.5,0,512.0,starved,49769,6335190,664700.9,409.9
1390,young,2817,53,6,218,0,40,2,1,111,1676,386,651,27711319,729957.4,37846,5.9,24.0,1198.0,6560787,13683.9,1443.7,2562.4,8517.8,9459,0,6609733,5619067,0,0,0,0,0,0,0,0,0,0,0,0,358.0,0,0,393,728.3,1.0,27,44.6,0,512.0,,49803,6340472,665159.0,410.3
1391,young,3070,33,6,320,0,18,1,0,70,1840,384,736,27725966,730436.5,35654,3.3,27.3,1198.0,6565224,13690.5,1443.9,2563.7,8522.1,9473,0,6614236,5622794,0,0,0,0,0,0,0,0,0,0,0,0,358.0,0,0,393,721.5,1.0,27,43.8,0,512.0,,49843,6344772,665625.2,410.6
1392,young,3574,87,8,439,0,33,2,0,109,1767,384,1071,27738915,730944.7,36883,2.7,30.0,1198.0,6569730,13696.1,1444.0,2565.1,8524.4,9473,0,6618793,5626921,0,0,0,0,0,0,0,0,0,0,0,0,358.0,0,0,393,714.4,1.0,27,43.8,0,512.0,,49879,6349155,666093.3,410.8
1393,young,3408,31,7,162,0,20,1,0,86,1938,383,1078,27754938,731454.2,38121,2.8,32.8,1198.0,6574269,13700.9,1444.2,2566.3,8527.2,9473,0,6623380,5631037,0,0,0,0,0,0,0,0,0,0,0,0,358.0,0,0,393,706.9,1.0,27,43.8,0,512.0,,49910,6353556,666561.7,411.1
1394,young,3745,19,7,475,0,33,2,0,104,1805,384,1227,27769379,731962.4,36997,2.7,35.5,1198.0,6578801,13705.8,1444.3,2567.5,8530.0,9473,0,6627955,5635104,0,0,0,0,0,0,0,0,0,0,0,0,358.0,0,0,393,699.4,1.0,27,43.8,0,512.0,,49942,6357953,667030.2,411.4
1395,young,3809,30,7,572,0,35,2,1,117,1615,381,1322,27784232,732469.9,35310,2.6,38.1,1198.0,6583277,13711.8,1444.7,2569.0,8533.6,9473,0,6632490,5638942,0,0,0,0,0,0,0,0,0,0,0,0,358.0,0,0,393,693.8,1.0,27,43.8,0,512.0,,49980,6362305,667498.0,411.7
1396,young,3974,39,6,475,0,29,2,0,80,1748,381,1530,27797761,732980.7,36705,2.8,40.9,1198.0,6587813,13715.4,1444.9,2570.4,8534.8,9475,0,6637088,5643285,0,0,0,0,0,0,0,0,0,0,0,0,358.0,0,0,393,687.5,1.0,27,43.7,0,512.0,,50018,6366695,667963.9,412.0
1397,young,4451,53,9,318,0,22,1,0,78,1955,382,1934,27813637,733489.8,34268,2.5,43.4,1198.0,6592314,13720.4,1445.5,2572.0,8536.9,9475,0,6641639,5647425,0,0,0,0,0,0,0,0,0,0,0,0,358.0,0,0,393,682.0,1.0,27,43.7,0,512.0,,50054,6371069,668431.5,412.2
1398,young,3582,21,8,242,0,20,2,0,78,1490,383,1650,27829249,733996.6,31939,2.3,45.8,1198.0,6596825,13728.2,1445.8,2573.8,8541.7,9475,0,6646199,5651257,0,0,0,0,0,0,0,0,0,0,0,0,358.0,0,0,393,675.8,1.0,27,43.7,0,512.0,,50094,6375466,668898.4,412.5
1399,young,5053,190,10,712,0,21,2,0,84,1884,382,2005,27845003,734507.1,35150,2.6,48.4,1198.0,6601349,13734.8,1446.0,2575.3,8546.1,9475,0,6650775,5655101,0,0,0,0,0,0,0,0,0,0,0,0,358.0,0,0,393,670.6,1.0,27,43.7,0,512.0,,50128,6379852,669366.6,412.8
1400,young,4764,29,9,420,0,41,2,0,124,1725,384,2326,27862750,735018.9,29695,2.1,50.5,1198.0,6605903,13741.7,1447.5,2577.0,8549.1,9475,0,6655372,5659144,0,0,0,0,0,0,0,0,0,0,0,0,358.0,0,0,393,665.5,1.0,27,43.7,0,512.0,,50162,6384278,669834.5,413.1
1401,full-cycle,10927,24,768,0,0,0,2,1,131,1344,391,150,27878797,735534.3,163342,18.5,18.5,1198.0,6611984,13749.4,1447.7,2579.4,8553.2,9509,0,6661387,5664698,792,6654,2380,128421,21,583,274,0,0,0,997,0,318.0,13,8,388,761.3,20.1,31,54.3,0,512.0,starved,50248,6390137,670452.2,413.5
1402,young,3110,22,7,501,0,19,2,0,79,1688,387,721,27903622,736297.6,37840,5.8,24.3,1198.0,6617904,13761.8,1449.4,2581.4,8561.0,9537,0,6667353,5669371,0,0,0,0,0,0,0,0,0,0,0,0,320.0,0,0,408,737.3,18.5,31,52.7,0,512.0,,50260,6395548,670905.1,413.8
1403,young,3264,27,8,321,0,28,2,0,102,1840,390,870,27917256,736769.8,34619,2.5,26.8,1198.0,6622434,13767.3,1449.5,2582.9,8564.4,9537,0,6671911,5673385,0,0,0,0,0,0,0,0,0,0,0,0,320.0,0,0,408,728.6,18.5,31,52.7,0,512.0,,50286,6399955,671375.9,414.1
1404,young,3110,25,8,555,0,35,2,0,103,1406,390,912,27931405,737281.1,32833,2.7,29.5,1198.0,6626887,13773.3,1450.1,2585.0,8566.9,9543,0,6676424,5677441,0,0,0,0,0,0,0,0,0,0,0,0,320.0,0,0,408,721.9,18.5,31,52.3,0,512.0,,50324,6404292,671842.9,414.4
1405,young,3838,24,9,905,0,31,2,0,112,1647,390,1030,27945936,737785.6,32764,2.5,32.0,1198.0,6631334,13779.8,1450.3,2586.3,8571.4,9545,0,6680924,5681322,0,0,0,0,0,0,0,0,0,0,0,0,320.0,0,0,408,715.6,18.5,31,52.2,0,512.0,,50358,6408634,672310.2,414.7
1406,young,4042,37,8,752,0,22,2,0,115,1648,391,1390,27961572,738301.3,30539,2.5,34.5,1198.0,6635840,13786.5,1450.6,2588.0,8575.0,9551,0,6685505,5685295,0,0,0,0,0,0,0,0,0,0,0,0,320.0,0,0,408,709.3,18.5,31,51.9,0,512.0,,50397,6413001,672776.4,414.9
1407,young,3980,34,9,542,0,29,2,1,108,1610,391,1537,27977166,738810.0,33067,2.5,37.1,1198.0,6640346,13792.3,1451.0,2589.7,8577.8,9553,0,6690069,5689384,0,0,0,0,0,0,0,0,0,0,0,0,320.0,0,0,408,702.6,18.5,31,51.7,0,512.0,,50437,6417375,673243.3,415.2
1408,full-cycle,13040,199,831,0,0,0,2,0,104,1636,385,124,27992854,739328.3,167451,18.7,18.7,1198.0,6646654,13801.1,1451.6,2591.6,8582.9,9571,0,6696439,5695081,1031,7944,2740,132628,36,882,53,0,0,0,1184,1,336.0,6,10,389,763.0,9.4,26,45.6,0,512.0,starved,50532,6423407,673877.7,415.6
1409,young,3224,343,9,480,0,38,2,0,122,1482,399,642,28028336,739842.3,28408,5.7,24.4,1198.0,6651977,13812.0,1451.9,2593.2,8591.0,9629,0,6701786,5698120,0,0,0,0,0,0,0,0,0,0,0,0,338.0,0,0,404,749.1,7.7,26,42.1,0,512.0,,50554,6428326,674330.8,415.9
1410,young,2921,19,6,301,0,36,2,0,126,1572,399,800,28057836,740587.3,22786,1.8,26.1,1198.0,6656969,13820.4,1452.9,2594.9,8595.9,9629,0,6706825,5702351,0,0,0,0,0,0,0,0,0,0,0,0,338.0,0,0,404,734.4,7.7,26,42.1,0,512.0,,50589,6433044,674798.2,416.2
1411,young,3471,24,18,398,0,21,2,0,81,2039,398,811,28073397,741089.6,32756,2.4,28.5,1198.0,6661477,13825.6,1453.1,2596.3,8598.9,9629,0,6711388,5706399,0,0,0,0,0,0,0,0,0,0,0,0,338.0,0,0,404,727.3,7.7,26,42.1,0,512.0,,50619,6437390,675265.1,416.5
1412,young,3482,22,10,455,0,33,2,0,109,1815,395,987,28096554,741592.2,33246,2.5,31.0,1198.0,6666056,13830.3,1453.2,2597.6,8601.6,9629,0,6716015,5710537,0,0,0,0,0,0,0,0,0,0,0,0,338.0,0,0,404,719.3,7.7,26,42.1,0,512.0,,50651,6441833,675733.9,416.8
1413,young,3400,25,7,208,0,45,2,1,129,1766,395,1154,28110896,742106.5,37889,2.8,33.8,1198.0,6670539,13835.0,1453.4,2598.9,8604.0,9629,0,6720556,5714677,0,0,0,0,0,0,0,0,0,0,0,0,338.0,0,0,404,712.4,7.7,26,42.1,0,512.0,,50683,6446208,676202.3,417.1
1414,young,4305,298,7,547,0,29,2,0,114,1850,396,1334,28125351,742615.1,37401,2.7,36.5,1198.0,6675025,13840.9,1453.6,2600.3,8607.6,9629,0,6725079,5718509,0,0,0,0,0,0,0,0,0,0,0,0,338.0,0,0,404,706.3,7.7,26,42.1,0,512.0,,50714,6450577,676671.3,417.4
1415,young,3539,25,10,250,0,22,2,0,89,1748,394,1342,28143918,743124.5,32824,2.5,39.0,1198.0,6679490,13845.2,1453.8,2601.7,8609.6,9631,0,6729602,5722584,0,0,0,0,0,0,0,0,0,0,0,0,338.0,0,0,404,700.9,7.7,26,42.0,0,512.0,,50750,6454917,677137.8,417.6
1416,young,3784,18,7,411,0,44,2,0,100,1496,392,1634,28157925,743629.1,34789,2.6,41.6,1198.0,6684003,13850.8,1454.5,2603.3,8612.2,9631,0,6734172,5726673,0,0,0,0,0,0,0,0,0,0,0,0,338.0,0,0,404,694.6,7.7,26,42.0,0,512.0,,50786,6459317,677605.4,417.9
1417,young,3690,133,10,554,0,15,1,1,94,1417,397,1355,28185874,744123.4,30960,2.2,43.8,1198.0,6688513,13857.0,1454.6,2605.2,8615.7,9631,0,6738740,5730672,0,0,0,0,0,0,0,0,0,0,0,0,338.0,0,0,404,688.8,7.7,26,42.0,0,512.0,,50821,6463679,678071.6,418.2
1418,young,3362,178,10,258,0,15,1,0,68,1155,397,1607,28213689,744601.0,19637,1.4,45.2,1198.0,6693003,13864.6,1454.8,2607.0,8620.0,9631,0,6743290,5734667,0,0,0,0,0,0,0,0,0,0,0,0,338.0,0,0,404,684.1,7.7,26,42.0,0,512.0,,50860,6468035,678537.6,418.5
1419,full-cycle,9616,51,859,0,0,0,2,0,82,1430,385,98,28231140,745171.9,164227,18.5,18.5,1198.0,6698641,13872.3,1455.0,2608.7,8624.8,9665,0,6748974,5739490,910,5505,1966,132871,28,324,80,0,0,0,1155,0,324.0,12,12,385,760.2,19.4,28,48.5,0,512.0,starved,50937,6473489,679118.7,418.8
1420,young,3211,50,7,348,0,37,2,0,101,1941,385,669,28255706,745911.1,38542,5.9,24.4,1198.0,6704493,13880.3,1455.4,2610.4,8630.0,9695,0,6754839,5744168,0,0,0,0,0,0,0,0,0,0,0,0,328.0,0,1,406,738.6,16.4,28,46.7,0,512.0,,50952,6478852,679572.7,419.2
1421,young,3445,40,9,443,0,33,2,0,84,1830,387,951,28267516,746396.3,35920,2.7,27.1,1198.0,6708982,13883.9,1455.7,2611.7,8631.2,9697,0,6759371,5748404,0,0,0,0,0,0,0,0,0,0,0,0,328.0,0,1,406,731.6,16.4,28,46.6,0,512.0,,50984,6483212,680041.7,419.5
1422,young,3240,24,16,428,0,36,2,0,108,1588,394,970,28280693,746904.8,33718,2.5,29.6,1198.0,6713422,13888.4,1455.9,2613.1,8633.5,9697,0,6763857,5752422,0,0,0,0,0,0,0,0,0,0,0,0,328.0,0,2,405,725.5,16.4,28,46.6,0,512.0,,51013,6487555,680511.6,419.7
1423,young,3401,23,8,347,0,22,2,0,78,1696,392,1134,28297653,747415.1,36818,3.0,32.6,1198.0,6717915,13894.7,1456.9,2614.8,8636.3,9703,0,6768392,5756467,0,0,0,0,0,0,0,0,0,0,0,0,328.0,0,0,407,719.7,16.4,28,46.3,0,512.0,,51048,6491914,680980.3,420.0
1424,young,3767,42,7,456,0,32,2,1,80,1642,397,1424,28312062,747925.1,33429,2.4,35.0,1198.0,6722400,13900.2,1457.2,2616.3,8639.5,9703,0,6772926,5760463,0,0,0,0,0,0,0,0,0,0,0,0,328.0,0,0,407,713.0,16.4,28,46.3,0,512.0,,51081,6496285,681448.9,420.3
1425,young,3680,90,6,446,0,11,2,1,125,1473,397,1440,28325309,748432.4,30746,2.4,37.4,1198.0,6726941,13905.0,1457.3,2617.7,8642.1,9705,0,6777525,5764573,0,0,0,0,0,0,0,0,0,0,0,0,328.0,0,0,407,706.6,16.4,28,46.2,0,512.0,,51115,6500697,681917.1,420.6
1426,young,3916,26,8,468,0,37,2,0,115,1568,396,1618,28343073,748943.5,27972,2.0,39.4,1198.0,6731442,13911.6,1457.5,2619.5,8645.8,9705,0,6782077,5768484,0,0,0,0,0,0,0,0,0,0,0,0,328.0,0,0,407,701.5,16.4,28,46.2,0,512.0,,51145,6505064,682385.2,420.9
1427,young,4056,26,10,318,0,23,2,0,77,1876,396,1662,28358175,749454.4,24117,1.8,41.2,1198.0,6735947,13917.8,1457.7,2621.0,8649.6,9705,0,6786626,5772388,0,0,0,0,0,0,0,0,0,0,0,0,328.0,0,0,407,696.8,16.4,28,46.2,0,512.0,,51175,6509454,682855.2,421.1
1428,young,3799,26,6,400,0,18,2,0,69,1578,400,1612,28376531,749965.1,34781,2.6,43.8,1198.0,6740461,13925.9,1457.9,2622.7,8655.3,9705,0,6791194,5776326,0,0,0,0,0,0,0,0,0,0,0,0,328.0,0,0,407,691.0,16.4,28,46.2,0,512.0,,51207,6513861,683323.3,421.4
1429,full-cycle,18760,32,706,0,0,0,2,1,132,2201,374,155,28404123,750609.0,162672,18.2,18.2,1198.0,6747972,13940.6,1458.5,2625.1,8665.8,9743,0,6798782,5781691,738,7420,2659,107029,32,169,96,0,0,0,7836,0,340.0,12,75,317,621.2,21.4,25,42.5,0,512.0,starved,51301,6521005,684043.8,421.9
1430,young,2920,26,6,405,0,17,2,0,70,1665,384,661,28422352,751227.7,38517,5.6,23.9,1198.0,6752435,13945.8,1458.8,2626.5,8668.5,9765,0,6803268,5785663,0,0,0,0,0,0,0,0,0,0,0,0,340.0,0,0,404,726.0,21.4,25,41.2,0,512.0,,51310,6525079,684379.9,422.2
1431,young,3140,26,7,504,0,17,2,0,67,1634,389,781,28435131,751705.5,37715,2.9,26.8,1198.0,6756907,13950.7,1458.9,2627.9,8671.1,9767,0,6807776,5789661,0,0,0,0,0,0,0,0,0,0,0,0,340.0,0,0,404,718.9,21.4,25,41.1,0,512.0,,51337,6529438,684849.0,422.4
1432,young,3346,32,7,429,0,32,2,0,109,1783,391,848,28452846,752213.2,37735,2.8,29.5,1198.0,6761371,13956.7,1459.1,2629.1,8674.8,9767,0,6812294,5793447,0,0,0,0,0,0,0,0,0,0,0,0,340.0,0,0,404,713.3,21.4,25,41.1,0,512.0,,51372,6533771,685316.4,422.7
1433,young,3756,72,16,503,0,32,2,0,109,1791,391,1180,28469852,752726.9,37121,3.0,32.5,1198.0,6765819,13963.8,1460.9,2630.8,8677.4,9773,0,6816801,5797414,0,0,0,0,0,0,0,0,0,0,0,0,340.0,0,1,403,706.5,21.4,25,40.7,0,512.0,,51411,6538105,685783.8,423.0
1434,young,4043,265,7,592,0,36,2,0,110,1757,393,1145,28486087,753233.3,33252,2.5,35.0,1198.0,6770260,13969.6,1461.1,2632.3,8680.7,9775,0,6821305,5801371,0,0,0,0,0,0,0,0,0,0,0,0,340.0,0,1,403,700.5,21.4,25,40.6,0,512.0,,51447,6542418,686251.1,423.3
1435,young,3667,144,12,588,0,26,2,0,76,1446,390,1297,28518634,753672.4,27756,2.0,37.1,1198.0,6774901,13980.1,1461.2,2634.0,8688.5,9775,0,6826009,5804332,0,0,0,0,0,0,0,0,0,0,0,0,340.0,0,0,404,692.9,21.4,25,40.6,0,512.0,,51486,6546881,686716.8,423.5
1436,young,3118,24,7,248,0,27,2,0,100,1366,387,1272,28536342,754250.3,23928,1.7,38.8,1198.0,6779371,13988.8,1461.8,2636.1,8694.0,9775,0,6830540,5808013,0,0,0,0,0,0,0,0,0,0,0,0,340.0,0,1,403,688.6,21.4,25,40.6,0,512.0,,51524,6551227,687183.0,423.8
1437,young,3317,25,7,455,0,11,2,0,58,1264,387,1416,28553253,754760.4,22681,1.7,40.5,1198.0,6783860,13996.8,1461.9,2637.5,8699.7,9775,0,6835089,5811784,0,0,0,0,0,0,0,0,0,0,0,0,340.0,0,0,404,684.8,21.4,25,40.6,0,512.0,,51562,6555595,687649.8,424.1
1438,young,3597,25,8,315,0,35,2,0,112,1386,384,1619,28568526,755270.0,30581,2.3,42.8,1198.0,6788384,14004.1,1462.4,2639.1,8704.1,9775,0,6839665,5815613,0,0,0,0,0,0,0,0,0,0,0,0,340.0,0,0,404,679.5,21.4,25,40.6,0,512.0,,51593,6560016,688118.5,424.4
1439,young,4414,54,8,670,0,24,1,0,73,1643,387,1840,28584909,755782.5,35037,2.6,45.4,1198.0,6792924,14010.3,1462.6,2640.6,8707.9,9775,0,6844259,5819629,0,0,0,0,0,0,0,0,0,0,0,0,340.0,0,0,404,673.5,21.4,25,40.6,0,512.0,,51626,6564435,688585.8,424.6
1440,young,4019,148,6,320,0,31,2,0,106,1701,391,1619,28601750,756291.4,29605,2.2,47.5,1198.0,6797471,14016.2,1462.8,2641.9,8711.4,9775,0,6848853,5823608,0,0,0,0,0,0,0,0,0,0,0,1,340.0,0,0,404,668.8,21.4,25,40.6,0,512.0,,51656,6568856,689054.5,424.9
1441,young,4309,47,9,606,0,20,1,1,80,1700,391,1774,28617361,756801.9,28906,2.1,49.7,1198.0,6802055,14026.6,1467.3,2643.5,8715.1,9775,0,6853481,5827579,0,0,0,0,0,0,0,0,0,0,0,0,340.0,0,0,404,663.5,21.4,25,40.6,0,512.0,,51689,6573311,689523.8,425.2
1442,young,4601,20,7,605,0,41,2,1,122,1891,392,1852,28630937,757313.4,34678,2.6,52.2,1198.0,6806610,14032.1,1467.7,2645.1,8718.1,9775,0,6858084,5831635,0,0,0,0,0,0,0,0,0,0,0,1,340.0,0,0,404,657.3,21.4,25,40.6,0,512.0,,51719,6577747,689991.8,425.5
1443,young,4642,158,9,644,0,38,2,1,128,1650,392,1926,28647829,757822.7,31910,2.3,54.5,1198.0,6811196,14038.4,1467.9,2646.8,8721.8,9775,0,6862721,5835752,0,0,0,0,0,0,0,0,0,0,0,0,340.0,0,0,404,651.6,21.4,25,40.6,0,512.0,,51756,6582181,690459.1,425.8
1444,young,4108,54,9,442,0,36,2,0,113,1331,393,2049,28663022,758330.9,23706,1.8,56.3,1198.0,6815759,14044.3,1468.1,2648.2,8725.2,9775,0,6867346,5839828,0,0,0,0,0,0,0,0,0,0,0,0,340.0,0,0,404,646.5,21.4,25,40.6,0,512.0,,51795,6586606,690925.0,426.1
1445,young,4807,32,18,517,0,38,2,0,118,1792,392,2218,28676855,758841.4,30308,2.3,58.6,1198.0,6820363,14049.8,1468.2,2649.8,8728.3,9775,0,6871992,5843985,0,0,0,0,0,0,0,0,0,0,0,1,340.0,0,0,404,640.6,21.4,25,40.6,0,512.0,,51826,6591100,691394.0,426.3
1446,young,5492,738,8,339,0,39,2,0,122,1937,391,2182,28692498,759350.9,34471,2.5,61.1,1198.0,6824980,14055.9,1468.4,2651.5,8731.5,9775,0,6876662,5848162,0,0,0,0,0,0,0,0,0,0,0,0,340.0,0,0,404,635.3,21.4,25,40.6,0,512.0,,51861,6595578,691861.6,426.6
1447,young,4352,21,8,250,0,20,2,0,83,1813,393,2094,28712025,759859.1,33119,2.5,63.5,1198.0,6829604,14068.2,1474.6,2653.1,8735.2,9775,0,6881342,5852141,0,0,0,0,0,0,0,0,0,0,0,0,340.0,0,0,404,630.6,21.4,25,40.6,0,512.0,,51898,6600042,692328.1,426.9
1448,young,5170,26,8,529,0,48,1,0,93,2001,392,2365,28728386,760370.2,37111,2.7,66.3,1198.0,6834241,14075.8,1476.9,2654.5,8738.0,9775,0,6886046,5856249,0,0,0,0,0,0,0,0,0,0,0,0,340.0,0,0,404,623.8,21.4,25,40.6,0,514.3,,51937,6604544,692793.3,427.2
1449,young,5600,30,7,454,0,35,2,0,111,1860,392,3024,28742984,760876.7,36426,2.7,68.9,1198.0,6838932,14081.5,1477.1,2655.9,8741.5,9775,0,6890792,5860350,0,0,0,0,0,0,0,0,0,0,0,0,340.0,0,0,404,617.7,21.4,25,40.6,0,516.9,,51971,6609115,693262.0,427.5
1450,young,5603,18,7,518,0,18,2,0,77,1776,391,3118,28758851,761389.7,36658,2.8,71.7,1198.0,6843669,14089.5,1477.6,2657.7,8746.1,9777,0,6895584,5864490,0,0,0,0,0,0,0,0,0,0,0,0,340.0,0,1,403,610.4,21.4,25,40.5,0,519.7,,52008,6613722,693733.4,427.8
1451,young,5586,304,9,810,0,17,2,0,77,1768,392,2495,28774526,761902.5,34553,2.5,74.2,1198.0,6848437,14094.6,1477.7,2659.1,8748.9,9777,0,6900411,5868823,0,0,0,0,0,0,0,0,0,0,0,0,340.0,0,0,404,605.4,21.4,25,40.5,0,522.2,,52042,6618342,694206.6,428.1
1452,young,5002,28,8,272,0,44,2,0,132,1730,392,2699,28793337,762419.6,33509,2.5,76.7,1198.0,6853244,14102.0,1478.1,2661.2,8753.1,9777,0,6905271,5873007,0,0,0,0,0,0,0,0,0,0,0,1,340.0,0,0,404,599.5,21.4,25,40.5,0,524.7,,52073,6623008,694682.9,428.4
1453,young,5402,20,9,430,0,31,2,0,105,2046,393,2686,28825414,762936.9,38926,2.9,79.6,1198.0,6858120,14113.0,1478.3,2663.0,8761.3,9777,0,6910198,5876341,0,0,0,0,0,0,0,0,0,0,0,0,340.0,0,0,404,592.8,21.4,25,40.5,0,527.6,,52106,6627725,695161.9,428.7
1454,young,6317,33,8,661,0,31,1,0,79,1956,392,3459,28847453,763458.0,37560,2.8,82.3,1198.0,6862994,14118.6,1478.4,2664.6,8764.6,9777,0,6915121,5880728,0,0,0,0,0,0,0,0,0,0,0,0,340.0,0,0,404,586.8,21.4,25,40.5,0,530.3,,52137,6632461,695642.9,429.0
1455,full-cycle,11783,153,1054,0,0,0,2,0,90,1800,406,106,28869496,764040.7,151278,17.4,17.4,1198.0,6869414,14133.3,1482.2,2667.0,8771.4,9792,0,6921172,5885910,1207,6423,2456,119501,81,362,99,0,0,0,1640,0,286.0,8,28,391,768.3,13.9,29,51.5,0,512.0,promoted,52221,6638627,696260.6,429.4
1456,young,2844,82,9,371,0,31,2,0,86,1424,394,781,28890294,764815.9,19746,4.5,21.9,1198.0,6874970,14138.8,1482.3,2668.7,8774.1,9838,0,6926753,5890739,0,0,0,0,0,0,0,0,0,0,0,0,290.0,0,0,425,778.6,11.0,29,48.8,0,512.0,,52232,6643705,696678.6,429.7
1457,young,3390,17,7,425,0,39,2,0,120,1830,401,885,28904008,765294.5,28451,2.1,24.0,1198.0,6879410,14143.5,1482.6,2670.0,8776.6,9840,0,6931246,5894773,0,0,0,0,0,0,0,0,0,0,0,0,290.0,0,0,425,773.1,11.0,29,48.7,0,512.0,,52264,6648022,697146.1,430.0
1458,young,3022,158,9,390,0,36,2,0,126,1411,398,831,28929139,765804.2,21716,1.6,25.6,1198.0,6883880,14149.9,1482.8,2671.2,8781.0,9840,0,6935766,5898361,0,0,0,0,0,0,0,0,0,0,0,0,290.0,0,0,425,768.7,11.0,29,48.7,0,512.0,,52295,6652369,697614.7,430.3
1459,young,3097,26,10,311,0,22,2,0,71,1559,402,1019,28945217,766314.5,28401,2.1,27.8,1198.0,6888363,14156.1,1482.9,2672.5,8785.0,9840,0,6940306,5902244,0,0,0,0,0,0,0,0,0,0,0,0,290.0,0,0,425,762.6,11.0,29,48.7,0,512.0,,52329,6656732,698083.8,430.6
1460,young,3631,22,8,322,0,23,2,0,83,2000,403,1094,28963247,766823.3,36786,2.8,30.6,1198.0,6892842,14161.6,1483.0,2674.0,8788.2,9842,0,6944827,5906177,0,0,0,0,0,0,0,0,0,0,0,0,290.0,0,0,425,755.9,11.0,29,48.6,0,512.0,,52361,6661072,698552.3,430.8
1461,young,3826,31,9,437,0,35,2,1,123,1773,402,1355,28978264,767323.3,31448,2.6,33.1,1198.0,6897345,14168.4,1483.2,2675.6,8792.6,9848,0,6949390,5909993,0,0,0,0,0,0,0,0,0,0,0,0,290.0,0,0,425,749.4,11.0,29,48.2,0,512.0,,52397,6665438,699018.6,431.1
1462,young,4645,597,8,586,0,38,2,0,123,1640,404,1528,28994951,767840.8,22596,2.0,35.2,1198.0,6901817,14175.9,1483.5,2677.2,8797.5,9856,0,6953927,5913750,0,0,0,0,0,0,0,0,0,0,0,0,290.0,0,0,425,744.1,11.0,29,47.8,0,512.0,,52438,6669787,699483.8,431.4
1463,young,4801,31,7,911,0,50,2,0,150,1703,406,1814,29010099,768350.5,26404,2.0,37.2,1198.0,6906327,14229.6,1532.5,2678.9,8799.5,9856,0,6958500,5917891,0,0,0,0,0,0,0,0,0,0,0,0,290.0,0,0,425,739.6,11.0,29,47.8,0,512.0,,52476,6674168,699951.9,431.7
1464,young,4252,30,8,485,0,32,1,0,82,2049,407,1491,29025595,768862.5,39251,2.9,40.1,1198.0,6910827,14233.9,1532.6,2680.2,8801.7,9856,0,6963073,5922044,0,0,0,0,0,0,0,0,0,0,0,0,290.0,0,0,425,733.3,11.0,29,47.8,0,512.0,,52514,6678544,700417.3,431.9
1465,full-cycle,8674,32,836,0,0,0,2,0,97,1322,391,118,29041522,769378.0,157387,18.0,18.0,1198.0,6916247,14238.6,1532.9,2681.7,8803.9,9886,0,6968565,5927081,869,5135,1643,136663,16,105,74,0,0,0,997,0,304.0,12,9,393,773.9,20.5,33,58.5,0,512.0,starved,52591,6683767,700969.5,432.3
1466,young,3158,24,8,246,0,34,2,0,111,1902,385,757,29061716,770097.7,38971,5.5,23.5,1198.0,6922205,14247.3,1533.2,2683.9,8809.2,9910,0,6974534,5931958,0,0,0,0,0,0,0,0,0,0,0,0,304.0,0,0,414,749.3,20.5,33,57.1,0,512.0,,52604,6689235,701427.0,432.7
1467,young,2770,24,6,190,0,12,2,0,57,1645,397,799,29074526,770575.0,38654,3.1,26.6,1198.0,6926624,14251.2,1533.3,2685.3,8811.0,9916,0,6979021,5936092,0,0,0,0,0,0,0,0,0,0,0,0,304.0,0,1,413,742.2,20.5,33,56.8,0,512.0,,52640,6693522,701893.8,432.9
1468,young,3433,24,8,443,0,29,2,0,77,1804,403,976,29090301,771084.2,39332,3.3,29.9,1198.0,6931038,14257.8,1533.5,2686.5,8814.9,9924,0,6983488,5939894,0,0,0,0,0,0,0,0,0,0,0,0,304.0,0,0,414,736.1,20.5,33,56.3,0,512.0,,52676,6697824,702361.0,433.2
1469,young,3679,559,11,372,0,28,2,0,98,1373,403,1173,29113287,771504.1,28346,2.3,32.2,1198.0,6935671,14264.5,1533.6,2687.9,8818.9,9930,0,6988171,5943612,0,0,0,0,0,0,0,0,0,0,0,0,304.0,0,0,414,726.3,20.5,33,56.0,0,512.0,,52715,6702272,702826.0,433.5
1470,young,3136,16,7,306,0,16,2,0,52,1306,405,1342,29134715,772097.1,25110,1.9,34.1,1198.0,6940061,14274.4,1534.7,2689.5,8825.0,9930,0,6992625,5947136,0,0,0,0,0,0,0,0,0,0,0,0,304.0,0,1,413,721.4,20.5,33,56.0,0,512.0,,52753,6706551,703294.7,433.8
1471,young,3368,25,8,260,0,19,2,0,72,1639,405,1263,29151785,772609.3,38188,2.8,36.9,1198.0,6944495,14280.5,1535.1,2691.0,8828.6,9930,0,6997112,5951046,0,0,0,0,0,0,0,0,0,0,0,0,304.0,0,0,414,716.0,20.5,33,56.0,0,512.0,,52790,6710851,703762.0,434.0
1472,full-cycle,9961,238,909,0,0,0,2,0,71,1277,381,88,29166020,773126.7,164174,18.5,18.5,1198.0,6950028,14287.2,1535.5,2692.9,8832.2,9958,0,7002665,5955988,1146,5431,2198,135078,37,698,91,0,0,0,1065,0,332.0,11,9,386,755.0,16.2,27,46.9,0,512.0,starved,52875,6716202,704335.8,434.4
1473,young,3519,397,9,613,0,18,2,0,64,1639,379,706,29188243,773865.8,35213,5.5,24.0,1198.0,6956049,14293.4,1535.7,2694.7,8835.3,9990,0,7008715,5961217,0,0,0,0,0,0,0,0,0,0,0,0,334.0,0,0,405,733.8,14.4,27,45.0,0,512.0,,52888,6721702,704783.1,434.8
1474,young,3199,30,7,475,0,14,1,0,65,1747,388,795,29201930,774344.0,37877,2.8,26.8,1198.0,6960607,14298.6,1535.8,2696.1,8838.2,9990,0,7013323,5965257,0,0,0,0,0,0,0,0,0,0,0,0,334.0,0,0,405,726.3,14.4,27,45.0,0,512.0,,52920,6726100,705251.8,435.0
1475,young,3327,92,8,471,0,44,2,0,125,1547,387,938,29216745,774848.3,32361,2.3,29.1,1198.0,6965113,14304.8,1536.0,2698.1,8841.5,9990,0,7017859,5969271,0,0,0,0,0,0,0,0,0,0,0,0,334.0,0,0,405,720.6,14.4,27,45.0,0,512.0,,52950,6730475,705720.8,435.3
1476,young,3302,156,8,336,0,12,2,0,69,1513,391,1100,29233957,775361.1,27273,2.0,31.1,1198.0,6969582,14311.1,1536.2,2699.4,8845.7,9990,0,7022374,5973114,0,0,0,0,0,0,0,0,0,0,0,0,334.0,0,0,405,715.3,14.4,27,45.0,0,512.0,,52982,6734827,706189.9,435.6
1477,young,3494,156,8,204,0,18,2,0,78,1660,391,1320,29249069,775869.1,27092,2.1,33.2,1198.0,6974075,14316.8,1536.5,2701.0,8848.7,9992,0,7026925,5977088,0,0,0,0,0,0,0,0,0,0,0,0,334.0,0,1,404,709.8,14.4,27,44.9,0,512.0,,53016,6739188,706657.5,435.9
1478,young,3060,88,9,389,0,24,2,0,84,1146,391,1212,29266052,776381.0,20559,1.5,34.7,1198.0,6978574,14323.3,1536.7,2703.0,8852.4,9992,0,7031456,5981111,0,0,0,0,0,0,0,0,0,0,0,0,334.0,0,0,405,705.5,14.4,27,44.9,0,512.0,,53044,6743573,707127.5,436.1
1479,young,4146,41,7,784,0,13,1,0,75,1465,393,1603,29281918,776892.1,21564,2.1,36.8,1198.0,6983063,14329.9,1537.0,2704.2,8856.8,10002,0,7036004,5985014,0,0,0,0,0,0,0,0,0,0,0,0,334.0,0,1,404,700.5,14.4,27,44.3,0,512.0,,53082,6747935,707595.4,436.4
1480,young,3696,35,7,569,0,38,2,0,118,1296,393,1520,29299658,777398.6,24821,1.9,38.7,1198.0,6987572,14336.5,1537.1,2706.8,8859.7,10004,0,7040569,5989128,0,0,0,0,0,0,0,0,0,0,0,0,334.0,0,0,405,696.3,14.4,27,44.2,0,512.0,,53122,6752307,708062.4,436.7
1481,young,3865,17,6,614,0,30,2,0,77,1457,392,1590,29321408,777914.3,29080,2.2,40.9,1198.0,6992113,14342.9,1537.3,2708.1,8863.5,10004,0,7045161,5993136,0,0,0,0,0,0,0,0,0,0,0,0,334.0,0,0,405,690.9,14.4,27,44.2,0,512.0,,53161,6756728,708530.5,437.0
1482,young,4294,27,5,516,0,33,2,0,111,1817,392,1715,29335951,778422.3,37081,2.7,43.6,1198.0,6996650,14348.6,1537.4,2709.4,8866.8,10004,0,7049753,5997204,0,0,0,0,0,0,0,0,0,0,0,0,334.0,0,0,405,684.6,14.4,27,44.2,0,512.0,,53196,6761147,708997.6,437.3
1483,full-cycle,9168,91,722,0,0,0,2,0,91,1315,383,111,29350255,778942.7,161121,18.2,18.2,1198.0,7002203,14355.0,1537.6,2711.3,8870.3,10032,0,7055341,6002151,813,5302,1930,136104,21,389,88,0,0,0,1046,0,328.0,12,11,386,761.1,19.2,26,44.9,0,512.0,starved,53280,6766494,709561.0,437.6
1484,young,3379,31,8,725,0,30,2,0,90,1715,382,699,29369208,779680.4,38452,6.3,24.5,1198.0,7008086,14363.8,1537.7,2712.9,8875.1,10076,0,7061257,6006993,0,0,0,0,0,0,0,0,0,0,0,0,328.0,0,0,409,738.8,19.2,26,42.4,0,512.0,,53298,6771872,710012.8,438.0
1485,young,3200,24,10,470,0,21,2,0,86,1594,390,918,29384164,780154.6,34877,2.5,27.0,1198.0,7012543,14371.2,1537.9,2714.2,8880.3,10076,0,7065757,6010697,0,0,0,0,0,0,0,0,0,0,0,0,328.0,0,1,408,732.4,19.2,26,42.4,0,512.0,,53328,6776221,710482.5,438.3
1486,young,3371,32,9,433,0,29,2,0,106,1690,395,1010,29400108,780664.7,32428,2.4,29.4,1198.0,7017041,14375.4,1538.0,2715.6,8882.3,10076,0,7070298,6014838,0,0,0,0,0,0,0,0,0,0,0,0,328.0,0,0,409,726.2,19.2,26,42.4,0,512.0,,53361,6780589,710951.9,438.5
1487,young,3661,20,6,568,0,36,2,0,113,1759,394,1056,29415184,781173.3,36256,2.7,32.1,1198.0,7021535,14379.4,1538.3,2716.9,8884.0,10076,0,7074833,6019016,0,0,0,0,0,0,0,0,0,0,0,1,328.0,0,0,409,718.8,19.2,26,42.4,0,512.0,,53390,6784959,711421.1,438.8
1488,young,3962,24,16,780,0,34,2,0,110,1675,396,1247,29431626,781675.2,35306,2.6,34.7,1198.0,7025990,14387.7,1538.4,2718.3,8890.1,10076,0,7079353,6022708,0,0,0,0,0,0,0,0,0,0,0,0,328.0,0,1,408,712.4,19.2,26,42.4,0,512.0,,53424,6789296,711888.2,439.1
1489,young,3395,23,8,434,0,29,2,0,75,1585,397,1171,29446386,782187.7,33044,2.4,37.1,1198.0,7030446,14393.3,1538.6,2719.8,8893.4,10076,0,7083867,6026710,0,0,0,0,0,0,0,0,0,0,0,0,328.0,0,0,409,707.2,19.2,26,42.4,0,512.0,,53457,6793641,712355.8,439.4
1490,young,3494,29,8,369,0,17,2,0,66,1598,395,1302,29460378,782699.1,34826,2.6,39.7,1198.0,7034898,14399.2,1538.8,2721.1,8897.1,10076,0,7088381,6030584,0,0,0,0,0,0,0,0,0,0,0,0,328.0,0,0,409,701.9,19.2,26,42.4,0,512.0,,53491,6797995,712822.9,439.6
1491,young,3995,30,8,600,0,23,2,0,85,1588,398,1584,29474435,783206.1,37809,2.8,42.5,1198.0,7039424,14404.1,1539.1,2722.5,8899.7,10076,0,7092956,6034577,0,0,0,0,0,0,0,0,0,0,0,0,328.0,0,0,409,695.6,19.2,26,42.4,0,512.0,,53529,6802400,713290.9,439.9
1492,full-cycle,9236,30,906,0,0,0,2,0,118,1256,384,141,29488412,783721.9,158971,18.0,18.0,1198.0,7044883,14409.3,1539.4,2724.3,8902.1,10104,0,7098440,6039534,936,5480,1633,128362,25,150,54,0,0,0,1103,1,332.0,9,6,390,763.2,15.1,28,48.9,0,512.0,starved,53598,6807675,713850.2,440.3
1493,young,3203,30,9,470,0,16,1,0,61,1875,386,644,29509934,784447.9,38497,5.8,23.8,1198.0,7050754,14416.2,1539.6,2726.0,8906.3,10138,0,7104341,6044587,0,0,0,0,0,0,0,0,0,0,0,0,332.0,0,0,405,737.1,15.1,28,46.9,0,512.0,,53615,6813070,714308.0,440.6
1494,young,3216,63,8,313,0,18,2,0,60,1832,391,839,29528903,784926.0,36656,2.8,26.6,1198.0,7055342,14422.6,1540.0,2727.4,8909.8,10140,0,7108977,6048600,0,0,0,0,0,0,0,0,0,0,0,0,332.0,0,1,404,728.1,15.1,28,46.7,0,512.0,,53650,6817514,714776.5,440.9
1495,young,3002,17,6,412,0,14,1,0,54,1480,390,924,29543218,785431.2,37201,2.7,29.4,1198.0,7059784,14428.4,1540.2,2729.0,8913.0,10140,0,7113467,6052401,0,0,0,0,0,0,0,0,0,0,0,0,332.0,0,0,405,721.9,15.1,28,46.7,0,512.0,,53681,6821842,715245.1,441.2
1496,young,3377,25,7,408,0,35,2,0,110,1742,392,950,29562250,785942.9,35495,2.6,32.0,1198.0,7064267,14434.9,1540.5,2730.7,8916.8,10140,0,7117999,6056258,0,0,0,0,0,0,0,0,0,0,0,0,332.0,0,0,405,715.6,15.1,28,46.7,0,512.0,,53715,6826197,715713.7,441.5
1497,young,3903,88,8,441,0,28,2,0,97,1795,395,1384,29578213,786452.4,35830,2.7,34.6,1198.0,7068713,14443.3,1542.5,2732.2,8921.0,10140,0,7122513,6060093,0,0,0,0,0,0,0,0,0,0,0,0,332.0,0,0,405,709.0,15.1,28,46.7,0,512.0,,53747,6830537,716181.3,441.7
1498,young,3499,31,12,451,0,32,2,0,108,1508,392,1262,29603085,786962.2,27268,2.0,36.6,1198.0,7073260,14449.2,1543.0,2734.0,8923.9,10142,0,7127102,6064192,0,0,0,0,0,0,0,0,0,0,0,0,332.0,0,0,405,703.0,15.1,28,46.6,0,512.0,,53777,6834944,716647.9,442.0
1499,young,2930,32,8,486,0,50,2,0,127,980,395,1177,29628526,787472.2,15275,1.6,38.3,1198.0,7077776,14458.5,1544.8,2736.0,8928.4,10152,0,7131680,6068142,0,0,0,0,0,0,0,0,0,0,0,0,332.0,0,0,405,697.9,15.1,28,46.0,0,512.0,,53816,6839325,717114.2,442.3
1500,young,3594,19,7,314,0,25,2,0,97,1539,391,1500,29643308,787981.9,27970,2.1,40.4,1198.0,7082279,14465.5,1545.0,2737.4,8933.1,10152,0,7136228,6072030,0,0,0,0,0,0,0,0,0,0,0,0,332.0,0,0,405,692.6,15.1,28,46.0,0,512.0,,53849,6843732,717583.6,442.6
1501,young,3699,20,6,305,0,13,1,1,62,1747,395,1486,29658513,788492.0,36328,2.7,43.0,1198.0,7086798,14471.2,1545.2,2738.9,8936.4,10152,0,7140804,6075996,0,0,0,0,0,0,0,0,0,0,0,0,332.0,0,0,405,686.2,15.1,28,46.0,0,512.0,,53885,6848128,718050.7,442.8
1502,full-cycle,9767,22,968,0,0,0,2,0,123,1495,379,143,29673019,789003.7,162748,18.3,18.3,1198.0,7092292,14476.9,1545.4,2740.5,8939.6,10182,0,7146332,6081038,990,5342,2418,130972,20,637,114,0,0,0,941,0,330.0,12,7,386,756.1,20.1,29,50.8,0,512.0,starved,53958,6853453,718613.1,443.2
1503,young,3400,23,8,456,0,24,1,0,80,1957,380,762,29691921,789737.3,38234,5.6,23.9,1198.0,7098288,14483.9,1545.6,2742.5,8943.3,10210,0,7152359,6086280,0,0,0,0,0,0,0,0,0,0,0,0,330.0,0,0,405,730.0,20.1,29,49.2,0,512.0,,53972,6858921,719068.4,443.6
1504,young,3253,23,8,521,0,32,2,0,100,1728,390,783,29706410,790213.2,37613,2.9,26.8,1198.0,7102773,14489.1,1545.7,2743.9,8946.3,10212,0,7156893,6090244,0,0,0,0,0,0,0,0,0,0,0,0,330.0,0,0,405,722.8,20.1,29,49.0,0,512.0,,54004,6863287,719538.0,443.8
1505,young,3531,312,6,385,0,28,2,0,96,1782,399,848,29720366,790721.2,37322,3.1,29.9,1198.0,7107214,14494.9,1545.9,2746.2,8949.1,10220,0,7161393,6094341,0,0,0,0,0,0,0,0,0,0,0,0,330.0,0,0,405,716.8,20.1,29,48.6,0,512.0,,54039,6867607,720005.6,444.1
1506,young,2920,247,10,221,0,28,2,0,105,1317,398,922,29748292,791150.5,23905,2.0,31.8,1198.0,7111767,14501.6,1546.1,2747.8,8953.1,10226,0,7166010,6098103,0,0,0,0,0,0,0,0,0,0,0,1,330.0,0,0,405,709.3,20.1,29,48.2,0,512.0,,54078,6871971,720469.8,444.4
1507,young,3209,17,7,565,0,30,2,0,101,1199,398,1227,29770840,791736.1,21801,1.7,33.5,1198.0,7116191,14511.8,1547.3,2749.4,8959.8,10226,0,7170495,6101697,0,0,0,0,0,0,0,0,0,0,0,0,330.0,0,0,405,705.1,20.1,29,48.2,0,512.0,,54116,6876284,720937.8,444.7
1508,young,3521,110,6,558,0,26,1,0,75,1540,398,1141,29787881,792248.0,34289,2.5,36.0,1198.0,7120633,14520.1,1547.4,2750.8,8964.9,10226,0,7175007,6105638,0,0,0,0,0,0,0,0,0,0,0,0,330.0,0,1,404,699.6,20.1,29,48.2,0,512.0,,54152,6880601,721405.0,444.9
1509,young,3171,111,29,585,0,11,1,0,54,1209,397,1108,29802016,792759.5,25271,1.8,37.8,1198.0,7125105,14524.8,1547.6,2752.1,8967.3,10226,0,7179524,6109649,0,0,0,0,0,0,0,0,0,0,0,0,330.0,0,0,405,695.0,20.1,29,48.2,0,512.0,,54181,6884941,721872.9,445.2
1510,young,3383,36,8,638,0,33,2,0,109,1064,397,1421,29819718,793270.2,19127,1.4,39.3,1198.0,7129588,14530.0,1547.7,2753.5,8970.0,10226,0,7184056,6113680,0,0,0,0,0,0,0,0,0,0,0,0,330.0,0,0,405,690.5,20.1,29,48.2,0,512.0,,54213,6889292,722342.2,445.5
1511,full-cycle,16084,171,901,0,0,0,2,0,85,1683,407,102,29852793,793828.5,165394,18.5,18.5,1198.0,7136572,14561.1,1556.2,2763.3,8981.3,10256,0,7190608,6118563,1072,10361,2368,122853,44,434,89,0,0,0,2177,0,274.0,14,23,396,777.7,18.4,29,50.8,0,512.0,starved,54295,6896024,723054.6,445.9
1512,young,2780,26,7,333,0,22,2,0,96,1644,410,573,29883625,794628.6,35799,5.7,24.2,1198.0,7141806,14570.2,1557.5,2765.9,8985.8,10290,0,7195866,6123103,0,0,0,0,0,0,0,0,0,0,0,0,280.0,0,0,430,789.0,15.9,29,48.8,0,512.0,,54307,6900818,723478.5,446.3
1513,young,2654,15,6,236,0,38,2,0,115,1500,410,690,29897646,795109.1,36509,3.1,27.2,1198.0,7146344,14575.8,1557.7,2767.1,8989.3,10298,0,7200462,6127079,0,0,0,0,0,0,0,0,0,0,0,0,280.0,0,1,429,779.6,15.9,29,48.3,0,512.0,,54347,6905193,723946.0,446.5
1514,young,3390,33,9,452,0,41,2,1,119,1746,411,924,29911046,795621.0,37092,2.8,30.1,1198.0,7150865,14581.8,1558.6,2768.4,8992.3,10300,0,7205036,6131138,0,0,0,0,0,0,0,0,0,0,0,0,280.0,0,0,430,771.7,15.9,29,48.2,0,512.0,,54377,6909574,724413.1,446.8
1515,young,3387,30,14,547,0,31,2,0,76,1748,411,868,29926081,796127.3,36437,2.7,32.7,1198.0,7155312,14588.3,1559.2,2769.9,8995.8,10300,0,7209543,6135071,0,0,0,0,0,0,0,0,0,0,0,0,280.0,0,0,430,764.8,15.9,29,48.2,0,512.0,,54414,6913909,724881.8,447.1
1516,young,3760,29,7,337,0,46,2,1,133,1790,414,1350,29940530,796631.4,34354,2.5,35.3,1198.0,7159761,14594.5,1559.4,2771.2,8999.9,10300,0,7214043,6138917,0,0,0,0,0,0,0,0,0,0,0,0,280.0,0,0,430,758.8,15.9,29,48.2,0,512.0,,54445,6918234,725350.6,447.4
1517,young,3536,38,7,533,0,39,2,0,125,1380,417,1327,29955520,797144.0,28519,2.2,37.4,1198.0,7164245,14602.6,1560.2,2774.8,9003.0,10302,0,7218590,6142775,0,0,0,0,0,0,0,0,0,0,0,0,280.0,0,0,430,753.0,15.9,29,48.1,0,512.0,,54480,6922576,725818.0,447.7
1518,young,4142,24,9,484,0,47,2,0,147,1709,414,1642,29973419,797656.2,28389,2.1,39.5,1198.0,7168779,14608.6,1561.0,2776.6,9005.3,10302,0,7223167,6146870,0,0,0,0,0,0,0,0,0,0,0,1,280.0,0,0,430,746.4,15.9,29,48.1,0,512.0,,54510,6926967,726286.8,447.9
1519,young,3825,19,7,384,0,25,1,1,88,1706,413,1516,29988850,798165.4,35880,2.7,42.2,1198.0,7173253,14613.7,1561.2,2777.9,9008.4,10302,0,7227699,6150910,0,0,0,0,0,0,0,0,0,0,0,0,280.0,0,0,430,740.4,15.9,29,48.1,0,512.0,,54544,6931327,726754.9,448.2
1520,full-cycle,8395,39,977,0,0,0,2,1,154,793,373,179,30005277,798699.0,150962,17.3,17.3,1198.0,7178498,14620.4,1561.3,2779.4,9012.6,10316,0,7232998,6155347,1016,3608,1782,137031,81,540,179,0,0,0,1935,0,318.0,7,21,383,753.9,12.2,29,51.8,0,512.0,starved,54607,6936411,727290.1,448.5
1521,young,3171,30,9,554,0,22,3,1,98,1498,397,892,30044752,799388.9,29393,5.0,22.4,1198.0,7184018,14630.4,1565.4,2781.6,9015.7,10362,0,7238542,6160200,0,0,0,0,0,0,0,0,0,0,0,0,320.0,0,0,410,753.0,11.2,29,49.1,0,512.0,,54625,6941424,727722.1,448.9
1522,young,3947,78,9,331,0,26,2,0,131,2154,401,1092,30062558,799871.5,22286,1.6,24.0,1198.0,7188489,14637.8,1568.1,2783.9,9017.4,10362,0,7243047,6164374,0,0,0,0,0,0,0,0,0,0,0,0,320.0,0,0,410,746.8,11.2,29,49.1,0,512.0,,54651,6945752,728192.4,449.2
1523,young,3333,23,10,815,0,33,2,0,109,1411,399,851,30077715,800375.9,15088,1.1,25.1,1198.0,7192997,14642.5,1569.3,2785.2,9019.0,10362,0,7247596,6168631,0,0,0,0,0,0,0,0,0,0,0,0,320.0,0,0,410,741.8,11.2,29,49.1,0,512.0,,54676,6950111,728661.8,449.4
1524,young,2982,20,8,344,0,42,2,0,116,1429,396,936,30093704,800890.5,17685,1.3,26.4,1198.0,7197420,14647.1,1569.4,2786.6,9021.4,10362,0,7252066,6172604,0,0,0,0,0,0,0,0,0,0,0,0,320.0,0,0,410,738.3,11.2,29,49.1,0,512.0,,54705,6954403,729131.6,449.7
1525,young,2945,21,7,503,0,41,2,0,124,1145,398,983,30111626,801401.5,22013,1.8,28.2,1198.0,7201865,14655.9,1569.6,2788.6,9027.3,10366,0,7256575,6176266,0,0,0,0,0,0,0,0,0,0,0,0,320.0,0,0,410,733.1,11.2,29,48.9,0,512.0,,54740,6958725,729598.7,450.0
1526,young,2848,39,7,300,0,12,2,0,65,1413,399,938,30129723,801911.5,23577,2.2,30.4,1198.0,7206410,14660.5,1570.0,2790.7,9028.7,10374,0,7261182,6180533,0,0,0,0,0,0,0,0,0,0,0,0,320.0,0,0,410,727.0,11.2,29,48.4,0,512.0,,54781,6963107,730065.0,450.3
1527,young,3741,285,8,544,0,44,2,1,137,1440,396,1137,30144890,802420.0,27869,2.0,32.4,1198.0,7210867,14666.4,1570.2,2792.8,9031.6,10374,0,7265703,6184542,0,0,0,0,0,0,0,0,0,0,0,0,320.0,0,0,410,721.9,11.2,29,48.4,0,512.0,,54819,6967436,730531.5,450.5
1528,young,3484,32,9,440,0,21,2,0,84,1714,396,1106,30159526,802929.2,31207,2.3,34.8,1198.0,7215353,14671.4,1570.3,2794.0,9034.7,10374,0,7270247,6188629,0,0,0,0,0,0,0,0,0,0,0,0,320.0,0,0,410,716.7,11.2,29,48.4,0,512.0,,54855,6971811,730998.8,450.8
1529,young,3466,48,8,410,0,45,2,0,129,1473,396,1295,30178572,803438.8,37478,2.7,37.5,1198.0,7219859,14678.3,1570.5,2795.2,9039.6,10374,0,7274802,6192545,0,0,0,0,0,0,0,0,0,0,0,0,320.0,0,0,410,710.9,11.2,29,48.4,0,512.0,,54882,6976197,731468.0,451.1
1530,young,3726,24,6,167,0,58,2,0,137,1642,399,1575,30194025,803948.0,37694,2.8,40.3,1198.0,7224393,14683.5,1570.6,2796.5,9042.1,10374,0,7279383,6196640,0,0,0,0,0,0,0,0,0,0,0,0,320.0,0,0,410,705.2,11.2,29,48.4,0,512.0,,54914,6980606,731936.6,451.4
1531,young,4159,31,9,414,0,30,2,0,108,1856,395,1646,30206920,804456.9,33111,2.4,42.7,1198.0,7228942,14687.7,1570.8,2797.9,9044.1,10374,0,7283979,6200853,0,0,0,0,0,0,0,0,0,0,0,0,320.0,0,0,410,698.9,11.2,29,48.4,0,512.0,,54942,6985050,732404.9,451.6
1532,full-cycle,9081,87,572,0,0,0,2,1,94,1671,382,111,30220587,804975.2,169751,18.7,18.7,1198.0,7234643,14692.8,1571.0,2799.8,9046.1,10408,0,7289722,6206184,658,5441,1972,128587,24,130,29,0,0,0,977,0,312.0,12,11,388,763.4,19.6,32,56.6,0,512.0,starved,55015,6990541,732982.1,452.0
1533,young,3118,21,7,456,0,32,1,0,76,1801,386,676,30246554,805705.5,39082,6.2,24.9,1198.0,7240375,14701.4,1571.3,2801.6,9051.9,10444,0,7295476,6210722,0,0,0,0,0,0,0,0,0,0,0,0,314.0,0,0,410,744.4,18.2,32,54.5,0,512.0,,55032,6995804,733434.4,452.4
1534,young,3549,23,9,516,0,27,2,0,76,1979,400,866,30263509,806182.9,38329,3.1,28.0,1198.0,7244854,14709.0,1571.5,2802.9,9056.4,10450,0,7300004,6214637,0,0,0,0,0,0,0,0,0,0,0,0,314.0,0,0,410,735.9,18.2,32,54.1,0,512.0,,55070,7000152,733903.1,452.6
1535,young,3675,96,9,338,0,39,2,0,104,2006,400,993,30276349,806694.5,38100,2.8,30.8,1198.0,7249398,14712.9,1571.6,2804.1,9058.2,10450,0,7304599,6218878,0,0,0,0,0,0,0,0,0,0,0,0,314.0,0,0,410,727.3,18.2,32,54.1,0,512.0,,55101,7004554,734370.7,452.9
1536,young,3434,52,8,348,0,21,2,0,71,1722,401,1128,30291248,807200.6,33946,2.5,33.3,1198.0,7253839,14718.4,1571.8,2805.4,9061.6,10450,0,7309079,6222867,0,0,0,0,0,0,0,0,0,0,0,0,314.0,0,0,410,721.1,18.2,32,54.1,0,512.0,,55132,7008878,734840.3,453.2
1537,young,3520,233,7,423,0,44,2,0,130,1176,402,1400,30308035,807708.3,25430,1.9,35.3,1198.0,7258312,14725.5,1572.0,2806.7,9066.4,10452,0,7313601,6226494,0,0,0,0,0,0,0,0,0,0,0,0,314.0,0,0,410,715.7,18.2,32,54.0,0,512.0,,55167,7013208,735308.9,453.5
1538,young,3522,32,6,263,0,19,2,0,77,1655,404,1331,30326767,808221.4,27385,2.1,37.3,1198.0,7262820,14731.6,1572.9,2808.6,9069.1,10452,0,7318166,6230484,0,0,0,0,0,0,0,0,0,0,0,0,314.0,0,0,410,710.3,18.2,32,54.0,0,512.0,,55204,7017575,735776.9,453.8
1539,young,4721,334,7,448,0,24,2,0,74,1980,403,1735,30344257,808731.8,34478,2.5,39.8,1198.0,7267282,14738.2,1573.0,2810.2,9073.2,10452,0,7322692,6234333,0,0,0,0,0,0,0,0,0,0,0,1,314.0,0,1,409,704.5,18.2,32,54.0,0,512.0,,55242,7021900,736243.0,454.0
1540,full-cycle,10259,316,1132,0,0,0,2,1,96,1547,385,116,30360375,809249.5,159010,18.0,18.0,1198.0,7272821,14744.2,1573.3,2811.8,9076.5,10457,0,7328243,6239345,1448,5696,2192,125558,27,434,60,0,0,0,869,0,308.0,11,8,393,771.8,15.1,33,60.2,0,512.0,starved,55330,7027232,736811.5,454.4
1541,young,3152,170,5,265,0,29,2,0,115,1582,384,878,30383154,809974.7,32759,5.3,23.4,1198.0,7278806,14749.4,1573.5,2813.6,9079.0,10515,0,7334267,6244636,0,0,0,0,0,0,0,0,0,0,0,0,318.0,0,0,407,745.1,9.1,33,56.8,0,512.0,,55348,7032656,737259.3,454.7
1542,young,3061,356,8,271,0,22,1,0,103,1331,386,897,30399126,810454.4,24198,1.8,25.1,1198.0,7283275,14756.2,1574.1,2815.1,9082.9,10515,0,7338796,6248466,0,0,0,0,0,0,0,0,0,0,0,0,318.0,0,0,407,739.7,9.1,33,56.8,0,512.0,,55383,7036989,737727.3,455.0
1543,young,3226,180,53,388,0,31,2,0,105,1431,384,962,30422844,810970.6,27917,2.1,27.2,1198.0,7287706,14768.5,1575.2,2818.4,9090.2,10515,0,7343266,6251815,0,0,0,0,0,0,0,0,0,0,0,0,318.0,0,0,407,734.7,9.1,33,56.8,0,512.0,,55413,7041299,738197.2,455.3
1544,young,3589,24,9,373,0,24,2,0,103,1814,390,1171,30442439,811479.1,34317,2.5,29.8,1198.0,7292168,14775.4,1575.4,2819.9,9094.7,10515,0,7347783,6255407,0,0,0,0,0,0,0,0,0,0,0,0,318.0,0,0,407,728.2,9.1,33,56.8,0,512.0,,55445,7045631,738665.9,455.6
1545,young,3875,161,14,430,0,38,2,0,115,1542,391,1481,30467345,811988.0,33158,2.4,32.2,1198.0,7296634,14783.7,1575.6,2821.3,9100.7,10515,0,7352300,6259201,0,0,0,0,0,0,0,0,0,0,0,0,318.0,0,0,407,722.4,9.1,33,56.8,0,512.0,,55475,7049967,739134.7,455.8
1546,young,3935,36,8,370,0,20,2,0,90,1957,391,1362,30486152,812499.6,29865,2.2,34.4,1198.0,7301112,14790.7,1575.7,2822.6,9105.5,10515,0,7356828,6262997,0,0,0,0,0,0,0,0,0,0,0,1,318.0,0,0,407,716.3,9.1,33,56.8,0,512.0,,55508,7054339,739603.5,456.1
1547,young,4098,34,9,488,0,39,2,0,127,1600,392,1735,30501834,813008.6,26281,1.9,36.3,1198.0,7305608,14796.6,1575.9,2823.8,9109.3,10515,0,7361370,6266876,0,0,0,0,0,0,0,0,0,0,0,0,318.0,0,0,407,711.8,9.1,33,56.8,0,512.0,,55539,7058698,740071.2,456.4
1548,young,3928,140,8,319,0,40,2,0,127,1625,392,1599,30520622,813519.9,25099,1.9,38.2,1198.0,7310119,14803.3,1576.0,2825.2,9113.5,10515,0,7365937,6270938,0,0,0,0,0,0,0,0,0,0,0,0,318.0,0,0,407,707.0,9.1,33,56.8,0,512.0,,55572,7063097,740540.8,456.7
1549,young,4076,28,7,526,0,21,2,0,89,1711,390,1617,30537822,814030.7,35278,2.6,40.7,1198.0,7314657,14808.8,1576.2,2826.4,9116.9,10515,0,7370529,6275009,0,0,0,0,0,0,0,0,0,0,0,0,318.0,0,0,407,700.6,9.1,33,56.8,0,512.0,,55605,7067509,741009.0,457.0
1550,full-cycle,15604,118,754,0,0,0,1,0,72,1547,419,90,30555417,814570.8,162927,17.6,17.6,1198.0,7321663,14817.4,1576.4,2828.7,9122.0,10537,0,7377095,6281131,872,10849,2377,129063,46,565,120,0,0,0,1375,0,260.0,10,17,408,804.8,13.2,34,61.8,0,512.0,starved,55691,7074225,741715.1,457.4
1551,young,3286,25,8,388,0,21,1,1,102,1851,403,806,30582503,815395.3,29521,4.7,22.4,1198.0,7327375,14827.7,1576.6,2830.3,9129.0,10567,0,7382818,6285314,0,0,0,0,0,0,0,0,0,0,0,0,262.0,0,0,434,797.0,12.1,34,60.0,0,512.0,,55698,7079468,742155.9,457.8
1552,young,3133,21,8,179,0,39,2,0,121,1800,396,931,30596485,815874.8,38387,3.0,25.4,1198.0,7331813,14833.8,1576.8,2831.7,9132.8,10571,0,7387299,6289140,0,0,0,0,0,0,0,0,0,0,0,0,262.0,0,0,434,791.0,12.1,34,59.8,0,512.0,,55729,7083797,742625.3,458.0
1553,young,3607,28,9,847,0,40,2,0,121,1498,398,937,30612047,816385.0,31573,2.7,28.1,1198.0,7336254,14840.8,1579.3,2833.5,9134.6,10581,0,7391810,6293282,0,0,0,0,0,0,0,0,0,0,0,0,262.0,0,0,434,785.3,12.1,34,59.2,0,512.0,,55767,7088097,743090.2,458.3
1554,young,3301,172,6,390,0,35,2,0,113,1233,397,1237,30628097,816893.7,21435,1.7,29.8,1198.0,7340744,14849.8,1583.4,2835.1,9137.3,10583,0,7396365,6297433,0,0,0,0,0,0,0,0,0,0,0,0,262.0,0,0,434,779.7,12.1,34,59.1,0,512.0,,55806,7092442,743556.9,458.6
1555,young,3277,40,7,232,0,44,2,0,122,1455,396,1313,30645249,817402.5,26122,1.9,31.8,1198.0,7345214,14855.5,1583.6,2836.4,9140.7,10583,0,7400898,6301367,0,0,0,0,0,0,0,0,0,0,0,0,262.0,0,0,434,774.1,12.1,34,59.1,0,512.0,,55843,7096793,744024.2,458.9
1556,young,3441,95,8,547,0,21,2,0,69,1479,393,1150,30663498,817913.0,25189,1.8,33.6,1198.0,7349685,14863.9,1584.2,2838.5,9145.7,10583,0,7405411,6305026,0,0,0,0,0,0,0,0,0,0,0,0,262.0,0,0,434,769.0,12.1,34,59.1,0,512.0,,55877,7101140,744492.6,459.1
1557,young,3714,36,7,527,0,53,2,0,144,1447,395,1392,30682404,818422.6,23537,1.8,35.3,1198.0,7354158,14874.8,1586.5,2841.4,9150.7,10583,0,7409944,6308987,0,0,0,0,0,0,0,0,0,0,0,0,262.0,0,0,434,764.5,12.1,34,59.1,0,512.0,,55913,7105504,744961.0,459.4
1558,young,3763,19,8,233,1,39,2,1,118,1710,398,1572,30698082,818934.1,31269,2.3,37.7,1198.0,7358662,14880.1,1586.6,2842.6,9153.9,10583,0,7414504,6312880,0,0,0,0,0,0,0,0,0,0,0,0,262.0,0,0,434,758.1,12.1,34,59.1,0,512.0,,55944,7109888,745427.8,459.7
1559,full-cycle,9359,252,872,0,0,0,2,1,106,1531,396,129,30713182,819446.8,161983,18.2,18.2,1198.0,7364265,14886.4,1586.8,2844.4,9157.3,10609,0,7420160,6317904,1123,5305,1872,129482,17,166,22,0,0,0,962,0,300.0,8,7,403,790.2,13.7,31,54.9,0,512.0,starved,56018,7115295,745999.6,460.0
1560,young,3279,31,8,298,0,32,2,0,110,2012,394,713,30739942,820220.7,39476,5.8,24.0,1198.0,7370069,14892.0,1587.1,2846.1,9160.2,10643,0,7425996,6323168,0,0,0,0,0,0,0,0,0,0,0,0,300.0,0,0,418,765.2,13.7,31,52.9,0,512.0,,56036,7120597,746458.2,460.4
1561,young,3897,24,8,630,0,38,2,0,121,2122,394,867,30755018,820698.3,38711,3.0,27.1,1198.0,7374485,14898.4,1587.3,2847.5,9164.1,10647,0,7430461,6326982,0,0,0,0,0,0,0,0,0,0,0,1,300.0,0,0,418,758.4,13.7,31,52.7,0,512.0,,56065,7124903,746926.7,460.7
1562,young,3716,101,8,564,0,42,2,1,112,1806,398,990,30776976,821207.7,37057,2.7,29.8,1198.0,7379063,14906.8,1587.4,2849.0,9170.2,10647,0,7435093,6331303,0,0,0,0,0,0,0,0,0,0,0,0,300.0,0,0,418,749.9,13.7,31,52.7,0,512.0,,56099,7129313,747395.0,461.0
1563,young,3496,92,8,391,0,18,2,0,71,1851,399,994,30794027,821708.0,37837,3.3,33.0,1198.0,7383543,14915.0,1587.6,2850.6,9175.7,10657,0,7439617,6335235,0,0,0,0,0,0,0,0,0,0,0,0,300.0,0,0,418,743.3,13.7,31,52.1,0,512.0,,56136,7133657,747862.7,461.2
1564,young,4138,27,7,413,0,41,2,0,138,1838,397,1590,30809191,822218.8,37088,2.7,35.7,1198.0,7388027,14921.5,1587.9,2851.9,9179.8,10657,0,7444141,6339239,0,0,0,0,0,0,0,0,0,0,0,0,300.0,0,0,418,737.1,13.7,31,52.1,0,512.0,,56170,7138010,748331.6,461.5
1565,young,3413,20,7,168,0,30,1,0,84,1834,397,1225,30825976,822732.3,36561,2.8,38.5,1198.0,7392479,14928.8,1588.6,2853.4,9184.2,10659,0,7448657,6343112,0,0,0,0,0,0,0,0,0,0,0,0,300.0,0,0,418,731.9,13.7,31,52.0,0,512.0,,56208,7142343,748797.8,461.8
1566,young,4367,51,9,654,0,34,2,0,114,1930,398,1496,30844271,823242.4,38916,2.9,41.4,1198.0,7396961,14935.3,1589.7,2855.2,9186.9,10659,0,7453193,6347082,0,0,0,0,0,0,0,0,0,0,0,0,300.0,0,0,418,725.7,13.7,31,52.0,0,512.0,,56246,7146703,749264.6,462.1
1567,young,4107,22,17,420,0,37,2,0,120,1878,397,1553,30858412,823751.4,38090,2.8,44.2,1198.0,7401487,14941.7,1589.8,2857.3,9190.5,10659,0,7457769,6350983,0,0,0,0,0,0,0,0,0,0,0,0,300.0,0,0,418,719.7,13.7,31,52.0,0,512.0,,56281,7151116,749733.3,462.3
1568,full-cycle,10026,154,989,0,0,0,2,1,156,1245,389,176,30874252,824277.6,159531,18.0,18.0,1198.0,7407000,14949.1,1590.1,2859.3,9194.5,10687,0,7463325,6355727,1143,5390,1860,134006,24,297,112,0,0,0,1576,0,312.0,8,12,392,766.0,12.6,31,54.9,0,512.0,starved,56364,7156417,750297.9,462.7
1569,young,3337,24,9,781,0,34,2,0,80,1638,388,692,30895808,824993.8,37480,6.3,24.3,1198.0,7412683,14958.3,1590.3,2861.5,9199.9,10733,0,7469057,6360640,0,0,0,0,0,0,0,0,0,0,0,0,312.0,0,0,412,754.4,12.6,31,52.2,0,512.0,,56384,7161605,750741.7,463.0
1570,young,2659,18,7,341,0,36,2,0,85,1269,389,812,30909737,825473.5,22902,1.6,25.9,1198.0,7417114,14963.7,1590.5,2862.8,9203.1,10733,0,7473538,6364540,0,0,0,0,0,0,0,0,0,0,0,0,312.0,0,0,412,749.4,12.6,31,52.2,0,512.0,,56416,7165904,751208.9,463.3
1571,young,2112,24,5,164,0,12,2,0,58,1104,397,648,30922814,825985.4,20360,1.6,27.5,1198.0,7421581,14967.8,1590.9,2864.3,9204.6,10733,0,7478048,6368826,0,0,0,0,0,0,0,0,0,0,0,0,312.0,0,0,412,744.6,12.6,31,52.2,0,512.0,,56445,7170254,751679.8,463.6
1572,young,2821,18,6,209,0,59,2,0,121,1381,401,921,30935852,826495.7,37256,2.7,30.2,1198.0,7426058,14972.8,1591.0,2865.7,9207.2,10733,0,7482571,6372903,0,0,0,0,0,0,0,0,0,0,0,0,312.0,0,0,412,737.3,12.6,31,52.2,0,512.0,,56478,7174612,752148.1,463.9
1573,young,3214,39,8,373,0,37,2,0,87,1753,405,868,30949460,827002.4,38296,2.9,33.1,1198.0,7430487,14977.8,1591.3,2867.1,9210.0,10735,0,7487069,6376858,0,0,0,0,0,0,0,0,0,0,0,0,312.0,0,0,412,731.1,12.6,31,52.1,0,512.0,,56516,7178914,752613.8,464.1
1574,young,3658,13,6,394,0,57,2,1,150,1705,405,1275,30967535,827511.3,39066,2.9,36.0,1198.0,7434915,14985.8,1591.5,2868.5,9215.7,10735,0,7491548,6380563,0,0,0,0,0,0,0,0,0,0,0,0,312.0,0,0,412,725.0,12.6,31,52.1,0,512.0,,56550,7183234,753082.0,464.4
1575,young,4000,177,9,379,0,32,2,0,113,1943,407,1246,30992579,827928.9,37352,2.7,38.7,1198.0,7439463,14995.4,1592.9,2872.6,9219.1,10735,0,7496143,6384500,0,0,0,0,0,0,0,0,0,0,0,0,312.0,0,0,412,716.7,12.6,31,52.1,0,512.0,,56585,7187642,753550.2,464.7
1576,young,3876,44,27,559,0,44,2,0,126,1520,399,1484,31010514,828525.3,36145,2.7,41.4,1198.0,7443942,15002.2,1593.1,2874.0,9223.5,10735,0,7500687,6388284,0,0,0,0,0,0,0,0,0,0,0,0,312.0,0,0,412,711.0,12.6,31,52.1,0,512.0,,56623,7191996,754017.3,465.0
1577,full-cycle,10274,24,746,0,0,0,2,1,106,1489,382,124,31025642,829052.7,171854,19.0,19.0,1198.0,7449502,15008.5,1593.3,2876.0,9226.6,10770,0,7506260,6393356,770,6241,2021,139861,27,302,72,0,0,0,1143,1,308.0,13,10,389,765.4,18.7,33,58.4,0,512.0,starved,56706,7197360,754589.7,465.3
1578,young,2866,23,7,331,0,28,2,0,75,1688,382,657,31047723,829778.0,37070,6.0,24.9,1198.0,7455478,15016.3,1593.9,2877.8,9231.1,10802,0,7512270,6398262,0,0,0,0,0,0,0,0,0,0,0,0,310.0,0,0,411,743.6,17.1,33,56.5,0,512.0,,56718,7202806,755038.1,465.7
1579,young,3461,22,8,414,0,25,1,0,77,1898,387,953,31059830,830255.6,38358,2.9,27.8,1198.0,7459963,15020.0,1594.0,2879.0,9232.8,10804,0,7516808,6402446,0,0,0,0,0,0,0,0,0,0,0,0,310.0,0,0,411,736.1,17.1,33,56.4,0,512.0,,56749,7207166,755506.0,466.0
1580,young,3375,18,7,326,0,30,2,1,102,1677,391,1105,31074824,830763.1,32028,2.5,30.3,1198.0,7464394,15024.6,1594.2,2880.4,9235.2,10808,0,7521307,6406448,0,0,0,0,0,0,0,0,0,0,0,0,310.0,0,0,411,730.5,17.1,33,56.2,0,512.0,,56788,7211476,755971.5,466.2
1581,young,3198,29,7,395,0,24,1,0,82,1491,390,1098,31089188,831269.1,29817,2.3,32.7,1198.0,7468917,15029.3,1594.3,2881.8,9237.6,10810,0,7525887,6410614,0,0,0,0,0,0,0,0,0,0,0,1,310.0,0,1,410,723.0,17.1,33,56.0,0,512.0,,56825,7215883,756439.5,466.5
1582,young,3574,18,6,444,0,28,2,0,100,1706,391,1178,31102821,831780.2,37533,2.8,35.4,1198.0,7473392,15033.4,1594.5,2883.5,9239.2,10810,0,7530398,6414738,0,0,0,0,0,0,0,0,0,0,0,0,310.0,0,0,411,716.3,17.1,33,56.0,0,512.0,,56855,7220247,756909.3,466.8
1583,young,4037,272,5,485,0,35,2,0,116,1559,393,1486,31121936,832287.3,29830,2.1,37.6,1198.0,7477888,15039.2,1594.6,2884.9,9242.8,10810,0,7534935,6418705,0,0,0,0,0,0,0,0,0,0,0,0,310.0,0,0,411,710.7,17.1,33,56.0,0,512.0,,56889,7224609,757377.8,467.1
1584,full-cycle,11224,26,616,0,0,0,3,0,113,1471,385,132,31139584,832842.6,163497,18.2,18.2,1198.0,7483988,15048.3,1594.9,2886.9,9248.6,10836,0,7541084,6423651,642,6159,2400,130693,280,406,101,0,0,0,1949,0,304.0,12,30,373,731.9,20.4,32,57.0,0,512.0,starved,56970,7230483,757992.4,467.4
1585,young,2361,19,8,110,0,18,2,0,118,1466,389,590,31159471,833566.2,23864,4.5,22.7,1198.0,7489351,15054.0,1595.1,2888.4,9251.7,10868,0,7546456,6428370,0,0,0,0,0,0,0,0,0,0,0,0,304.0,0,0,415,752.9,20.4,32,55.1,0,512.0,,56982,7235470,758414.1,467.9
