gc,kind,pause_us,suspend_us,fixctx_us,roots_us,freach_us,handles_us,dep_us,after_us,weak_us,cards_us,card_regions,sweep_us,zero_us,zero_mb,marked_n,marked_mb,live_mb,committed_mb,win_n,win_ms,wait_ms,carve_ms,wzero_ms,blk_n,span_n,hole_n,clean_n,pause_a_us,window_us,pause_b_us,window_marked_n,bsusp_us,rescan_us,drain2_us,predrain_us,predrain_cards,predrain_passes,csweep_us,trim_us,pool_mb,bfresh_n,breo_n,bold_n,holes_mb,tail_mb,cls_n,clsfree_mb,spanreg_n,budget_mb,reason
0,young,517,12,2,374,0,7,0,0,34,4,0,70,0,0.0,1780,0.2,0.2,66.0,513,0.3,0.0,0.2,0.0,0,0,4,513,0,0,0,0,0,0,0,0,0,0,0,0,2.0,0,0,32,61.8,1.9,0,0.0,0,64.0,
1,young,335,8,1,168,0,2,1,0,6,96,32,48,9835,61.8,1508,0.1,0.3,66.0,1024,3.2,0.0,0.3,2.8,0,0,496,896,0,0,0,0,0,0,0,0,0,0,0,0,0.0,0,0,33,63.9,1.6,0,0.0,0,128.0,
2,young,722,7,1,264,0,2,1,0,30,327,33,85,11674,127.3,4345,0.3,0.7,132.0,2051,3.9,0.0,0.5,3.3,1,0,1010,1846,0,0,0,0,0,0,0,0,0,0,0,0,6.0,0,0,62,121.6,1.5,1,1.9,0,192.0,
3,young,1095,6,1,759,0,2,0,0,10,161,62,150,22728,254.9,1615,0.1,0.8,196.0,3593,7.9,0.1,0.7,7.0,1,0,1989,3128,0,0,0,0,0,0,0,0,0,0,0,0,0.0,0,0,97,191.9,1.1,1,1.9,0,320.0,
4,full-cycle,1513,14,555,0,0,0,0,0,17,6,0,24,44152,447.7,11605,0.9,0.9,324.0,6169,17.6,0.1,1.2,16.2,1,0,3539,5392,568,669,102,11472,10,49,14,0,0,0,168,0,0.0,1,1,159,318.0,1.9,1,1.9,0,320.0,starved
5,young,712,7,1,217,0,6,0,0,36,311,160,120,76635,765.6,4877,0.3,1.2,326.0,8735,25.9,0.1,1.6,24.0,1,0,6104,7621,0,0,0,0,0,0,0,0,0,0,0,0,0.0,0,0,162,318.9,2.9,1,1.9,0,512.0,
6,young,1673,12,2,716,0,5,1,0,24,344,162,500,83571,1086.2,8134,0.7,2.0,538.0,12847,31.3,0.5,4.9,25.3,2,0,8692,11606,0,0,0,0,0,0,0,0,0,0,0,0,0.0,0,2,265,509.1,19.7,2,3.8,0,512.0,
7,young,1879,864,4,421,0,6,0,0,22,281,264,222,1299012,1592.5,3194,0.2,2.2,538.0,16930,1208.7,0.6,6.0,1201.3,2,0,12801,12476,0,0,0,0,0,0,0,0,0,0,0,0,0.0,0,1,266,511.3,19.0,2,3.8,0,512.0,
8,young,1249,25,4,648,0,4,0,0,17,261,264,213,1368919,2100.0,1650,0.1,2.3,538.0,21012,1275.9,1.1,9.0,1264.8,2,0,16912,13072,0,0,0,0,0,0,0,0,0,0,0,0,0.0,0,0,267,512.0,18.7,2,3.8,0,512.0,
9,young,1650,32,4,918,0,7,0,0,26,340,261,247,1384290,2611.4,16158,1.0,3.3,538.0,25074,1286.0,1.2,10.2,1273.3,2,0,21029,15583,0,0,0,0,0,0,0,0,0,0,0,0,0.0,0,0,267,510.7,18.6,2,3.8,0,512.0,
10,young,1754,96,4,401,0,4,1,0,241,590,267,334,1402610,3121.8,11459,0.7,4.0,538.0,29177,1296.9,1.4,11.6,1282.3,2,0,25163,18830,0,0,0,0,0,0,0,0,0,0,0,0,0.0,0,1,266,510.7,17.2,2,3.8,0,512.0,
11,young,1805,9,3,547,0,8,1,1,261,605,264,362,1421472,3632.6,10866,0.7,4.7,538.0,33265,1307.9,1.5,13.0,1291.5,2,0,29280,22078,0,0,0,0,0,0,0,0,0,0,0,0,0.0,0,0,267,511.1,16.4,2,3.8,0,512.0,
12,young,1529,14,3,385,0,36,1,0,129,539,259,383,1435361,4138.8,3995,0.4,5.1,538.0,37373,1313.9,1.6,14.0,1296.2,2,0,33428,25297,0,0,0,0,0,0,0,0,0,0,0,0,0.0,0,0,267,511.7,15.4,2,3.8,0,512.0,
13,young,1935,12,3,484,0,4,0,1,445,557,266,357,1451644,4650.3,15701,1.2,6.3,538.0,41494,1323.1,1.8,15.7,1303.1,2,0,37580,28659,0,0,0,0,0,0,0,0,0,0,0,0,0.0,0,1,266,510.0,15.0,2,3.8,0,512.0,
14,young,1126,8,4,362,0,8,1,0,95,319,248,324,1462427,5156.1,1942,0.1,6.4,540.0,45607,1327.4,1.8,16.6,1306.4,2,0,41719,31836,0,0,0,0,0,0,0,0,0,0,0,0,2.0,0,0,267,510.9,14.4,2,3.8,0,512.0,
15,young,1602,16,4,565,0,5,1,0,42,584,267,321,1473847,5667.0,4496,0.2,6.6,540.0,49749,1332.9,2.0,17.8,1310.0,2,0,45886,35316,0,0,0,0,0,0,0,0,0,0,0,0,2.0,0,0,267,511.8,13.2,2,3.8,0,512.0,
16,young,1602,11,3,576,0,9,1,0,61,570,267,341,1487519,6178.6,7106,0.3,6.9,540.0,53878,1339.3,2.2,19.1,1314.6,2,0,50040,38642,0,0,0,0,0,0,0,0,0,0,0,0,2.0,0,0,267,511.6,13.0,2,3.8,0,512.0,
17,young,2379,770,3,514,0,5,1,0,157,542,267,318,1508889,6690.1,7379,0.3,7.2,540.0,58027,1353.8,2.4,20.6,1326.9,2,0,54227,41884,0,0,0,0,0,0,0,0,0,0,0,0,2.0,0,1,266,511.3,12.4,2,3.8,0,512.0,
18,young,1609,148,4,454,0,4,0,0,163,503,263,303,1571983,7198.5,8980,0.5,7.7,540.0,62170,1414.0,2.9,23.4,1383.6,2,0,58403,42601,0,0,0,0,0,0,0,0,0,0,0,0,0.0,0,0,268,511.7,13.7,2,3.8,0,512.0,
19,young,1986,32,4,544,0,6,0,0,77,745,268,534,1610997,7710.1,7503,0.6,8.3,540.0,66303,1447.8,3.1,25.3,1414.4,2,0,62556,44807,0,0,0,0,0,0,0,0,0,0,0,0,0.0,0,0,268,509.7,13.4,2,3.8,0,512.0,
20,young,3143,26,7,966,0,10,1,0,359,903,268,742,1623483,8219.6,15650,1.1,9.4,544.0,70431,1450.9,3.3,26.8,1415.6,2,0,66740,48766,0,0,0,0,0,0,0,0,0,0,0,0,0.0,0,0,270,510.5,15.0,2,3.8,0,512.0,
21,young,2324,26,7,333,0,55,1,0,99,1241,268,548,1640322,8727.0,19644,2.9,12.3,548.0,74585,1458.4,3.4,28.0,1421.4,2,0,70939,51965,0,0,0,0,0,0,0,0,0,0,0,0,0.0,0,0,272,509.0,17.4,2,3.8,0,512.0,
22,young,2362,21,5,188,0,13,1,0,68,1350,272,682,1653579,9235.5,19869,1.8,14.1,554.0,78813,1463.7,3.6,29.2,1425.1,2,0,75147,55497,0,0,0,0,0,0,0,0,0,0,0,0,0.0,0,0,275,510.3,20.1,2,3.8,0,512.0,
23,young,2932,20,4,1583,0,11,1,0,62,666,275,526,1676094,9742.5,19186,1.7,15.8,558.0,83028,1480.1,3.8,30.7,1439.5,2,0,79401,57330,0,0,0,0,0,0,0,0,0,0,0,0,0.0,0,3,274,509.2,22.2,2,3.8,0,512.0,
24,young,2886,291,7,435,0,19,1,0,94,1133,277,858,1690808,10245.9,18769,1.9,17.7,558.0,87220,1486.1,3.9,31.8,1444.0,2,0,83638,60712,0,0,0,0,0,0,0,0,0,0,0,1,0.0,0,0,277,509.9,20.4,2,3.8,0,512.0,
25,young,1914,20,5,395,0,13,1,0,67,804,277,584,1704294,10755.9,11441,1.0,18.7,558.0,91466,1491.8,4.1,33.2,1447.8,2,0,87910,64345,0,0,0,0,0,0,0,0,0,0,0,0,0.0,0,0,277,509.8,18.1,2,3.8,0,512.0,
26,young,1905,18,4,559,0,19,1,0,153,504,276,624,1718588,11265.4,5344,1.6,20.3,588.0,95731,1499.8,4.4,35.0,1453.3,28,0,92200,68007,0,0,0,0,0,0,0,0,0,0,0,0,0.0,0,0,277,510.1,17.1,17,31.7,0,512.0,
27,young,2637,28,6,524,0,11,1,0,73,1197,277,744,1731174,11775.1,19376,2.0,22.4,588.0,100004,1504.9,4.7,36.2,1456.7,40,0,96482,71759,0,0,0,0,0,0,0,0,0,0,0,0,0.0,0,0,277,509.9,15.4,17,31.0,0,512.0,
28,young,2710,42,7,589,0,10,1,0,65,1306,277,644,1780052,12281.8,21277,2.0,24.4,588.0,104293,1550.9,5.1,38.7,1499.3,48,0,100782,72754,0,0,0,0,0,0,0,0,0,0,0,0,0.0,0,0,277,509.4,13.7,17,30.6,0,512.0,
29,young,2332,88,6,547,0,8,1,0,47,936,277,636,1833520,12789.1,17056,2.0,26.4,590.0,108605,1601.5,5.5,41.6,1546.3,62,0,105107,73378,0,0,0,0,0,0,0,0,0,0,0,0,0.0,0,0,278,509.6,13.7,17,29.8,0,512.0,
30,young,2810,56,6,713,0,10,1,0,53,1228,278,698,1886254,13296.5,21660,1.7,28.0,592.0,112944,1651.8,5.9,44.6,1592.9,62,0,109436,74149,0,0,0,0,0,0,0,0,0,0,0,0,0.0,0,0,279,510.3,12.7,17,29.8,0,512.0,
31,young,2567,53,3,654,0,12,7,0,59,1063,279,685,1921633,13805.9,16744,1.4,29.5,594.0,117305,1683.1,6.3,46.6,1621.5,66,0,113792,75290,0,0,0,0,0,0,0,0,0,0,0,0,2.0,0,0,279,510.1,11.2,17,29.5,0,512.0,
32,young,2954,178,7,660,0,10,1,0,66,1260,279,706,1967097,14312.9,20112,1.5,30.9,598.0,121661,1725.3,6.6,49.1,1660.3,66,0,118160,76167,0,0,0,0,0,0,0,0,0,0,0,0,0.0,0,0,282,510.3,15.1,17,29.5,0,512.0,
33,young,3150,50,6,854,0,10,1,0,64,1297,282,808,2023961,14820.1,20120,1.5,32.4,598.0,126033,1779.6,7.0,52.1,1710.6,66,0,122545,76596,0,0,0,0,0,0,0,0,0,0,0,0,0.0,0,0,282,509.9,13.4,17,29.5,0,512.0,
34,young,3100,34,6,808,0,9,1,1,58,1232,282,894,2071663,15327.9,18508,1.5,33.9,600.0,130425,1827.4,11.2,54.7,1751.3,68,0,126943,77751,0,0,0,0,0,0,0,0,0,0,0,0,2.0,0,0,282,510.0,11.2,17,29.4,0,512.0,
35,young,2814,166,4,644,0,11,1,0,80,1006,282,865,2105079,15837.8,14386,1.1,35.0,600.0,134848,1867.9,23.5,56.7,1777.1,68,0,131353,79148,0,0,0,0,0,0,0,0,0,0,0,0,0.0,0,0,283,510.6,11.2,17,29.4,0,512.0,
36,young,3462,76,7,656,0,10,1,0,62,1593,283,1006,2158452,16345.8,23815,1.8,36.7,602.0,139268,1918.1,23.9,59.5,1823.7,68,0,135783,80125,0,0,0,0,0,0,0,0,0,0,0,0,0.0,0,0,284,509.8,11.5,17,29.4,0,512.0,
37,young,3276,180,6,756,0,8,1,0,56,1186,284,1024,2214916,16853.7,19757,1.5,38.2,606.0,143710,1971.6,24.4,62.4,1873.5,68,0,140233,80603,0,0,0,0,0,0,0,0,0,0,0,0,0.0,0,0,286,510.3,13.0,17,29.4,0,512.0,
38,young,3455,111,6,934,0,10,1,0,58,1311,286,970,2274481,17364.2,21830,1.6,39.8,614.0,148185,2037.0,31.3,68.7,1925.3,68,0,144699,81204,0,0,0,0,0,0,0,0,0,0,0,48,0.0,1,5,284,509.4,17.4,17,29.4,0,512.0,
39,young,3460,68,6,920,0,11,1,0,70,1291,289,1058,2318857,17871.5,16996,1.3,41.1,616.0,152654,2077.9,31.7,71.2,1962.9,68,0,149161,81942,0,0,0,0,0,0,0,0,0,0,0,0,2.0,0,0,290,510.4,16.9,17,29.4,0,512.0,
40,young,3152,20,4,769,0,13,1,1,82,1036,290,1213,2336325,18382.4,12231,1.0,42.1,616.0,157150,2088.1,31.8,72.5,1971.5,70,0,153662,84946,0,0,0,0,0,0,0,0,0,0,0,0,2.0,0,0,290,510.7,15.2,17,29.3,0,512.0,
41,young,3381,114,4,795,0,17,1,0,88,998,290,1308,2347644,18893.6,9703,0.7,42.8,616.0,161646,2091.1,32.0,73.4,1973.1,70,0,158168,89207,0,0,0,0,0,0,0,0,0,0,0,0,0.0,0,0,291,511.1,15.9,17,29.3,0,512.0,
42,young,4008,52,6,832,0,12,1,1,76,1778,291,1209,2396264,19402.4,19031,1.4,44.2,618.0,166145,2137.2,32.5,76.1,2015.7,70,0,162681,89638,0,0,0,0,0,0,0,0,0,0,0,0,0.0,0,0,292,510.0,17.0,17,29.3,0,512.0,
43,young,3452,101,4,822,0,11,1,0,73,1308,292,1094,2430492,19911.7,17063,1.2,45.5,620.0,170669,2167.6,32.8,78.3,2043.2,70,0,167204,90906,0,0,0,0,0,0,0,0,0,0,0,1,0.0,0,0,293,510.3,17.0,17,29.3,0,512.0,
44,young,3633,100,6,826,0,12,1,0,69,1468,293,1099,2491259,20420.0,22276,1.6,47.1,620.0,175202,2225.4,33.2,81.2,2097.3,70,0,171739,91518,0,0,0,0,0,0,0,0,0,0,0,0,0.0,0,0,293,509.8,15.2,17,29.3,0,512.0,
45,young,4127,83,5,912,0,14,1,0,84,1599,293,1361,2541954,20927.8,20058,1.5,48.5,622.0,179751,2351.1,79.8,115.2,2142.1,70,0,176295,92019,0,0,0,0,0,0,0,0,0,0,0,0,0.0,0,0,294,510.1,14.9,17,29.3,0,512.0,
46,young,4303,61,5,912,0,13,1,0,75,1771,294,1401,2603681,21436.2,23680,1.8,50.3,626.0,184323,2409.5,80.3,118.3,2196.5,70,0,180858,92799,0,0,0,0,0,0,0,0,0,0,0,0,0.0,0,0,296,511.6,15.0,17,29.3,0,512.0,
47,young,4503,44,6,1104,0,15,1,1,82,1558,296,1612,2659227,21942.5,19359,1.4,51.7,626.0,188892,2462.6,81.2,121.1,2245.5,70,0,185456,93430,0,0,0,0,0,0,0,0,0,0,0,0,0.0,0,0,296,510.0,14.5,17,29.3,0,512.0,
48,young,4066,160,4,868,0,13,1,0,80,1558,296,1301,2672119,22452.8,22446,1.6,53.3,630.0,193488,2469.9,82.7,123.4,2248.6,70,0,190051,97456,0,0,0,0,0,0,0,0,0,0,0,1,0.0,0,0,298,509.9,16.1,17,29.3,0,512.0,
49,young,4662,228,5,729,0,16,1,0,87,1702,298,1801,2728706,22959.7,21910,1.6,55.0,632.0,198089,2523.3,83.2,126.3,2298.2,70,0,194678,98125,0,0,0,0,0,0,0,0,0,0,0,1,0.0,0,0,299,509.8,16.0,17,29.3,0,512.0,
50,young,5019,46,5,1432,0,10,1,1,64,1579,299,1802,2780690,23465.4,19491,1.4,56.4,634.0,202696,2573.8,85.1,129.4,2343.4,70,0,199306,98757,0,0,0,0,0,0,0,0,0,0,0,0,0.0,0,0,300,510.1,15.7,17,29.3,0,512.0,
51,young,4540,165,6,581,0,11,1,0,57,2081,300,1589,2832161,23970.5,25951,2.0,58.3,636.0,207316,2621.6,85.4,132.4,2387.6,70,0,203959,99346,0,0,0,0,0,0,0,0,0,0,0,0,0.0,0,0,301,509.4,15.7,17,29.3,0,512.0,
52,young,4482,35,29,902,0,16,1,0,87,1547,301,1795,2882390,24477.1,21783,1.5,59.9,638.0,211977,2671.8,88.8,135.2,2431.1,70,0,208630,100050,0,0,0,0,0,0,0,0,0,0,0,0,0.0,0,0,302,510.0,15.0,17,29.3,0,512.0,
53,young,5199,27,7,1127,0,14,1,0,82,1994,302,1895,2941475,24983.2,24988,1.9,61.8,642.0,216644,2729.3,90.9,138.0,2483.4,70,0,213318,100326,0,0,0,0,0,0,0,0,0,0,0,0,0.0,0,0,304,509.6,16.9,17,29.3,0,512.0,
54,young,5098,57,8,1172,0,13,1,0,82,1750,304,1954,2985964,25491.7,22377,1.6,63.4,642.0,221354,2769.7,91.3,140.4,2520.4,70,0,218018,101585,0,0,0,0,0,0,0,0,0,0,0,0,0.0,0,0,304,509.8,14.4,17,29.3,0,512.0,
55,young,4803,27,6,1333,0,17,1,0,70,1461,304,1809,3026420,25999.2,18135,1.4,64.8,644.0,226074,2805.5,91.7,142.9,2552.9,70,0,222749,102696,0,0,0,0,0,0,0,0,0,0,0,0,2.0,0,0,304,510.0,12.1,17,29.3,0,512.8,
56,full-cycle,14886,34,1391,0,0,0,1,0,957,1726,539,992,3064017,26581.5,171824,17.9,17.9,1126.0,235604,2864.6,105.5,157.9,2582.5,70,0,228425,108448,1425,7410,3809,136776,33,945,106,0,0,0,2183,0,42.0,11,42,473,933.9,19.4,16,27.4,0,512.0,starved
57,young,4448,1312,6,537,13,16,1,1,109,1980,474,385,6382379,27019.5,33728,2.5,20.4,1126.0,239457,6106.8,127.8,167.9,5792.2,70,0,232318,108611,0,0,0,0,0,0,0,0,0,0,0,0,46.0,0,0,524,995.4,15.7,16,27.4,0,512.0,
58,young,3029,374,8,713,0,13,1,0,73,1292,498,487,6814844,27525.0,24772,3.3,23.7,1126.0,243878,6523.8,128.9,170.4,6205.4,102,0,236810,109619,0,0,0,0,0,0,0,0,0,0,0,0,46.0,0,1,523,989.4,15.7,16,25.5,0,512.0,
59,young,3141,112,6,596,0,12,1,1,60,1879,490,391,6851442,28062.0,26187,2.6,26.3,1126.0,248427,6556.1,131.1,172.8,6232.8,116,0,241392,111251,0,0,0,0,0,0,0,0,0,0,0,0,46.0,0,0,524,982.4,15.7,16,24.7,0,512.0,
60,young,2759,80,10,414,0,12,1,0,62,1606,453,522,6886768,28576.0,24872,1.9,28.2,1126.0,252809,6586.2,131.4,175.2,6259.5,118,0,245833,112746,0,0,0,0,0,0,0,0,0,0,0,0,46.0,0,0,524,977.1,15.7,16,24.6,0,512.0,
61,young,2985,199,6,501,0,12,1,0,63,1538,470,592,6920982,29097.7,22899,1.7,29.9,1126.0,257075,6623.1,138.8,177.9,6285.6,118,0,250149,114080,0,0,0,0,0,0,0,0,0,0,0,0,46.0,0,0,524,974.4,15.7,16,24.6,0,512.0,
62,young,3968,229,4,803,0,14,1,1,61,2032,474,758,6956012,29659.6,27619,2.3,32.2,1126.0,261540,6651.4,139.4,180.4,6310.4,122,0,254650,115245,0,0,0,0,0,0,0,0,0,0,0,0,46.0,0,0,524,969.7,15.7,16,24.3,0,512.0,
63,young,3231,245,12,638,0,10,1,0,58,1552,482,646,6987785,30138.9,28974,2.1,34.3,1126.0,265831,6677.8,139.7,182.4,6334.1,122,0,258976,116484,0,0,0,0,0,0,0,0,0,0,0,0,46.0,0,0,524,966.4,15.7,16,24.3,0,512.0,
64,young,3190,69,7,643,0,15,1,0,78,1708,493,605,7024152,30644.7,25239,1.9,36.2,1126.0,270135,6713.9,145.0,184.9,6361.9,122,0,263329,117869,0,0,0,0,0,0,0,0,0,0,0,0,46.0,0,0,524,963.6,15.7,16,24.3,0,512.0,
65,young,2642,58,7,645,0,11,1,1,59,1199,468,596,7047582,31101.9,20594,1.5,37.7,1126.0,274473,6734.4,146.6,187.1,6378.3,122,0,267701,119782,0,0,0,0,0,0,0,0,0,0,0,1,46.0,0,0,524,961.1,15.7,16,24.3,0,512.0,
66,young,3622,57,6,678,0,15,1,1,72,1923,481,800,7075126,31608.8,23000,1.7,39.4,1126.0,278793,6763.8,153.6,189.2,6398.1,122,0,272066,121611,0,0,0,0,0,0,0,0,0,0,0,0,46.0,0,0,524,958.4,15.7,16,24.3,0,512.0,
67,young,3507,130,6,626,0,14,1,0,59,1750,467,844,7109270,32141.7,25450,1.8,41.2,1126.0,283154,6792.2,154.6,191.6,6422.7,122,0,276474,123339,0,0,0,0,0,0,0,0,0,0,0,0,46.0,0,0,524,955.4,15.7,16,24.3,0,512.0,
68,young,3209,145,9,475,0,12,1,0,62,1506,479,907,7141897,32655.6,20134,1.5,42.7,1126.0,287488,6820.9,155.4,194.7,6447.1,122,0,280867,124542,0,0,0,0,0,0,0,0,0,0,0,0,46.0,0,0,524,953.0,15.7,16,24.3,0,512.0,
69,young,4066,460,9,529,0,15,1,0,77,1819,415,1078,7176403,33171.8,25386,1.9,44.6,1126.0,291937,6862.5,168.3,197.1,6473.2,122,0,285371,125859,0,0,0,0,0,0,0,0,0,0,0,0,46.0,0,0,524,950.1,15.7,16,24.3,0,512.0,
70,young,3835,56,7,997,0,12,1,0,64,1694,449,945,7203776,33645.2,24145,1.8,46.4,1126.0,296351,6884.7,168.6,199.3,6492.4,122,0,289826,127422,0,0,0,0,0,0,0,0,0,0,0,1,46.0,0,0,524,947.3,15.7,16,24.3,0,512.0,
71,young,3591,32,5,734,0,14,2,0,72,1600,433,1076,7226585,34169.5,21279,1.6,48.0,1126.0,300856,6901.8,169.3,201.5,6506.4,122,0,294358,129538,0,0,0,0,0,0,0,0,0,0,0,0,46.0,0,0,524,944.8,15.7,16,24.3,0,512.0,
72,young,3679,59,7,873,0,19,1,0,79,1456,410,1146,7245687,34684.8,19883,1.5,49.4,1126.0,305361,6913.9,169.5,203.0,6516.5,122,0,298899,132282,0,0,0,0,0,0,0,0,0,0,0,0,46.0,0,0,524,942.6,15.7,16,24.3,0,512.0,
73,young,3185,63,6,663,0,14,1,0,68,1240,411,1101,7258405,35212.4,17115,1.3,50.7,1126.0,309874,6917.5,169.7,204.0,6518.7,122,0,303426,136425,0,0,0,0,0,0,0,0,0,0,0,0,46.0,0,0,524,940.7,15.7,16,24.3,0,512.0,
74,young,3394,68,5,841,0,18,1,0,78,1292,474,1062,7272520,35860.7,14730,1.1,51.8,1126.0,314310,6920.1,169.9,204.9,6520.0,122,0,307873,140620,0,0,0,0,0,0,0,0,0,0,0,0,46.0,0,0,524,938.9,15.7,16,24.3,0,512.0,
75,young,3983,287,7,795,0,15,1,0,69,1558,450,1169,7287484,36552.4,19279,1.4,53.2,1126.0,318758,6925.3,172.5,206.3,6521.0,122,0,312372,144923,0,0,0,0,0,0,0,0,0,0,0,0,46.0,0,0,524,936.7,15.7,16,24.3,0,512.0,
76,young,3990,171,6,774,0,18,1,0,78,1742,460,1122,7301644,36876.6,23835,1.8,55.0,1126.0,323231,6937.0,174.8,208.6,6527.7,122,0,316887,148274,0,0,0,0,0,0,0,0,0,0,0,0,46.0,0,0,524,933.9,15.7,16,24.3,0,512.0,
77,young,3986,161,5,856,0,12,1,0,62,1686,478,1145,7318042,37334.6,29991,2.2,57.2,1126.0,327685,6947.4,175.1,210.6,6535.5,122,0,321387,151654,0,0,0,0,0,0,0,0,0,0,0,0,46.0,0,0,524,930.2,15.7,16,24.3,0,512.0,
78,young,3876,73,6,790,0,11,1,0,62,1515,489,1336,7341589,37803.0,22050,1.6,58.8,1126.0,332192,6964.9,175.4,212.3,6550.7,122,0,325925,153821,0,0,0,0,0,0,0,0,0,0,0,0,46.0,0,0,524,927.6,15.7,16,24.3,0,512.0,
79,young,4165,132,5,858,0,12,1,1,69,1766,467,1262,7361821,38321.0,25134,1.9,60.7,1126.0,336711,6979.8,177.2,214.1,6561.7,122,0,330469,156495,0,0,0,0,0,0,0,0,0,0,0,0,46.0,0,0,524,924.6,15.7,16,24.3,0,512.0,
80,young,4036,151,6,781,0,15,1,0,73,1646,456,1286,7385433,38799.2,24406,1.8,62.4,1126.0,341258,7005.1,182.4,219.2,6576.3,122,0,335066,158440,0,0,0,0,0,0,0,0,0,0,0,0,46.0,0,1,523,921.6,15.7,16,24.3,0,512.0,
81,young,4322,96,7,630,0,18,1,0,68,1968,481,1453,7411769,39299.0,23923,1.8,64.3,1126.0,345791,7034.1,190.7,221.5,6594.4,122,0,339635,160508,0,0,0,0,0,0,0,0,0,0,0,0,46.0,0,0,524,919.1,15.7,16,24.3,0,512.3,
82,young,4468,81,6,697,0,14,1,0,65,2033,505,1500,7436106,39809.1,34413,2.5,66.8,1126.0,350336,7052.7,191.0,224.0,6609.8,122,0,344238,162654,0,0,0,0,0,0,0,0,0,0,0,0,46.0,0,0,524,915.0,15.7,16,24.3,0,514.8,
83,young,4428,88,11,858,0,11,1,0,62,1718,485,1602,7458930,40377.4,29514,2.1,68.9,1126.0,354918,7067.5,191.2,225.8,6622.2,122,0,348866,165143,0,0,0,0,0,0,0,0,0,0,0,0,46.0,0,0,524,911.4,15.7,16,24.3,0,516.9,
84,young,4602,90,7,846,0,14,1,0,67,1848,472,1655,7485748,40880.1,27010,2.0,70.9,1126.0,359574,7089.5,191.6,229.0,6639.9,122,0,353574,167173,0,0,0,0,0,0,0,0,0,0,0,0,46.0,0,0,524,908.3,15.7,16,24.3,0,518.9,
85,young,4687,59,7,887,0,19,1,0,68,1936,440,1633,7507818,41347.1,26933,2.0,72.9,1126.0,364249,7105.5,191.9,231.2,6653.0,122,0,358295,169571,0,0,0,0,0,0,0,0,0,0,0,0,46.0,0,0,524,905.1,15.7,16,24.3,0,520.9,
86,young,4536,103,7,776,0,17,1,0,75,1791,508,1699,7531351,41868.6,30826,2.3,75.2,1126.0,368912,7123.2,192.1,234.0,6667.4,122,0,363001,172117,0,0,0,0,0,0,0,0,0,0,0,0,46.0,0,0,524,901.6,15.7,16,24.3,0,523.2,
87,young,4845,98,7,726,0,12,1,0,67,2026,480,1868,7558720,42442.5,36342,2.7,77.9,1126.0,373663,7154.0,203.1,236.2,6684.6,122,0,367806,174574,0,0,0,0,0,0,0,0,0,0,0,0,46.0,0,0,524,897.3,15.7,16,24.3,0,525.9,
88,young,4812,41,6,887,0,12,1,0,65,1813,472,1929,7575398,42963.9,33058,2.4,80.3,1126.0,378480,7162.6,203.4,237.8,6690.8,122,0,372686,178172,0,0,0,0,0,0,0,0,0,0,0,0,46.0,0,0,524,893.4,15.7,16,24.3,0,528.3,
89,young,5034,82,6,720,0,14,1,1,67,1850,447,2228,7592860,43474.5,24508,1.8,82.0,1126.0,383322,7172.3,203.6,240.1,6697.6,122,0,377580,181861,0,0,0,0,0,0,0,0,0,0,0,0,46.0,0,0,524,890.4,15.7,16,24.3,0,530.0,
90,full-cycle,15064,127,1412,0,0,0,1,0,132,1416,452,158,7623345,44327.2,157561,16.9,16.9,1126.0,392015,7200.8,207.9,244.2,6717.1,122,0,386199,186169,1539,9343,2708,129440,85,886,153,0,0,0,1404,0,130.0,13,20,449,881.4,12.1,16,27.6,0,512.0,promoted
91,young,2843,62,8,500,0,15,1,0,61,1726,453,397,7657275,44817.2,27622,4.3,21.1,1126.0,396483,7224.1,208.1,246.2,6737.9,168,0,390675,187763,0,0,0,0,0,0,0,0,0,0,0,0,132.0,0,0,481,915.2,10.2,16,24.9,0,512.0,
92,young,2827,92,7,588,0,12,1,0,56,1518,431,484,7681760,45346.5,26896,2.3,23.4,1126.0,401356,7239.2,208.6,248.1,6750.3,174,0,395603,190355,0,0,0,0,0,0,0,0,0,0,0,0,132.0,0,0,481,904.2,10.2,16,24.5,0,512.0,
93,young,3228,315,8,607,0,15,1,0,53,1646,419,500,7703799,45890.6,28046,2.1,25.5,1126.0,405747,7252.8,208.8,250.1,6761.3,174,0,400056,192855,0,0,0,0,0,0,0,0,0,0,0,0,132.0,0,0,481,898.7,10.2,16,24.5,0,512.0,
94,young,2752,171,6,524,0,11,1,0,53,1301,407,608,7721342,46452.3,27197,2.0,27.5,1126.0,410346,7261.3,209.2,251.8,6767.3,174,0,404716,196410,0,0,0,0,0,0,0,0,0,0,0,0,132.0,0,0,481,891.9,10.2,16,24.5,0,512.0,
95,young,3460,279,5,624,0,16,1,0,65,1669,399,722,7744780,47284.5,26550,2.0,29.4,1126.0,414711,7268.9,209.4,253.1,6773.1,174,0,409133,199648,0,0,0,0,0,0,0,0,0,0,0,0,132.0,0,0,481,888.7,10.2,16,24.5,0,512.0,
96,young,3697,38,8,812,0,20,1,0,71,1750,417,907,7762942,47794.6,23088,1.7,31.1,1126.0,419103,7274.4,209.7,254.4,6776.4,174,0,413575,203538,0,0,0,0,0,0,0,0,0,0,0,0,132.0,0,0,481,885.0,10.2,16,24.5,0,512.0,
97,young,2912,118,7,573,0,12,1,1,58,1295,414,768,7780215,48304.3,19332,1.5,32.6,1126.0,423482,7279.1,209.9,256.1,6778.9,174,0,418021,207522,0,0,0,0,0,0,0,0,0,0,0,0,132.0,0,0,481,882.6,10.2,16,24.5,0,512.0,
98,young,3652,35,6,604,0,14,1,0,66,2031,445,831,7796127,48814.7,32004,2.4,35.0,1126.0,427841,7283.5,210.1,257.5,6781.4,174,0,422433,211408,0,0,0,0,0,0,0,0,0,0,0,0,132.0,0,0,481,878.6,10.2,16,24.5,0,512.0,
99,young,3949,49,5,571,0,19,1,0,64,2280,432,899,7810045,49325.1,38696,2.8,37.8,1126.0,432222,7288.6,210.3,258.8,6784.6,174,0,426861,215232,0,0,0,0,0,0,0,0,0,0,0,0,132.0,0,1,480,873.6,10.2,16,24.5,0,512.0,
100,young,4309,41,6,579,0,15,1,0,62,2491,436,1040,7823664,49834.1,39212,2.9,40.7,1126.0,436644,7293.9,210.5,260.1,6788.0,174,0,431321,219076,0,0,0,0,0,0,0,0,0,0,0,0,132.0,0,0,481,869.3,10.2,16,24.5,0,512.0,
101,young,4363,38,6,432,0,20,1,0,68,2428,425,1300,7840306,50342.9,38649,2.9,43.6,1126.0,441105,7299.7,210.6,261.3,6792.1,176,0,435833,222611,0,0,0,0,0,0,0,0,0,0,0,0,132.0,0,0,481,864.7,10.2,16,24.4,0,512.0,
102,young,4827,30,6,623,0,22,1,0,66,2081,426,1914,7857244,50851.1,33508,2.4,46.0,1126.0,445589,7305.7,210.8,262.6,6796.2,176,0,440368,226347,0,0,0,0,0,0,0,0,0,0,0,0,132.0,0,0,481,860.6,10.2,16,24.4,0,512.0,
103,young,4439,75,19,871,0,24,1,0,69,1845,434,1448,7875219,51318.6,25735,1.9,47.9,1126.0,450074,7315.0,212.6,264.8,6801.1,176,0,444919,230095,0,0,0,0,0,0,0,0,0,0,0,0,132.0,0,0,481,857.4,10.2,16,24.4,0,512.0,
104,young,4276,66,6,760,0,21,1,0,79,1724,417,1524,7892207,51870.1,23779,1.8,49.7,1126.0,454592,7323.4,213.5,267.9,6805.1,176,0,449483,233929,0,0,0,0,0,0,0,0,0,0,0,1,132.0,0,0,481,854.4,10.2,16,24.4,0,512.0,
105,young,4447,89,5,862,0,21,1,0,80,1789,433,1528,7908764,52294.0,26506,2.0,51.6,1126.0,459125,7336.6,219.9,269.7,6809.7,176,0,454068,237357,0,0,0,0,0,0,0,0,0,0,0,0,132.0,0,0,481,850.7,10.2,16,24.4,0,512.0,
106,young,4491,65,7,797,0,22,1,0,70,1752,431,1674,7923634,52700.6,26942,2.0,53.6,1126.0,463650,7340.0,220.1,271.0,6811.1,176,0,458640,241601,0,0,0,0,0,0,0,0,0,0,0,0,132.0,0,0,481,847.2,10.2,16,24.4,0,512.0,
107,young,4815,124,8,860,0,25,1,1,86,2027,430,1614,7943867,53353.4,27764,2.1,55.7,1126.0,468159,7346.3,220.4,272.6,6815.2,176,0,463203,245321,0,0,0,0,0,0,0,0,0,0,0,0,132.0,0,0,481,843.9,10.2,16,24.4,0,512.0,
108,young,5231,173,6,812,0,30,1,1,95,2249,438,1760,7961614,53908.0,31524,2.3,58.0,1126.0,472709,7352.5,220.5,274.1,6819.3,176,0,467800,249183,0,0,0,0,0,0,0,0,0,0,0,0,132.0,0,0,481,839.8,10.2,16,24.4,0,512.0,
109,young,5104,27,6,910,0,24,1,0,91,2064,444,1860,7978351,54416.4,28665,2.1,60.1,1126.0,477286,7359.3,222.1,275.8,6822.4,176,0,472420,253070,0,0,0,0,0,0,0,0,0,0,0,0,132.0,0,0,481,836.1,10.2,16,24.4,0,512.0,
110,young,5068,195,6,660,0,26,1,0,71,2044,437,1966,7997291,54885.1,28334,2.1,62.2,1126.0,481925,7382.4,239.5,277.2,6826.4,176,0,477105,256774,0,0,0,0,0,0,0,0,0,0,0,0,132.0,0,0,481,832.7,10.2,16,24.4,0,512.0,
111,young,5036,50,5,785,0,14,1,0,64,1883,440,2147,8015310,55281.4,28929,2.1,64.4,1126.0,486564,7388.9,239.7,278.5,6831.0,176,0,481796,260622,0,0,0,0,0,0,0,0,0,0,0,0,132.0,0,0,481,828.9,10.2,16,24.4,0,512.4,
112,young,5067,39,6,817,0,15,1,0,62,2051,443,2003,8032968,55942.7,32409,2.4,66.8,1126.0,491234,7394.7,240.1,280.0,6834.5,176,0,486508,264658,0,0,0,0,0,0,0,0,0,0,0,1,132.0,0,0,481,824.8,10.2,16,24.4,0,514.8,
113,young,4958,33,6,696,0,18,1,0,62,2006,441,2057,8047320,56451.7,37664,2.8,69.5,1126.0,495928,7399.7,240.3,281.3,6837.6,176,0,491252,268813,0,0,0,0,0,0,0,0,0,0,0,0,132.0,0,0,481,820.3,10.2,16,24.4,0,517.5,
114,young,5294,37,6,889,0,13,1,1,61,2054,449,2142,8063434,56962.6,32755,2.3,71.9,1126.0,500681,7405.4,240.5,282.9,6841.0,176,0,496055,272896,0,0,0,0,0,0,0,0,0,0,0,0,132.0,0,0,481,816.2,10.2,16,24.4,0,519.9,
115,young,5296,144,7,870,0,14,1,1,77,1694,445,2386,8078543,57329.0,24777,1.8,73.7,1126.0,505492,7477.5,295.5,296.4,6844.2,176,0,500923,277015,0,0,0,0,0,0,0,0,0,0,0,0,132.0,0,0,481,812.8,10.2,16,24.4,0,521.7,
116,young,5493,26,5,670,0,26,1,0,73,2036,442,2581,8096324,57992.3,31789,2.4,76.1,1126.0,510331,7483.1,295.7,297.9,6847.7,176,0,505804,281174,0,0,0,0,0,0,0,0,0,0,0,0,132.0,0,0,481,808.6,10.2,16,24.4,0,524.1,
117,young,5607,30,6,736,0,21,1,0,62,2254,433,2409,8111660,58510.3,38282,2.8,78.9,1126.0,515232,7487.3,296.0,299.4,6849.8,176,0,510740,285542,0,0,0,0,0,0,0,0,0,0,0,0,132.0,0,0,481,803.4,10.2,16,24.4,0,526.9,
118,young,6383,108,4,871,0,18,1,0,70,2532,434,2698,8128197,59029.5,38349,2.8,81.7,1126.0,520200,7494.4,296.2,301.3,6854.2,176,0,515754,289915,0,0,0,0,0,0,0,0,0,0,0,0,132.0,0,0,481,798.0,10.2,16,24.4,0,529.7,
119,full-cycle,9270,37,1261,0,0,0,1,0,64,1187,351,82,8148061,59591.6,155933,17.0,17.0,1126.0,526413,7501.7,296.5,303.5,6858.2,202,0,521957,295202,1298,3853,2236,131982,33,842,84,0,0,0,1789,1,286.0,12,22,368,723.3,12.2,18,29.9,0,512.0,promoted
120,young,3235,135,8,537,0,26,1,0,91,1727,381,614,8172122,60260.0,26724,4.8,21.7,1126.0,531145,7529.6,296.8,305.0,6883.6,234,0,526719,296688,0,0,0,0,0,0,0,0,0,0,0,0,290.0,0,1,399,749.9,9.4,18,28.0,0,512.0,
121,young,3467,285,10,704,0,19,1,0,93,1521,370,734,8197832,60643.0,20772,1.5,23.2,1126.0,535793,7536.2,297.0,306.5,6888.1,234,0,531408,300326,0,0,0,0,0,0,0,0,0,0,0,0,290.0,0,0,400,743.6,9.4,18,28.0,0,512.0,
122,young,3108,146,11,583,0,15,1,0,64,1495,378,673,8223840,61344.0,21823,1.7,24.9,1126.0,540150,7542.4,297.2,308.1,6892.0,234,0,535829,304052,0,0,0,0,0,0,0,0,0,0,0,0,288.0,0,0,400,740.1,9.4,18,28.0,0,512.0,
123,young,3465,77,8,661,0,23,1,0,81,1842,395,702,8254691,61824.0,31264,2.3,27.2,1126.0,544504,7553.4,297.4,309.4,6901.2,234,0,540239,306428,0,0,0,0,0,0,0,0,0,0,0,0,290.0,0,0,400,735.4,9.4,18,28.0,0,512.0,
124,young,3745,55,7,811,0,20,1,0,75,1661,382,1020,8275399,62401.6,29180,2.1,29.3,1126.0,548884,7560.3,297.5,311.3,6905.4,234,0,544679,310109,0,0,0,0,0,0,0,0,0,0,0,0,290.0,0,0,400,731.8,9.4,18,28.0,0,512.0,
125,young,3308,37,20,597,0,14,1,1,56,1563,384,944,8289871,62911.6,32278,2.4,31.7,1126.0,553283,7569.8,301.2,313.1,6908.9,234,0,549124,313855,0,0,0,0,0,0,0,0,0,0,0,0,290.0,0,0,400,727.8,9.4,18,28.0,0,512.0,
126,young,3905,48,5,708,0,22,1,0,64,1881,384,1093,8305280,63422.3,32729,2.4,34.1,1126.0,557733,7575.0,301.4,314.3,6912.2,234,0,553632,317706,0,0,0,0,0,0,0,0,0,0,0,0,290.0,0,0,400,723.2,9.4,18,28.0,0,512.0,
127,young,3982,28,5,595,0,22,2,0,82,1938,384,1219,8320314,63931.6,31551,2.4,36.4,1126.0,562205,7579.6,301.6,315.6,6915.0,234,0,558140,321696,0,0,0,0,0,0,0,0,0,0,0,0,290.0,0,0,400,719.1,9.4,18,28.0,0,512.0,
128,young,4318,33,7,691,0,16,1,0,60,2225,382,1205,8334675,64441.9,37421,2.7,39.2,1126.0,566703,7585.0,301.8,316.7,6918.7,234,0,562677,325557,0,0,0,0,0,0,0,0,0,0,0,0,290.0,0,2,398,713.9,9.4,18,28.0,0,512.0,
129,young,4281,34,6,792,0,15,1,0,61,2044,384,1264,8348303,64951.0,38339,2.9,42.1,1126.0,571230,7589.5,302.0,317.9,6921.4,236,0,567246,329513,0,0,0,0,0,0,0,0,0,0,0,0,290.0,0,0,400,709.4,9.4,18,27.9,0,512.0,
130,young,4601,34,5,820,0,22,1,0,80,2056,387,1476,8362248,65460.8,36233,2.6,44.7,1126.0,575770,7594.3,302.2,319.1,6924.5,236,0,571837,333493,0,0,0,0,0,0,0,0,0,0,0,0,290.0,0,0,400,704.9,9.4,18,27.9,0,512.0,
131,young,4188,47,7,646,0,14,1,0,62,1807,391,1510,8376070,65969.5,35105,2.6,47.3,1126.0,580329,7599.3,302.3,320.3,6927.6,236,0,576436,337577,0,0,0,0,0,0,0,0,0,0,0,0,290.0,0,0,400,700.4,9.4,18,27.9,0,512.0,
132,young,4185,28,6,651,0,13,1,0,61,1783,390,1558,8390833,66477.1,28269,2.0,49.3,1126.0,584901,7604.3,302.5,321.5,6930.8,236,0,581064,341527,0,0,0,0,0,0,0,0,0,0,0,0,290.0,0,0,400,696.6,9.4,18,27.9,0,512.0,
133,young,4445,33,4,467,0,13,1,1,62,1895,391,1910,8408238,66987.4,24162,1.9,51.2,1126.0,589478,7609.6,302.7,322.7,6934.2,236,0,585698,345465,0,0,0,0,0,0,0,0,0,0,0,0,290.0,0,0,400,693.6,9.4,18,27.9,0,512.0,
134,young,4493,19,6,442,0,22,1,0,80,2260,388,1591,8423070,67498.0,38933,3.5,54.7,1126.0,594059,7615.1,302.9,324.0,6937.8,250,0,590321,349432,0,0,0,0,0,0,0,0,0,0,0,0,290.0,0,0,400,688.6,9.4,18,27.1,0,512.0,
135,young,4743,15,5,729,0,18,1,0,78,1808,386,2025,8437302,68005.3,39055,2.9,57.6,1126.0,598682,7619.7,303.1,325.6,6940.3,250,0,595010,353570,0,0,0,0,0,0,0,0,0,0,0,0,290.0,0,0,400,683.5,9.4,18,27.1,0,512.0,
136,young,4887,33,4,895,0,19,1,1,61,1699,390,2094,8452962,68513.0,36478,2.6,60.3,1126.0,603324,7624.4,303.3,326.7,6943.2,250,0,599710,357643,0,0,0,0,0,0,0,0,0,0,0,0,290.0,0,3,397,678.3,9.4,18,27.1,0,512.0,
137,young,5334,30,6,762,0,28,1,0,67,2128,390,2242,8468863,69021.2,34855,3.3,63.5,1126.0,607984,7630.1,303.5,328.3,6946.6,264,0,604438,361632,0,0,0,0,0,0,0,0,0,0,0,0,290.0,0,0,400,673.9,9.4,18,26.3,0,512.0,
138,young,5345,34,11,778,0,15,1,0,65,2166,385,2191,8482947,69528.5,37999,2.8,66.3,1126.0,612690,7634.0,303.6,329.6,6948.7,264,0,609212,365918,0,0,0,0,0,0,0,0,0,0,0,0,290.0,0,0,400,668.8,9.4,18,26.3,0,514.3,
139,young,5382,32,7,666,0,15,1,0,62,2207,383,2304,8496974,70036.4,37871,2.8,69.1,1126.0,617464,7638.8,303.8,330.8,6951.6,264,0,614017,370065,0,0,0,0,0,0,0,0,0,0,0,0,290.0,0,0,400,662.5,9.4,18,26.3,0,517.1,
140,young,5810,30,7,778,0,24,2,1,90,2350,383,2471,8511014,70545.2,39090,2.9,72.0,1126.0,622285,7642.9,304.1,332.1,6953.7,264,0,618884,374496,0,0,0,0,0,0,0,0,0,0,0,0,290.0,0,0,400,656.8,9.4,18,26.3,0,520.0,
141,young,5920,287,5,948,0,11,1,0,58,1799,390,2654,8539721,70965.6,32883,2.4,74.3,1126.0,627157,7655.5,304.4,333.8,6963.9,264,0,623803,376979,0,0,0,0,0,0,0,0,0,0,0,1,290.0,0,0,400,652.1,9.4,18,26.3,0,522.3,
142,young,6136,35,11,769,0,24,1,0,72,2270,391,2851,8559307,71569.3,30634,2.3,76.6,1126.0,632039,7662.4,304.6,335.2,6968.7,264,0,628756,380990,0,0,0,0,0,0,0,0,0,0,0,0,290.0,0,0,400,647.6,9.4,18,26.3,0,524.6,
143,young,6167,83,12,1027,0,20,1,0,67,2043,396,2815,8573926,72084.5,37000,2.7,79.3,1126.0,636989,7666.9,304.8,336.5,6971.2,264,0,633748,385409,0,0,0,0,0,0,0,0,0,0,0,0,290.0,0,0,400,642.6,9.4,18,26.3,0,527.3,
144,young,5755,132,7,961,0,22,1,0,69,1952,394,2510,8589611,72607.9,34567,2.6,81.9,1126.0,641979,7673.1,305.0,337.9,6975.0,264,0,638787,389729,0,0,0,0,0,0,0,0,0,0,0,0,290.0,0,0,400,637.5,9.4,18,26.3,0,529.9,
145,full-cycle,18678,225,1639,0,0,0,2,0,72,2103,437,90,8616942,73244.8,171430,19.5,19.5,1126.0,649594,7690.7,308.1,340.5,6985.8,292,0,645015,394984,1864,11756,3764,126558,35,1348,181,0,0,0,1198,0,138.0,12,13,447,883.6,16.0,22,36.0,0,512.0,promoted
146,young,3846,203,8,537,0,28,1,1,97,2223,427,619,8643086,74004.1,36672,5.9,25.5,1126.0,654486,7698.6,308.4,342.1,6991.2,332,0,649938,398575,0,0,0,0,0,0,0,0,0,0,0,0,140.0,0,0,471,883.6,14.5,22,33.7,0,512.0,
147,young,3495,42,7,482,0,12,1,0,51,2098,409,676,8665636,74646.4,33172,3.6,29.0,1126.0,658919,7711.6,312.1,346.1,6996.1,356,0,654447,402273,0,0,0,0,0,0,0,0,0,0,0,0,140.0,0,1,470,877.0,14.5,22,32.3,0,512.0,
148,young,4177,238,7,869,0,29,2,0,98,1976,414,835,8680531,75155.5,32217,2.6,31.7,1126.0,663211,7717.6,313.6,347.6,6998.6,362,0,658817,406151,0,0,0,0,0,0,0,0,0,0,0,0,140.0,0,0,471,873.2,14.5,22,31.9,0,512.0,
149,young,3541,230,7,652,0,11,1,0,51,1691,424,778,8698800,75664.5,24142,1.7,33.4,1126.0,667572,7722.3,313.8,349.0,7001.2,362,0,663241,410056,0,0,0,0,0,0,0,0,0,0,0,0,140.0,0,0,471,869.1,14.5,22,31.9,0,512.0,
150,young,3803,56,6,1001,0,22,1,0,68,1593,411,974,8719527,76174.2,23593,1.8,35.2,1126.0,672045,7730.2,316.6,350.6,7004.3,362,0,667760,414027,0,0,0,0,0,0,0,0,0,0,0,0,140.0,0,0,471,864.2,14.5,22,31.9,0,512.0,
151,young,3961,168,7,680,0,20,1,0,66,1860,415,1059,8740326,76683.8,30507,2.3,37.5,1126.0,676462,7735.5,317.5,352.2,7006.7,362,0,672230,418075,0,0,0,0,0,0,0,0,0,0,0,0,140.0,0,0,471,860.1,14.5,22,31.9,0,512.0,
152,young,4143,98,6,598,0,23,2,0,91,2053,420,1166,8756105,77194.4,31784,2.3,39.8,1126.0,680863,7740.0,317.7,353.5,7009.1,362,0,676692,421992,0,0,0,0,0,0,0,0,0,0,0,0,140.0,0,0,471,856.1,14.5,22,31.9,0,512.0,
153,young,4212,170,8,765,0,17,1,0,74,1881,426,1206,8771577,77704.9,32792,2.4,42.2,1126.0,685295,7744.8,317.9,355.0,7011.9,362,0,681180,425906,0,0,0,0,0,0,0,0,0,0,0,0,140.0,0,0,471,851.7,14.5,22,31.9,0,512.0,
154,young,4606,63,7,851,0,21,1,1,67,2007,422,1491,8787484,78213.9,35068,2.5,44.8,1126.0,689853,7756.9,323.2,358.2,7014.8,362,0,685795,429892,0,0,0,0,0,0,0,0,0,0,0,0,140.0,0,0,471,845.3,14.5,22,31.9,0,512.0,
155,young,4075,191,8,603,0,12,2,0,62,1680,420,1422,8807018,78721.8,29849,2.2,47.0,1126.0,694374,7762.0,323.4,359.7,7017.7,362,0,690358,433775,0,0,0,0,0,0,0,0,0,0,0,0,140.0,0,0,471,841.1,14.5,22,31.9,0,512.0,
156,young,4357,60,7,628,0,20,2,0,84,1631,421,1823,8826696,79231.0,28353,2.1,49.0,1126.0,698900,7775.3,330.9,361.4,7020.8,362,0,694945,437626,0,0,0,0,0,0,0,0,0,0,0,0,140.0,0,1,470,836.6,14.5,22,31.9,0,512.0,
157,young,4681,236,8,690,0,24,2,0,90,1819,442,1711,8854400,79622.2,24226,1.8,50.8,1126.0,703433,7783.3,331.2,362.7,7026.8,362,0,699523,440831,0,0,0,0,0,0,0,0,0,0,0,0,140.0,0,0,471,833.0,14.5,22,31.9,0,512.0,
158,young,4026,33,8,666,0,14,1,0,61,1523,434,1655,8871371,80250.3,24020,1.8,52.6,1126.0,707941,7788.2,332.0,364.6,7028.5,362,0,704079,445096,0,0,0,0,0,0,0,0,0,0,0,0,140.0,0,0,471,829.5,14.5,22,31.9,0,512.0,
159,young,4729,118,8,866,0,16,2,0,65,1812,433,1743,8889193,80760.0,29096,2.1,54.7,1126.0,712469,7796.1,332.2,366.0,7034.5,362,0,708661,449021,0,0,0,0,0,0,0,0,0,0,0,0,140.0,0,0,471,825.4,14.5,22,31.9,0,512.0,
160,young,4565,84,8,701,0,19,2,0,79,1617,438,1958,8913423,81232.2,26060,1.9,56.6,1126.0,717022,7803.5,332.9,367.9,7038.8,362,0,713275,452519,0,0,0,0,0,0,0,0,0,0,0,0,140.0,0,0,471,821.9,14.5,22,31.9,0,512.0,
161,young,4822,46,7,1105,0,22,2,0,90,1670,438,1752,8934497,81779.7,23819,1.8,58.4,1126.0,721593,7816.6,339.9,369.4,7042.9,362,0,717893,456385,0,0,0,0,0,0,0,0,0,0,0,0,140.0,0,0,471,818.2,14.5,22,31.9,0,512.0,
162,young,4770,53,7,824,0,23,1,0,65,1580,440,2053,8950566,82289.5,26149,1.9,60.3,1126.0,726168,7821.5,340.1,370.9,7045.6,362,0,722551,460553,0,0,0,0,0,0,0,0,0,0,0,0,140.0,0,0,471,814.3,14.5,22,31.9,0,512.0,
163,young,5054,28,7,584,0,23,2,0,94,1816,436,2412,8964781,82799.6,28009,2.1,62.4,1126.0,730781,7825.5,340.3,372.2,7047.6,362,0,727222,464751,0,0,0,0,0,0,0,0,0,0,0,1,140.0,0,0,471,810.2,14.5,22,31.9,0,512.0,
164,young,5089,96,7,942,0,20,2,0,76,1635,435,2199,8979364,83308.5,25033,1.8,64.2,1126.0,735395,7829.3,340.5,373.5,7049.4,362,0,731896,468977,0,0,0,0,0,0,0,0,0,0,0,1,140.0,0,0,471,806.0,14.5,22,31.9,0,512.2,
165,young,5025,34,8,748,0,22,2,0,86,1688,444,2322,8997125,83817.9,20539,1.6,65.7,1126.0,740012,7834.6,340.8,375.0,7052.6,362,0,736589,472904,0,0,0,0,0,0,0,0,0,0,0,0,140.0,0,0,471,803.2,14.5,22,31.9,0,513.7,
166,young,5755,52,6,952,0,23,2,0,83,2113,431,2462,9012128,84328.7,33859,2.5,68.2,1126.0,744683,7838.8,341.0,376.3,7054.9,362,0,741314,477074,0,0,0,0,0,0,0,0,0,0,0,0,140.0,0,0,471,798.3,14.5,22,31.9,0,516.2,
167,young,6327,153,7,1233,0,27,2,0,96,2460,442,2219,9040221,84676.1,34217,2.5,70.7,1126.0,749393,7848.9,342.5,378.0,7061.3,362,0,746093,479893,0,0,0,0,0,0,0,0,0,0,0,0,140.0,0,0,471,792.6,14.5,22,31.9,0,518.7,
168,young,5614,33,8,1100,0,23,1,0,83,1873,448,2414,9061978,85345.1,27502,2.0,72.7,1126.0,754129,7854.7,342.8,379.9,7064.3,362,0,750895,484026,0,0,0,0,0,0,0,0,0,0,0,0,140.0,0,0,471,788.1,14.5,22,31.9,0,520.7,
169,young,5608,42,7,836,0,23,2,0,84,1790,446,2718,9076360,85860.5,26642,2.0,74.7,1126.0,758904,7860.3,343.0,381.3,7067.8,362,0,755736,488307,0,0,0,0,0,0,0,0,0,0,0,0,140.0,0,2,469,784.0,14.5,22,31.9,0,522.7,
170,young,5718,128,9,722,0,16,1,0,74,1871,443,2778,9101448,86243.2,28062,2.1,76.7,1126.0,763746,7866.8,343.2,382.6,7072.4,362,0,760623,492014,0,0,0,0,0,0,0,0,0,0,0,0,140.0,0,0,471,779.3,14.5,22,31.9,0,524.7,
171,young,5946,155,7,1240,0,23,1,0,85,1856,440,2460,9126265,86882.7,24631,1.8,78.5,1126.0,768560,7873.3,343.8,384.6,7075.7,362,0,765485,496081,0,0,0,0,0,0,0,0,0,0,0,0,140.0,0,0,471,775.8,14.5,22,31.9,0,526.5,
172,young,5899,294,8,1022,0,25,2,0,95,1795,439,2547,9144420,87415.5,23357,1.7,80.3,1126.0,773396,7880.6,345.5,387.5,7078.1,362,0,770370,500447,0,0,0,0,0,0,0,0,0,0,0,0,140.0,0,0,471,772.6,14.5,22,31.9,0,528.3,
173,young,6255,35,8,1154,0,23,1,0,66,2036,440,2849,9160840,87940.2,29424,2.2,82.5,1126.0,778268,7885.8,345.6,388.9,7081.1,362,0,775303,504789,0,0,0,0,0,0,0,0,0,0,0,1,140.0,0,2,469,768.1,14.5,22,31.9,0,530.5,
174,young,6268,34,7,1229,0,19,1,0,78,1867,430,2861,9176019,88465.2,34164,2.5,85.0,1126.0,783184,7889.8,345.8,390.4,7083.0,362,0,780277,509323,0,0,0,0,0,0,0,0,0,0,0,0,140.0,0,0,471,762.3,14.5,22,31.9,0,533.0,
175,full-cycle,10628,43,1021,0,0,0,1,0,74,1409,378,93,9193796,89013.9,155285,18.6,18.6,1126.0,789729,7897.2,346.1,392.3,7087.5,381,0,786836,514751,1064,6020,2324,130732,29,670,116,0,0,0,1156,0,232.0,13,17,393,775.7,18.1,24,40.1,0,512.0,promoted
176,young,3251,84,8,545,0,22,2,1,75,1868,394,563,9217070,89764.7,35121,5.3,23.9,1126.0,794729,7903.2,346.3,393.8,7091.4,417,0,791866,518634,0,0,0,0,0,0,0,0,0,0,0,0,232.0,0,0,423,784.5,18.1,24,38.0,0,512.0,
177,young,3784,26,7,676,0,21,1,0,84,2144,386,743,9237640,90342.0,38007,2.9,26.8,1126.0,799252,7907.1,346.5,395.0,7093.6,419,0,796431,522578,0,0,0,0,0,0,0,0,0,0,0,0,232.0,0,1,422,777.4,18.1,24,37.9,0,512.0,
178,young,3671,44,7,632,0,22,1,0,84,1903,388,866,9252353,90851.7,31569,2.3,29.1,1126.0,803639,7912.8,346.7,396.2,7097.4,419,0,800868,526222,0,0,0,0,0,0,0,0,0,0,0,0,232.0,0,0,423,773.1,18.1,24,37.9,0,512.0,
179,young,3821,51,5,704,0,23,2,0,67,1805,389,1070,9269876,91361.4,27688,2.0,31.1,1126.0,808052,7918.9,347.4,397.9,7100.6,419,0,805322,529866,0,0,0,0,0,0,0,0,0,0,0,0,232.0,0,0,423,769.3,18.1,24,37.9,0,512.0,
180,young,3550,32,7,983,0,20,2,1,76,1434,384,901,9284297,91875.1,28333,2.1,33.2,1126.0,812504,7922.6,347.7,399.1,7102.3,419,0,809819,533970,0,0,0,0,0,0,0,0,0,0,0,0,232.0,0,0,423,764.9,18.1,24,37.9,0,512.0,
181,young,3876,24,6,678,0,23,1,0,76,1847,386,1094,9299355,92386.8,25986,1.9,35.1,1126.0,816958,7926.7,347.9,400.5,7104.4,419,0,814331,538041,0,0,0,0,0,0,0,0,0,0,0,0,232.0,0,0,423,761.0,18.1,24,37.9,0,512.0,
182,young,4005,27,6,462,0,15,1,0,64,2020,383,1310,9315190,92895.4,30507,2.3,37.4,1126.0,821443,7931.0,348.1,401.6,7106.8,419,0,818858,542082,0,0,0,0,0,0,0,0,0,0,0,0,232.0,0,0,423,756.5,18.1,24,37.9,0,512.0,
183,young,4400,25,7,590,0,26,1,1,79,2261,387,1338,9329443,93407.4,36442,2.7,40.1,1126.0,825907,7937.0,348.9,403.3,7109.8,419,0,823380,545956,0,0,0,0,0,0,0,0,0,0,0,0,232.0,0,0,423,751.5,18.1,24,37.9,0,512.0,
184,young,3963,111,9,606,0,19,2,0,73,1616,393,1422,9355139,93769.7,34963,2.8,42.9,1126.0,830542,7945.2,349.1,404.6,7115.9,425,0,828082,549151,0,0,0,0,0,0,0,0,0,0,0,0,232.0,0,0,423,744.9,18.1,24,37.6,0,512.0,
185,young,4542,27,6,776,0,23,1,0,69,2104,395,1464,9372829,94415.3,33105,2.5,45.3,1126.0,835040,7949.5,349.3,405.9,7118.4,425,0,832630,553122,0,0,0,0,0,0,0,0,0,0,0,0,232.0,0,0,423,740.3,18.1,24,37.6,0,512.0,
186,young,4614,27,6,992,0,21,2,0,80,1843,395,1548,9386638,94928.6,37581,2.7,48.1,1126.0,839563,7956.7,351.8,407.1,7121.4,425,0,837201,557071,0,0,0,0,0,0,0,0,0,0,0,0,232.0,0,0,423,734.6,18.1,24,37.6,0,512.0,
187,young,4516,34,6,664,0,21,2,0,68,1995,393,1641,9401546,95437.5,32250,2.4,50.4,1126.0,844116,7961.2,352.2,408.5,7123.6,425,0,841826,561214,0,0,0,0,0,0,0,0,0,0,0,0,232.0,0,0,423,729.8,18.1,24,37.6,0,512.0,
188,young,4571,31,8,878,0,19,2,0,80,1572,396,1885,9416698,95946.8,25925,2.3,52.7,1126.0,848702,7966.3,352.7,410.2,7126.1,433,0,846471,565293,0,0,0,0,0,0,0,0,0,0,0,0,232.0,0,1,422,726.0,18.1,24,37.1,0,512.0,
189,young,4762,115,6,1011,0,20,1,0,58,1792,399,1629,9432280,96456.5,25540,1.9,54.6,1126.0,853310,7971.5,353.5,411.7,7128.4,433,0,851125,569396,0,0,0,0,0,0,0,0,0,0,0,0,232.0,0,0,423,722.8,18.1,24,37.1,0,512.0,
190,young,5161,170,6,824,0,26,2,0,91,2034,413,1897,9453650,96926.8,28780,2.1,56.7,1126.0,857878,7976.9,354.1,414.5,7130.1,433,0,855750,573553,0,0,0,0,0,0,0,0,0,0,0,0,232.0,0,0,423,718.1,18.1,24,37.1,0,512.0,
191,young,5507,69,6,1073,0,17,1,0,68,1834,405,2331,9482124,97316.6,28656,2.1,58.8,1126.0,862494,7987.7,354.5,416.0,7138.5,433,0,860418,576188,0,0,0,0,0,0,0,0,0,0,0,0,232.0,0,0,423,714.0,18.1,24,37.1,0,512.0,
192,young,5723,35,6,899,0,29,1,0,83,2247,406,2332,9503385,97981.7,30923,2.3,61.1,1126.0,867131,7993.3,354.7,417.5,7141.8,433,0,865101,580207,0,0,0,0,0,0,0,0,0,0,0,0,232.0,0,0,423,709.6,18.1,24,37.1,0,512.0,
193,young,5148,26,6,766,0,22,1,0,89,1983,407,2164,9520320,98490.5,28246,2.1,63.2,1126.0,871800,7998.6,355.0,418.9,7145.0,433,0,869810,584240,0,0,0,0,0,0,0,0,0,0,0,0,232.0,0,0,423,705.4,18.1,24,37.1,0,512.0,
194,young,5571,151,8,1160,0,22,1,0,78,1823,409,2259,9544143,98860.4,28177,2.1,65.2,1126.0,876469,8006.8,355.2,421.1,7150.2,433,0,874531,587486,0,0,0,0,0,0,0,0,0,0,0,0,232.0,0,0,423,701.1,18.1,24,37.1,0,513.2,
195,young,5372,44,8,981,0,22,1,0,76,1860,405,2261,9565927,99504.6,24747,1.8,67.0,1126.0,881162,8013.8,355.5,423.0,7154.5,433,0,879275,591284,0,0,0,0,0,0,0,0,0,0,0,0,232.0,0,0,423,697.5,18.1,24,37.1,0,515.0,
196,young,4969,51,6,821,0,24,1,1,74,1712,398,2209,9582916,100015.9,22033,1.7,68.7,1126.0,885890,8019.1,355.7,424.4,7157.5,433,0,884061,595452,0,0,0,0,0,0,0,0,0,0,0,0,232.0,0,0,423,694.4,18.1,24,37.1,0,516.7,
197,young,5670,93,15,799,0,34,2,0,89,2107,396,2461,9598362,100529.2,31690,2.4,71.1,1126.0,890644,8024.9,355.9,426.5,7160.4,433,0,888873,599604,0,0,0,0,0,0,0,0,0,0,0,0,232.0,0,0,423,690.1,18.1,24,37.1,0,519.1,
198,young,5784,113,7,1098,0,16,1,0,64,1832,395,2544,9616829,101042.9,34249,2.5,73.5,1126.0,895458,8034.3,357.6,428.3,7165.7,433,0,893733,603819,0,0,0,0,0,0,0,0,0,0,0,0,232.0,0,0,423,685.4,18.1,24,37.1,0,521.5,
199,young,5948,28,6,921,0,24,1,0,77,1971,399,2836,9634631,101558.7,26246,1.9,75.4,1126.0,900321,8038.4,357.8,429.8,7167.6,433,0,898653,608346,0,0,0,0,0,0,0,0,0,0,0,0,232.0,0,0,423,681.5,18.1,24,37.1,0,523.4,
200,young,5821,42,7,916,0,21,1,0,68,1701,402,2964,9651179,102077.2,21637,1.6,77.0,1126.0,905216,8044.8,358.0,431.3,7171.9,433,0,903596,612586,0,0,0,0,0,0,0,0,0,0,0,0,232.0,0,0,423,678.0,18.1,24,37.1,0,525.0,
201,young,5739,27,5,1128,0,21,2,0,84,1600,404,2740,9668355,102598.5,21753,1.6,78.6,1126.0,910126,8055.9,364.5,432.7,7174.7,433,0,908580,616923,0,0,0,0,0,0,0,0,0,0,0,0,232.0,0,1,422,674.2,18.1,24,37.1,0,526.6,
202,young,6296,49,10,1044,0,26,2,0,102,2039,404,2931,9684388,103118.9,28687,2.1,80.8,1126.0,915068,8061.5,364.7,434.0,7177.7,433,0,913577,621349,0,0,0,0,0,0,0,0,0,0,0,0,232.0,0,0,423,669.7,18.1,24,37.1,0,528.8,
203,young,5848,65,8,918,0,14,1,0,62,1831,405,2852,9701461,103643.5,29252,2.1,82.9,1126.0,920074,8067.4,364.9,435.7,7180.9,433,0,918633,625698,0,0,0,0,0,0,0,0,0,0,0,0,232.0,0,0,423,665.0,18.1,24,37.1,0,530.9,
204,full-cycle,12160,106,1229,0,0,0,2,0,71,1755,343,87,9717978,104198.2,162296,18.6,18.6,1126.0,926467,8074.1,365.3,437.7,7184.6,461,0,925054,631331,1335,6096,2901,126865,44,893,114,0,0,0,1728,0,274.0,13,17,369,722.9,15.5,27,46.6,0,512.0,promoted
205,young,4056,50,9,964,0,25,2,0,92,2151,357,696,9740546,104968.5,36708,5.4,24.0,1126.0,931604,8081.7,365.5,439.6,7189.6,493,0,930198,635453,0,0,0,0,0,0,0,0,0,0,0,0,284.0,0,0,394,732.3,9.0,27,44.7,0,512.0,
206,young,3717,64,7,534,0,27,2,0,94,1978,363,926,9754367,105464.3,32868,2.6,26.6,1126.0,935983,8087.2,365.7,441.3,7192.5,497,0,934639,639389,0,0,0,0,0,0,0,0,0,0,0,1,284.0,0,1,393,726.8,9.0,27,44.5,0,512.0,
207,young,3744,37,6,844,0,30,2,0,98,1480,367,1112,9770194,105976.8,29468,2.7,29.3,1126.0,940356,8093.2,365.8,442.8,7196.0,509,0,939071,643189,0,0,0,0,0,0,0,0,0,0,0,1,284.0,0,0,394,723.3,9.0,27,43.8,0,512.0,
208,young,4644,40,6,1039,0,28,2,0,103,1937,369,1300,9788401,106486.7,28858,2.1,31.4,1126.0,944765,8098.0,366.1,444.0,7198.9,509,0,943550,647071,0,0,0,0,0,0,0,0,0,0,0,0,284.0,0,0,394,719.3,9.0,27,43.8,0,512.0,
209,young,4006,107,7,987,0,21,2,0,78,1630,373,1084,9803603,107000.4,30506,2.4,33.8,1126.0,949206,8102.9,366.3,445.2,7201.9,511,0,948069,650901,0,0,0,0,0,0,0,0,0,0,0,0,284.0,0,0,394,714.5,9.0,27,43.7,0,512.0,
210,young,4105,28,7,727,0,27,2,0,73,1927,375,1233,9818466,107511.5,31063,2.3,36.0,1126.0,953669,8108.8,366.6,446.5,7205.7,511,0,952597,654691,0,0,0,0,0,0,0,0,0,0,0,0,284.0,0,0,394,710.1,9.0,27,43.7,0,512.0,
211,young,3959,19,5,854,0,24,2,0,81,1640,376,1226,9835149,108022.3,23782,2.0,38.1,1126.0,958147,8114.6,366.8,447.8,7209.1,517,0,957141,658515,0,0,0,0,0,0,0,0,0,0,0,0,284.0,0,0,394,706.3,9.0,27,43.3,0,512.0,
212,young,4696,35,17,873,0,27,2,0,94,1887,376,1626,9852051,108532.7,24605,1.8,39.9,1126.0,962685,8119.5,367.0,449.1,7212.1,517,0,961748,662484,0,0,0,0,0,0,0,0,0,0,0,0,284.0,0,0,394,701.8,9.0,27,43.3,0,512.0,
213,young,4699,28,31,469,0,30,2,0,108,2284,374,1698,9869308,109043.3,35085,2.6,42.5,1126.0,967205,8125.2,367.2,450.5,7215.8,517,0,966338,666361,0,0,0,0,0,0,0,0,0,0,0,0,284.0,0,0,394,696.9,9.0,27,43.3,0,512.0,
214,young,4347,32,8,790,0,17,1,1,73,1939,377,1424,9882676,109552.9,38537,2.8,45.3,1126.0,971764,8130.0,367.4,451.7,7218.7,517,0,970957,670294,0,0,0,0,0,0,0,0,0,0,0,0,284.0,0,0,394,691.5,9.0,27,43.3,0,512.0,
215,young,4972,49,8,629,0,25,2,0,86,2406,379,1692,9903134,110062.5,37463,2.8,48.1,1126.0,976336,8134.9,367.6,452.9,7221.7,517,0,975594,674243,0,0,0,0,0,0,0,0,0,0,0,0,284.0,0,0,394,686.4,9.0,27,43.3,0,512.0,
216,young,4212,34,7,810,0,19,1,0,59,1723,380,1485,9918349,110571.6,38573,2.8,50.9,1126.0,980956,8140.5,367.7,454.5,7225.0,517,0,980264,678193,0,0,0,0,0,0,0,0,0,0,0,0,284.0,0,0,394,680.3,9.0,27,43.3,0,512.0,
217,young,5193,48,8,980,0,23,1,0,70,2273,378,1709,9932648,111080.0,38683,2.8,53.7,1126.0,985594,8144.9,367.9,455.9,7227.5,517,0,984950,682315,0,0,0,0,0,0,0,0,0,0,0,0,284.0,0,0,394,675.3,9.0,27,43.3,0,512.0,
218,young,5313,27,5,948,0,24,2,0,88,2223,378,1910,9949374,111589.4,37440,2.7,56.5,1126.0,990273,8150.0,368.1,457.3,7230.4,517,0,989678,686457,0,0,0,0,0,0,0,0,0,0,0,0,284.0,0,0,394,669.6,9.0,27,43.3,0,512.0,
219,young,5214,52,15,1115,0,19,1,0,78,1890,379,1938,9963785,112097.8,35911,2.6,59.1,1126.0,994952,8155.2,368.3,458.9,7233.4,517,0,994409,690549,0,0,0,0,0,0,0,0,0,0,0,0,284.0,0,0,394,664.3,9.0,27,43.3,0,512.0,
220,young,4548,32,7,906,0,22,2,0,73,1455,383,1952,9979914,112605.8,29717,2.2,61.3,1126.0,999642,8160.1,368.5,460.4,7235.8,517,0,999158,694731,0,0,0,0,0,0,0,0,0,0,0,0,284.0,0,1,393,659.9,9.0,27,43.3,0,512.0,
221,young,5245,31,7,1058,0,28,2,0,92,1957,380,1982,9995078,113115.3,31094,2.3,63.6,1126.0,1004366,8164.6,368.7,461.7,7238.4,517,0,1003922,698941,0,0,0,0,0,0,0,0,0,0,0,0,284.0,0,0,394,655.1,9.0,27,43.3,0,512.0,
222,young,5789,25,7,1043,0,21,2,0,65,2182,383,2362,10009091,113624.9,37964,2.8,66.4,1126.0,1009076,8169.6,368.9,463.0,7241.4,517,0,1008689,703046,0,0,0,0,0,0,0,0,0,0,0,0,284.0,0,0,394,649.4,9.0,27,43.3,0,514.4,
223,young,5332,34,8,844,0,23,1,0,68,2299,386,1994,10025191,114133.0,38431,2.8,69.2,1126.0,1013827,8174.5,369.1,464.4,7243.9,517,0,1013502,707261,0,0,0,0,0,0,0,0,0,0,0,0,284.0,0,0,394,644.0,9.0,27,43.3,0,517.2,
224,young,5696,27,6,762,0,18,1,0,71,2315,386,2404,10043578,114643.4,38464,2.8,72.0,1126.0,1018655,8179.1,369.3,465.7,7246.5,517,0,1018372,711485,0,0,0,0,0,0,0,0,0,0,0,0,284.0,0,0,394,638.9,9.0,27,43.3,0,520.0,
225,young,6538,51,9,1292,0,24,2,0,92,2344,385,2600,10059296,115157.4,36305,2.6,74.7,1126.0,1023543,8184.6,369.5,467.3,7249.7,517,0,1023315,715753,0,0,0,0,0,0,0,0,0,0,0,0,284.0,0,0,394,633.1,9.0,27,43.3,0,522.7,
226,young,5688,32,6,776,0,20,1,1,66,2028,387,2670,10073946,115672.9,33869,2.5,77.2,1126.0,1028483,8189.0,369.8,468.7,7251.9,517,0,1028311,720258,0,0,0,0,0,0,0,0,0,0,0,0,284.0,0,0,394,627.6,9.0,27,43.3,0,525.2,
227,young,6534,168,8,787,0,19,1,0,74,2457,383,2901,10092850,116191.1,36799,2.7,79.8,1126.0,1033464,8195.3,371.5,471.0,7253.6,517,0,1033367,724833,0,0,0,0,0,0,0,0,0,0,0,0,284.0,0,0,394,621.6,9.0,27,43.3,0,527.8,
228,young,6712,77,9,1379,0,22,2,0,83,1851,387,3129,10111020,116712.0,32325,2.5,82.3,1126.0,1038481,8199.8,371.7,472.7,7255.8,519,0,1038450,729349,0,0,0,0,0,0,0,0,0,0,0,0,284.0,0,0,394,615.7,9.0,27,43.2,0,530.3,
229,young,6918,34,7,1422,0,23,1,0,72,2210,387,3059,10126020,117235.0,31528,2.5,84.8,1126.0,1043568,8204.1,371.9,474.0,7258.0,523,0,1043590,733991,0,0,0,0,0,0,0,0,0,0,0,0,284.0,0,0,394,609.5,9.0,27,43.0,0,532.8,
230,full-cycle,11812,40,1626,0,0,0,2,0,96,1676,339,114,10141383,117769.9,156009,18.4,18.4,1126.0,1049423,8209.4,372.3,475.9,7260.5,537,0,1049462,739308,1666,6187,2948,123716,38,887,226,0,0,0,925,0,290.0,12,8,370,725.3,19.1,28,48.8,0,512.0,promoted
231,young,3620,32,8,545,0,27,2,0,76,2118,346,744,10164094,118502.9,35120,5.1,23.5,1126.0,1054694,8215.2,372.5,477.2,7264.2,575,0,1054785,743733,0,0,0,0,0,0,0,0,0,0,0,0,292.0,0,0,389,711.5,17.7,28,46.5,0,512.0,
232,young,5031,27,9,761,0,28,2,0,94,2920,359,1074,10177408,118991.3,38408,2.8,26.3,1126.0,1059060,8218.7,372.7,478.5,7265.8,575,0,1059211,747884,0,0,0,0,0,0,0,0,0,0,0,0,292.0,0,0,389,705.1,17.7,28,46.5,0,512.0,
233,young,5239,36,7,885,0,36,2,0,124,2621,366,1417,10190014,119495.4,36703,2.7,29.0,1126.0,1063443,8221.9,372.8,479.8,7267.1,575,0,1063631,752052,0,0,0,0,0,0,0,0,0,0,0,0,292.0,0,0,389,699.5,17.7,28,46.5,0,512.0,
234,young,4542,37,6,530,0,23,1,0,76,2613,374,1149,10208308,120009.7,34137,2.5,31.5,1126.0,1067813,8228.0,373.0,481.2,7271.1,575,0,1068054,756079,0,0,0,0,0,0,0,0,0,0,0,0,292.0,0,0,389,694.0,17.7,28,46.5,0,512.0,
235,young,4047,32,6,628,0,23,2,0,77,1969,377,1237,10222327,120518.4,26770,1.9,33.4,1126.0,1072240,8234.3,375.3,482.6,7273.3,575,0,1072537,760044,0,0,0,0,0,0,0,0,0,0,0,0,292.0,0,0,389,688.6,17.7,28,46.5,0,512.0,
236,young,4239,319,7,557,0,20,2,0,108,1658,376,1444,10236730,121030.0,19258,1.5,34.9,1126.0,1076655,8238.1,375.5,484.0,7275.0,575,0,1076991,764214,0,0,0,0,0,0,0,0,0,0,0,0,292.0,0,0,389,684.4,17.7,28,46.5,0,512.0,
237,young,5021,189,8,928,0,14,1,0,68,2233,375,1466,10252564,121539.9,31225,2.3,37.2,1126.0,1081069,8242.6,375.7,485.1,7277.7,575,0,1081463,768140,0,0,0,0,0,0,0,0,0,0,0,0,292.0,0,0,389,679.5,17.7,28,46.5,0,512.0,
238,young,4976,173,7,793,0,22,2,0,78,2214,375,1572,10275697,122051.0,35338,3.0,40.3,1126.0,1085510,8248.2,375.8,486.4,7281.4,585,0,1085963,772055,0,0,0,0,0,0,0,0,0,0,0,0,292.0,0,0,389,673.7,17.7,28,46.0,0,512.0,
239,young,5044,34,8,1141,0,38,2,0,105,1742,376,1829,10292777,122559.1,28319,2.2,42.4,1126.0,1089952,8253.4,376.0,487.7,7284.7,587,0,1090466,776098,0,0,0,0,0,0,0,0,0,0,0,0,292.0,0,0,389,668.2,17.7,28,45.8,0,512.0,
240,young,4802,44,7,604,0,14,1,0,61,2130,376,1844,10312819,123068.6,22653,2.3,44.7,1126.0,1094399,8262.1,379.2,489.5,7287.7,601,0,1094995,780160,0,0,0,0,0,0,0,0,0,0,0,0,292.0,0,0,389,663.5,17.7,28,45.0,0,512.0,
241,young,4339,67,6,662,0,22,2,0,83,1845,377,1573,10330618,123578.3,27839,2.1,46.8,1126.0,1098869,8268.5,379.6,490.7,7292.2,601,0,1099531,784016,0,0,0,0,0,0,0,0,0,0,0,0,292.0,0,0,389,658.7,17.7,28,45.0,0,512.0,
242,young,5658,156,9,1171,0,23,1,0,68,2285,378,1816,10348306,124088.1,31739,2.4,49.2,1126.0,1103373,8272.9,379.7,492.6,7294.1,603,0,1104091,788151,0,0,0,0,0,0,0,0,0,0,0,0,292.0,0,0,389,653.0,17.7,28,44.9,0,512.0,
243,young,4716,32,8,673,0,14,2,0,68,2044,375,1774,10364923,124596.5,31287,2.4,51.7,1126.0,1107888,8278.4,379.9,493.8,7297.7,605,0,1108660,791989,0,0,0,0,0,0,0,0,0,0,0,1,292.0,0,0,389,647.2,17.7,28,44.8,0,512.0,
244,young,4930,152,7,706,0,24,1,0,76,2035,376,1844,10384778,125105.1,35340,2.6,54.2,1126.0,1112414,8284.5,380.1,495.2,7301.7,605,0,1113244,795845,0,0,0,0,0,0,0,0,0,0,0,0,292.0,0,0,389,641.0,17.7,28,44.8,0,512.0,
245,young,5143,167,8,640,0,24,2,0,79,2065,376,2021,10407976,125613.4,32926,2.4,56.7,1126.0,1116941,8290.3,380.2,496.6,7305.4,605,0,1117849,799674,0,0,0,0,0,0,0,0,0,0,0,0,292.0,0,0,389,635.1,17.7,28,44.8,0,512.0,
246,young,4854,92,8,674,0,18,1,0,65,1877,379,2036,10425073,126120.0,33011,2.5,59.2,1126.0,1121483,8295.4,380.5,498.0,7308.6,607,0,1122467,803628,0,0,0,0,0,0,0,0,0,0,0,0,292.0,0,0,389,629.6,17.7,28,44.7,0,512.0,
247,young,4814,161,7,603,0,17,2,0,73,1777,378,2055,10442609,126630.7,24288,1.7,60.9,1126.0,1126060,8300.6,380.7,499.2,7311.6,607,0,1127094,807678,0,0,0,0,0,0,0,0,0,0,0,0,292.0,0,0,389,624.6,17.7,28,44.7,0,512.0,
248,young,5456,41,7,852,0,22,2,0,89,1756,381,2587,10458011,127140.6,18985,1.4,62.4,1126.0,1130660,8306.7,380.9,500.6,7315.4,607,0,1131748,811761,0,0,0,0,0,0,0,0,0,0,0,0,292.0,0,1,388,619.9,17.7,28,44.7,0,512.0,
249,young,4936,60,7,352,0,22,2,0,86,2121,380,2189,10476272,127650.8,29328,2.2,64.6,1126.0,1135275,8312.2,381.3,502.2,7318.4,607,0,1136409,815922,0,0,0,0,0,0,0,0,0,0,0,0,292.0,0,0,389,615.3,17.7,28,44.7,0,512.6,
250,young,5270,20,6,978,0,20,2,0,78,1652,380,2420,10491453,128160.3,31942,2.5,67.1,1126.0,1139889,8321.6,384.1,504.7,7322.0,611,0,1141097,819940,0,0,0,0,0,0,0,0,0,0,0,0,292.0,0,0,389,609.6,17.7,28,44.4,0,515.1,
251,young,5799,290,9,758,0,29,2,0,98,1878,383,2593,10508460,128669.6,23292,1.7,68.8,1126.0,1144564,8337.9,392.0,509.7,7325.1,611,0,1145829,824080,0,0,0,0,0,0,0,0,0,0,0,0,292.0,0,0,389,604.7,17.7,28,44.4,0,516.8,
252,young,5228,96,8,792,0,22,1,0,72,1760,381,2385,10526458,129181.3,24609,1.8,70.6,1126.0,1149251,8346.2,393.4,511.2,7329.7,611,0,1150593,828204,0,0,0,0,0,0,0,0,0,0,0,0,292.0,0,0,389,599.7,17.7,28,44.4,0,518.6,
253,young,5905,20,7,831,0,28,1,0,81,2104,379,2737,10541791,129691.9,31595,2.4,72.9,1126.0,1153994,8352.6,393.6,512.7,7334.0,611,0,1155391,832282,0,0,0,0,0,0,0,0,0,0,0,1,292.0,0,0,389,593.7,17.7,28,44.4,0,520.9,
254,young,5930,30,7,765,0,24,2,0,86,1997,380,2938,10570214,130207.7,34275,2.5,75.5,1126.0,1158794,8358.4,393.8,514.3,7337.5,611,0,1160240,836570,0,0,0,0,0,0,0,0,0,0,0,1,292.0,0,0,389,587.3,17.7,28,44.4,0,523.5,
255,young,5624,34,9,699,0,21,2,0,84,2024,379,2678,10584777,130725.5,30575,2.2,77.7,1126.0,1163640,8363.0,394.1,515.7,7340.0,611,0,1165133,840943,0,0,0,0,0,0,0,0,0,0,0,0,292.0,0,0,389,581.6,17.7,28,44.4,0,525.7,
256,young,6052,96,7,932,0,22,1,0,77,2298,379,2550,10599550,131245.8,32492,2.4,80.1,1126.0,1168510,8368.3,394.3,517.3,7342.9,611,0,1170068,845291,0,0,0,0,0,0,0,0,0,0,0,0,292.0,0,3,386,575.0,17.7,28,44.4,0,528.1,
257,young,6146,81,6,532,0,22,1,0,71,2181,380,3162,10615284,131767.4,36104,2.6,82.7,1126.0,1173416,8373.4,394.5,519.2,7345.4,611,0,1175020,849834,0,0,0,0,0,0,0,0,0,0,0,1,292.0,0,0,389,569.6,17.7,28,44.4,0,530.7,
258,full-cycle,11063,53,1118,0,0,0,2,1,74,1789,367,90,10633042,132327.2,165572,19.5,19.5,1126.0,1179482,8385.6,400.9,521.1,7348.5,643,0,1180441,855214,1171,5977,2728,130084,165,576,99,0,0,0,1111,0,220.0,13,9,401,785.8,11.1,30,51.2,0,512.0,promoted
259,young,4085,33,8,994,0,38,2,0,109,1992,356,768,10672291,133126.0,32410,5.7,25.2,1126.0,1184430,8391.0,401.1,522.5,7351.8,679,0,1185416,859362,0,0,0,0,0,0,0,0,0,0,0,0,224.0,0,0,420,785.4,10.5,30,49.1,0,512.0,
260,young,3826,28,6,485,0,25,2,0,87,2222,358,919,10686950,133616.6,35830,2.9,28.1,1126.0,1188761,8400.5,406.5,523.6,7354.1,685,0,1189814,863246,0,0,0,0,0,0,0,0,0,0,0,0,226.0,0,0,420,779.3,10.5,30,48.7,0,512.0,
261,young,4016,205,8,515,0,24,1,0,111,1984,385,1058,10704720,134026.9,31188,3.0,31.1,1126.0,1193186,8413.1,406.8,525.5,7364.1,701,0,1194307,865721,0,0,0,0,0,0,0,0,0,0,0,0,226.0,0,1,419,771.1,10.5,30,47.8,0,512.0,
262,young,4306,358,8,751,0,21,2,1,90,1688,375,1212,10738177,134603.7,23867,2.0,33.1,1126.0,1197485,8437.2,417.6,532.5,7369.8,705,0,1198685,869487,0,0,0,0,0,0,0,0,0,0,0,1,226.0,0,0,420,767.0,10.5,30,47.6,0,512.0,
263,young,3895,35,6,738,0,25,2,0,94,1860,399,1045,10760513,135144.3,27632,2.0,35.1,1126.0,1201810,8445.8,421.7,534.3,7371.8,705,0,1203087,873435,0,0,0,0,0,0,0,0,0,0,0,0,226.0,0,0,420,761.7,10.5,30,47.6,0,512.0,
264,young,4301,48,22,470,0,32,2,0,102,2310,404,1250,10780814,135654.0,32088,2.4,37.5,1126.0,1206158,8450.7,421.9,535.5,7374.9,705,0,1207482,877113,0,0,0,0,0,0,0,0,0,0,0,0,226.0,0,0,420,756.4,10.5,30,47.6,0,512.0,
265,young,3967,44,6,666,0,20,2,1,74,1790,399,1244,10797351,136164.3,32846,2.4,39.9,1126.0,1210533,8455.9,422.2,537.0,7378.0,705,0,1211901,880873,0,0,0,0,0,0,0,0,0,0,0,0,226.0,0,0,420,751.1,10.5,30,47.6,0,512.0,
266,young,4420,254,7,496,0,22,1,1,67,2025,401,1480,10812945,136674.1,30068,2.3,42.2,1126.0,1214929,8459.8,422.4,538.3,7379.8,705,0,1216333,884997,0,0,0,0,0,0,0,0,0,0,0,0,226.0,0,0,420,746.1,10.5,30,47.6,0,512.0,
267,young,4630,31,9,496,0,19,2,0,68,2248,398,1648,10832120,137184.4,37028,2.7,44.9,1126.0,1219334,8465.8,422.6,539.8,7383.7,705,0,1220792,888715,0,0,0,0,0,0,0,0,0,0,0,0,226.0,0,0,420,740.1,10.5,30,47.6,0,512.0,
268,young,4656,50,8,312,0,23,1,0,68,2474,397,1628,10846524,137694.0,36514,2.7,47.6,1126.0,1223760,8470.8,422.8,541.1,7386.5,705,0,1225268,892576,0,0,0,0,0,0,0,0,0,0,0,1,226.0,0,0,420,735.1,10.5,30,47.6,0,512.0,
269,young,5705,672,9,672,0,21,2,0,70,2270,393,1832,10876471,138186.2,32096,2.3,49.9,1126.0,1228198,8477.1,423.9,542.4,7389.6,705,0,1229769,896583,0,0,0,0,0,0,0,0,0,0,0,0,226.0,0,0,420,729.5,10.5,30,47.6,0,512.0,
270,young,4868,37,8,394,0,23,2,0,86,2182,404,2029,10917230,138679.1,28798,2.6,52.5,1126.0,1232622,8489.9,424.6,544.2,7398.8,715,0,1234281,898929,0,0,0,0,0,0,0,0,0,0,0,0,226.0,0,0,420,724.5,10.5,30,47.0,0,512.0,
271,young,5287,36,9,934,0,17,1,0,67,1865,398,2261,10934368,139218.5,29791,2.1,54.6,1126.0,1237054,8497.8,425.8,545.7,7403.7,715,0,1238790,902290,0,0,0,0,0,0,0,0,0,0,0,0,226.0,0,0,420,718.6,10.5,30,47.0,0,512.0,
272,young,4769,65,8,508,0,26,2,0,96,1887,402,2091,10951532,139727.9,26532,2.0,56.7,1126.0,1241519,8503.0,425.9,546.9,7407.1,715,0,1243316,906309,0,0,0,0,0,0,0,0,0,0,0,0,226.0,0,0,420,713.7,10.5,30,47.0,0,512.0,
273,young,5180,24,7,818,0,19,1,0,66,2170,397,1989,10963638,140239.0,37564,2.8,59.4,1126.0,1246031,8507.0,426.1,548.2,7409.2,715,0,1247874,910502,0,0,0,0,0,0,0,0,0,0,0,0,226.0,0,0,420,707.5,10.5,30,47.0,0,512.0,
274,young,5440,21,7,389,0,26,2,0,95,2551,398,2298,10978322,140741.0,38244,2.8,62.2,1126.0,1250568,8511.6,426.4,549.4,7411.9,715,0,1252452,914512,0,0,0,0,0,0,0,0,0,0,0,0,226.0,0,0,420,701.9,10.5,30,47.0,0,512.0,
275,young,5389,33,6,690,0,17,1,0,60,1751,398,2711,10991932,141256.5,31252,2.2,64.5,1126.0,1255115,8515.4,426.5,550.7,7413.8,715,0,1257054,918716,0,0,0,0,0,0,0,0,0,0,0,0,226.0,0,1,419,696.4,10.5,30,47.0,0,512.5,
276,young,5106,42,7,362,0,32,2,0,72,2202,393,2344,11009610,141765.5,28049,2.1,66.6,1126.0,1259674,8520.7,426.7,552.5,7416.7,715,0,1261663,922812,0,0,0,0,0,0,0,0,0,0,0,0,226.0,0,0,420,692.5,10.5,30,47.0,0,514.6,
277,young,5192,61,6,601,0,20,2,0,80,2320,400,2034,11025737,142275.7,38044,2.8,69.4,1126.0,1264275,8525.7,427.1,553.9,7419.5,715,0,1266298,926928,0,0,0,0,0,0,0,0,0,0,0,1,226.0,0,0,420,686.5,10.5,30,47.0,0,517.4,
278,young,5349,34,6,924,0,26,1,0,77,2204,397,1994,11040062,142787.5,36227,2.7,72.1,1126.0,1268910,8529.7,427.3,555.3,7421.5,715,0,1270984,931278,0,0,0,0,0,0,0,0,0,0,0,0,226.0,0,0,420,680.2,10.5,30,47.0,0,520.1,
279,young,5064,36,7,662,0,20,2,0,85,1771,396,2395,11058745,143300.6,29345,2.1,74.1,1126.0,1273589,8536.7,428.3,557.1,7425.3,715,0,1275704,935368,0,0,0,0,0,0,0,0,0,0,0,0,226.0,0,0,420,674.7,10.5,30,47.0,0,522.1,
280,young,5377,33,7,667,0,29,2,0,80,2031,397,2420,11078107,143816.3,24109,1.8,76.0,1126.0,1278297,8543.0,428.5,558.7,7429.5,715,0,1280481,939552,0,0,0,0,0,0,0,0,0,0,0,1,226.0,0,0,420,670.2,10.5,30,47.0,0,524.0,
281,young,5542,37,9,589,0,23,2,0,73,2181,400,2542,11112214,144332.7,35016,2.6,78.6,1126.0,1283007,8553.3,429.0,560.2,7437.4,715,0,1285268,942546,0,0,0,0,0,0,0,0,0,0,0,0,226.0,0,0,420,664.8,10.5,30,47.0,0,526.6,
282,young,5799,34,7,812,0,17,1,0,72,2275,401,2515,11125784,144851.7,33934,2.5,81.0,1126.0,1287773,8557.9,429.3,562.1,7439.1,715,0,1290103,946979,0,0,0,0,0,0,0,0,0,0,0,0,226.0,0,0,420,659.3,10.5,30,47.0,0,529.0,
283,young,6005,33,7,496,0,23,2,0,92,2458,403,2741,11142655,145378.8,29442,2.2,83.2,1126.0,1292600,8565.5,430.8,565.2,7441.6,715,0,1294987,951483,0,0,0,0,0,0,0,0,0,0,0,0,226.0,0,0,420,654.3,10.5,30,47.0,0,531.2,
284,young,5501,32,8,674,0,23,2,0,90,1925,397,2654,11159101,145904.1,26324,1.9,85.1,1126.0,1297448,8571.0,431.0,566.7,7444.8,715,0,1299897,955754,0,0,0,0,0,0,0,0,0,0,0,0,226.0,0,0,420,649.3,10.5,30,47.0,0,533.1,
285,full-cycle,11939,42,598,0,0,0,2,0,82,1742,339,100,11176447,146481.6,158053,19.1,19.1,1126.0,1303506,8580.7,432.4,569.3,7449.8,744,0,1305955,960902,640,6602,2440,127226,49,447,94,0,0,0,2178,0,270.0,13,27,355,700.0,14.4,33,57.2,0,512.0,promoted
286,young,3265,52,7,592,0,20,1,1,83,1671,353,638,11207211,147192.8,22741,5.6,24.7,1126.0,1308233,8586.7,432.6,570.7,7453.5,796,0,1310740,965019,0,0,0,0,0,0,0,0,0,0,0,0,276.0,0,0,391,729.2,9.6,33,54.2,0,512.0,
287,young,3473,25,8,482,0,13,1,0,84,2090,367,715,11222842,147707.1,33709,3.1,27.8,1126.0,1312519,8593.8,432.8,572.1,7458.7,808,0,1315120,968553,0,0,0,0,0,0,0,0,0,0,0,0,278.0,0,0,391,723.7,9.6,33,53.5,0,512.0,
288,young,3046,25,7,378,0,18,1,0,58,1657,371,814,11238415,148224.9,38240,2.8,30.6,1126.0,1316870,8600.7,433.4,573.3,7463.3,808,0,1319521,972312,0,0,0,0,0,0,0,0,0,0,0,0,278.0,0,0,391,717.6,9.6,33,53.5,0,512.0,
289,young,3936,26,7,520,0,24,2,0,83,2196,379,1004,11253514,148733.6,37756,2.8,33.4,1126.0,1321227,8607.7,433.8,574.8,7468.2,808,0,1323918,975943,0,0,0,0,0,0,0,0,0,0,0,0,278.0,0,0,391,711.7,9.6,33,53.5,0,512.0,
290,young,4041,25,7,479,0,17,1,0,68,2268,381,1074,11268724,149242.0,37983,2.8,36.1,1126.0,1325595,8612.6,433.9,576.1,7471.2,808,0,1328335,979799,0,0,0,0,0,0,0,0,0,0,0,1,278.0,0,0,391,705.5,9.6,33,53.5,0,512.0,
291,young,4189,28,9,455,0,23,1,0,80,2360,381,1171,11284633,149753.5,36240,2.7,38.8,1126.0,1329985,8618.3,434.1,577.4,7475.1,808,0,1332774,983551,0,0,0,0,0,0,0,0,0,0,0,0,278.0,0,0,391,699.5,9.6,33,53.5,0,512.0,
292,young,4354,68,8,592,0,17,1,0,78,2202,384,1312,11307935,150263.4,33212,2.4,41.2,1126.0,1334446,8629.1,435.6,578.7,7482.3,808,0,1337279,987265,0,0,0,0,0,0,0,0,0,0,0,0,278.0,0,0,391,693.0,9.6,33,53.5,0,512.0,
293,young,3802,152,8,920,0,18,2,0,62,1318,376,1209,11326519,150772.1,23266,1.7,43.0,1126.0,1338910,8633.4,436.5,580.4,7483.6,810,0,1341817,991516,0,0,0,0,0,0,0,0,0,0,0,0,278.0,0,0,391,687.5,9.6,33,53.3,0,512.0,
294,young,3692,42,7,494,0,18,1,0,68,1610,375,1393,11341976,151281.8,20853,1.6,44.6,1126.0,1343341,8638.2,436.7,581.7,7486.4,810,0,1346317,995562,0,0,0,0,0,0,0,0,0,0,0,0,278.0,0,0,391,683.4,9.6,33,53.3,0,512.0,
295,young,4436,21,7,382,0,21,1,0,79,2306,376,1534,11357665,151792.5,33954,2.5,47.1,1126.0,1347797,8643.0,436.9,583.0,7489.4,810,0,1350822,999586,0,0,0,0,0,0,0,0,0,0,0,0,278.0,0,0,391,677.5,9.6,33,53.3,0,512.0,
296,young,3864,23,7,484,0,19,2,0,58,1518,375,1676,11372458,152302.3,32652,2.4,49.5,1126.0,1352289,8647.6,437.1,584.2,7492.2,810,0,1355372,1003619,0,0,0,0,0,0,0,0,0,0,0,0,278.0,0,0,391,671.6,9.6,33,53.3,0,512.0,
297,young,4734,29,8,1064,0,20,2,0,68,1646,375,1826,11387238,152810.5,30647,2.3,51.8,1126.0,1356784,8653.8,437.3,585.7,7496.4,810,0,1359912,1007392,0,0,0,0,0,0,0,0,0,0,0,0,278.0,0,0,391,666.1,9.6,33,53.3,0,512.0,
298,young,5653,32,7,661,0,29,2,0,99,2648,377,2097,11402160,153313.2,35933,2.6,54.4,1126.0,1361291,8659.4,437.5,587.1,7499.9,810,0,1364469,1011375,0,0,0,0,0,0,0,0,0,0,0,0,278.0,0,0,391,660.6,9.6,33,53.3,0,512.0,
299,young,4700,45,6,534,0,29,2,0,82,2298,384,1615,11422453,153824.7,32671,2.5,56.9,1126.0,1365805,8665.2,437.6,588.5,7503.8,812,0,1369048,1015368,0,0,0,0,0,0,0,0,0,0,0,0,278.0,0,0,391,655.1,9.6,33,53.2,0,512.0,
300,young,4748,101,7,615,0,21,2,0,73,1966,380,1844,11450790,154262.5,25965,1.9,58.8,1126.0,1370340,8671.5,437.8,590.6,7507.4,812,0,1373636,1019313,0,0,0,0,0,0,0,0,0,0,0,0,278.0,0,0,391,650.8,9.6,33,53.2,0,512.0,
301,young,4698,19,8,432,0,31,2,0,90,2209,380,1840,11471253,154848.4,30652,2.5,61.3,1126.0,1374853,8677.3,438.0,591.9,7511.4,816,0,1378221,1023275,0,0,0,0,0,0,0,0,0,0,0,0,278.0,0,0,391,645.4,9.6,33,53.0,0,512.0,
302,young,4726,27,6,598,0,22,1,0,74,1728,379,2192,11486151,155357.5,28154,2.0,63.2,1126.0,1379414,8685.2,440.8,594.5,7513.3,816,0,1382825,1027472,0,0,0,0,0,0,0,0,0,0,0,0,278.0,0,0,391,640.4,9.6,33,53.0,0,512.0,
303,young,4758,34,25,755,0,22,1,0,88,1718,375,2032,11501451,155867.0,21717,1.7,64.9,1126.0,1384009,8689.3,440.9,595.7,7515.7,816,0,1387452,1031603,0,0,0,0,0,0,0,0,0,0,0,0,278.0,0,0,391,636.3,9.6,33,53.0,0,512.9,
304,young,5558,26,8,698,0,20,1,0,72,2174,376,2487,11516010,156376.6,32448,2.4,67.3,1126.0,1388617,8693.5,441.1,597.0,7518.1,816,0,1392111,1035781,0,0,0,0,0,0,0,0,0,0,0,0,278.0,0,0,391,630.5,9.6,33,53.0,0,515.3,
305,young,5848,20,8,636,0,26,2,0,93,2244,375,2746,11534852,156886.3,33710,2.5,69.8,1126.0,1393263,8698.3,441.3,598.4,7520.5,816,0,1396803,1039925,0,0,0,0,0,0,0,0,0,0,0,0,278.0,0,0,391,624.9,9.6,33,53.0,0,517.8,
306,young,5450,25,8,408,0,24,2,0,69,2220,380,2634,11555803,157382.2,37876,2.8,72.6,1126.0,1397943,8709.8,441.6,599.9,7529.9,816,0,1401525,1042593,0,0,0,0,0,0,0,0,0,0,0,0,278.0,0,0,391,618.7,9.6,33,53.0,0,520.6,
307,young,5825,38,19,465,0,25,1,0,88,2390,377,2728,11571935,157909.4,35992,2.6,75.2,1126.0,1402653,8714.7,441.8,601.3,7532.9,816,0,1406295,1046854,0,0,0,0,0,0,0,0,0,0,0,0,278.0,0,0,391,612.4,9.6,33,53.0,0,523.2,
308,young,5798,17,6,462,0,22,2,0,85,1989,379,3127,11589913,158425.8,36222,2.7,77.9,1126.0,1407432,8719.9,442.0,602.8,7535.8,816,0,1411114,1050974,0,0,0,0,0,0,0,0,0,0,0,1,278.0,0,0,391,606.6,9.6,33,53.0,0,525.9,
309,young,5537,18,6,311,0,22,2,0,78,2172,381,2836,11604906,158945.8,37088,2.7,80.6,1126.0,1412239,8725.5,442.6,604.7,7538.4,816,0,1415968,1055351,0,0,0,0,0,0,0,0,0,0,0,0,278.0,0,0,391,600.7,9.6,33,53.0,0,528.6,
310,young,5920,30,7,896,0,21,1,1,66,2195,382,2648,11618376,159463.1,37018,2.7,83.3,1126.0,1417094,8730.1,442.8,606.1,7541.0,816,0,1420873,1059699,0,0,0,0,0,0,0,0,0,0,0,0,278.0,0,0,391,594.1,9.6,33,53.0,0,531.3,
311,full-cycle,14920,33,1132,0,0,0,2,0,102,1631,376,119,11645535,160073.2,160679,19.3,19.3,1126.0,1424093,8749.5,452.1,608.9,7547.9,850,0,1427043,1065425,1165,7530,2803,131134,21,932,78,0,0,0,3348,1,178.0,16,40,385,761.4,14.6,33,56.9,0,512.0,promoted
312,young,3141,25,8,326,0,17,1,0,73,2052,380,573,11670164,160861.8,31779,5.8,25.0,1126.0,1428333,8755.4,452.3,610.1,7552.0,886,0,1431306,1068995,0,0,0,0,0,0,0,0,0,0,0,0,198.0,0,0,431,815.2,3.5,33,54.8,0,512.0,
313,young,3493,94,8,363,0,18,1,0,68,2133,374,740,11682738,161367.8,38571,3.9,28.9,1126.0,1432716,8759.2,452.4,611.5,7553.8,908,0,1435765,1073075,0,0,0,0,0,0,0,0,0,0,0,0,198.0,0,0,431,808.3,3.5,33,53.5,0,512.0,
314,young,3622,34,6,335,0,19,1,0,76,2060,380,1009,11698423,161873.7,37911,3.2,32.1,1126.0,1437056,8766.6,452.6,612.7,7559.4,916,0,1440176,1076749,0,0,0,0,0,0,0,0,0,0,0,0,198.0,0,0,431,801.9,3.5,33,53.1,0,512.0,
315,young,3078,31,7,368,0,14,1,0,56,1501,381,999,11713298,162381.9,31514,2.4,34.4,1126.0,1441397,8773.4,454.3,614.3,7562.6,918,0,1444584,1080579,0,0,0,0,0,0,0,0,0,0,0,0,198.0,0,0,431,796.7,3.5,33,53.0,0,512.0,
316,young,3291,50,6,363,0,22,1,0,79,1699,390,991,11730482,162889.4,24490,1.9,36.3,1126.0,1445774,8778.9,454.4,615.6,7566.3,920,0,1449028,1084309,0,0,0,0,0,0,0,0,0,0,0,0,198.0,0,0,431,791.3,3.5,33,52.8,0,512.0,
317,young,3832,24,8,417,0,17,1,0,68,1975,381,1243,11745590,163399.8,31991,2.4,38.7,1126.0,1450171,8782.9,454.6,616.9,7568.3,920,0,1453470,1088318,0,0,0,0,0,0,0,0,0,0,0,0,198.0,0,0,431,785.8,3.5,33,52.8,0,512.0,
318,young,4336,22,8,204,0,26,2,0,91,2438,381,1456,11762600,163910.1,39086,2.9,41.6,1126.0,1454551,8789.2,454.8,618.2,7572.6,920,0,1457904,1092201,0,0,0,0,0,0,0,0,0,0,0,0,198.0,0,0,431,779.7,3.5,33,52.8,0,512.0,
319,young,4113,24,6,517,0,26,2,0,93,2077,390,1289,11777022,164419.1,31959,2.3,43.9,1126.0,1458940,8793.1,455.0,619.6,7574.7,920,0,1462357,1096249,0,0,0,0,0,0,0,0,0,0,0,0,198.0,0,0,431,773.8,3.5,33,52.8,0,512.0,
320,young,3444,19,8,466,0,19,2,0,79,1579,400,1219,11793215,164928.2,25852,1.9,45.8,1126.0,1463324,8802.5,460.2,621.2,7576.7,920,0,1466792,1100284,0,0,0,0,0,0,0,0,0,0,0,0,198.0,0,1,430,768.8,3.5,33,52.8,0,512.0,
321,young,4456,163,6,543,0,13,1,0,62,1982,398,1557,11810815,165438.6,31250,2.3,48.1,1126.0,1467722,8807.8,460.4,622.7,7579.9,920,0,1471248,1104086,0,0,0,0,0,0,0,0,0,0,0,0,198.0,0,0,431,763.4,3.5,33,52.8,0,512.0,
322,young,3988,157,6,382,0,12,1,0,51,1877,405,1414,11829331,165947.4,28465,2.1,50.2,1126.0,1472148,8813.4,460.8,624.7,7582.7,920,0,1475718,1108052,0,0,0,0,0,0,0,0,0,0,0,0,198.0,0,0,431,758.5,3.5,33,52.8,0,512.0,
323,young,4375,280,9,607,0,24,2,0,89,1669,411,1590,11848578,166457.5,25066,1.8,52.0,1126.0,1476567,8824.0,464.1,626.5,7587.8,920,0,1480191,1111740,0,0,0,0,0,0,0,0,0,0,0,0,198.0,0,0,431,753.7,3.5,33,52.8,0,512.0,
324,young,3820,16,7,358,0,18,1,0,68,1840,418,1456,11867763,166966.7,29694,2.2,54.3,1126.0,1480974,8830.3,464.2,628.2,7590.7,920,0,1484671,1115662,0,0,0,0,0,0,0,0,0,0,0,0,198.0,0,0,431,749.1,3.5,33,52.8,0,512.0,
325,young,5063,158,4,617,0,27,2,0,94,2313,410,1774,11880937,167477.8,36871,2.7,57.0,1126.0,1485417,8833.5,464.4,629.5,7592.2,920,0,1489181,1119902,0,0,0,0,0,0,0,0,0,0,0,0,198.0,0,0,431,743.7,3.5,33,52.8,0,512.0,
326,young,5140,303,7,893,0,14,1,0,94,1767,407,1973,11896226,167986.9,36633,2.7,59.7,1126.0,1489901,8839.0,464.6,630.8,7595.8,920,0,1493716,1123830,0,0,0,0,0,0,0,0,0,0,0,0,198.0,0,0,431,737.7,3.5,33,52.8,0,512.0,
327,young,5106,19,18,489,0,29,2,0,72,2302,407,2078,11911084,168497.5,37991,2.8,62.5,1126.0,1494404,8843.4,464.8,632.1,7598.2,920,0,1498270,1127968,0,0,0,0,0,0,0,0,0,0,0,0,198.0,0,0,431,732.6,3.5,33,52.8,0,512.0,
328,young,4822,26,7,357,0,23,1,0,72,2077,408,2177,11930828,169004.8,33957,2.4,64.9,1126.0,1498926,8848.5,465.0,633.7,7600.9,920,0,1502850,1132069,0,0,0,0,0,0,0,0,0,0,0,0,198.0,0,0,431,727.3,3.5,33,52.8,0,512.9,
329,young,4860,24,7,577,0,22,2,0,79,2000,404,2044,11949533,169516.0,25292,1.8,66.8,1126.0,1503449,8855.1,465.3,635.2,7605.3,920,0,1507443,1135931,0,0,0,0,0,0,0,0,0,0,0,1,198.0,0,0,431,722.2,3.5,33,52.8,0,514.8,
330,young,4878,31,7,598,0,15,1,0,64,1934,402,2162,11965308,170028.5,26731,2.0,68.8,1126.0,1508013,8861.0,465.4,636.6,7609.1,920,0,1512072,1139896,0,0,0,0,0,0,0,0,0,0,0,0,198.0,0,0,431,716.9,3.5,33,52.8,0,516.8,
331,young,4862,21,8,387,0,23,2,0,85,1893,401,2335,11985312,170539.9,24964,1.8,70.5,1126.0,1512589,8865.4,465.6,638.0,7611.7,920,0,1516733,1143988,0,0,0,0,0,0,0,0,0,0,0,0,198.0,0,0,431,712.1,3.5,33,52.8,0,518.5,
332,young,4738,19,7,425,0,20,1,1,76,1738,398,2400,12000398,171054.2,23404,1.8,72.4,1126.0,1517232,8870.7,466.0,639.4,7614.6,920,0,1521427,1148186,0,0,0,0,0,0,0,0,0,0,0,0,198.0,0,0,431,707.7,3.5,33,52.8,0,520.4,
333,young,5027,49,7,504,0,20,2,0,84,1710,400,2538,12018471,171570.1,27112,1.9,74.2,1126.0,1521900,8875.1,466.2,641.0,7616.9,920,0,1526147,1152389,0,0,0,0,0,0,0,0,0,0,0,0,198.0,0,0,431,702.5,3.5,33,52.8,0,522.2,
334,young,4712,43,10,505,0,22,2,0,71,1624,399,2370,12035569,172079.2,22292,1.7,76.0,1126.0,1526575,8882.6,466.4,642.7,7622.1,920,0,1530900,1156448,0,0,0,0,0,0,0,0,0,0,0,0,198.0,0,0,431,698.0,3.5,33,52.8,0,524.0,
335,young,5941,32,7,373,0,29,2,0,91,2367,409,2954,12051792,172606.3,37263,2.7,78.7,1126.0,1531302,8889.2,466.8,644.5,7626.1,920,0,1535677,1160678,0,0,0,0,0,0,0,0,0,0,0,0,198.0,0,0,431,692.1,3.5,33,52.8,0,526.7,
336,young,5329,25,8,281,0,24,1,1,88,2201,407,2648,12074556,173127.1,36132,2.6,81.4,1126.0,1536056,8894.6,467.1,645.9,7629.3,920,0,1540495,1164996,0,0,0,0,0,0,0,0,0,0,0,0,198.0,0,4,427,685.2,3.5,33,52.8,0,529.4,
337,young,5764,26,8,396,0,20,1,0,72,2308,413,2866,12094173,173650.7,35151,2.6,84.0,1126.0,1540840,8899.5,467.3,647.3,7632.2,920,0,1545318,1169308,0,0,0,0,0,0,0,0,0,0,0,0,198.0,0,0,431,680.2,3.5,33,52.8,0,532.0,
338,full-cycle,11077,33,945,0,0,0,1,1,244,1459,417,260,12105502,174189.4,145412,18.1,18.1,1126.0,1547381,8905.3,468.4,649.5,7634.2,939,0,1551664,1175336,977,6631,2353,113398,32,271,322,0,0,0,1064,0,150.0,11,9,434,851.3,15.2,34,59.8,0,512.0,promoted
339,young,2894,32,7,408,0,91,1,0,68,1559,434,602,12135076,175048.6,36109,5.1,23.2,1126.0,1553310,8911.7,468.6,651.7,7637.6,968,0,1557618,1180373,0,0,0,0,0,0,0,0,0,0,0,0,150.0,0,0,453,831.0,14.2,34,58.1,0,512.0,
340,young,3248,23,7,268,0,28,2,0,97,2094,440,674,12149694,175525.3,32519,2.9,26.0,1126.0,1557794,8917.3,468.8,653.1,7641.4,978,0,1562156,1184232,0,0,0,0,0,0,0,0,0,0,0,0,152.0,0,0,453,825.1,14.2,34,57.5,0,512.0,
341,young,3940,32,7,412,0,19,1,0,75,2397,445,913,12163291,176032.9,36773,2.7,28.8,1126.0,1562302,8921.5,468.9,654.4,7643.8,978,0,1566698,1188333,0,0,0,0,0,0,0,0,0,0,0,0,152.0,0,0,453,818.2,14.2,34,57.5,0,512.0,
342,young,3810,203,7,425,0,32,2,1,106,1978,447,966,12178137,176544.7,31857,2.3,31.0,1126.0,1566774,8926.3,469.1,656.1,7646.3,978,0,1571222,1192413,0,0,0,0,0,0,0,0,0,0,0,0,152.0,0,0,453,812.7,14.2,34,57.5,0,512.0,
343,young,3648,33,7,505,0,31,2,0,108,1811,449,1072,12193120,177055.3,25603,1.9,33.0,1126.0,1571241,8931.4,469.3,657.6,7649.4,978,0,1575738,1196398,0,0,0,0,0,0,0,0,0,0,0,0,152.0,0,0,453,807.6,14.2,34,57.5,0,512.0,
344,young,3733,37,7,443,0,34,2,1,107,1893,448,1154,12208931,177568.6,26667,2.0,34.9,1126.0,1575710,8936.9,469.5,659.0,7652.8,978,0,1580267,1200391,0,0,0,0,0,0,0,0,0,0,0,1,152.0,0,0,453,803.4,14.2,34,57.5,0,512.0,
345,young,3886,22,8,708,0,20,1,0,106,1765,450,1177,12225116,178081.7,26819,2.0,36.9,1126.0,1580191,8942.3,469.9,660.5,7655.9,978,0,1584795,1204322,0,0,0,0,0,0,0,0,0,0,0,0,152.0,0,0,453,798.6,14.2,34,57.5,0,512.0,
346,young,4131,42,8,618,0,28,2,0,104,1894,447,1344,12240079,178594.7,29930,2.2,39.1,1126.0,1584737,8947.7,470.1,662.3,7658.9,978,0,1589379,1208369,0,0,0,0,0,0,0,0,0,0,0,0,152.0,0,1,452,792.4,14.2,34,57.5,0,512.0,
347,young,4231,25,8,486,0,30,2,0,108,1917,447,1573,12256817,179104.0,34402,2.6,41.7,1126.0,1589322,8954.8,470.3,663.7,7663.9,978,0,1594007,1212432,0,0,0,0,0,0,0,0,0,0,0,0,152.0,0,0,453,786.3,14.2,34,57.5,0,512.0,
348,young,4182,31,7,225,0,26,1,0,86,2220,447,1506,12278972,179617.1,38554,2.8,44.5,1126.0,1593863,8959.5,470.4,665.0,7666.8,978,0,1598593,1216442,0,0,0,0,0,0,0,0,0,0,0,0,152.0,0,0,453,780.0,14.2,34,57.5,0,512.0,
349,young,4741,315,8,632,0,18,1,0,80,2042,450,1570,12295009,180045.2,33482,2.4,46.9,1126.0,1598567,8964.5,470.6,667.1,7669.1,978,0,1603339,1220744,0,0,0,0,0,0,0,0,0,0,0,0,152.0,0,0,453,771.9,14.2,34,57.5,0,512.0,
350,young,4050,24,7,339,0,28,2,0,86,1813,448,1681,12312674,180637.2,27932,2.1,49.0,1126.0,1603156,8994.9,494.7,668.6,7673.6,978,0,1607988,1224668,0,0,0,0,0,0,0,0,0,0,0,0,152.0,0,0,453,765.3,14.2,34,57.5,0,512.0,
351,young,4243,24,8,211,0,28,1,0,115,2217,446,1539,12327555,181148.0,33492,2.5,51.5,1126.0,1607769,8999.6,494.9,669.9,7676.4,978,0,1612650,1228861,0,0,0,0,0,0,0,0,0,0,0,0,152.0,0,0,453,758.5,14.2,34,57.5,0,512.0,
352,young,4277,47,8,287,0,28,2,0,96,2092,446,1640,12340891,181658.6,37955,3.0,54.4,1126.0,1612357,9003.6,495.2,671.3,7678.2,982,0,1617292,1233148,0,0,0,0,0,0,0,0,0,0,0,0,152.0,0,0,453,752.5,14.2,34,57.3,0,512.0,
353,young,4830,30,7,712,0,30,1,0,100,2038,444,1835,12357202,182168.8,37403,2.7,57.2,1126.0,1616996,9009.8,495.4,672.9,7682.3,982,0,1621975,1237196,0,0,0,0,0,0,0,0,0,0,0,0,152.0,0,1,452,744.8,14.2,34,57.3,0,512.0,
354,young,4914,34,7,451,0,31,1,0,83,2200,445,2037,12371803,182679.0,36808,2.7,59.9,1126.0,1621632,9014.0,495.6,674.2,7684.6,982,0,1626657,1241395,0,0,0,0,0,0,0,0,0,0,0,0,152.0,0,0,453,738.9,14.2,34,57.3,0,512.0,
355,young,5103,23,8,334,0,33,2,0,109,2395,446,2125,12396055,183189.5,36349,2.7,62.5,1126.0,1626268,9019.1,495.8,675.6,7687.8,982,0,1631347,1245451,0,0,0,0,0,0,0,0,0,0,0,0,152.0,0,0,453,732.9,14.2,34,57.3,0,512.0,
356,young,5398,23,7,706,0,30,2,0,103,2068,445,2361,12412563,183700.7,30864,2.2,64.8,1126.0,1630927,9024.1,496.2,677.2,7690.3,982,0,1636044,1249666,0,0,0,0,0,0,0,0,0,0,0,0,152.0,0,0,453,727.1,14.2,34,57.3,0,512.8,
357,young,5008,320,9,365,0,31,2,0,114,1655,446,2415,12427069,184211.7,23105,1.7,66.5,1126.0,1635589,9029.4,497.0,679.0,7692.8,982,0,1640750,1254058,0,0,0,0,0,0,0,0,0,0,0,1,152.0,0,0,453,721.8,14.2,34,57.3,0,514.5,
358,young,4836,18,6,355,0,28,2,0,98,1940,445,2319,12445265,184724.2,30579,2.3,68.8,1126.0,1640268,9036.2,497.1,680.3,7697.7,982,0,1645486,1258191,0,0,0,0,0,0,0,0,0,0,0,0,152.0,0,0,453,716.3,14.2,34,57.3,0,516.8,
359,young,5828,24,7,779,0,31,1,0,102,2277,446,2528,12464208,185238.0,38996,2.9,71.6,1126.0,1644987,9039.9,497.3,681.6,7699.4,982,0,1650261,1262504,0,0,0,0,0,0,0,0,0,0,0,1,152.0,0,0,453,710.0,14.2,34,57.3,0,519.6,
360,young,5917,29,7,551,0,34,2,0,117,2137,445,2941,12478853,185753.1,33523,2.4,74.1,1126.0,1649760,9047.2,498.9,683.5,7702.5,982,0,1655078,1266778,0,0,0,0,0,0,0,0,0,0,0,0,152.0,0,0,453,704.4,14.2,34,57.3,0,522.1,
361,young,5719,57,7,687,0,24,2,0,97,1492,446,3231,12493914,186271.8,23651,1.7,75.8,1126.0,1654570,9052.6,499.1,685.0,7705.7,982,0,1659941,1270982,0,0,0,0,0,0,0,0,0,0,0,0,152.0,0,0,453,699.1,14.2,34,57.3,0,523.8,
362,young,5680,23,8,689,0,20,1,0,78,1818,446,2954,12509128,186792.7,23964,1.8,77.6,1126.0,1659431,9058.3,499.3,686.6,7709.2,982,0,1664841,1275288,0,0,0,0,0,0,0,0,0,0,0,0,152.0,0,0,453,694.1,14.2,34,57.3,0,525.6,
363,young,5933,24,8,533,0,32,1,0,105,2135,446,3027,12524255,187316.3,33439,2.5,80.1,1126.0,1664298,9062.8,499.5,687.9,7711.7,982,0,1669759,1279768,0,0,0,0,0,0,0,0,0,0,0,0,152.0,0,0,453,687.9,14.2,34,57.3,0,528.1,
364,young,5851,27,7,614,0,23,1,0,102,1803,446,3198,12540195,187839.6,34158,2.5,82.6,1126.0,1669219,9070.2,500.4,690.1,7715.7,982,0,1674721,1284061,0,0,0,0,0,0,0,0,0,0,0,0,152.0,0,0,453,682.3,14.2,34,57.3,0,530.6,
365,full-cycle,13874,251,655,0,0,0,2,0,132,2206,453,151,12559106,188394.2,155510,17.7,17.7,1126.0,1676133,9078.2,500.8,692.6,7720.1,990,0,1681419,1290050,905,8412,2928,114656,28,459,77,0,0,0,1522,0,124.0,11,17,442,870.3,13.9,31,56.0,0,512.0,promoted
366,young,3639,428,9,519,0,37,2,0,113,1837,452,594,12600205,189234.9,22931,4.7,22.4,1126.0,1681940,9090.3,502.7,694.4,7727.7,1046,0,1687240,1294804,0,0,0,0,0,0,0,0,0,0,0,0,142.0,0,0,461,859.6,2.5,31,52.7,0,512.0,
367,young,2740,27,6,210,0,24,2,0,97,1668,447,662,12619739,189763.5,22077,1.7,24.1,1126.0,1686645,9097.9,502.9,696.4,7732.0,1046,0,1691993,1298855,0,0,0,0,0,0,0,0,0,0,0,0,142.0,0,0,461,851.1,2.5,31,52.7,0,512.0,
368,young,3471,19,8,360,0,34,1,0,110,2116,448,760,12636349,190272.9,33921,2.6,26.7,1126.0,1691233,9102.3,503.0,697.8,7734.5,1048,0,1696623,1302910,0,0,0,0,0,0,0,0,0,0,0,0,142.0,0,0,461,843.9,2.5,31,52.6,0,512.0,
369,young,3565,16,6,311,0,35,2,0,79,2180,446,870,12651022,190774.5,37517,2.8,29.4,1126.0,1695788,9107.2,503.3,699.2,7737.4,1048,0,1701235,1307039,0,0,0,0,0,0,0,0,0,0,0,0,142.0,0,0,461,836.2,2.5,31,52.6,0,512.0,
370,young,3798,33,7,326,0,14,2,0,73,2240,449,990,12664476,191288.2,38537,2.9,32.3,1126.0,1700294,9111.1,503.5,700.5,7739.5,1050,0,1705777,1311152,0,0,0,0,0,0,0,0,0,0,0,0,142.0,0,0,461,830.2,2.5,31,52.5,0,512.0,
371,young,3397,31,6,487,0,24,2,0,97,1609,455,1070,12678577,191796.7,38576,2.8,35.2,1126.0,1704808,9115.2,503.6,701.9,7741.7,1050,0,1710349,1315330,0,0,0,0,0,0,0,0,0,0,0,0,142.0,0,0,461,823.7,2.5,31,52.5,0,512.0,
372,young,4038,26,8,398,0,33,2,0,109,2095,455,1293,12693164,192307.6,35540,2.9,38.0,1126.0,1709363,9119.9,503.8,703.3,7744.4,1056,0,1714959,1319369,0,0,0,0,0,0,0,0,0,0,0,0,142.0,0,1,460,816.6,2.5,31,52.1,0,512.0,
373,young,3898,45,8,591,0,29,1,0,86,1691,456,1361,12711050,192813.5,26229,2.2,40.2,1126.0,1713892,9125.7,504.0,705.3,7747.5,1062,0,1719567,1323346,0,0,0,0,0,0,0,0,0,0,0,0,142.0,0,0,461,811.2,2.5,31,51.8,0,512.0,
374,young,3805,23,8,228,0,29,2,0,96,1876,453,1490,12724412,193324.7,27783,2.1,42.3,1126.0,1718460,9129.8,504.2,706.5,7749.7,1062,0,1724187,1327566,0,0,0,0,0,0,0,0,0,0,0,0,142.0,0,1,460,805.9,2.5,31,51.8,0,512.0,
375,young,4460,60,6,416,0,23,1,0,76,2227,453,1588,12747455,193834.3,38901,2.9,45.3,1126.0,1723026,9134.2,504.4,707.8,7752.3,1064,0,1728798,1331678,0,0,0,0,0,0,0,0,0,0,0,0,142.0,0,0,461,800.2,2.5,31,51.7,0,512.0,
376,young,4491,23,8,373,0,33,1,0,105,2276,453,1596,12765038,194343.8,38275,2.8,48.1,1126.0,1727609,9138.8,504.6,709.1,7755.0,1064,0,1733434,1335798,0,0,0,0,0,0,0,0,0,0,0,0,142.0,0,0,461,793.6,2.5,31,51.7,0,512.0,
377,young,5668,47,8,494,0,41,2,0,126,2731,451,2141,12781299,194853.1,38701,2.8,50.9,1126.0,1732285,9142.0,504.7,710.5,7756.1,1064,0,1738158,1340321,0,0,0,0,0,0,0,0,0,0,0,0,142.0,0,0,461,785.6,2.5,31,51.7,0,512.0,
378,young,5442,45,8,528,0,22,1,0,105,2690,449,1976,12796156,195362.0,39061,2.9,53.8,1126.0,1736897,9146.4,504.9,711.9,7758.1,1064,0,1742817,1344611,0,0,0,0,0,0,0,0,0,0,0,0,142.0,0,0,461,779.4,2.5,31,51.7,0,512.0,
379,young,5321,51,15,615,0,36,2,0,109,2121,454,2232,12822482,195873.1,28661,2.1,55.9,1126.0,1741506,9153.5,506.0,714.9,7760.6,1066,0,1747488,1348860,0,0,0,0,0,0,0,0,0,0,0,0,142.0,0,0,461,774.2,2.5,31,51.5,0,512.0,
380,young,4964,105,7,443,0,42,2,0,127,1725,454,2382,12846398,196384.0,24468,2.7,58.6,1126.0,1746111,9161.7,506.1,718.4,7764.5,1082,0,1752167,1352982,0,0,0,0,0,0,0,0,0,0,0,0,142.0,0,0,461,769.3,2.5,31,50.6,0,512.0,
381,young,5186,26,7,358,0,36,2,0,100,2422,452,2187,12871193,196891.2,37217,2.7,61.3,1126.0,1750771,9169.2,506.4,719.9,7769.4,1082,0,1756875,1356661,0,0,0,0,0,0,0,0,0,0,0,0,142.0,0,0,461,763.5,2.5,31,50.6,0,512.0,
382,young,5910,104,12,711,0,32,2,0,114,1908,453,2924,12892999,197403.6,27806,1.9,63.3,1126.0,1755403,9172.8,506.6,721.4,7771.0,1082,0,1761570,1361073,0,0,0,0,0,0,0,0,0,0,0,0,142.0,0,1,460,757.7,2.5,31,50.6,0,512.0,
383,young,5251,32,9,413,0,26,2,0,88,2099,453,2485,12916165,197912.2,23774,1.8,65.1,1126.0,1760078,9186.6,511.7,725.9,7774.6,1082,0,1766320,1365262,0,0,0,0,0,0,0,0,0,0,0,0,142.0,0,0,461,753.6,2.5,31,50.6,0,513.1,
384,young,6922,22,8,988,0,38,2,0,125,2422,453,3245,12933480,198419.3,32406,2.3,67.4,1126.0,1764759,9192.7,511.8,727.4,7778.5,1082,0,1771061,1369262,0,0,0,0,0,0,0,0,0,0,0,0,142.0,0,0,461,748.0,2.5,31,50.6,0,515.4,
385,young,6367,64,6,1077,0,38,2,1,120,2167,455,2791,12950100,198934.0,25817,1.9,69.3,1126.0,1769487,9197.3,512.0,729.0,7781.0,1082,0,1775826,1373684,0,0,0,0,0,0,0,0,0,0,0,0,142.0,0,0,461,743.1,2.5,31,50.6,0,517.3,
386,young,5594,36,8,369,0,34,2,0,114,2323,455,2609,12965563,199448.6,31037,2.3,71.6,1126.0,1774265,9202.7,512.4,730.7,7783.5,1082,0,1780643,1377885,0,0,0,0,0,0,0,0,0,0,0,0,142.0,0,0,461,738.5,2.5,31,50.6,0,519.6,
387,young,5789,21,6,452,0,37,2,0,86,2509,457,2597,12982043,199965.5,37917,2.8,74.4,1126.0,1779057,9208.1,512.6,732.1,7786.7,1082,0,1785496,1382216,0,0,0,0,0,0,0,0,0,0,0,0,142.0,0,0,461,732.4,2.5,31,50.6,0,522.4,
388,young,5852,24,9,517,0,36,2,0,114,2454,456,2626,12998177,200483.0,38509,2.8,77.3,1126.0,1783909,9213.4,512.8,733.6,7790.0,1082,0,1790389,1386541,0,0,0,0,0,0,0,0,0,0,0,0,142.0,0,0,461,725.8,2.5,31,50.6,0,525.3,
389,young,5301,40,6,244,0,22,1,0,81,2228,457,2640,13016521,201001.5,38487,2.8,80.1,1126.0,1788776,9221.5,515.8,735.6,7792.6,1082,0,1795312,1390982,0,0,0,0,0,0,0,0,0,0,0,0,142.0,0,0,461,720.3,2.5,31,50.6,0,528.1,
390,young,6003,20,7,416,0,30,2,0,117,2360,456,2948,13035427,201524.4,36815,2.7,82.8,1126.0,1793700,9233.8,519.1,740.9,7795.9,1082,0,1800292,1395445,0,0,0,0,0,0,0,0,0,0,0,0,142.0,0,0,461,714.7,2.5,31,50.6,0,530.8,
391,full-cycle,9780,28,977,0,0,0,1,1,115,1796,439,134,13054617,202055.8,165434,19.5,19.5,1126.0,1799734,9240.1,519.4,742.8,7799.4,1110,0,1806374,1400917,1004,5322,2205,139737,19,202,46,0,0,0,1188,0,146.0,10,9,437,859.4,17.2,34,59.5,0,512.0,promoted
392,young,3727,25,8,594,0,31,2,0,115,2152,443,742,13083596,202895.3,38049,5.9,25.4,1126.0,1805732,9248.4,519.7,744.8,7804.9,1146,0,1812410,1405816,0,0,0,0,0,0,0,0,0,0,0,0,148.0,0,0,455,831.6,16.2,34,57.4,0,512.0,
393,young,3410,48,8,472,0,27,1,0,110,1624,451,1027,13100285,203371.6,27050,2.0,27.4,1126.0,1810248,9253.1,519.9,746.2,7807.5,1148,0,1816978,1409923,0,0,0,0,0,0,0,0,0,0,0,0,148.0,0,0,455,824.5,16.2,34,57.2,0,512.0,
394,young,3090,44,8,366,0,33,2,0,105,1526,451,956,13116441,203878.6,23551,1.8,29.2,1126.0,1814741,9258.5,520.0,747.8,7810.6,1148,0,1821530,1414034,0,0,0,0,0,0,0,0,0,0,0,0,148.0,0,0,455,819.6,16.2,34,57.2,0,512.0,
395,young,3892,29,7,182,0,31,2,0,89,2401,452,1095,13132840,204391.5,36806,2.7,32.0,1126.0,1819234,9265.1,520.2,749.1,7815.3,1148,0,1826067,1417999,0,0,0,0,0,0,0,0,0,0,0,0,148.0,0,0,455,813.0,16.2,34,57.2,0,512.0,
396,young,3808,94,8,376,0,38,2,0,108,1926,453,1176,13146925,204901.6,36875,2.7,34.6,1126.0,1823757,9269.9,520.4,750.5,7818.1,1148,0,1830637,1422002,0,0,0,0,0,0,0,0,0,0,0,0,148.0,0,0,455,806.6,16.2,34,57.2,0,512.0,
397,young,3780,19,13,360,0,17,1,0,76,1934,452,1271,13160446,205412.8,34472,2.5,37.2,1126.0,1828394,9274.2,520.6,751.7,7820.6,1148,0,1835333,1426185,0,0,0,0,0,0,0,0,0,0,0,0,148.0,0,0,455,798.1,16.2,34,57.2,0,512.0,
398,young,4121,26,7,256,0,28,1,1,106,2169,450,1461,13177498,205921.5,31575,2.3,39.5,1126.0,1832910,9281.0,520.9,753.3,7825.3,1148,0,1839908,1429993,0,0,0,0,0,0,0,0,0,0,0,0,148.0,0,1,454,791.2,16.2,34,57.2,0,512.0,
399,young,4211,27,6,530,0,32,1,0,104,2025,450,1414,13192281,206431.0,31414,2.3,41.8,1126.0,1837518,9287.1,521.8,754.9,7828.5,1148,0,1844559,1434240,0,0,0,0,0,0,0,0,0,0,0,0,148.0,0,0,455,784.7,16.2,34,57.2,0,512.0,
400,young,4596,18,7,472,0,37,2,0,118,2214,453,1654,13206494,206939.0,37515,3.1,44.9,1126.0,1842039,9292.4,522.0,756.4,7831.6,1156,0,1849141,1438269,0,0,0,0,0,0,0,0,0,0,0,0,148.0,0,1,454,778.4,16.2,34,56.8,0,512.0,
401,young,4177,19,6,310,0,28,2,0,100,1909,452,1738,13221242,207449.8,33608,2.5,47.5,1126.0,1846619,9296.5,522.2,757.7,7833.9,1158,0,1853761,1442457,0,0,0,0,0,0,0,0,0,0,0,0,148.0,0,0,455,772.0,16.2,34,56.7,0,512.0,
402,young,4369,27,8,185,0,31,1,0,85,2031,452,1921,13237076,207959.1,31697,2.4,49.8,1126.0,1851184,9303.7,522.4,759.3,7838.7,1158,0,1858373,1446432,0,0,0,0,0,0,0,0,0,0,0,1,148.0,0,0,455,766.9,16.2,34,56.7,0,512.0,
403,young,5021,50,6,514,0,42,1,0,122,2297,452,1881,13254780,208470.9,30466,2.3,52.1,1126.0,1855752,9307.6,522.5,761.4,7840.1,1160,0,1862992,1450777,0,0,0,0,0,0,0,0,0,0,0,0,148.0,0,0,455,761.4,16.2,34,56.5,0,512.0,
404,young,5132,63,6,645,0,27,2,0,100,1924,451,2254,13272600,208982.4,25389,1.9,54.0,1126.0,1860338,9313.7,522.7,762.8,7844.2,1160,0,1867634,1454715,0,0,0,0,0,0,0,0,0,0,0,0,148.0,0,0,455,756.7,16.2,34,56.5,0,512.0,
405,young,4711,45,9,568,0,28,1,1,113,1788,451,2058,13290977,209493.6,28891,2.1,56.1,1126.0,1865129,9318.1,522.9,764.5,7846.3,1160,0,1872466,1459122,0,0,0,0,0,0,0,0,0,0,0,0,148.0,0,0,455,748.1,16.2,34,56.5,0,512.0,
406,young,4578,26,6,576,0,29,2,0,102,1574,452,2160,13304014,210000.6,25662,1.9,58.0,1126.0,1869771,9321.8,523.1,765.9,7848.1,1160,0,1877159,1463459,0,0,0,0,0,0,0,0,0,0,0,0,148.0,0,0,455,742.7,16.2,34,56.5,0,512.0,
407,young,5530,446,9,495,0,28,2,0,78,1980,451,2390,13322218,210511.0,32674,2.4,60.5,1126.0,1874423,9326.8,523.2,767.2,7851.1,1160,0,1881854,1467570,0,0,0,0,0,0,0,0,0,0,0,0,148.0,0,0,455,737.3,16.2,34,56.5,0,512.0,
408,young,5199,19,7,582,0,20,1,0,80,2153,453,2275,13340071,211021.4,34349,2.5,63.0,1126.0,1879095,9332.4,523.7,769.3,7853.9,1160,0,1886583,1471809,0,0,0,0,0,0,0,0,0,0,0,0,148.0,0,0,455,731.6,16.2,34,56.5,0,512.0,
409,young,5684,22,6,647,0,31,2,0,112,2151,452,2642,13357804,211530.1,33115,2.5,65.4,1126.0,1883784,9336.7,523.8,770.7,7856.3,1160,0,1891312,1476041,0,0,0,0,0,0,0,0,0,0,0,0,148.0,0,0,455,725.1,16.2,34,56.5,0,513.4,
410,young,5046,24,8,693,0,24,2,0,80,1780,454,2367,13372229,212034.8,26527,1.9,67.3,1126.0,1888481,9340.5,524.2,772.4,7857.6,1160,0,1896060,1480495,0,0,0,0,0,0,0,0,0,0,0,0,148.0,0,0,455,720.2,16.2,34,56.5,0,515.3,
411,young,4829,24,8,666,0,17,1,0,76,1594,454,2370,13391508,212545.4,21506,1.7,68.9,1126.0,1893246,9346.2,524.6,774.0,7861.0,1160,0,1900886,1484465,0,0,0,0,0,0,0,0,0,0,0,0,148.0,0,0,455,714.1,16.2,34,56.5,0,516.9,
412,young,5538,26,6,560,0,19,1,0,99,2230,452,2510,13409951,213064.2,35665,2.6,71.6,1126.0,1897962,9352.3,524.8,775.7,7864.7,1160,0,1905640,1488587,0,0,0,0,0,0,0,0,0,0,0,0,148.0,0,0,455,707.8,16.2,34,56.5,0,519.6,
413,young,5445,17,8,600,0,24,1,0,76,1967,453,2660,13425661,213580.5,32865,3.1,74.6,1126.0,1902697,9355.8,525.1,777.2,7866.2,1174,0,1910435,1493054,0,0,0,0,0,0,0,0,0,0,0,1,148.0,0,0,455,701.6,16.2,34,55.7,0,522.6,
414,young,5515,27,9,393,0,32,1,1,105,1948,454,2858,13446450,214097.9,26114,2.0,76.6,1126.0,1907472,9362.5,526.0,779.0,7869.3,1176,0,1915297,1497369,0,0,0,0,0,0,0,0,0,0,0,0,148.0,0,2,453,695.7,16.2,34,55.6,0,524.6,
415,young,5638,24,9,350,0,31,2,0,113,1988,455,3046,13463216,214610.4,29541,2.3,79.0,1126.0,1912304,9367.7,526.3,780.9,7871.6,1178,0,1920187,1501700,0,0,0,0,0,0,0,0,0,0,0,1,148.0,0,0,455,690.8,16.2,34,55.5,0,527.0,
416,young,5729,22,8,662,0,29,2,0,104,2016,455,2817,13481896,215142.5,37723,2.8,81.7,1126.0,1917158,9373.6,526.5,782.4,7875.3,1178,0,1925098,1506014,0,0,0,0,0,0,0,0,0,0,0,0,148.0,0,0,455,684.3,16.2,34,55.5,0,529.7,
417,young,5708,137,9,384,0,28,1,0,103,2173,451,2804,13505874,215561.3,36116,2.6,84.4,1126.0,1922117,9379.1,526.8,784.5,7877.8,1178,0,1930099,1510418,0,0,0,0,0,0,0,0,0,0,0,0,148.0,0,0,455,677.8,16.2,34,55.5,0,532.4,
418,full-cycle,10625,32,1024,0,0,0,1,0,111,1876,439,127,13526876,216209.0,152683,18.4,18.4,1126.0,1928031,9388.0,527.9,786.8,7882.9,1200,0,1936012,1515519,1056,5894,2476,120134,19,385,61,0,0,0,1133,0,130.0,12,11,442,866.7,13.2,33,58.1,0,512.0,promoted
419,young,2592,176,10,191,0,21,1,0,74,1498,441,512,13560936,217000.7,22987,5.1,23.5,1126.0,1933909,9393.7,528.4,788.8,7885.6,1250,0,1941927,1520648,0,0,0,0,0,0,0,0,0,0,0,0,140.0,0,0,460,850.8,8.6,33,55.1,0,512.0,
420,young,2972,31,7,505,0,28,2,0,102,1481,448,734,13579539,217548.2,17959,2.1,25.6,1126.0,1938616,9399.6,528.6,790.4,7889.2,1268,0,1946711,1524785,0,0,0,0,0,0,0,0,0,0,0,0,140.0,0,0,460,841.8,8.6,33,54.1,0,512.0,
421,young,2298,26,7,243,0,18,1,0,75,1191,448,684,13596740,218054.3,14181,1.1,26.7,1126.0,1943133,9406.8,528.8,792.1,7894.0,1268,0,1951288,1528614,0,0,0,0,0,0,0,0,0,0,0,0,140.0,0,0,460,837.7,8.6,33,54.1,0,512.0,
422,young,3446,22,8,652,0,29,1,0,99,1710,447,841,13611325,218567.2,28430,2.2,28.9,1126.0,1947628,9412.1,529.0,793.4,7897.6,1270,0,1955842,1532609,0,0,0,0,0,0,0,0,0,0,0,0,140.0,0,0,460,831.8,8.6,33,54.0,0,512.0,
423,young,3550,25,6,543,0,39,2,1,116,1836,449,910,13625944,219076.8,30996,2.2,31.2,1126.0,1952155,9417.6,529.2,795.0,7900.3,1270,0,1960418,1536717,0,0,0,0,0,0,0,0,0,0,0,0,140.0,0,1,459,825.3,8.6,33,54.0,0,512.0,
424,young,3810,100,8,606,0,40,1,1,125,1718,449,1115,13644761,219586.3,23287,1.7,32.9,1126.0,1956643,9424.1,529.6,797.0,7904.1,1270,0,1964959,1540707,0,0,0,0,0,0,0,0,0,0,0,0,140.0,0,0,460,821.5,8.6,33,54.0,0,512.0,
425,young,3794,17,7,577,0,23,2,0,85,1926,449,1089,13661984,220097.7,28410,2.3,35.1,1126.0,1961147,9432.6,531.7,799.4,7907.7,1272,0,1969528,1544599,0,0,0,0,0,0,0,0,0,0,0,0,140.0,0,0,460,816.6,8.6,33,53.9,0,512.0,
426,young,4272,100,9,550,0,39,2,0,115,2260,450,1149,13678482,220608.5,37588,2.7,37.9,1126.0,1965708,9439.0,532.1,801.5,7910.5,1272,0,1974130,1548723,0,0,0,0,0,0,0,0,0,0,0,0,140.0,0,1,459,809.9,8.6,33,53.9,0,512.0,
427,young,4079,26,8,165,0,35,2,0,120,2289,451,1391,13694822,221115.0,36433,2.7,40.6,1126.0,1970237,9445.1,532.3,802.9,7914.8,1272,0,1978706,1552632,0,0,0,0,0,0,0,0,0,0,0,0,140.0,0,0,460,805.3,8.6,33,53.9,0,512.0,
428,young,4683,123,34,408,0,34,2,0,139,2192,449,1672,13710959,221630.1,31139,2.2,42.8,1126.0,1974811,9451.7,532.5,804.4,7919.3,1272,0,1983338,1556566,0,0,0,0,0,0,0,0,0,0,0,0,140.0,0,0,460,799.4,8.6,33,53.9,0,512.0,
429,young,3760,39,7,478,0,33,2,0,113,1487,447,1458,13732682,222140.0,21095,1.6,44.3,1126.0,1979447,9457.0,532.7,806.1,7922.2,1272,0,1988037,1560806,0,0,0,0,0,0,0,0,0,0,0,0,140.0,0,0,460,793.6,8.6,33,53.9,0,512.0,
430,young,4691,227,7,734,0,31,2,0,111,1764,451,1706,13748877,222649.6,24226,1.8,46.1,1126.0,1984016,9462.4,532.9,807.7,7925.5,1272,0,1992672,1564896,0,0,0,0,0,0,0,0,0,0,0,0,140.0,0,1,459,788.5,8.6,33,53.9,0,512.0,
431,young,4449,256,8,313,0,32,2,0,109,1937,453,1712,13768397,223162.3,28878,2.1,48.3,1126.0,1988589,9469.0,533.1,809.0,7930.1,1272,0,1997327,1568965,0,0,0,0,0,0,0,0,0,0,0,0,140.0,0,0,460,783.6,8.6,33,53.9,0,512.0,
432,young,4042,33,7,604,0,24,2,0,95,1321,453,1865,13782364,223672.6,27065,2.0,50.2,1126.0,1993294,9473.5,533.3,810.6,7932.5,1272,0,2002077,1573299,0,0,0,0,0,0,0,0,0,0,0,0,140.0,0,2,458,775.8,8.6,33,53.9,0,512.0,
433,young,4748,535,6,449,0,37,2,0,133,1772,454,1718,13801622,224181.0,24513,1.8,52.1,1126.0,1997918,9481.7,534.3,812.2,7937.5,1272,0,2006747,1577183,0,0,0,0,0,0,0,0,0,0,0,0,140.0,0,0,460,770.8,8.6,33,53.9,0,512.0,
434,young,4407,122,7,473,0,34,2,0,106,1568,452,2010,13830053,224574.2,21634,1.6,53.6,1126.0,2002629,9491.7,534.5,814.0,7945.0,1272,0,2011512,1580525,0,0,0,0,0,0,0,0,0,0,0,0,140.0,0,0,460,764.1,8.6,33,53.9,0,512.0,
435,young,4032,40,7,410,0,26,1,0,83,1782,450,1563,13852401,225196.8,24854,1.9,55.5,1126.0,2007241,9497.7,534.6,815.9,7948.7,1272,0,2016165,1584519,0,0,0,0,0,0,0,0,0,0,0,0,140.0,0,0,460,759.9,8.6,33,53.9,0,512.0,
436,young,4187,28,7,180,0,26,2,0,95,2291,454,1476,13867634,225709.0,37847,2.8,58.3,1126.0,2011855,9501.7,534.8,817.2,7950.8,1272,0,2020828,1588812,0,0,0,0,0,0,0,0,0,0,0,0,140.0,0,0,460,753.4,8.6,33,53.9,0,512.0,
437,young,4152,16,6,260,0,16,1,0,71,2020,454,1695,13885633,226219.6,38822,2.8,61.2,1126.0,2016479,9505.7,535.0,818.6,7952.8,1272,0,2025506,1593077,0,0,0,0,0,0,0,0,0,0,0,1,140.0,0,0,460,746.9,8.6,33,53.9,0,512.0,
438,young,4591,96,8,463,0,27,2,0,101,1970,453,1827,13905595,226729.9,34836,2.5,63.7,1126.0,2021118,9510.9,535.5,820.2,7955.6,1272,0,2030201,1597306,0,0,0,0,0,0,0,0,0,0,0,0,140.0,0,0,460,741.0,8.6,33,53.9,0,512.0,
439,young,4446,27,12,315,0,26,1,0,100,2011,455,1884,13918412,227240.6,30589,2.3,65.9,1126.0,2025802,9516.2,535.7,822.2,7958.3,1272,0,2034941,1601574,0,0,0,0,0,0,0,0,0,0,0,0,140.0,0,0,460,735.8,8.6,33,53.9,0,513.9,
440,young,5079,34,9,593,0,23,1,0,84,2106,454,2147,13932143,227752.5,35663,2.6,68.6,1126.0,2030508,9521.2,535.9,823.5,7961.4,1272,0,2039689,1605773,0,0,0,0,0,0,0,0,0,0,0,0,140.0,0,0,460,728.8,8.6,33,53.9,0,516.6,
441,young,4956,70,6,406,0,18,1,0,77,2138,455,2178,13946868,228264.8,38212,2.8,71.4,1126.0,2035258,9528.9,538.0,826.0,7963.6,1272,0,2044484,1610130,0,0,0,0,0,0,0,0,0,0,0,0,140.0,0,0,460,722.8,8.6,33,53.9,0,519.4,
442,young,5427,18,6,310,0,34,2,0,89,2495,455,2382,13970134,228776.7,37125,2.7,74.1,1126.0,2040058,9538.2,538.9,827.5,7970.1,1272,0,2049332,1613569,0,0,0,0,0,0,0,0,0,0,0,0,140.0,0,0,460,717.0,8.6,33,53.9,0,522.1,
443,young,5962,17,6,586,0,37,2,0,119,2503,454,2593,13984424,229296.3,36249,2.7,76.8,1126.0,2044887,9543.1,539.1,829.0,7972.9,1272,0,2054222,1617947,0,0,0,0,0,0,0,0,0,0,0,0,140.0,0,0,460,710.4,8.6,33,53.9,0,524.8,
444,young,5288,26,7,278,0,24,2,0,74,2451,456,2348,14000013,229816.8,37788,2.8,79.5,1126.0,2049754,9547.9,539.2,830.9,7975.1,1272,0,2059145,1622401,0,0,0,0,0,0,0,0,0,0,0,0,140.0,0,2,458,703.7,8.6,33,53.9,0,527.5,
445,young,5246,25,8,204,0,24,1,0,102,2095,457,2720,14014560,230337.7,38276,2.8,82.3,1126.0,2054654,9553.3,540.6,832.4,7977.3,1272,0,2064101,1626931,0,0,0,0,0,0,0,0,0,0,0,0,140.0,0,0,460,696.9,8.6,33,53.9,0,530.3,
446,young,5782,36,8,583,0,32,5,0,106,2204,455,2735,14028860,230864.1,32160,2.3,84.6,1126.0,2059602,9561.2,543.9,834.1,7979.3,1272,0,2069110,1631552,0,0,0,0,0,0,0,0,0,0,0,0,140.0,0,0,460,691.7,8.6,33,53.9,0,532.6,
447,full-cycle,11044,29,775,0,0,0,1,0,76,1930,446,91,14048323,231401.0,168007,19.3,19.3,1126.0,2065959,9568.6,544.2,836.2,7983.8,1286,0,2075514,1637293,804,6753,2278,128930,15,181,55,0,0,0,1115,0,128.0,11,11,444,874.6,16.9,33,58.8,0,512.0,promoted
448,young,3705,18,6,678,0,29,2,1,104,2106,448,688,14077672,232279.6,37716,5.6,24.9,1126.0,2072090,9577.9,544.5,838.2,7990.3,1330,0,2081651,1642071,0,0,0,0,0,0,0,0,0,0,0,0,130.0,0,0,465,850.3,15.5,33,56.2,0,512.0,
449,young,3564,24,6,322,0,21,1,1,80,2251,451,804,14093171,232760.6,36892,3.0,27.9,1126.0,2076708,9585.2,544.7,839.6,7995.6,1336,0,2086318,1646032,0,0,0,0,0,0,0,0,0,0,0,0,130.0,0,0,465,841.5,15.5,33,55.8,0,512.0,
450,young,3484,25,6,222,0,32,1,0,121,2015,455,979,14107766,233268.3,31194,2.2,30.1,1126.0,2081230,9591.7,546.1,841.1,7998.7,1336,0,2090889,1650264,0,0,0,0,0,0,0,0,0,0,0,0,130.0,0,0,465,835.1,15.5,33,55.8,0,512.0,
451,young,3517,25,6,612,0,28,2,0,100,1729,457,938,14125971,233778.9,28837,2.2,32.3,1126.0,2085744,9595.8,546.5,842.9,8000.2,1336,0,2095463,1654521,0,0,0,0,0,0,0,0,0,0,0,0,130.0,0,1,464,829.1,15.5,33,55.8,0,512.0,
452,young,3410,47,53,442,0,27,1,0,99,1587,460,1044,14142509,234290.9,30269,2.2,34.5,1126.0,2090220,9602.2,546.7,845.9,8003.0,1336,0,2099991,1658531,0,0,0,0,0,0,0,0,0,0,0,0,130.0,0,0,465,823.8,15.5,33,55.8,0,512.0,
453,young,3838,44,7,416,0,36,1,0,110,2008,458,1140,14158699,234804.3,29298,2.4,36.9,1126.0,2094717,9607.2,546.9,847.3,8006.1,1340,0,2104537,1662518,0,0,0,0,0,0,0,0,0,0,0,0,130.0,0,0,465,818.6,15.5,33,55.6,0,512.0,
454,young,3869,24,8,406,0,17,1,0,72,2160,460,1105,14172067,235317.4,37306,2.9,39.8,1126.0,2099338,9611.3,547.1,848.7,8008.3,1344,0,2109214,1666721,0,0,0,0,0,0,0,0,0,0,0,0,130.0,0,0,465,809.0,15.5,33,55.4,0,512.0,
455,young,4419,24,8,452,0,30,1,0,102,2110,458,1580,14186526,235822.5,35700,2.7,42.5,1126.0,2103876,9616.4,547.3,850.0,8011.5,1346,0,2113800,1670717,0,0,0,0,0,0,0,0,0,0,0,0,130.0,0,0,465,802.0,15.5,33,55.3,0,512.0,
456,young,3874,60,7,557,0,28,1,0,100,1534,457,1471,14201590,236335.3,30194,2.3,44.8,1126.0,2108425,9623.6,547.6,853.0,8014.9,1348,0,2118408,1674685,0,0,0,0,0,0,0,0,0,0,0,0,130.0,0,0,465,796.0,15.5,33,55.1,0,512.0,
457,young,4162,47,8,404,0,27,2,0,109,1878,458,1613,14219045,236839.4,31441,2.6,47.4,1126.0,2112936,9652.2,570.6,854.6,8018.6,1354,0,2122993,1678709,0,0,0,0,0,0,0,0,0,0,0,0,130.0,0,0,465,789.8,15.5,33,54.8,0,512.0,
458,young,4801,283,7,613,0,35,2,1,118,1997,456,1613,14244928,237355.7,30222,2.4,49.8,1126.0,2117485,9661.1,572.2,857.1,8022.7,1358,0,2127590,1682694,0,0,0,0,0,0,0,0,0,0,0,0,130.0,0,0,465,784.3,15.5,33,54.6,0,512.0,
459,young,4518,293,8,378,0,32,2,0,105,1953,453,1704,14261615,237866.3,29791,2.3,52.1,1126.0,2122069,9665.8,572.4,858.4,8025.5,1360,0,2132232,1686910,0,0,0,0,0,0,0,0,0,0,0,0,130.0,0,0,465,778.9,15.5,33,54.4,0,512.0,
460,young,4730,18,7,649,0,26,2,0,94,2148,452,1715,14278889,238376.8,37335,2.8,55.0,1126.0,2126667,9672.3,573.5,860.3,8028.3,1362,0,2136879,1691008,0,0,0,0,0,0,0,0,0,0,0,0,130.0,0,0,465,772.5,15.5,33,54.3,0,512.0,
461,young,4476,48,6,492,0,18,1,0,63,1898,453,1883,14296911,238886.6,28674,2.1,57.1,1126.0,2131279,9679.5,574.4,862.1,8031.9,1364,0,2141556,1695137,0,0,0,0,0,0,0,0,0,0,0,0,130.0,0,0,465,766.5,15.5,33,54.2,0,512.0,
462,young,4558,40,5,254,0,36,2,0,101,1985,454,1972,14312413,239399.8,23079,1.7,58.9,1126.0,2135865,9686.2,575.0,864.0,8035.7,1364,0,2146217,1699158,0,0,0,0,0,0,0,0,0,0,0,0,130.0,0,0,465,761.6,15.5,33,54.2,0,512.0,
463,young,4425,26,6,540,0,23,2,0,68,1815,454,1883,14329447,239911.8,30719,2.3,61.1,1126.0,2140597,9691.4,575.2,865.6,8038.3,1364,0,2151015,1703515,0,0,0,0,0,0,0,0,0,0,0,0,130.0,0,0,465,754.2,15.5,33,54.2,0,512.0,
464,young,4833,17,8,338,0,34,2,0,88,2201,452,2047,14342950,240421.2,34986,2.6,63.7,1126.0,2145241,9696.0,575.4,867.1,8040.8,1364,0,2155700,1707683,0,0,0,0,0,0,0,0,0,0,0,0,130.0,0,0,465,748.0,15.5,33,54.2,0,512.0,
465,young,5138,25,8,357,0,38,2,0,115,2226,451,2312,14359654,240932.4,38307,2.8,66.5,1126.0,2149914,9701.6,575.8,868.4,8044.3,1364,0,2160420,1711763,0,0,0,0,0,0,0,0,0,0,0,0,130.0,0,0,465,741.9,15.5,33,54.2,0,514.5,
466,young,5187,53,6,656,0,26,2,0,76,2245,453,2037,14375710,241443.5,37024,2.7,69.2,1126.0,2154671,9707.7,576.6,870.9,8046.8,1364,0,2165228,1716145,0,0,0,0,0,0,0,0,0,0,0,0,130.0,0,0,465,734.9,15.5,33,54.2,0,517.2,
467,young,4725,34,9,388,0,25,1,0,95,1995,454,2098,14390579,241954.5,35460,2.6,71.8,1126.0,2159395,9712.9,576.8,872.3,8050.0,1364,0,2170003,1720413,0,0,0,0,0,0,0,0,0,0,0,0,130.0,0,0,465,729.6,15.5,33,54.2,0,519.8,
468,young,5080,42,8,418,0,37,2,1,118,2304,455,2091,14405399,242472.1,37622,2.8,74.6,1126.0,2164151,9718.6,576.9,874.6,8052.8,1364,0,2174815,1724714,0,0,0,0,0,0,0,0,0,0,0,0,130.0,0,0,465,723.7,15.5,33,54.2,0,522.6,
469,young,5020,23,6,458,0,33,2,0,81,2156,455,2212,14421450,242990.4,37945,2.8,77.4,1126.0,2168951,9723.6,577.1,876.0,8055.8,1364,0,2179661,1728951,0,0,0,0,0,0,0,0,0,0,0,0,130.0,0,0,465,717.4,15.5,33,54.2,0,525.4,
470,young,5329,31,8,642,0,30,1,1,108,2163,453,2275,14442928,243511.6,36833,2.7,80.1,1126.0,2173815,9728.7,578.1,877.5,8058.0,1364,0,2184565,1733333,0,0,0,0,0,0,0,0,0,0,0,0,130.0,0,0,465,710.5,15.5,33,54.2,0,528.1,
471,young,5147,18,6,339,0,34,1,0,108,2312,454,2256,14460170,244034.6,36400,2.7,82.8,1126.0,2178712,9734.6,578.3,879.1,8061.7,1364,0,2189509,1737661,0,0,0,0,0,0,0,0,0,0,0,0,130.0,0,0,465,704.3,15.5,33,54.2,0,530.8,
472,young,5565,39,6,598,0,20,1,0,78,2014,454,2693,14476523,244561.2,33045,2.4,85.2,1126.0,2183661,9742.2,579.8,881.7,8064.7,1364,0,2194511,1742115,0,0,0,0,0,0,0,0,0,0,0,0,130.0,0,0,465,698.2,15.5,33,54.2,0,533.2,
473,full-cycle,10656,107,913,0,0,0,2,0,125,1797,444,141,14493948,245117.9,167583,19.3,19.3,1126.0,2189852,9751.2,580.3,884.7,8069.4,1374,0,2200679,1747483,1020,5620,2623,128466,24,500,153,0,0,0,1282,0,122.0,16,15,439,861.5,17.6,32,56.9,0,512.0,promoted
474,young,3368,20,6,695,0,24,2,0,92,1809,443,674,14523774,245963.1,33813,6.6,25.9,1126.0,2195661,9757.9,580.6,886.4,8073.3,1448,0,2206532,1752359,0,0,0,0,0,0,0,0,0,0,0,0,130.0,0,1,465,854.6,14.0,32,52.6,0,512.0,
475,young,3569,48,8,391,0,30,1,0,78,2210,457,748,14543361,246446.4,37008,2.9,28.8,1126.0,2200191,9763.5,580.8,887.7,8077.0,1452,0,2211124,1756413,0,0,0,0,0,0,0,0,0,0,0,0,130.0,0,0,466,847.3,14.0,32,52.4,0,512.0,
476,young,3957,519,6,404,0,28,2,0,108,1762,457,997,14558810,246955.6,33582,2.6,31.3,1126.0,2204680,9768.0,581.1,889.5,8078.5,1454,0,2215671,1760747,0,0,0,0,0,0,0,0,0,0,0,0,130.0,0,0,466,841.1,14.0,32,52.2,0,512.0,
477,young,3565,134,8,217,0,32,2,0,105,1894,454,1047,14590346,247294.9,31245,2.8,34.1,1126.0,2209542,9778.9,581.3,891.0,8086.8,1464,0,2220616,1763959,0,0,0,0,0,0,0,0,0,0,0,0,130.0,0,0,466,828.4,14.0,32,51.7,0,512.0,
478,young,3832,42,8,518,1,29,2,0,104,1985,456,1099,14611196,247960.0,32567,2.5,36.6,1126.0,2213979,9786.0,581.5,892.4,8091.9,1466,0,2225136,1767681,0,0,0,0,0,0,0,0,0,0,0,0,130.0,0,1,465,822.5,14.0,32,51.5,0,512.0,
479,young,4101,26,9,373,0,35,2,0,113,2176,458,1297,14624296,248474.0,38181,2.8,39.4,1126.0,2218468,9790.4,581.7,893.7,8094.5,1466,0,2229674,1771650,0,0,0,0,0,0,0,0,0,0,0,0,130.0,0,0,466,816.2,14.0,32,51.5,0,512.0,
480,young,3998,38,8,409,0,28,2,0,96,1944,451,1405,14641209,248985.9,35714,2.6,42.0,1126.0,2222965,9797.1,581.9,895.1,8099.1,1466,0,2234234,1775564,0,0,0,0,0,0,0,0,0,0,0,0,130.0,0,1,465,809.8,14.0,32,51.5,0,512.0,
481,young,3901,19,7,348,0,31,2,1,77,1876,455,1450,14660951,249497.7,32680,2.4,44.4,1126.0,2227488,9804.8,582.2,896.6,8104.7,1466,0,2238813,1779203,0,0,0,0,0,0,0,0,0,0,0,0,130.0,0,0,466,804.7,14.0,32,51.5,0,512.0,
482,young,4135,19,6,540,0,34,2,0,110,1850,456,1455,14679260,250010.6,25917,1.9,46.4,1126.0,2232011,9810.4,582.5,898.2,8108.1,1468,0,2243423,1783233,0,0,0,0,0,0,0,0,0,0,0,0,130.0,0,1,465,798.2,14.0,32,51.4,0,512.0,
483,young,3636,46,9,427,0,26,1,0,99,1257,458,1690,14695477,250521.8,16355,1.2,47.6,1126.0,2236521,9817.7,582.6,901.1,8111.9,1468,0,2248014,1787323,0,0,0,0,0,0,0,0,0,0,0,0,130.0,0,1,465,793.9,14.0,32,51.4,0,512.0,
484,young,3960,86,7,545,0,24,1,0,81,1297,458,1844,14711161,251036.0,13943,1.0,48.6,1126.0,2241083,9821.6,582.8,902.3,8114.1,1468,0,2252615,1791481,0,0,0,0,0,0,0,0,0,0,0,0,130.0,0,0,466,790.5,14.0,32,51.4,0,512.0,
485,young,3830,29,9,397,0,31,2,0,107,1648,458,1556,14727020,251550.3,21727,1.7,50.3,1126.0,2245637,9826.2,583.1,903.9,8116.5,1468,0,2257231,1795637,0,0,0,0,0,0,0,0,0,0,0,0,130.0,0,1,465,786.0,14.0,32,51.4,0,512.0,
486,young,4635,67,8,669,0,29,2,0,104,1887,458,1773,14743547,252063.1,30592,2.2,52.5,1126.0,2250208,9831.3,583.2,905.4,8119.4,1468,0,2261847,1799795,0,0,0,0,0,0,0,0,0,0,0,0,130.0,0,0,466,780.6,14.0,32,51.4,0,512.0,
487,young,4750,25,7,746,0,31,2,0,83,1799,458,1994,14759446,252574.9,25980,2.0,54.5,1126.0,2254829,9837.1,583.6,907.2,8122.5,1468,0,2266523,1803883,0,0,0,0,0,0,0,0,0,0,0,0,130.0,0,0,466,774.9,14.0,32,51.4,0,512.0,
488,young,5194,22,4,428,0,36,2,0,83,2402,457,2181,14773848,253086.1,37345,2.8,57.2,1126.0,2259476,9843.5,585.3,909.0,8124.9,1468,0,2271219,1808120,0,0,0,0,0,0,0,0,0,0,0,0,130.0,0,0,466,768.4,14.0,32,51.4,0,512.0,
489,young,5362,18,7,376,0,22,1,0,78,2475,457,2321,14789252,253597.6,39499,2.9,60.1,1126.0,2264187,9848.1,585.6,910.4,8127.5,1468,0,2275968,1812370,0,0,0,0,0,0,0,0,0,0,0,0,130.0,0,0,466,760.5,14.0,32,51.4,0,512.0,
490,young,5120,71,8,408,0,36,1,0,115,2117,457,2297,14803962,254106.0,36540,2.7,62.8,1126.0,2268856,9852.8,585.8,911.8,8130.2,1468,0,2280681,1816659,0,0,0,0,0,0,0,0,0,0,0,0,130.0,0,1,465,753.4,14.0,32,51.4,0,512.0,
491,young,5329,19,7,394,0,21,1,0,77,2451,459,2287,14818778,254616.1,36161,2.7,65.5,1126.0,2273521,9857.2,586.5,913.2,8132.1,1468,0,2285387,1821006,0,0,0,0,0,0,0,0,0,0,0,0,130.0,0,0,466,747.6,14.0,32,51.4,0,513.5,
492,young,5408,24,9,330,0,38,1,0,114,2306,459,2523,14832440,255126.3,38217,2.8,68.3,1126.0,2278199,9861.6,586.8,914.6,8134.4,1468,0,2290126,1825299,0,0,0,0,0,0,0,0,0,0,0,0,130.0,0,0,466,741.3,14.0,32,51.4,0,516.3,
493,young,5525,132,8,601,0,30,2,0,90,1625,458,2931,14849610,255639.5,31291,2.2,70.5,1126.0,2282924,9866.5,587.6,916.5,8136.3,1468,0,2294892,1829639,0,0,0,0,0,0,0,0,0,0,0,0,130.0,0,0,466,735.4,14.0,32,51.4,0,518.5,
494,young,6018,61,9,271,0,33,2,0,120,2455,458,3018,14866260,256152.9,27769,2.1,72.6,1126.0,2287672,9872.1,587.8,918.0,8139.8,1468,0,2299692,1833864,0,0,0,0,0,0,0,0,0,0,0,0,130.0,0,0,466,730.9,14.0,32,51.4,0,520.6,
495,young,6738,28,8,454,0,41,2,0,129,2927,457,3081,14881957,256671.3,38862,2.9,75.5,1126.0,2292476,9877.1,587.9,919.5,8142.6,1468,0,2304535,1838172,0,0,0,0,0,0,0,0,0,0,0,0,130.0,0,0,466,724.1,14.0,32,51.4,0,523.5,
496,young,6268,24,8,269,0,35,2,0,89,2666,459,3103,14898756,257192.2,37858,2.8,78.2,1126.0,2297312,9882.3,588.4,921.3,8145.2,1468,0,2309413,1842562,0,0,0,0,0,0,0,0,0,0,0,0,130.0,0,0,466,718.0,14.0,32,51.4,0,526.2,
497,young,6341,23,9,408,0,33,2,0,109,2458,458,3230,14917751,257709.1,36269,2.7,80.9,1126.0,2302175,9887.7,588.6,922.7,8148.2,1468,0,2314327,1846894,0,0,0,0,0,0,0,0,0,0,0,1,130.0,0,0,466,711.6,14.0,32,51.4,0,528.9,
498,young,6211,31,7,420,0,35,2,0,104,2393,461,3140,14935545,258236.5,35694,2.6,83.5,1126.0,2307076,9891.3,588.8,924.2,8149.8,1468,0,2319274,1851559,0,0,0,0,0,0,0,0,0,0,0,0,130.0,0,0,466,705.9,14.0,32,51.4,0,531.5,
499,full-cycle,10909,27,1204,0,0,0,2,0,114,1612,436,132,14957836,258771.1,159739,19.3,19.3,1126.0,2312919,9898.1,589.0,926.5,8153.3,1495,0,2325160,1856845,1231,6332,2204,132509,21,366,66,0,0,0,1083,0,128.0,11,9,445,877.2,19.1,34,59.2,0,512.0,promoted
500,young,3609,71,8,268,0,26,2,1,81,2447,441,631,14990228,259603.9,37228,5.5,24.8,1126.0,2319223,9905.7,589.6,928.9,8157.2,1525,0,2331487,1862021,0,0,0,0,0,0,0,0,0,0,0,0,128.0,0,0,465,847.4,19.1,34,57.5,0,512.0,
501,young,3434,20,6,325,0,34,2,0,108,2162,450,730,15005774,260082.4,36424,3.0,27.8,1126.0,2323856,9910.7,590.1,930.5,8159.7,1531,0,2336166,1866311,0,0,0,0,0,0,0,0,0,0,0,0,128.0,0,0,465,837.6,19.1,34,57.1,0,512.0,
502,young,3849,37,6,319,0,32,2,0,108,2452,454,815,15022177,260591.1,38012,2.8,30.5,1126.0,2328376,9915.2,590.3,931.8,8162.2,1531,0,2340733,1870467,0,0,0,0,0,0,0,0,0,0,0,0,128.0,0,0,465,831.0,19.1,34,57.1,0,512.0,
503,young,3702,31,7,298,0,40,1,0,115,2271,452,871,15040490,261100.8,36417,2.7,33.2,1126.0,2332908,9920.3,590.8,933.2,8164.9,1531,0,2345304,1874469,0,0,0,0,0,0,0,0,0,0,0,0,128.0,0,0,465,824.6,19.1,34,57.1,0,512.0,
504,young,3765,48,8,372,0,30,2,1,103,2088,458,1067,15055989,261605.9,34594,2.6,35.8,1126.0,2337403,9927.1,591.0,934.4,8170.0,1533,0,2349855,1878270,0,0,0,0,0,0,0,0,0,0,0,0,128.0,0,0,465,819.0,19.1,34,57.0,0,512.0,
505,young,4025,19,7,485,0,20,2,0,73,2308,459,1063,15071728,262123.5,36831,2.7,38.6,1126.0,2341903,9933.3,591.2,935.7,8174.2,1533,0,2354410,1882194,0,0,0,0,0,0,0,0,0,0,0,0,128.0,0,1,464,812.7,19.1,34,57.0,0,512.0,
506,young,4217,29,8,348,0,33,2,0,111,2306,459,1285,15090204,262633.7,39334,2.9,41.5,1126.0,2346421,9938.8,591.5,937.1,8177.6,1533,0,2358975,1886042,0,0,0,0,0,0,0,0,0,0,0,0,128.0,0,0,465,807.0,19.1,34,57.0,0,512.0,
507,young,4690,129,8,751,0,29,1,0,81,1989,458,1602,15108110,263145.0,33963,2.4,43.9,1126.0,2350971,9944.3,592.1,939.0,8180.1,1533,0,2363573,1890239,0,0,0,0,0,0,0,0,0,0,0,0,128.0,0,1,464,800.8,19.1,34,57.0,0,512.0,
508,young,3801,48,8,479,0,26,2,0,101,1457,457,1612,15121320,263655.3,23866,1.7,45.6,1126.0,2355621,9948.7,592.7,940.3,8182.2,1533,0,2368270,1894598,0,0,0,0,0,0,0,0,0,0,0,0,128.0,0,0,465,794.4,19.1,34,57.0,0,512.0,
509,young,3956,24,9,551,0,41,2,0,119,1504,457,1648,15137274,264163.0,23031,1.7,47.4,1126.0,2360194,9955.6,594.0,941.7,8185.9,1533,0,2372902,1898594,0,0,0,0,0,0,0,0,0,0,0,0,128.0,0,0,465,789.0,19.1,34,57.0,0,512.0,
510,young,3902,22,7,668,0,24,2,0,75,1485,457,1536,15150408,264675.6,26909,2.0,49.3,1126.0,2364852,9960.1,594.3,943.0,8188.4,1533,0,2377608,1902838,0,0,0,0,0,0,0,0,0,0,0,0,128.0,0,1,464,781.9,19.1,34,57.0,0,512.0,
511,young,3999,30,8,325,0,30,1,1,80,1797,460,1672,15165862,265185.2,27828,2.1,51.4,1126.0,2369436,9964.4,594.6,944.4,8190.7,1533,0,2382242,1907079,0,0,0,0,0,0,0,0,0,0,0,0,128.0,0,0,465,776.2,19.1,34,57.0,0,512.0,
512,young,4467,28,8,449,0,26,2,0,101,1885,461,1902,15189240,265695.0,30296,2.2,53.6,1126.0,2374007,9969.3,594.7,945.6,8193.8,1533,0,2386856,1911205,0,0,0,0,0,0,0,0,0,0,0,0,128.0,0,0,465,770.7,19.1,34,57.0,0,512.0,
513,young,3879,35,7,346,0,34,2,0,104,1735,462,1549,15208913,266205.5,28615,2.2,55.8,1126.0,2378576,9974.8,595.0,947.0,8197.2,1535,0,2391481,1915180,0,0,0,0,0,0,0,0,0,0,0,0,128.0,0,1,464,765.1,19.1,34,56.9,0,512.0,
514,young,4374,76,9,638,0,26,2,0,74,1645,461,1836,15225385,266718.2,29651,2.2,58.0,1126.0,2383194,9983.0,597.3,950.7,8198.8,1535,0,2396142,1919519,0,0,0,0,0,0,0,0,0,0,0,0,128.0,0,0,465,759.9,19.1,34,56.9,0,512.0,
515,young,4657,35,8,621,0,36,2,0,80,1862,461,1914,15242551,267227.6,32198,2.3,60.3,1126.0,2387820,9987.5,597.7,952.1,8201.2,1535,0,2400829,1923701,0,0,0,0,0,0,0,0,0,0,0,0,128.0,0,0,465,752.7,19.1,34,56.9,0,512.0,
516,young,4507,36,9,460,0,29,1,0,99,1799,460,1997,15256926,267741.3,31247,2.3,62.7,1126.0,2392437,9992.3,598.0,953.5,8204.0,1535,0,2405486,1927801,0,0,0,0,0,0,0,0,0,0,0,0,128.0,0,3,462,746.3,19.1,34,56.9,0,512.0,
517,young,4858,94,8,295,0,22,1,0,78,2157,462,2124,15281556,268179.2,36470,2.7,65.4,1126.0,2397069,9997.3,598.6,955.0,8206.4,1535,0,2410161,1931973,0,0,0,0,0,0,0,0,0,0,0,1,128.0,0,0,465,740.6,19.1,34,56.9,0,513.4,
518,young,5187,24,7,547,0,32,2,0,84,2158,460,2269,15306813,268764.7,36368,2.7,68.0,1126.0,2401701,10003.0,598.8,956.5,8210.1,1535,0,2414859,1936027,0,0,0,0,0,0,0,0,0,0,0,0,128.0,0,0,465,733.8,19.1,34,56.9,0,516.0,
519,young,5222,32,7,521,0,22,1,0,93,2349,459,2116,15322520,269276.3,37605,2.8,70.8,1126.0,2406381,10007.5,599.0,957.9,8212.5,1535,0,2419592,1940279,0,0,0,0,0,0,0,0,0,0,0,0,128.0,0,2,463,727.1,19.1,34,56.9,0,518.8,
520,young,5498,23,8,245,0,42,1,0,86,2573,460,2438,15340332,269791.6,38214,2.8,73.6,1126.0,2411121,10013.5,599.6,960.0,8215.3,1535,0,2424370,1944601,0,0,0,0,0,0,0,0,0,0,0,0,128.0,0,0,465,721.4,19.1,34,56.9,0,521.6,
521,young,5892,26,8,477,0,31,2,0,120,2484,464,2665,15355668,270308.5,38899,2.8,76.4,1126.0,2415915,10018.1,599.7,961.6,8217.7,1535,0,2429207,1948888,0,0,0,0,0,0,0,0,0,0,0,0,128.0,0,1,464,713.9,19.1,34,56.9,0,524.4,
522,young,5634,47,8,273,0,29,2,0,95,2442,463,2651,15369586,270828.1,37616,2.9,79.4,1126.0,2420719,10022.5,599.9,962.9,8220.2,1539,0,2434066,1953259,0,0,0,0,0,0,0,0,0,0,0,0,128.0,0,2,463,707.1,19.1,34,56.7,0,527.4,
523,young,5425,25,9,593,0,28,1,1,101,2141,463,2466,15388014,271350.8,37760,3.0,82.4,1126.0,2425553,10030.0,603.0,964.7,8222.4,1543,0,2438954,1957732,0,0,0,0,0,0,0,0,0,0,0,0,128.0,0,0,465,702.5,19.1,34,56.4,0,530.4,
524,young,5652,41,7,653,0,30,2,0,110,1980,461,2768,15403220,271876.9,36867,2.9,85.2,1126.0,2430449,10034.5,603.2,966.5,8224.5,1547,0,2443910,1962257,0,0,0,0,0,0,0,0,0,0,0,0,128.0,0,2,463,696.1,19.1,34,56.2,0,533.2,
525,full-cycle,11704,204,673,0,0,0,2,0,116,1668,453,133,15441666,272405.8,168381,19.1,19.1,1126.0,2436892,10049.5,603.5,968.9,8236.4,1569,0,2450406,1966059,877,7620,2045,141633,23,157,57,0,0,0,1138,0,126.0,10,10,449,882.6,17.7,31,55.1,0,512.0,promoted
526,young,3510,19,6,293,0,30,1,0,98,2282,452,721,15473910,273299.7,39189,5.4,24.5,1126.0,2443266,10059.1,603.8,971.1,8243.0,1606,0,2456822,1971159,0,0,0,0,0,0,0,0,0,0,0,0,126.0,0,0,469,851.3,17.7,31,52.9,0,512.0,
527,young,3712,26,6,323,0,19,1,0,80,2300,458,873,15485973,273769.1,37662,3.0,27.5,1126.0,2447772,10062.6,603.9,972.3,8244.6,1612,0,2461380,1975377,0,0,0,0,0,0,0,0,0,0,0,0,126.0,0,0,469,843.9,17.7,31,52.6,0,512.0,
528,young,3460,25,9,298,0,18,1,0,71,1969,458,999,15502243,274276.6,38068,3.4,30.9,1126.0,2452324,10068.5,604.1,974.1,8247.3,1624,0,2465990,1979487,0,0,0,0,0,0,0,0,0,0,0,0,126.0,0,0,469,835.9,17.7,31,51.9,0,512.0,
529,young,3014,25,8,234,0,24,1,1,76,1604,461,983,15517306,274781.2,38383,2.9,33.8,1126.0,2456884,10073.6,604.3,975.4,8250.4,1626,0,2470613,1983516,0,0,0,0,0,0,0,0,0,0,0,0,126.0,0,0,469,827.8,17.7,31,51.7,0,512.0,
530,young,4078,48,8,421,0,33,2,0,111,2152,458,1226,15537205,275292.0,35172,2.6,36.4,1126.0,2461428,10079.8,604.5,977.2,8254.3,1626,0,2475198,1987481,0,0,0,0,0,0,0,0,0,0,0,0,126.0,0,0,469,821.4,17.7,31,51.7,0,512.0,
531,young,3865,215,11,392,0,29,1,0,89,1772,460,1265,15565103,275724.9,27015,2.0,38.4,1126.0,2466006,10090.5,609.1,978.9,8258.3,1628,0,2479835,1991434,0,0,0,0,0,0,0,0,0,0,0,1,126.0,0,0,469,814.4,17.7,31,51.6,0,512.0,
532,young,3493,21,7,320,0,29,2,0,74,1692,457,1266,15583312,276316.7,27843,2.1,40.5,1126.0,2470567,10098.2,609.9,980.5,8263.1,1628,0,2484450,1995260,0,0,0,0,0,0,0,0,0,0,0,1,126.0,0,0,469,808.0,17.7,31,51.6,0,512.0,
533,young,4591,20,7,657,0,32,1,0,86,2272,453,1441,15596867,276826.7,38514,2.8,43.4,1126.0,2475110,10102.6,610.1,982.0,8265.4,1628,0,2489047,1999466,0,0,0,0,0,0,0,0,0,0,0,0,126.0,0,1,468,801.4,17.7,31,51.6,0,512.0,
534,young,4514,53,8,363,0,38,2,0,115,2204,454,1670,15611614,277335.7,37793,2.8,46.1,1126.0,2479654,10108.6,610.3,983.3,8269.5,1628,0,2493637,2003338,0,0,0,0,0,0,0,0,0,0,0,0,126.0,0,0,469,795.5,17.7,31,51.6,0,512.0,
535,young,5038,88,7,707,0,33,2,0,104,2094,456,1884,15628689,277846.1,34889,2.5,48.7,1126.0,2484197,10113.9,610.5,985.1,8272.6,1628,0,2498255,2007374,0,0,0,0,0,0,0,0,0,0,0,0,126.0,0,2,467,789.1,17.7,31,51.6,0,512.0,
536,young,4667,26,9,697,0,30,2,0,78,1769,456,1901,15645623,278356.9,28715,2.3,51.0,1126.0,2488736,10135.3,619.3,993.0,8276.7,1632,0,2502862,2011372,0,0,0,0,0,0,0,0,0,0,0,0,126.0,0,0,469,784.0,17.7,31,51.4,0,512.0,
537,young,3891,35,9,293,0,20,1,0,78,1678,462,1692,15659257,278865.2,29386,2.4,53.3,1126.0,2493334,10138.6,619.6,994.6,8277.8,1636,0,2507531,2015825,0,0,0,0,0,0,0,0,0,0,0,0,126.0,0,0,469,777.2,17.7,31,51.2,0,512.0,
538,young,4226,35,9,473,0,27,1,0,78,1629,462,1849,15676856,279377.7,30670,2.4,55.7,1126.0,2497891,10145.1,619.8,996.2,8281.6,1640,0,2512151,2019791,0,0,0,0,0,0,0,0,0,0,0,0,126.0,0,0,469,771.5,17.7,31,50.9,0,512.0,
539,young,4983,31,8,505,0,32,2,0,113,1827,456,2336,15693834,279889.4,24138,1.8,57.5,1126.0,2502454,10150.9,620.0,997.6,8285.1,1640,0,2516810,2023869,0,0,0,0,0,0,0,0,0,0,0,1,126.0,0,0,469,766.1,17.7,31,50.9,0,512.0,
540,young,4644,23,7,293,0,19,1,1,76,1922,457,2183,15710020,280401.3,29018,2.3,59.8,1126.0,2507086,10157.7,620.2,999.2,8289.7,1642,0,2521513,2027886,0,0,0,0,0,0,0,0,0,0,0,0,126.0,0,0,469,761.0,17.7,31,50.8,0,512.0,
541,young,5539,31,8,504,0,32,1,0,109,2219,459,2574,15723341,280909.1,37318,2.7,62.5,1126.0,2511722,10161.8,620.4,1000.7,8291.8,1642,0,2526204,2032056,0,0,0,0,0,0,0,0,0,0,0,1,126.0,0,0,469,754.4,17.7,31,50.8,0,512.0,
542,young,5473,44,7,439,0,36,2,0,89,2193,459,2605,15741225,281425.2,32438,2.4,64.9,1126.0,2516364,10167.4,621.0,1002.7,8294.3,1642,0,2530894,2036260,0,0,0,0,0,0,0,0,0,0,0,0,126.0,0,1,468,748.3,17.7,31,50.8,0,512.9,
543,young,5498,35,7,915,0,29,2,0,105,1809,461,2468,15757306,281936.2,28345,2.1,66.9,1126.0,2521018,10180.4,628.7,1005.5,8296.3,1642,0,2535603,2040537,0,0,0,0,0,0,0,0,0,0,0,0,126.0,0,0,469,743.0,17.7,31,50.8,0,514.9,
544,young,5422,27,7,433,0,29,2,0,108,1967,460,2770,15772367,282448.5,29203,2.2,69.1,1126.0,2525713,10184.8,629.7,1007.0,8297.9,1642,0,2540355,2044941,0,0,0,0,0,0,0,0,0,0,0,0,126.0,0,0,469,737.3,17.7,31,50.8,0,517.1,
545,young,5560,34,5,572,0,24,1,0,77,2310,460,2461,15787068,282963.2,36943,2.7,71.8,1126.0,2530428,10189.6,629.8,1008.5,8300.6,1642,0,2545123,2049245,0,0,0,0,0,0,0,0,0,0,0,0,126.0,0,0,469,730.5,17.7,31,50.8,0,519.8,
546,young,6554,23,8,410,0,32,2,0,230,2128,463,3612,15800849,283478.8,25171,1.8,73.6,1126.0,2535183,10195.7,631.5,1010.2,8302.5,1642,0,2549933,2053645,0,0,0,0,0,0,0,0,0,0,0,0,126.0,0,0,469,725.3,17.7,31,50.8,0,521.6,
547,young,7522,684,8,395,0,39,2,0,125,1939,463,4248,15815882,283998.7,16867,1.3,74.9,1126.0,2539985,10201.1,633.0,1011.8,8304.5,1642,0,2554778,2058093,0,0,0,0,0,0,0,0,0,0,0,0,126.0,0,0,469,721.7,17.7,31,50.8,0,522.9,
548,young,6535,135,9,496,0,32,2,0,94,2016,460,3676,15835310,284522.6,29347,2.2,77.1,1126.0,2544834,10210.2,637.5,1014.9,8305.8,1642,0,2559672,2062721,0,0,0,0,0,0,0,0,0,0,0,0,126.0,0,0,469,716.6,17.7,31,50.8,0,525.1,
549,young,6901,27,7,774,0,36,3,0,122,2209,460,3601,15855218,285045.6,28432,2.0,79.1,1126.0,2549696,10214.0,637.6,1016.1,8307.5,1642,0,2564594,2067289,0,0,0,0,0,0,0,0,0,0,0,0,126.0,0,0,469,711.6,17.7,31,50.8,0,527.1,
550,young,5333,23,7,304,0,25,2,0,89,1828,459,2974,15873986,285571.4,17215,1.3,80.4,1126.0,2554576,10219.4,638.1,1017.7,8310.4,1642,0,2569540,2071797,0,0,0,0,0,0,0,0,0,0,0,0,126.0,0,0,469,707.2,17.7,31,50.8,0,528.4,
551,young,6261,620,9,456,0,29,1,1,84,1831,459,3138,15890647,286097.8,23822,1.8,82.2,1126.0,2559464,10225.7,638.5,1019.3,8314.4,1642,0,2574509,2076115,0,0,0,0,0,0,0,0,0,0,0,0,126.0,0,0,469,702.4,17.7,31,50.8,0,530.2,
552,young,6445,18,7,727,0,24,1,0,91,2386,458,3129,15908705,286626.3,34376,2.6,84.8,1126.0,2564442,10233.0,639.3,1021.1,8318.1,1642,0,2579544,2080514,0,0,0,0,0,0,0,0,0,0,0,1,126.0,0,0,469,695.3,17.7,31,50.8,0,532.8,
553,full-cycle,11563,153,997,0,0,0,1,0,78,1677,445,95,15940681,287150.4,166391,19.9,19.9,1126.0,2570801,10244.9,639.6,1023.1,8326.9,1666,0,2585958,2084792,1150,7072,2208,131447,20,353,54,0,0,0,1078,0,116.0,10,8,452,886.5,16.9,35,61.3,0,512.0,promoted
554,young,3145,92,9,296,0,21,1,0,106,1929,458,614,15974729,287817.5,39151,6.4,26.3,1126.0,2576468,10253.7,641.2,1025.2,8331.5,1714,0,2591665,2089479,0,0,0,0,0,0,0,0,0,0,0,0,118.0,0,0,469,863.7,15.9,35,58.5,0,512.0,
555,young,3848,25,7,435,0,39,2,1,120,2272,460,856,15997069,288521.9,29322,2.2,28.5,1126.0,2581659,10264.0,642.2,1027.5,8337.8,1716,0,2596906,2094110,0,0,0,0,0,0,0,0,0,0,0,0,118.0,0,0,469,845.6,15.9,35,58.3,0,512.0,
556,young,3758,402,9,641,0,28,1,1,88,1633,461,872,16014391,289021.7,24008,2.2,30.7,1126.0,2586115,10270.5,642.4,1029.3,8341.9,1724,0,2601434,2097965,0,0,0,0,0,0,0,0,0,0,0,0,118.0,0,1,468,840.6,15.9,35,57.9,0,512.0,
557,young,3602,57,8,463,0,35,2,0,116,1871,460,956,16028406,289535.0,26201,1.9,32.5,1126.0,2590600,10274.4,642.6,1030.7,8343.9,1724,0,2605976,2102147,0,0,0,0,0,0,0,0,0,0,0,0,118.0,0,0,469,835.5,15.9,35,57.9,0,512.0,
558,young,3241,24,8,254,0,20,1,0,98,1588,461,1161,16045957,290046.4,18675,1.4,33.9,1126.0,2595155,10284.6,646.9,1032.5,8347.6,1724,0,2610600,2106207,0,0,0,0,0,0,0,0,0,0,0,0,118.0,0,0,469,829.5,15.9,35,57.9,0,512.0,
559,young,3445,34,10,423,0,34,1,1,112,1700,463,1050,16063102,290557.6,23380,1.9,35.8,1126.0,2599642,10290.9,647.4,1034.2,8351.3,1726,0,2615159,2110135,0,0,0,0,0,0,0,0,0,0,0,0,118.0,0,1,468,824.4,15.9,35,57.8,0,512.0,
560,young,4562,23,8,770,0,32,2,0,118,2171,463,1366,16077966,291070.7,33415,2.5,38.3,1126.0,2604179,10296.0,647.6,1035.7,8354.3,1726,0,2619739,2114195,0,0,0,0,0,0,0,0,0,0,0,0,118.0,0,2,467,819.5,15.9,35,57.8,0,512.0,
561,young,4271,31,8,404,0,31,1,0,104,2328,461,1292,16093123,291583.6,38331,2.8,41.1,1126.0,2608750,10301.4,647.8,1037.1,8357.8,1726,0,2624353,2118346,0,0,0,0,0,0,0,0,0,0,0,0,118.0,0,0,469,813.8,15.9,35,57.8,0,512.0,
562,young,4617,159,7,328,0,37,1,0,123,2177,460,1670,16108291,292093.6,34465,2.5,43.6,1126.0,2613312,10307.0,648.0,1038.6,8361.3,1726,0,2628952,2122479,0,0,0,0,0,0,0,0,0,0,0,0,118.0,0,0,469,808.4,15.9,35,57.8,0,512.0,
563,young,4715,26,9,338,0,32,2,0,114,2436,460,1678,16122865,292600.6,32672,2.4,46.0,1126.0,2617892,10313.2,649.0,1040.3,8364.3,1726,0,2633591,2126641,0,0,0,0,0,0,0,0,0,0,0,0,118.0,0,0,469,802.0,15.9,35,57.8,0,512.0,
564,young,4412,26,7,199,0,30,2,0,102,2042,460,1948,16136475,293116.0,33927,2.5,48.5,1126.0,2622533,10318.0,649.3,1041.8,8366.7,1726,0,2638290,2131022,0,0,0,0,0,0,0,0,0,0,0,0,118.0,0,1,468,794.8,15.9,35,57.8,0,512.0,
565,young,4287,30,8,395,0,27,1,1,114,1718,460,1868,16152789,293627.6,30831,2.3,50.7,1126.0,2627231,10322.2,649.4,1043.4,8368.8,1726,0,2643031,2135379,0,0,0,0,0,0,0,0,0,0,0,0,118.0,0,0,469,788.1,15.9,35,57.8,0,512.0,
566,young,4616,18,6,299,0,27,2,0,82,2103,462,2018,16169330,294138.3,32594,2.4,53.2,1126.0,2631824,10328.9,652.4,1044.9,8370.2,1726,0,2647693,2139753,0,0,0,0,0,0,0,0,0,0,0,0,118.0,0,1,468,782.5,15.9,35,57.8,0,512.0,
567,young,4473,24,7,359,0,16,1,0,80,1783,463,2086,16185538,294650.1,29158,2.1,55.2,1126.0,2636475,10333.4,652.7,1046.6,8372.3,1726,0,2652377,2144082,0,0,0,0,0,0,0,0,0,0,0,0,118.0,0,0,469,777.0,15.9,35,57.8,0,512.0,
568,young,4788,91,8,447,0,30,1,1,121,1652,464,2369,16197640,295161.0,20944,1.5,56.8,1126.0,2641126,10338.3,653.5,1048.2,8374.5,1726,0,2657089,2148439,0,0,0,0,0,0,0,0,0,0,0,1,118.0,0,2,467,771.9,15.9,35,57.8,0,512.0,
569,young,5005,18,6,546,0,34,2,0,110,1872,463,2337,16214505,295673.8,26442,2.1,58.9,1126.0,2645792,10346.1,655.4,1050.1,8378.1,1728,0,2661830,2152658,0,0,0,0,0,0,0,0,0,0,0,0,118.0,0,0,469,766.6,15.9,35,57.6,0,512.0,
570,young,4751,45,8,631,0,24,2,0,78,1633,462,2267,16233378,296185.1,30689,2.2,61.1,1126.0,2650450,10351.0,655.9,1051.9,8380.5,1728,0,2666547,2156900,0,0,0,0,0,0,0,0,0,0,0,0,118.0,0,0,469,761.2,15.9,35,57.6,0,512.0,
571,young,5053,64,8,756,0,34,2,0,107,1491,462,2514,16251247,296696.5,24435,1.8,62.9,1126.0,2655096,10362.9,660.1,1055.9,8383.6,1728,0,2671251,2161059,0,0,0,0,0,0,0,0,0,0,0,0,118.0,0,0,469,755.7,15.9,35,57.6,0,512.0,
572,young,5307,28,8,520,0,31,2,0,109,1766,461,2760,16266210,297208.3,27448,2.1,65.0,1126.0,2659771,10366.9,660.4,1057.3,8385.6,1728,0,2675972,2165390,0,0,0,0,0,0,0,0,0,0,0,1,118.0,0,0,469,751.6,15.9,35,57.6,0,513.0,
573,young,5170,149,8,586,0,25,1,0,97,1754,461,2460,16282787,297720.8,35858,2.6,67.6,1126.0,2664496,10371.6,660.6,1059.2,8387.7,1728,0,2680734,2169709,0,0,0,0,0,0,0,0,0,0,0,0,118.0,0,0,469,746.1,15.9,35,57.6,0,515.6,
574,young,5115,30,8,530,0,18,1,0,79,1906,463,2492,16297516,298233.3,34244,2.5,70.1,1126.0,2669264,10375.9,660.8,1060.6,8390.0,1728,0,2685560,2174064,0,0,0,0,0,0,0,0,0,0,0,0,118.0,0,0,469,738.7,15.9,35,57.6,0,518.1,
575,young,5215,90,9,324,0,28,2,0,102,1959,462,2650,16311381,298745.4,31546,2.3,72.4,1126.0,2674043,10381.4,661.4,1062.1,8393.0,1728,0,2690386,2178314,0,0,0,0,0,0,0,0,0,0,0,0,118.0,0,0,469,732.5,15.9,35,57.6,0,520.4,
576,young,5501,88,8,598,0,34,2,0,110,1922,465,2658,16342213,299252.0,32951,2.5,74.9,1126.0,2678850,10391.8,661.6,1064.3,8400.7,1728,0,2695251,2181591,0,0,0,0,0,0,0,0,0,0,0,0,118.0,0,0,469,725.8,15.9,35,57.6,0,522.9,
577,young,5884,25,7,610,0,31,2,0,117,2157,466,2866,16356347,299777.3,37752,2.8,77.6,1126.0,2683676,10396.6,661.8,1065.6,8403.4,1728,0,2700125,2185898,0,0,0,0,0,0,0,0,0,0,0,0,118.0,0,0,469,719.7,15.9,35,57.6,0,525.6,
578,young,5698,24,7,305,0,30,1,0,108,2166,465,2962,16370873,300298.4,38109,2.8,80.4,1126.0,2688540,10401.5,661.9,1067.0,8406.2,1728,0,2705050,2190287,0,0,0,0,0,0,0,0,0,0,0,0,118.0,0,0,469,713.3,15.9,35,57.6,0,528.4,
579,young,5231,21,8,461,0,16,1,0,79,1608,465,2958,16384091,300822.2,36034,2.6,83.1,1126.0,2693438,10404.8,662.1,1068.4,8407.5,1728,0,2710016,2194968,0,0,0,0,0,0,0,0,0,0,0,0,118.0,0,0,469,706.8,15.9,35,57.6,0,531.1,
580,young,6385,48,8,371,0,28,2,0,104,2079,466,3671,16398802,301348.3,34554,2.5,85.6,1126.0,2698398,10409.0,662.3,1069.9,8409.6,1728,0,2715026,2199522,0,0,0,0,0,0,0,0,0,0,0,0,118.0,0,0,469,700.7,15.9,35,57.6,0,533.6,
581,full-cycle,18174,41,936,0,0,0,2,1,96,2209,489,113,16420062,301943.5,160773,19.0,19.0,1126.0,2706252,10420.8,663.5,1072.9,8416.7,1766,0,2722285,2206183,977,11577,3465,115366,151,874,109,0,0,0,2000,0,38.0,13,32,463,916.1,17.1,36,63.1,0,512.0,promoted
582,young,2808,148,7,185,0,27,1,0,85,1804,488,500,16447061,302663.7,27268,6.0,25.1,1126.0,2711268,10426.3,663.7,1074.4,8419.6,1816,0,2727335,2210491,0,0,0,0,0,0,0,0,0,0,0,0,44.0,0,0,505,944.7,11.5,36,60.2,0,512.0,
583,young,2889,152,9,262,0,32,2,0,82,1625,480,661,16473275,303330.1,23101,2.0,27.0,1126.0,2716309,10431.5,664.0,1076.1,8422.2,1822,0,2732437,2215185,0,0,0,0,0,0,0,0,0,0,0,0,44.0,0,0,505,927.7,11.5,36,59.9,0,512.0,
584,young,3166,25,7,658,0,23,1,0,84,1616,480,690,16495459,303885.8,26025,2.0,29.0,1126.0,2720889,10435.6,664.2,1077.4,8424.3,1822,0,2737071,2219426,0,0,0,0,0,0,0,0,0,0,0,0,44.0,0,1,504,919.8,11.5,36,59.9,0,512.0,
585,young,3168,38,7,330,0,24,1,0,74,1835,483,795,16510818,304394.0,38017,2.8,31.8,1126.0,2725344,10439.5,664.4,1078.7,8426.4,1822,0,2741568,2223568,0,0,0,0,0,0,0,0,0,0,0,0,44.0,0,0,505,912.7,11.5,36,59.9,0,512.0,
586,young,3565,153,8,393,0,29,2,0,104,1887,485,940,16523908,304902.0,34164,2.7,34.5,1126.0,2729776,10443.9,664.8,1080.1,8428.3,1826,0,2746066,2227678,0,0,0,0,0,0,0,0,0,0,0,0,44.0,0,0,505,906.3,11.5,36,59.6,0,512.0,
587,young,3330,53,6,535,0,26,2,0,97,1370,483,1176,16538368,305412.6,23546,1.7,36.2,1126.0,2734236,10448.6,665.0,1081.6,8430.8,1826,0,2750578,2231840,0,0,0,0,0,0,0,0,0,0,0,0,44.0,0,0,505,901.9,11.5,36,59.6,0,512.0,
588,young,3582,18,6,630,0,17,1,0,67,1664,485,1101,16554692,305924.6,25934,2.1,38.2,1126.0,2738700,10454.8,665.4,1083.4,8434.5,1828,0,2755105,2235805,0,0,0,0,0,0,0,0,0,0,0,0,44.0,0,1,504,895.8,11.5,36,59.5,0,512.0,
589,young,3718,60,8,426,0,28,2,0,103,1788,485,1232,16568971,306435.7,29492,2.2,40.4,1126.0,2743205,10461.7,667.4,1084.9,8437.5,1830,0,2759668,2239833,0,0,0,0,0,0,0,0,0,0,0,0,44.0,0,0,505,890.3,11.5,36,59.4,0,512.0,
590,young,3597,23,8,372,0,20,1,0,78,1750,487,1316,16582243,306947.0,28610,2.2,42.6,1126.0,2747696,10471.1,672.6,1086.6,8439.6,1830,0,2764226,2244086,0,0,0,0,0,0,0,0,0,0,0,0,44.0,0,0,505,885.4,11.5,36,59.4,0,512.0,
591,young,4585,44,9,897,0,21,1,0,66,2002,487,1441,16602795,307458.0,33577,2.4,45.0,1126.0,2752220,10476.4,672.8,1088.0,8442.9,1830,0,2768808,2248094,0,0,0,0,0,0,0,0,0,0,0,0,44.0,0,2,503,878.9,11.5,36,59.4,0,512.0,
592,young,3825,28,7,384,0,17,1,0,74,1782,483,1463,16618040,307970.6,29874,2.2,47.3,1126.0,2756766,10480.2,673.0,1089.2,8445.0,1830,0,2773392,2252231,0,0,0,0,0,0,0,0,0,0,0,0,44.0,0,0,505,873.8,11.5,36,59.4,0,512.0,
593,young,4382,17,7,380,0,22,1,0,84,2180,479,1585,16630929,308480.6,37016,2.7,50.0,1126.0,2761331,10484.2,673.2,1090.5,8447.2,1830,0,2777996,2256389,0,0,0,0,0,0,0,0,0,0,0,0,44.0,0,0,505,867.0,11.5,36,59.4,0,512.0,
594,young,4568,22,8,363,0,19,1,1,83,2264,483,1723,16647204,308988.6,37882,2.8,52.8,1126.0,2765888,10489.3,673.6,1091.8,8450.1,1830,0,2782599,2260432,0,0,0,0,0,0,0,0,0,0,0,0,44.0,0,0,505,861.0,11.5,36,59.4,0,512.0,
595,young,4446,28,7,440,0,33,2,0,118,2134,481,1613,16662374,309500.2,36084,2.6,55.4,1126.0,2770495,10493.2,673.8,1093.1,8452.1,1830,0,2787262,2264687,0,0,0,0,0,0,0,0,0,0,0,0,44.0,0,0,505,854.5,11.5,36,59.4,0,512.0,
596,young,4319,127,6,340,0,25,1,0,76,1960,486,1698,16685749,309901.2,35168,2.6,58.0,1126.0,2775144,10497.0,674.0,1094.3,8453.4,1830,0,2791970,2269084,0,0,0,0,0,0,0,0,0,0,0,0,44.0,0,0,505,847.4,11.5,36,59.4,0,512.0,
597,young,5191,264,8,533,0,35,2,0,111,2141,491,1993,16705781,310477.2,34718,2.5,60.5,1126.0,2779710,10503.0,674.4,1095.7,8457.2,1830,0,2796589,2273059,0,0,0,0,0,0,0,0,0,0,0,0,44.0,0,0,505,841.7,11.5,36,59.4,0,512.0,
598,young,3656,26,6,264,0,18,1,0,73,1420,482,1756,16723340,311027.9,21750,1.5,62.1,1126.0,2784298,10509.1,674.6,1097.4,8461.0,1830,0,2801241,2277031,0,0,0,0,0,0,0,0,0,0,0,0,44.0,0,0,505,836.3,11.5,36,59.4,0,512.0,
599,young,4067,84,6,247,0,41,2,0,120,1561,490,1892,16753383,311352.6,18948,1.4,63.5,1126.0,2788899,10522.9,675.9,1099.2,8469.9,1830,0,2805893,2279674,0,0,0,0,0,0,0,0,0,0,0,0,44.0,0,0,505,832.0,11.5,36,59.4,0,512.0,
600,young,4146,382,7,334,0,43,1,0,93,1357,488,1847,16782831,311930.2,21219,1.5,65.0,1126.0,2793461,10529.6,676.1,1100.8,8474.4,1830,0,2810519,2283595,0,0,0,0,0,0,0,0,0,0,0,0,44.0,0,2,503,826.3,11.5,36,59.4,0,513.0,
601,young,4100,202,8,464,0,26,1,0,78,1264,493,1984,16803431,312556.0,14814,1.1,66.1,1126.0,2798075,10536.5,676.3,1102.7,8478.8,1830,0,2815184,2287435,0,0,0,0,0,0,0,0,0,0,0,0,44.0,0,0,505,822.5,11.5,36,59.4,0,514.1,
602,young,4426,17,6,676,0,26,2,0,96,1654,488,1880,16819001,313069.8,24537,1.9,68.0,1126.0,2802755,10541.1,676.5,1104.1,8481.4,1830,0,2819916,2291765,0,0,0,0,0,0,0,0,0,0,0,0,44.0,0,0,505,817.2,11.5,36,59.4,0,516.0,
603,young,4648,32,8,366,0,30,1,0,82,2142,486,1915,16836810,313582.5,34447,2.5,70.5,1126.0,2807429,10545.5,676.7,1105.5,8483.8,1830,0,2824640,2296040,0,0,0,0,0,0,0,0,0,0,0,0,44.0,0,0,505,811.6,11.5,36,59.4,0,518.5,
604,young,4849,47,7,536,0,27,1,1,83,2114,490,1932,16852122,314096.1,35844,2.6,73.2,1126.0,2812114,10550.8,676.9,1107.0,8487.0,1830,0,2829386,2300178,0,0,0,0,0,0,0,0,0,0,0,0,44.0,0,0,505,805.6,11.5,36,59.4,0,521.2,
605,young,5140,16,7,639,0,29,1,0,79,2080,489,2240,16867370,314613.2,38530,2.8,76.0,1126.0,2816839,10555.3,677.3,1108.3,8489.3,1830,0,2834178,2304554,0,0,0,0,0,0,0,0,0,0,0,1,44.0,0,0,505,798.9,11.5,36,59.4,0,524.0,
606,young,5228,16,6,428,0,16,1,0,116,2242,491,2342,16881134,315132.2,38452,2.8,78.8,1126.0,2821613,10558.7,677.5,1109.6,8490.7,1830,0,2839003,2309080,0,0,0,0,0,0,0,0,0,0,0,0,44.0,0,0,505,792.6,11.5,36,59.4,0,526.8,
607,young,5257,24,8,418,0,32,2,0,108,2309,493,2294,16897868,315654.6,38218,2.8,81.7,1126.0,2826422,10562.1,677.6,1111.0,8492.3,1830,0,2843862,2313619,0,0,0,0,0,0,0,0,0,0,0,0,44.0,0,0,505,786.7,11.5,36,59.4,0,529.7,
608,young,5581,20,8,674,0,34,2,0,83,1999,493,2654,16915486,316180.5,29554,2.1,83.7,1126.0,2831287,10570.3,680.5,1114.0,8494.2,1830,0,2848779,2318104,0,0,0,0,0,0,0,0,0,0,0,0,44.0,0,0,505,781.7,11.5,36,59.4,0,531.7,
609,full-cycle,16966,167,804,0,0,0,1,0,128,2097,475,146,16953132,316697.9,158555,18.9,18.9,1126.0,2838349,10589.3,680.8,1116.7,8509.2,1859,0,2855790,2321817,971,11135,3147,123695,40,731,125,0,0,0,1587,0,74.0,12,8,473,929.1,9.0,33,57.6,0,512.0,promoted
610,young,2920,129,8,265,0,29,1,1,89,1761,471,553,16986216,317597.5,30993,5.8,24.7,1126.0,2844124,10596.8,681.3,1119.1,8513.2,1903,0,2861592,2326666,0,0,0,0,0,0,0,0,0,0,0,0,84.0,0,0,488,911.0,6.1,33,54.9,0,512.0,
611,young,2892,38,7,339,0,25,1,0,78,1617,476,660,17013827,318124.3,23182,2.0,26.7,1126.0,2848768,10601.3,681.5,1120.6,8515.4,1911,0,2866293,2330931,0,0,0,0,0,0,0,0,0,0,0,0,82.0,0,0,488,902.2,6.1,33,54.5,0,512.0,
612,young,2862,77,13,316,0,31,2,0,110,1542,476,675,17030554,318646.7,19531,1.6,28.3,1126.0,2853222,10605.3,681.7,1122.1,8517.2,1913,0,2870805,2335107,0,0,0,0,0,0,0,0,0,0,0,0,84.0,0,0,488,896.4,6.1,33,54.4,0,512.0,
613,young,3449,533,8,240,0,35,2,0,96,1652,474,778,17051328,319156.6,23091,1.6,30.0,1126.0,2857704,10612.0,682.7,1124.8,8519.7,1913,0,2875348,2339186,0,0,0,0,0,0,0,0,0,0,0,0,84.0,0,1,487,890.8,6.1,33,54.4,0,512.0,
614,young,3220,103,8,634,0,38,2,0,107,1456,476,809,17070580,319672.2,20519,2.0,31.9,1126.0,2862248,10626.3,690.3,1126.8,8523.8,1921,0,2879976,2343082,0,0,0,0,0,0,0,0,0,0,0,0,84.0,0,0,488,885.2,6.1,33,53.9,0,512.0,
615,young,3431,23,6,452,0,30,1,0,86,1917,473,863,17102293,320182.9,31407,2.3,34.3,1126.0,2867009,10639.8,691.6,1128.4,8533.8,1921,0,2884772,2346458,0,0,0,0,0,0,0,0,0,0,0,0,84.0,0,0,488,875.0,6.1,33,53.9,0,512.0,
616,young,3551,34,7,698,0,28,2,0,81,1711,474,884,17116430,320689.8,26704,2.0,36.3,1126.0,2871584,10644.8,691.8,1130.2,8536.4,1923,0,2889393,2350692,0,0,0,0,0,0,0,0,0,0,0,0,84.0,0,1,487,868.1,6.1,33,53.8,0,512.0,
617,young,3560,247,8,630,0,40,2,1,122,1397,476,1016,17135028,321200.9,18130,1.3,37.6,1126.0,2876133,10658.0,700.3,1131.8,8538.9,1923,0,2894009,2354911,0,0,0,0,0,0,0,0,0,0,0,0,84.0,0,0,488,863.4,6.1,33,53.8,0,512.0,
618,young,3239,110,8,483,0,14,1,0,64,1491,478,948,17158877,321656.4,21507,1.6,39.2,1126.0,2880761,10663.2,700.5,1133.7,8541.0,1923,0,2898697,2359187,0,0,0,0,0,0,0,0,0,0,0,0,84.0,0,0,488,856.6,6.1,33,53.8,0,512.0,
619,young,4172,474,8,464,0,35,1,0,125,1748,479,1171,17179256,322226.1,22271,1.8,41.0,1126.0,2885269,10667.7,701.0,1136.0,8542.2,1927,0,2903253,2363517,0,0,0,0,0,0,0,0,0,0,0,0,84.0,0,0,488,852.0,6.1,33,53.5,0,512.0,
620,young,3845,106,9,417,0,30,2,0,99,1878,478,1233,17203091,322734.4,25091,2.0,43.0,1126.0,2889810,10674.9,701.6,1138.9,8545.3,1929,0,2907877,2367627,0,0,0,0,0,0,0,0,0,0,0,0,84.0,0,0,488,846.8,6.1,33,53.4,0,512.0,
621,young,3835,163,8,426,0,24,1,0,81,1710,478,1312,17224763,323248.6,28157,2.0,45.0,1126.0,2894331,10680.9,702.1,1140.8,8548.5,1929,0,2912476,2371724,0,0,0,0,0,0,0,0,0,0,0,0,84.0,0,1,487,841.1,6.1,33,53.4,0,512.0,
622,young,4112,37,8,377,0,36,2,1,117,2074,481,1401,17242913,323759.1,25380,1.9,47.0,1126.0,2898855,10694.9,707.9,1143.3,8553.7,1929,0,2917066,2375633,0,0,0,0,0,0,0,0,0,0,0,0,84.0,0,0,488,836.6,6.1,33,53.4,0,512.0,
623,young,4381,44,7,643,0,18,1,0,75,2175,483,1348,17257949,324271.7,35634,2.6,49.6,1126.0,2903400,10699.7,708.3,1144.8,8556.0,1929,0,2921668,2379768,0,0,0,0,0,0,0,0,0,0,0,0,84.0,0,0,488,830.4,6.1,33,53.4,0,512.0,
624,young,4809,87,7,597,0,38,1,0,120,2323,484,1556,17278714,324781.9,36118,2.7,52.2,1126.0,2907965,10704.0,708.5,1146.2,8558.2,1929,0,2926273,2383886,0,0,0,0,0,0,0,0,0,0,0,0,84.0,0,0,488,824.3,6.1,33,53.4,0,512.0,
625,young,4868,90,8,510,0,37,2,0,111,2550,482,1504,17296910,325293.6,37667,2.8,55.0,1126.0,2912531,10708.3,709.6,1147.7,8559.5,1929,0,2930883,2388210,0,0,0,0,0,0,0,0,0,0,0,0,84.0,0,0,488,818.6,6.1,33,53.4,0,512.0,
626,young,4154,153,8,342,0,37,1,0,118,1893,483,1504,17311571,325805.7,30421,2.2,57.2,1126.0,2917128,10714.0,710.5,1149.3,8562.2,1929,0,2935534,2392388,0,0,0,0,0,0,0,0,0,0,0,0,84.0,0,0,488,812.8,6.1,33,53.4,0,512.0,
627,young,3898,33,8,322,0,19,1,0,72,1643,478,1726,17328570,326318.1,26991,2.0,59.2,1126.0,2921739,10718.6,710.7,1151.3,8564.3,1929,0,2940199,2396688,0,0,0,0,0,0,0,0,0,0,0,0,84.0,0,0,488,808.0,6.1,33,53.4,0,512.0,
628,young,4657,26,7,860,0,24,1,1,80,1916,479,1637,17345893,326830.4,31165,2.3,61.5,1126.0,2926362,10723.1,711.0,1152.6,8566.8,1929,0,2944885,2400874,0,0,0,0,0,0,0,0,0,0,0,0,84.0,0,1,487,801.9,6.1,33,53.4,0,512.0,
629,young,4484,26,8,272,0,30,1,0,106,2072,479,1905,17360161,327331.3,30220,2.3,63.7,1126.0,2930997,10727.9,711.3,1154.1,8569.5,1929,0,2949587,2405093,0,0,0,0,0,0,0,0,0,0,0,0,84.0,0,0,488,796.8,6.1,33,53.4,0,512.0,
630,young,4707,32,8,626,0,20,1,0,75,2160,478,1719,17373625,327853.5,38335,2.8,66.5,1126.0,2935657,10731.5,711.5,1155.3,8571.2,1929,0,2954300,2409430,0,0,0,0,0,0,0,0,0,0,0,0,84.0,0,1,487,790.7,6.1,33,53.4,0,514.5,
631,young,5220,24,7,428,0,36,2,0,118,2392,479,2147,17390288,328363.8,38262,2.8,69.4,1126.0,2940357,10738.9,712.7,1157.8,8574.6,1929,0,2959042,2413491,0,0,0,0,0,0,0,0,0,0,0,0,84.0,0,0,488,784.5,6.1,33,53.4,0,517.4,
632,young,6057,26,8,955,0,21,1,0,85,2368,482,2479,17405052,328876.0,37308,2.7,72.1,1126.0,2945086,10743.5,712.9,1159.2,8577.0,1929,0,2963834,2417880,0,0,0,0,0,0,0,0,0,0,0,0,84.0,0,0,488,778.1,6.1,33,53.4,0,520.1,
633,young,5752,26,8,1434,0,29,1,0,99,1877,479,2170,17420954,329390.8,36455,2.7,74.8,1126.0,2949874,10749.2,713.1,1160.8,8580.6,1929,0,2968684,2422166,0,0,0,0,0,0,0,0,0,0,0,0,84.0,0,2,486,771.2,6.1,33,53.4,0,522.8,
634,young,5126,54,8,397,0,20,1,0,77,1942,480,2544,17435759,329909.3,36252,2.7,77.4,1126.0,2954680,10753.2,713.3,1162.1,8582.6,1929,0,2973553,2426603,0,0,0,0,0,0,0,0,0,0,0,0,84.0,0,0,488,765.0,6.1,33,53.4,0,525.4,
635,young,5080,37,10,278,0,24,1,0,75,2011,482,2561,17449707,330429.5,35093,2.6,80.0,1126.0,2959551,10758.0,713.5,1163.7,8585.1,1929,0,2978473,2431047,0,0,0,0,0,0,0,0,0,0,0,0,84.0,0,0,488,758.8,6.1,33,53.4,0,528.0,
636,young,5007,58,7,795,0,24,2,0,97,1616,481,2344,17464128,330953.8,33425,2.4,82.4,1126.0,2964551,10762.5,713.6,1166.0,8586.8,1929,0,2983525,2435664,0,0,0,0,0,0,0,0,0,0,0,0,84.0,0,0,488,751.6,6.1,33,53.4,0,530.4,
637,young,5346,26,6,716,0,28,1,0,78,1984,478,2427,17480424,331479.7,31564,2.3,84.8,1126.0,2969506,10767.5,713.8,1167.5,8589.7,1929,0,2988533,2440146,0,0,0,0,0,0,0,0,0,0,0,0,84.0,0,0,488,744.7,6.1,33,53.4,0,532.8,
638,full-cycle,12766,33,735,0,0,0,1,0,92,2225,461,107,17500613,332016.1,160023,19.2,19.2,1126.0,2976294,10779.6,716.8,1170.5,8595.0,1963,0,2995378,2446305,768,7992,2763,115713,21,278,124,0,0,0,1140,0,108.0,11,11,459,905.9,18.1,28,47.1,0,512.0,promoted
639,young,3139,59,9,396,0,27,2,0,100,1879,454,613,17537588,332874.6,34131,5.6,24.8,1126.0,2982318,10788.1,717.1,1172.3,8600.6,1995,0,3001409,2451238,0,0,0,0,0,0,0,0,0,0,0,0,112.0,0,0,479,880.3,15.2,28,45.3,0,512.0,
640,young,3390,25,8,388,0,32,2,0,114,1895,465,824,17552550,333417.5,32216,2.4,27.2,1126.0,2986977,10792.8,717.3,1173.8,8603.2,1995,0,3006122,2455473,0,0,0,0,0,0,0,0,0,0,0,0,112.0,0,1,478,871.0,15.2,28,45.3,0,512.0,
641,young,3931,18,7,253,0,27,2,1,106,2485,466,971,17567632,333925.7,38021,2.8,30.0,1126.0,2991486,10797.5,717.5,1175.1,8606.0,1995,0,3010665,2459514,0,0,0,0,0,0,0,0,0,0,0,0,112.0,0,0,479,863.5,15.2,28,45.3,0,512.0,
642,young,3671,98,8,397,0,19,1,0,86,1955,468,1038,17594603,334355.3,36063,2.7,32.7,1126.0,2996178,10803.5,718.7,1176.4,8608.8,1997,0,3015408,2463679,0,0,0,0,0,0,0,0,0,0,0,0,112.0,0,1,478,853.0,15.2,28,45.1,0,512.0,
643,young,4061,22,7,577,0,23,1,0,81,2151,467,1138,17616509,334942.7,34495,2.6,35.3,1126.0,3000651,10808.3,719.1,1177.8,8611.5,1997,0,3019917,2467743,0,0,0,0,0,0,0,0,0,0,0,0,112.0,0,0,479,847.7,15.2,28,45.1,0,512.0,
644,young,4108,26,8,420,0,28,1,0,89,2108,467,1325,17633672,335453.5,35846,2.6,37.9,1126.0,3005114,10812.9,719.3,1179.4,8614.0,1997,0,3024439,2471883,0,0,0,0,0,0,0,0,0,0,0,0,112.0,0,0,479,841.9,15.2,28,45.1,0,512.0,
645,young,3784,24,7,319,0,32,2,0,87,1852,469,1390,17650956,335966.3,27719,2.0,39.9,1126.0,3009611,10818.1,719.5,1181.3,8616.7,1997,0,3028989,2475982,0,0,0,0,0,0,0,0,0,0,0,0,112.0,0,0,479,837.1,15.2,28,45.1,0,512.0,
646,young,4211,208,7,391,0,24,1,0,96,1885,472,1476,17668101,336480.1,25013,2.0,41.9,1126.0,3014120,10825.0,719.7,1182.9,8621.4,1999,0,3033558,2479961,0,0,0,0,0,0,0,0,0,0,0,0,112.0,0,0,479,831.8,15.2,28,45.0,0,512.0,
647,young,4237,235,8,579,0,24,1,0,82,1677,473,1533,17690742,336992.4,33545,2.8,44.7,1126.0,3018608,10830.2,720.0,1184.5,8624.3,2007,0,3038104,2483939,0,0,0,0,0,0,0,0,0,0,0,0,112.0,0,1,478,825.9,15.2,28,44.6,0,512.0,
648,young,4100,201,9,487,0,31,1,1,107,1568,473,1624,17705033,337502.5,28009,2.3,47.0,1126.0,3023088,10835.5,720.1,1186.2,8627.4,2013,0,3042653,2488032,0,0,0,0,0,0,0,0,0,0,0,1,112.0,0,0,479,820.7,15.2,28,44.2,0,512.0,
649,young,3819,48,8,721,0,17,1,0,73,1368,471,1513,17719509,338015.0,15990,1.2,48.2,1126.0,3027682,10843.7,724.5,1187.7,8629.4,2013,0,3047317,2492392,0,0,0,0,0,0,0,0,0,0,0,0,112.0,0,0,479,814.9,15.2,28,44.2,0,512.0,
650,young,3656,23,8,336,0,36,1,0,86,1553,469,1544,17734403,338527.4,24630,2.2,50.4,1126.0,3032258,10848.5,724.7,1189.1,8632.2,2019,0,3051948,2496505,0,0,0,0,0,0,0,0,0,0,0,0,112.0,0,0,479,810.0,15.2,28,43.9,0,512.0,
651,young,4721,17,6,224,0,36,1,1,121,2297,469,1932,17747347,339040.3,35625,2.6,53.0,1126.0,3036824,10856.0,727.7,1190.6,8634.8,2019,0,3056556,2500681,0,0,0,0,0,0,0,0,0,0,0,0,112.0,0,0,479,804.3,15.2,28,43.9,0,512.0,
652,young,4455,24,7,382,0,37,1,0,84,1995,467,1873,17763470,339552.5,35113,2.6,55.6,1126.0,3041392,10861.8,728.1,1192.1,8638.3,2019,0,3061194,2504770,0,0,0,0,0,0,0,0,0,0,0,0,112.0,0,0,479,798.6,15.2,28,43.9,0,512.0,
653,young,4747,26,7,285,0,33,2,0,78,2312,469,1918,17777237,340063.5,38290,2.8,58.4,1126.0,3046004,10866.1,728.3,1193.6,8640.5,2019,0,3065855,2508966,0,0,0,0,0,0,0,0,0,0,0,0,112.0,0,0,479,792.1,15.2,28,43.9,0,512.0,
654,young,4879,76,35,416,0,27,2,0,102,1926,470,2134,17793279,340574.0,35060,2.5,60.9,1126.0,3050610,10871.1,728.4,1195.1,8643.5,2019,0,3070529,2513062,0,0,0,0,0,0,0,0,0,0,0,1,112.0,0,0,479,785.9,15.2,28,43.9,0,512.0,
655,young,4469,149,12,625,0,17,1,0,77,1745,477,1772,17823147,340954.6,28268,2.7,63.7,1126.0,3055234,10879.4,728.7,1196.6,8649.2,2033,0,3075245,2516578,0,0,0,0,0,0,0,0,0,0,0,0,112.0,0,0,479,778.3,15.2,28,43.0,0,512.0,
656,young,4939,49,8,891,0,26,1,1,76,1684,474,2116,17847091,341587.8,29926,2.2,65.9,1126.0,3059795,10887.8,728.9,1198.3,8655.3,2033,0,3079855,2520228,0,0,0,0,0,0,0,0,0,0,0,0,112.0,0,0,479,773.0,15.2,28,43.0,0,513.9,
657,young,5046,29,7,607,0,27,1,0,81,2108,469,2096,17863585,342101.5,36875,2.7,68.6,1126.0,3064404,10893.9,729.1,1200.2,8659.0,2033,0,3084515,2524201,0,0,0,0,0,0,0,0,0,0,0,0,112.0,0,0,479,767.2,15.2,28,43.0,0,516.6,
658,young,5016,25,7,382,0,17,1,1,72,2210,471,2246,17881450,342614.5,36670,2.7,71.3,1126.0,3069041,10898.8,730.0,1201.6,8661.2,2033,0,3089205,2528387,0,0,0,0,0,0,0,0,0,0,0,0,112.0,0,0,479,761.5,15.2,28,43.0,0,519.3,
659,young,4975,31,8,328,0,32,2,0,107,1942,471,2457,17895586,343131.0,29314,2.1,73.4,1126.0,3073722,10908.4,733.7,1204.8,8663.4,2033,0,3093935,2532650,0,0,0,0,0,0,0,0,0,0,0,1,112.0,0,0,479,755.7,15.2,28,43.0,0,521.4,
660,young,5181,18,7,276,0,31,2,0,81,1916,472,2780,17911428,343648.9,27703,2.1,75.5,1126.0,3078443,10914.4,733.9,1206.4,8667.2,2033,0,3098700,2536811,0,0,0,0,0,0,0,0,0,0,0,0,112.0,0,0,479,750.3,15.2,28,43.0,0,523.5,
661,young,5628,167,6,313,0,32,2,0,107,2243,472,2686,17926390,344170.2,35804,2.6,78.1,1126.0,3083195,10920.0,734.0,1207.9,8670.7,2033,0,3103504,2541060,0,0,0,0,0,0,0,0,0,0,0,0,112.0,0,0,479,744.3,15.2,28,43.0,0,526.1,
662,young,6029,391,13,550,0,32,2,0,114,2185,475,2654,17957068,344555.0,34988,2.6,80.7,1126.0,3088018,10929.0,734.3,1209.7,8676.9,2033,0,3108386,2544557,0,0,0,0,0,0,0,0,0,0,0,1,112.0,0,0,479,738.5,15.2,28,43.0,0,528.7,
663,young,5785,68,7,640,0,37,1,0,84,2222,478,2669,17984170,345214.0,34770,2.5,83.2,1126.0,3092845,10933.3,734.6,1211.5,8678.6,2033,0,3113250,2549075,0,0,0,0,0,0,0,0,0,0,0,0,112.0,0,0,479,732.6,15.2,28,43.0,0,531.2,
664,full-cycle,11287,16,732,0,0,0,2,0,90,1857,453,106,18000881,345791.4,162001,19.4,19.4,1126.0,3099341,10939.9,734.9,1213.4,8682.5,2067,0,3119778,2554707,748,5698,2736,120650,151,483,134,0,0,0,2039,0,116.0,13,29,432,851.9,22.1,31,53.0,0,512.0,promoted
665,young,3279,45,7,432,0,19,1,0,71,2005,443,635,18023474,346631.0,37748,5.6,25.0,1126.0,3105063,10944.5,735.1,1214.8,8685.0,2093,0,3125530,2559757,0,0,0,0,0,0,0,0,0,0,0,0,118.0,0,0,473,861.3,21.1,31,51.5,0,512.0,
666,young,2859,24,8,337,0,24,1,0,75,1652,457,676,18035146,347105.1,33127,2.4,27.5,1126.0,3109625,10948.1,735.2,1216.2,8686.2,2093,0,3130138,2564159,0,0,0,0,0,0,0,0,0,0,0,0,118.0,0,1,472,853.6,21.1,31,51.5,0,512.0,
667,young,3223,47,7,416,0,26,1,0,74,1812,460,780,18047935,347613.8,31448,2.4,29.9,1126.0,3114142,10952.2,735.5,1217.4,8688.4,2095,0,3134710,2568270,0,0,0,0,0,0,0,0,0,0,0,0,118.0,0,0,473,847.0,21.1,31,51.4,0,512.0,
668,young,3422,99,7,377,0,28,1,0,77,1870,463,888,18061288,348125.4,35330,2.6,32.5,1126.0,3118619,10956.2,735.6,1218.6,8690.6,2095,0,3139222,2572346,0,0,0,0,0,0,0,0,0,0,0,0,118.0,0,0,473,840.5,21.1,31,51.4,0,512.0,
669,young,3628,18,7,441,0,28,2,0,74,2053,460,924,18074221,348635.7,37349,2.7,35.2,1126.0,3123140,10959.7,735.9,1219.9,8692.2,2095,0,3143793,2576590,0,0,0,0,0,0,0,0,0,0,0,0,118.0,0,0,473,833.0,21.1,31,51.4,0,512.0,
670,young,3871,30,8,495,0,31,2,0,110,1938,467,1143,18089014,349145.6,28628,2.5,37.7,1126.0,3127630,10965.3,736.7,1221.4,8695.0,2105,0,3148325,2580692,0,0,0,0,0,0,0,0,0,0,0,0,118.0,0,0,473,826.8,21.1,31,50.8,0,512.0,
671,young,3298,80,7,220,0,25,2,0,97,1706,470,1051,18110871,349657.6,23677,2.8,40.5,1126.0,3132177,10970.1,736.9,1223.1,8697.6,2125,0,3152945,2584888,0,0,0,0,0,0,0,0,0,0,0,0,118.0,0,0,473,820.4,21.1,31,49.6,0,512.0,
672,young,4108,23,7,427,0,28,2,0,78,2051,469,1433,18136104,350165.5,34384,2.6,43.2,1126.0,3136840,10975.2,737.5,1224.4,8700.4,2127,0,3157668,2589205,0,0,0,0,0,0,0,0,0,0,0,0,118.0,0,0,473,812.3,21.1,31,49.5,0,512.0,
673,young,4010,30,7,271,0,29,2,0,84,2009,467,1523,18150775,350679.0,32870,2.4,45.5,1126.0,3141387,10979.4,737.6,1225.7,8702.7,2127,0,3162255,2593350,0,0,0,0,0,0,0,0,0,0,0,0,118.0,0,2,471,806.5,21.1,31,49.5,0,512.0,
674,young,3682,19,6,589,0,24,2,0,97,1377,467,1505,18164699,351191.6,26923,2.0,47.5,1126.0,3145953,10984.9,737.8,1227.0,8706.2,2127,0,3166868,2597331,0,0,0,0,0,0,0,0,0,0,0,0,118.0,0,2,471,801.2,21.1,31,49.5,0,512.0,
675,young,3760,16,5,434,0,26,1,0,73,1792,465,1329,18180490,351703.6,27517,2.1,49.5,1126.0,3150533,10991.0,738.0,1228.3,8710.4,2127,0,3171502,2601472,0,0,0,0,0,0,0,0,0,0,0,0,118.0,0,3,470,795.1,21.1,31,49.5,0,512.0,
676,young,4245,36,8,419,0,20,1,0,68,2110,464,1535,18195556,352215.6,34983,2.6,52.1,1126.0,3155120,10995.2,738.2,1229.6,8712.8,2127,0,3176133,2605608,0,0,0,0,0,0,0,0,0,0,0,0,118.0,0,0,473,789.5,21.1,31,49.5,0,512.0,
677,young,4408,110,8,668,0,28,2,0,98,1758,464,1678,18209596,352726.6,35996,2.6,54.8,1126.0,3159731,10999.4,738.4,1231.5,8714.4,2127,0,3180797,2609985,0,0,0,0,0,0,0,0,0,0,0,0,118.0,0,1,472,783.4,21.1,31,49.5,0,512.0,
678,young,4506,21,7,190,0,35,2,0,80,2308,463,1829,18226416,353238.2,35007,2.6,57.4,1126.0,3164349,11003.8,738.6,1233.1,8716.7,2127,0,3185462,2614180,0,0,0,0,0,0,0,0,0,0,0,0,118.0,0,0,473,777.4,21.1,31,49.5,0,512.0,
679,young,4823,105,10,707,0,29,2,0,105,2108,466,1656,18251792,353633.6,36075,2.6,60.0,1126.0,3169050,11008.9,738.7,1235.1,8719.3,2127,0,3190213,2618468,0,0,0,0,0,0,0,0,0,0,0,0,118.0,0,0,473,770.7,21.1,31,49.5,0,512.0,
680,young,4599,22,7,365,0,19,1,0,91,2190,466,1803,18273577,354258.4,34748,2.6,62.6,1126.0,3173683,11023.0,744.5,1237.1,8724.5,2127,0,3194909,2622346,0,0,0,0,0,0,0,0,0,0,0,0,118.0,0,0,473,764.9,21.1,31,49.5,0,512.0,
681,young,4521,18,6,376,0,19,2,0,74,2075,465,1890,18288722,354769.0,39311,2.9,65.4,1126.0,3178343,11027.5,744.6,1238.4,8727.2,2127,0,3199636,2626691,0,0,0,0,0,0,0,0,0,0,0,0,118.0,0,0,473,758.2,21.1,31,49.5,0,513.4,
682,young,4803,15,7,222,0,28,1,0,79,2192,467,2201,18303040,355278.2,39162,2.9,68.3,1126.0,3183039,11032.3,744.9,1239.8,8730.0,2127,0,3204378,2630900,0,0,0,0,0,0,0,0,0,0,0,0,118.0,0,0,473,751.3,21.1,31,49.5,0,516.3,
683,young,5094,14,5,323,0,32,1,0,80,2276,466,2323,18317997,355789.5,39191,2.9,71.2,1126.0,3187769,11037.0,745.1,1241.3,8732.6,2127,0,3209177,2635249,0,0,0,0,0,0,0,0,0,0,0,1,118.0,0,0,473,744.9,21.1,31,49.5,0,519.2,
684,young,5652,74,8,534,0,23,1,0,80,2047,467,2792,18334810,356303.9,37750,2.8,74.0,1126.0,3192561,11042.4,745.3,1242.6,8736.1,2127,0,3214035,2639660,0,0,0,0,0,0,0,0,0,0,0,0,118.0,0,0,473,737.3,21.1,31,49.5,0,522.0,
685,young,4798,158,7,278,0,27,1,0,84,1759,469,2407,18358404,356739.7,32684,2.4,76.3,1126.0,3197404,11046.6,745.4,1243.8,8738.5,2127,0,3218928,2644124,0,0,0,0,0,0,0,0,0,0,0,0,118.0,0,0,473,731.0,21.1,31,49.5,0,524.3,
686,young,5271,158,8,567,0,42,1,0,106,1858,468,2409,18376086,357339.4,24834,1.9,78.2,1126.0,3202185,11053.5,745.7,1245.6,8742.7,2129,0,3223781,2648267,0,0,0,0,0,0,0,0,0,0,0,0,118.0,0,0,473,726.0,21.1,31,49.4,0,526.2,
687,young,5205,114,17,816,0,25,1,0,85,1497,464,2524,18394166,357861.6,23123,1.9,80.2,1126.0,3207005,11059.7,746.1,1247.7,8746.0,2133,0,3228693,2652575,0,0,0,0,0,0,0,0,0,0,0,0,118.0,0,1,472,720.5,21.1,31,49.1,0,528.2,
688,young,5165,25,9,590,0,26,1,0,79,1913,468,2447,18409014,358382.0,32664,2.4,82.6,1126.0,3211849,11064.0,746.3,1249.1,8748.3,2133,0,3233607,2657045,0,0,0,0,0,0,0,0,0,0,0,0,118.0,0,0,473,714.9,21.1,31,49.1,0,530.6,
689,young,6289,44,6,571,0,41,1,0,95,2619,467,2821,18429133,358913.9,37426,2.7,85.3,1126.0,3216758,11068.0,746.5,1250.3,8750.4,2133,0,3238561,2661583,0,0,0,0,0,0,0,0,0,0,0,0,118.0,0,0,473,708.6,21.1,31,49.1,0,533.3,
690,full-cycle,10063,24,1013,0,0,0,1,0,92,1936,449,109,18445059,359451.7,162433,19.5,19.5,1126.0,3222858,11074.8,747.0,1252.2,8754.3,2160,0,3244694,2667036,1037,5354,2507,121548,24,376,55,0,0,0,1063,0,126.0,11,7,455,889.7,17.1,27,45.5,0,512.0,promoted
691,young,3325,16,6,444,0,31,2,0,105,2040,449,635,18470938,360336.5,38330,5.6,25.1,1126.0,3228914,11082.1,747.3,1253.8,8759.3,2192,0,3250783,2672033,0,0,0,0,0,0,0,0,0,0,0,0,128.0,0,0,472,865.9,16.5,27,43.6,0,512.0,
692,young,3584,32,8,483,0,26,1,0,75,2069,461,822,18484598,360819.5,36913,2.8,27.9,1126.0,3233475,11087.3,747.5,1255.1,8762.7,2194,0,3255392,2676078,0,0,0,0,0,0,0,0,0,0,0,0,128.0,0,0,472,858.2,16.5,27,43.5,0,512.0,
693,young,3634,36,7,364,0,32,2,0,110,2126,458,886,18500414,361328.5,35252,2.6,30.5,1126.0,3237975,11094.6,748.8,1256.9,8766.3,2194,0,3259946,2679936,0,0,0,0,0,0,0,0,0,0,0,0,128.0,0,1,471,850.8,16.5,27,43.5,0,512.0,
694,young,3761,20,6,588,0,26,2,0,98,1976,459,974,18514149,361838.1,37150,2.9,33.4,1126.0,3242492,11099.2,749.0,1258.2,8769.1,2198,0,3264505,2684035,0,0,0,0,0,0,0,0,0,0,0,0,128.0,0,0,472,844.3,16.5,27,43.3,0,512.0,
695,young,3821,40,8,431,0,18,1,0,69,2070,459,1117,18527387,362347.4,38393,3.1,36.5,1126.0,3247030,11103.1,749.2,1259.5,8771.2,2204,0,3269099,2688203,0,0,0,0,0,0,0,0,0,0,0,0,128.0,0,0,472,837.1,16.5,27,42.9,0,512.0,
696,young,3929,67,6,431,0,27,1,0,78,1992,458,1212,18542623,362856.8,32058,2.7,39.2,1126.0,3251575,11109.2,750.7,1261.4,8773.3,2212,0,3273701,2692492,0,0,0,0,0,0,0,0,0,0,0,0,128.0,0,0,472,830.4,16.5,27,42.4,0,512.0,
697,young,3156,16,6,246,0,30,2,0,108,1328,459,1361,18558912,363367.7,16813,1.9,41.2,1126.0,3256179,11115.3,751.2,1263.5,8776.3,2228,0,3278375,2696705,0,0,0,0,0,0,0,0,0,0,0,0,128.0,0,0,472,824.0,16.5,27,41.5,0,512.0,
698,young,3039,25,7,489,0,24,1,1,90,1135,460,1154,18576675,363877.8,9868,0.8,41.9,1126.0,3260716,11122.1,751.7,1265.0,8780.8,2228,0,3282977,2700722,0,0,0,0,0,0,0,0,0,0,0,0,128.0,0,0,472,820.0,16.5,27,41.5,0,512.0,
699,young,3780,35,6,710,0,38,2,0,98,1418,463,1380,18592432,364386.7,21370,1.6,43.6,1126.0,3265278,11128.3,751.9,1266.6,8784.7,2228,0,3287602,2704782,0,0,0,0,0,0,0,0,0,0,0,0,128.0,0,0,472,814.7,16.5,27,41.5,0,512.0,
700,young,4132,154,5,467,0,31,2,0,94,1738,460,1578,18608299,364900.6,25990,1.9,45.5,1126.0,3269892,11132.1,752.2,1268.0,8786.5,2228,0,3292278,2709093,0,0,0,0,0,0,0,0,0,0,0,1,128.0,0,1,471,808.2,16.5,27,41.5,0,512.0,
701,young,3767,28,7,592,0,30,2,0,114,1412,466,1472,18627821,365414.6,16208,1.2,46.7,1126.0,3274523,11136.7,752.8,1269.7,8788.3,2228,0,3296959,2713471,0,0,0,0,0,0,0,0,0,0,0,0,128.0,0,0,472,802.3,16.5,27,41.5,0,512.0,
702,young,3880,17,7,337,0,26,3,0,82,1748,464,1622,18642518,365928.4,25169,1.9,48.6,1126.0,3279078,11146.4,757.8,1271.6,8790.3,2228,0,3301561,2717748,0,0,0,0,0,0,0,0,0,0,0,0,128.0,0,0,472,797.8,16.5,27,41.5,0,512.0,
703,young,4833,27,8,524,0,33,2,0,86,2276,465,1813,18656529,366442.5,38109,2.8,51.4,1126.0,3283631,11150.2,758.0,1272.8,8792.4,2228,0,3306171,2721926,0,0,0,0,0,0,0,0,0,0,0,0,128.0,0,0,472,791.8,16.5,27,41.5,0,512.0,
704,young,4506,24,7,504,0,28,2,0,101,2014,464,1737,18671876,366952.3,36909,2.7,54.1,1126.0,3288201,11155.1,758.2,1274.2,8795.3,2228,0,3310792,2725934,0,0,0,0,0,0,0,0,0,0,0,0,128.0,0,0,472,785.4,16.5,27,41.5,0,512.0,
705,young,4660,49,8,466,0,31,2,0,111,1927,462,1953,18688417,367467.0,30900,2.2,56.3,1126.0,3292806,11161.3,758.4,1276.2,8798.8,2228,0,3315453,2730014,0,0,0,0,0,0,0,0,0,0,0,0,128.0,0,0,472,779.7,16.5,27,41.5,0,512.0,
706,young,4937,23,8,294,0,31,1,0,87,2063,464,2372,18707025,367979.8,30110,2.3,58.6,1126.0,3297451,11167.5,758.6,1277.6,8803.2,2228,0,3320141,2734042,0,0,0,0,0,0,0,0,0,0,0,0,128.0,0,0,472,773.9,16.5,27,41.5,0,512.0,
707,young,5079,45,8,588,0,31,2,0,107,1912,465,2309,18721865,368491.9,36464,2.7,61.3,1126.0,3302096,11172.0,758.8,1278.9,8805.7,2228,0,3324823,2738219,0,0,0,0,0,0,0,0,0,0,0,0,128.0,0,0,472,767.2,16.5,27,41.5,0,512.0,
708,young,4976,98,6,384,0,23,1,0,75,2215,464,2080,18739920,369002.2,34402,2.5,63.8,1126.0,3306740,11179.4,758.9,1281.2,8810.3,2228,0,3329521,2742034,0,0,0,0,0,0,0,0,0,0,0,0,128.0,0,2,470,759.9,16.5,27,41.5,0,512.0,
709,young,5777,58,6,421,0,41,2,0,127,2263,466,2787,18756673,369513.6,30175,2.2,66.0,1126.0,3311377,11184.3,759.1,1282.9,8812.9,2228,0,3334201,2746297,0,0,0,0,0,0,0,0,0,0,0,0,128.0,0,0,472,754.4,16.5,27,41.5,0,514.0,
710,young,5820,26,8,621,0,34,2,1,130,1841,466,3027,18773910,370023.9,16696,1.2,67.2,1126.0,3316061,11189.4,759.3,1284.6,8815.7,2228,0,3338917,2750433,0,0,0,0,0,0,0,0,0,0,0,0,128.0,0,0,472,750.2,16.5,27,41.5,0,515.2,
711,young,5865,170,10,529,0,32,1,0,107,1892,466,3057,18789660,370541.2,18043,1.4,68.6,1126.0,3320738,11195.6,761.7,1286.5,8817.2,2228,0,3343646,2754899,0,0,0,0,0,0,0,0,0,0,0,0,128.0,0,0,472,745.8,16.5,27,41.5,0,516.6,
712,young,5714,21,8,630,0,21,1,0,83,2255,468,2609,18807008,371058.7,33546,2.5,71.1,1126.0,3325448,11200.9,762.1,1288.8,8819.4,2228,0,3348406,2759183,0,0,0,0,0,0,0,0,0,0,0,0,128.0,0,0,472,740.4,16.5,27,41.5,0,519.1,
713,young,5932,42,10,366,0,21,1,0,88,2140,467,3185,18823848,371575.9,27705,2.0,73.0,1126.0,3330193,11205.8,763.0,1290.4,8821.4,2228,0,3353194,2763570,0,0,0,0,0,0,0,0,0,0,0,0,128.0,0,0,472,735.1,16.5,27,41.5,0,521.0,
714,young,4902,32,8,492,0,42,1,0,105,1409,466,2706,18844590,372094.7,17911,1.4,74.4,1126.0,3334971,11217.0,766.7,1293.1,8825.6,2228,0,3358030,2767831,0,0,0,0,0,0,0,0,0,0,0,0,128.0,0,0,472,730.5,16.5,27,41.5,0,522.4,
715,young,5123,23,8,250,0,21,1,1,74,1917,464,2744,18863006,372617.4,28627,2.2,76.5,1126.0,3339778,11224.1,768.1,1295.4,8828.6,2228,0,3362888,2772188,0,0,0,0,0,0,0,0,0,0,0,0,128.0,0,0,472,725.5,16.5,27,41.5,0,524.5,
716,young,6646,286,8,629,0,25,2,0,106,2301,468,3181,18879167,373140.2,32907,2.4,78.9,1126.0,3344609,11230.1,769.6,1297.1,8831.1,2228,0,3367773,2776563,0,0,0,0,0,0,0,0,0,0,0,0,128.0,0,1,471,719.4,16.5,27,41.5,0,526.9,
717,young,5493,28,6,408,0,29,2,0,81,2185,470,2678,18896063,373665.4,28595,2.1,81.0,1126.0,3349478,11234.6,769.7,1298.9,8833.3,2228,0,3372693,2781098,0,0,0,0,0,0,0,0,0,0,0,0,128.0,0,0,472,713.9,16.5,27,41.5,0,529.0,
718,young,5465,17,17,504,0,28,2,0,94,2087,468,2655,18913558,374191.9,34493,2.6,83.6,1126.0,3354401,11239.6,769.9,1300.3,8836.3,2228,0,3377664,2785457,0,0,0,0,0,0,0,0,0,0,0,1,128.0,0,1,471,707.5,16.5,27,41.5,0,531.6,
719,full-cycle,11050,105,774,0,0,0,1,1,84,1728,450,98,18929125,374744.2,166767,19.6,19.6,1126.0,3360989,11246.7,770.3,1302.1,8840.6,2232,0,3384127,2791327,879,6736,2150,134486,26,246,44,0,0,0,1166,0,106.0,21,14,450,887.9,12.2,25,43.1,0,512.0,promoted
720,young,2993,161,9,416,0,34,2,0,86,1777,457,434,18960166,375231.1,28564,5.8,25.4,1126.0,3366302,11252.9,770.4,1303.6,8844.5,2304,0,3389468,2795350,0,0,0,0,0,0,0,0,0,0,0,0,144.0,0,0,466,876.6,0.0,25,38.9,0,512.0,
721,young,3480,16,6,513,0,28,2,0,100,2131,457,618,18988594,376119.0,37445,3.1,28.5,1126.0,3371438,11261.0,770.6,1305.4,8850.1,2312,0,3394681,2799519,0,0,0,0,0,0,0,0,0,0,0,0,144.0,0,0,466,856.7,0.0,25,38.4,0,512.0,
722,young,3105,22,8,504,0,24,1,0,76,1634,454,760,19003071,376623.8,37703,3.0,31.5,1126.0,3376031,11266.6,770.9,1306.8,8853.7,2316,0,3399334,2803443,0,0,0,0,0,0,0,0,0,0,0,0,144.0,0,0,466,847.8,0.0,25,38.1,0,512.0,
723,young,3566,15,5,408,0,30,1,0,98,1952,457,984,19027274,377132.8,36625,2.7,34.2,1126.0,3380595,11271.5,772.0,1308.2,8855.5,2316,0,3403936,2807655,0,0,0,0,0,0,0,0,0,0,0,0,144.0,0,0,466,840.8,0.0,25,38.1,0,512.0,
724,young,3900,27,7,307,0,41,2,0,126,2166,457,1127,19050806,377644.9,33677,2.5,36.6,1126.0,3385098,11284.4,775.0,1312.9,8860.4,2316,0,3408482,2811466,0,0,0,0,0,0,0,0,0,0,0,0,144.0,0,0,466,835.2,0.0,25,38.1,0,512.0,
725,young,3772,45,6,418,0,36,2,0,113,1870,457,1224,19067662,378156.3,28300,2.1,38.7,1126.0,3389588,11291.8,775.1,1314.5,8865.3,2316,0,3413022,2815154,0,0,0,0,0,0,0,0,0,0,0,0,144.0,0,0,466,829.7,0.0,25,38.1,0,512.0,
726,young,3735,48,8,521,0,32,2,0,127,1507,459,1390,19085203,378668.6,19578,1.4,40.1,1126.0,3394127,11296.6,775.3,1315.9,8867.9,2316,0,3417596,2819247,0,0,0,0,0,0,0,0,0,0,0,0,144.0,0,1,465,824.6,0.0,25,38.1,0,512.0,
727,young,3472,33,7,243,0,32,1,0,85,1654,455,1329,19104262,379181.7,23462,1.8,41.9,1126.0,3398634,11302.3,775.4,1317.2,8871.8,2316,0,3422150,2823361,0,0,0,0,0,0,0,0,0,0,0,0,144.0,0,0,466,820.9,0.0,25,38.1,0,512.0,
728,young,4260,32,8,355,0,30,1,0,83,2220,460,1448,19118222,379696.6,37985,2.8,44.7,1126.0,3403176,11307.2,775.6,1318.7,8874.7,2316,0,3426729,2827347,0,0,0,0,0,0,0,0,0,0,0,0,144.0,0,0,466,814.7,0.0,25,38.1,0,512.0,
729,young,4090,25,8,299,0,30,2,0,82,2093,460,1490,19132456,380207.3,37404,2.9,47.7,1126.0,3407691,11312.4,775.8,1320.2,8877.7,2320,0,3431310,2831296,0,0,0,0,0,0,0,0,0,0,0,0,144.0,0,0,466,808.3,0.0,25,37.9,0,512.0,
730,young,4728,20,8,449,0,23,1,0,92,2358,462,1726,19146796,380717.8,39060,2.9,50.5,1126.0,3412256,11316.7,776.0,1321.6,8879.8,2320,0,3435920,2835536,0,0,0,0,0,0,0,0,0,0,0,0,144.0,0,0,466,802.5,0.0,25,37.9,0,512.0,
731,young,4660,34,7,572,0,26,2,0,92,2115,462,1734,19162609,381229.6,38337,2.8,53.3,1126.0,3416826,11331.7,784.3,1325.8,8882.0,2320,0,3440536,2839796,0,0,0,0,0,0,0,0,0,0,0,0,144.0,0,1,465,795.8,0.0,25,37.9,0,512.0,
732,young,4482,99,11,472,0,34,2,0,108,1845,464,1846,19179728,381740.5,31407,2.3,55.6,1126.0,3421369,11338.2,784.8,1327.6,8885.8,2320,0,3445142,2843967,0,0,0,0,0,0,0,0,0,0,0,0,144.0,0,0,466,790.9,0.0,25,37.9,0,512.0,
733,young,4728,30,8,274,0,40,2,0,118,2256,462,1938,19201082,382253.0,29688,2.4,58.0,1126.0,3425938,11345.6,785.0,1329.4,8890.6,2324,0,3449764,2848021,0,0,0,0,0,0,0,0,0,0,0,1,144.0,0,0,466,785.5,0.0,25,37.7,0,512.0,
734,young,4834,103,7,603,0,30,2,0,93,1785,462,2079,19216816,382765.2,30033,2.1,60.2,1126.0,3430541,11350.3,785.2,1330.8,8893.0,2324,0,3454421,2852193,0,0,0,0,0,0,0,0,0,0,0,1,144.0,0,0,466,779.4,0.0,25,37.7,0,512.0,
735,young,4871,129,9,750,0,18,1,0,75,1598,462,2188,19254715,383183.4,24603,2.1,62.2,1126.0,3435213,11366.6,785.5,1333.2,8906.1,2328,0,3459173,2854659,0,0,0,0,0,0,0,0,0,0,0,0,144.0,0,0,466,773.5,0.0,25,37.4,0,512.0,
736,young,5089,262,7,528,0,31,2,0,113,1799,459,2218,19278279,383780.7,26642,1.9,64.1,1126.0,3439862,11373.6,787.2,1335.7,8908.5,2328,0,3463870,2858786,0,0,0,0,0,0,0,0,0,0,0,0,144.0,0,0,466,768.0,0.0,25,37.4,0,512.1,
737,young,4960,246,9,556,0,34,2,1,115,1548,458,2367,19298137,384292.8,17161,1.2,65.4,1126.0,3444496,11383.5,791.5,1337.9,8911.4,2328,0,3468557,2862897,0,0,0,0,0,0,0,0,0,0,0,0,144.0,0,0,466,764.1,0.0,25,37.4,0,513.4,
738,young,5022,23,8,535,0,34,1,0,114,1876,458,2355,19313533,384805.4,23567,1.8,67.2,1126.0,3449171,11389.2,791.6,1339.5,8914.9,2328,0,3473273,2867060,0,0,0,0,0,0,0,0,0,0,0,0,144.0,0,0,466,759.0,0.0,25,37.4,0,515.2,
739,young,5488,243,8,396,0,31,2,0,112,1954,458,2645,19329590,385318.5,33681,2.5,69.7,1126.0,3453882,11394.6,792.1,1341.5,8917.4,2328,0,3478038,2871413,0,0,0,0,0,0,0,0,0,0,0,0,144.0,0,0,466,753.4,0.0,25,37.4,0,517.7,
740,young,5690,22,8,1099,0,16,1,0,72,1761,460,2598,19353532,385830.1,29923,2.2,71.8,1126.0,3458624,11400.5,792.3,1343.2,8920.8,2328,0,3482837,2875484,0,0,0,0,0,0,0,0,0,0,0,0,144.0,0,0,466,747.5,0.0,25,37.4,0,519.8,
741,young,5609,89,14,541,0,24,1,0,88,1997,459,2767,19369648,386348.7,28032,2.1,73.9,1126.0,3463412,11406.0,792.5,1344.9,8923.8,2328,0,3487679,2879833,0,0,0,0,0,0,0,0,0,0,0,0,144.0,0,0,466,741.8,0.0,25,37.4,0,521.9,
742,young,5649,39,7,626,0,21,2,0,75,1591,458,3205,19392091,386868.1,21193,1.6,75.5,1126.0,3468224,11424.5,799.4,1352.1,8926.9,2330,0,3492566,2884251,0,0,0,0,0,0,0,0,0,0,0,0,144.0,0,0,466,736.4,0.0,25,37.3,0,523.5,
743,young,5282,98,9,258,0,39,2,0,125,1705,458,2924,19411596,387390.5,19632,1.5,77.0,1126.0,3473037,11431.6,799.6,1354.0,8931.3,2330,0,3497448,2888359,0,0,0,0,0,0,0,0,0,0,0,0,144.0,0,0,466,732.8,0.0,25,37.3,0,525.0,
744,young,5919,44,6,848,0,20,1,0,77,1957,458,2887,19430707,387910.9,33422,2.4,79.5,1126.0,3477901,11438.2,800.1,1356.3,8934.6,2330,0,3502381,2892717,0,0,0,0,0,0,0,0,0,0,0,0,144.0,0,0,466,727.3,0.0,25,37.3,0,527.5,
745,young,5867,48,8,687,0,35,1,0,108,1974,457,2899,19450900,388438.5,31089,2.3,81.8,1126.0,3482790,11446.0,800.6,1357.9,8940.0,2330,0,3507361,2897039,0,0,0,0,0,0,0,0,0,0,0,0,144.0,0,0,466,721.6,0.0,25,37.3,0,529.8,
746,young,5791,25,8,550,0,28,2,0,104,1800,457,3224,19469750,388964.8,29115,2.1,83.9,1126.0,3487706,11451.1,800.8,1359.9,8942.3,2330,0,3512353,2901500,0,0,0,0,0,0,0,0,0,0,0,0,144.0,0,0,466,716.5,0.0,25,37.3,0,531.9,
747,full-cycle,12466,35,620,0,0,0,1,1,84,1168,444,100,19489202,389537.8,162181,19.4,19.4,1126.0,3494563,11459.9,802.0,1362.6,8946.6,2378,0,3519273,2907417,655,6753,1943,127524,42,552,74,0,0,0,3013,0,138.0,9,29,428,844.7,11.2,28,46.4,0,512.0,promoted
748,young,2987,19,6,193,0,35,2,1,112,1958,451,569,19517941,390247.6,33465,6.3,25.6,1126.0,3499886,11466.4,802.5,1364.3,8950.3,2408,0,3524608,2912006,0,0,0,0,0,0,0,0,0,0,0,0,142.0,0,0,464,860.4,9.0,28,44.6,0,512.0,
749,young,3343,29,8,174,0,27,1,0,111,2154,453,745,19534291,390834.2,38631,2.8,28.5,1126.0,3504710,11471.3,802.7,1365.7,8953.1,2408,0,3529485,2916294,0,0,0,0,0,0,0,0,0,0,0,0,142.0,0,1,463,847.7,9.0,28,44.6,0,512.0,
750,young,4009,27,7,651,0,23,2,0,92,2161,454,956,19552468,391341.4,35706,2.6,31.1,1126.0,3509232,11478.9,803.8,1367.7,8957.3,2408,0,3534061,2920099,0,0,0,0,0,0,0,0,0,0,0,0,142.0,0,0,464,840.7,9.0,28,44.6,0,512.0,
751,young,3342,94,8,355,0,44,2,0,125,1663,453,994,19567528,391852.4,34978,2.6,33.6,1126.0,3513846,11483.9,804.0,1369.1,8960.1,2408,0,3538724,2924359,0,0,0,0,0,0,0,0,0,0,0,0,142.0,0,0,464,832.9,9.0,28,44.6,0,512.0,
752,young,3848,66,8,448,0,31,2,0,113,1968,456,1141,19586321,392362.6,37351,2.7,36.4,1126.0,3518378,11488.9,804.2,1370.4,8963.3,2408,0,3543288,2928360,0,0,0,0,0,0,0,0,0,0,0,0,142.0,0,0,464,826.4,9.0,28,44.6,0,512.0,
753,young,4068,16,5,513,0,28,1,0,79,2029,456,1341,19603454,392874.4,37398,2.8,39.1,1126.0,3522891,11500.6,807.7,1375.0,8966.4,2408,0,3547845,2932345,0,0,0,0,0,0,0,0,0,0,0,0,142.0,0,0,464,820.0,9.0,28,44.6,0,512.0,
754,young,4150,39,8,334,0,26,2,0,85,2070,457,1414,19617869,393386.6,38267,2.8,41.9,1126.0,3527395,11504.6,807.8,1376.5,8968.3,2408,0,3552395,2936482,0,0,0,0,0,0,0,0,0,0,0,0,142.0,0,0,464,814.3,9.0,28,44.6,0,512.0,
755,young,3870,20,5,151,0,26,2,0,78,2018,457,1537,19632351,393899.4,38507,2.8,44.8,1126.0,3531954,11509.9,808.1,1377.7,8971.7,2408,0,3557005,2940584,0,0,0,0,0,0,0,0,0,0,0,0,142.0,0,0,464,807.5,9.0,28,44.6,0,512.0,
756,young,4247,17,7,389,0,30,1,0,77,2116,456,1553,19648115,394411.4,36471,2.7,47.4,1126.0,3536552,11514.9,808.5,1379.1,8974.3,2408,0,3561669,2944812,0,0,0,0,0,0,0,0,0,0,0,0,142.0,0,0,464,799.8,9.0,28,44.6,0,512.0,
757,young,4569,24,6,502,0,22,1,0,78,2044,458,1802,19662379,394921.1,34416,2.5,50.0,1126.0,3541112,11519.2,808.7,1380.5,8976.7,2408,0,3566274,2948976,0,0,0,0,0,0,0,0,0,0,0,0,142.0,0,0,464,793.5,9.0,28,44.6,0,512.0,
758,young,5469,302,9,649,0,29,2,0,114,2018,458,2212,19691006,395381.0,36044,2.8,52.8,1126.0,3545682,11524.8,808.9,1381.9,8980.1,2412,0,3570904,2952891,0,0,0,0,0,0,0,0,0,0,0,0,142.0,0,0,464,786.2,9.0,28,44.3,0,512.0,
759,young,4397,24,8,479,0,17,1,0,90,1992,460,1734,19707807,395939.0,36093,2.7,55.5,1126.0,3550243,11529.5,809.1,1383.4,8982.7,2412,0,3575532,2957051,0,0,0,0,0,0,0,0,0,0,0,0,142.0,0,2,462,778.4,9.0,28,44.3,0,512.0,
760,young,4950,38,9,510,0,24,1,0,100,1912,459,2251,19724188,396451.0,29999,2.1,57.6,1126.0,3554844,11533.5,809.3,1384.8,8984.7,2412,0,3580187,2961302,0,0,0,0,0,0,0,0,0,0,0,0,142.0,0,0,464,772.9,9.0,28,44.3,0,512.0,
761,young,4550,17,7,493,0,27,1,0,107,1880,461,1968,19740397,396959.2,27009,2.1,59.7,1126.0,3559455,11540.3,812.6,1386.1,8986.5,2412,0,3584863,2965602,0,0,0,0,0,0,0,0,0,0,0,0,142.0,0,0,464,768.1,9.0,28,44.3,0,512.0,
762,young,5199,31,9,198,0,18,1,1,99,2496,460,2252,19756103,397473.9,32965,2.4,62.0,1126.0,3564061,11545.2,812.8,1387.7,8989.2,2412,0,3589524,2969784,0,0,0,0,0,0,0,0,0,0,0,0,142.0,0,0,464,762.6,9.0,28,44.3,0,512.0,
763,young,5600,425,9,399,0,32,2,0,117,1822,457,2706,19771834,397985.1,25052,1.9,64.0,1126.0,3568710,11551.4,813.7,1389.8,8991.8,2414,0,3594240,2974039,0,0,0,0,0,0,0,0,0,0,0,0,142.0,0,2,462,756.7,9.0,28,44.2,0,512.0,
764,young,5751,20,8,289,0,33,2,0,182,2427,458,2718,19789610,398496.2,30801,2.7,66.7,1126.0,3573308,11559.5,814.1,1392.1,8996.9,2422,0,3598910,2978089,0,0,0,0,0,0,0,0,0,0,0,0,142.0,0,0,464,752.6,9.0,28,43.7,0,514.7,
765,young,5728,168,8,540,0,17,1,0,71,2283,458,2514,19805394,399008.7,37850,2.8,69.4,1126.0,3577983,11564.3,814.2,1393.9,8999.4,2422,0,3603630,2982331,0,0,0,0,0,0,0,0,0,0,0,0,142.0,0,0,464,747.0,9.0,28,43.7,0,517.4,
766,young,5386,28,7,580,0,30,1,0,100,1904,460,2626,19820175,399523.0,31403,2.3,71.7,1126.0,3582706,11569.6,814.7,1395.3,9002.4,2422,0,3608395,2986535,0,0,0,0,0,0,0,0,0,0,0,0,142.0,0,0,464,740.8,9.0,28,43.7,0,519.7,
767,young,5602,231,6,590,0,28,1,0,78,1838,460,2731,19837746,400036.5,29998,2.2,74.0,1126.0,3587440,11575.2,814.8,1396.8,9005.9,2422,0,3613197,2990767,0,0,0,0,0,0,0,0,0,0,0,0,142.0,0,0,464,736.0,9.0,28,43.7,0,522.0,
768,young,5382,30,7,638,0,24,2,0,109,1697,462,2799,19856640,400560.7,28765,2.1,76.0,1126.0,3592223,11580.8,815.0,1398.9,9008.6,2422,0,3618014,2995073,0,0,0,0,0,0,0,0,0,0,0,0,142.0,0,0,464,730.6,9.0,28,43.7,0,524.0,
769,young,5471,18,6,605,0,24,1,1,75,1928,463,2748,19872218,401081.8,26729,2.0,78.0,1126.0,3597040,11586.2,815.2,1400.9,9011.2,2422,0,3622884,2999481,0,0,0,0,0,0,0,0,0,0,0,1,142.0,0,2,462,725.7,9.0,28,43.7,0,526.0,
770,young,6109,18,6,540,0,20,2,0,84,2339,462,3008,19885081,401605.0,37933,2.8,80.8,1126.0,3601874,11589.8,815.4,1402.3,9012.9,2422,0,3627761,3004025,0,0,0,0,0,0,0,0,0,0,0,0,142.0,0,0,464,719.8,9.0,28,43.7,0,528.8,
771,young,6127,49,6,493,0,21,1,0,92,2611,462,2805,19900494,402131.2,38153,2.8,83.6,1126.0,3606748,11594.7,815.6,1403.8,9015.6,2422,0,3632689,3008436,0,0,0,0,0,0,0,0,0,0,0,0,142.0,0,0,464,713.2,9.0,28,43.7,0,531.6,
772,full-cycle,10622,25,638,0,0,0,1,0,80,1886,441,95,19915633,402666.2,168134,19.6,19.6,1126.0,3612782,11600.1,815.8,1405.6,9018.5,2454,0,3638741,3013958,663,6552,2356,128979,27,273,66,0,0,0,988,0,122.0,13,11,445,878.8,17.2,33,57.4,0,512.0,promoted
773,young,3112,18,6,311,0,24,2,0,74,1958,442,634,19938710,403515.1,36689,5.5,25.1,1126.0,3618923,11606.4,816.1,1407.1,9022.4,2480,0,3644900,3019039,0,0,0,0,0,0,0,0,0,0,0,0,124.0,0,0,468,854.6,16.9,33,55.8,0,512.0,
774,young,3626,80,7,482,0,25,2,0,92,2006,454,807,19952087,403990.7,33879,3.5,28.6,1126.0,3623414,11609.8,816.2,1408.5,9023.5,2502,0,3649461,3023398,0,0,0,0,0,0,0,0,0,0,0,0,124.0,0,1,467,847.1,16.9,33,54.6,0,512.0,
775,young,3246,29,8,160,0,38,2,1,89,1880,457,908,19967264,404499.8,28937,2.9,31.5,1126.0,3627993,11613.3,816.4,1409.8,9025.1,2518,0,3654096,3027724,0,0,0,0,0,0,0,0,0,0,0,1,124.0,0,0,468,840.4,16.9,33,53.6,0,512.0,
776,young,3488,31,8,370,0,30,1,0,86,1986,456,898,19982023,404998.9,34541,2.6,34.1,1126.0,3632466,11617.7,816.7,1411.1,9027.5,2518,0,3658634,3031766,0,0,0,0,0,0,0,0,0,0,0,0,124.0,0,0,468,834.5,16.9,33,53.6,0,512.0,
777,young,3754,38,8,363,0,29,1,0,76,2107,456,1052,20002050,405518.8,37279,2.7,36.8,1126.0,3637094,11623.0,816.9,1412.5,9030.7,2518,0,3663324,3035922,0,0,0,0,0,0,0,0,0,0,0,0,124.0,0,0,468,826.2,16.9,33,53.6,0,512.0,
778,young,3742,23,8,640,0,24,1,0,73,1800,457,1096,20018103,406026.4,36111,2.7,39.5,1126.0,3641593,11628.0,817.1,1413.8,9033.7,2518,0,3667880,3039896,0,0,0,0,0,0,0,0,0,0,0,0,124.0,0,0,468,819.7,16.9,33,53.6,0,512.0,
779,young,3659,49,7,572,0,26,1,0,76,1675,458,1170,20032694,406536.8,30381,2.3,41.8,1126.0,3646079,11632.9,817.3,1415.3,9036.4,2520,0,3672439,3043959,0,0,0,0,0,0,0,0,0,0,0,0,124.0,0,0,468,813.9,16.9,33,53.5,0,512.0,
780,young,3665,17,6,420,0,34,2,0,114,1702,459,1304,20046781,407044.9,25046,1.9,43.6,1126.0,3650593,11637.5,817.6,1417.0,9038.4,2520,0,3677014,3048164,0,0,0,0,0,0,0,0,0,0,0,0,124.0,0,0,468,808.8,16.9,33,53.5,0,512.0,
781,young,3737,23,7,456,0,27,2,0,102,1645,461,1397,20064276,407560.2,25557,1.9,45.5,1126.0,3655109,11643.7,817.8,1418.3,9042.8,2520,0,3681573,3052102,0,0,0,0,0,0,0,0,0,0,0,0,124.0,0,0,468,803.5,16.9,33,53.5,0,512.0,
782,young,3442,161,8,363,0,21,2,0,65,1351,461,1397,20081672,408071.1,20424,1.5,47.0,1126.0,3659649,11649.8,818.0,1419.8,9046.6,2520,0,3686156,3055920,0,0,0,0,0,0,0,0,0,0,0,0,124.0,0,1,467,798.7,16.9,33,53.5,0,512.0,
783,young,3426,24,7,487,0,17,1,0,68,1277,462,1472,20104979,408580.7,20225,1.5,48.5,1126.0,3664204,11656.0,818.2,1421.1,9050.9,2520,0,3690754,3059694,0,0,0,0,0,0,0,0,0,0,0,0,124.0,0,0,468,794.5,16.9,33,53.5,0,512.0,
784,young,4427,156,8,652,0,24,1,0,88,1708,463,1702,20118989,409094.4,27083,2.1,50.5,1126.0,3668750,11661.4,818.3,1422.5,9054.4,2520,0,3695363,3063795,0,0,0,0,0,0,0,0,0,0,0,0,124.0,0,0,468,790.0,16.9,33,53.5,0,512.0,
785,young,4420,20,6,306,0,33,2,0,104,2108,463,1774,20137356,409606.2,38210,2.8,53.3,1126.0,3673337,11666.2,818.5,1423.9,9057.3,2520,0,3699990,3067843,0,0,0,0,0,0,0,0,0,0,0,0,124.0,0,0,468,783.9,16.9,33,53.5,0,512.0,
786,young,4849,23,7,312,0,127,1,0,77,2305,462,1929,20150092,410113.0,42687,3.3,56.6,1126.0,3677952,11670.0,818.6,1425.1,9059.3,2520,0,3704667,3072142,0,0,0,0,0,0,0,0,0,0,0,0,124.0,0,0,468,771.8,16.9,33,53.5,0,512.0,
787,young,4397,21,7,700,0,113,1,0,107,1362,437,1960,20165381,410620.5,22845,1.8,58.5,1126.0,3682625,11674.2,818.8,1427.3,9060.7,2520,0,3709408,3076596,0,0,0,0,0,0,0,0,0,0,0,0,124.0,0,0,468,760.5,16.9,33,53.5,0,512.0,
788,young,4792,47,8,384,0,26,2,0,129,1570,442,2556,20182233,411125.4,24756,1.9,60.4,1126.0,3687266,11679.5,819.2,1428.8,9063.8,2520,0,3714105,3080719,0,0,0,0,0,0,0,0,0,0,0,0,124.0,0,0,468,754.4,16.9,33,53.5,0,512.0,
789,young,4271,44,6,366,0,24,2,0,114,1555,446,2076,20198656,411636.0,27785,2.1,62.5,1126.0,3691902,11688.5,821.1,1430.7,9068.5,2522,0,3718819,3084723,0,0,0,0,0,0,0,0,0,0,0,0,124.0,0,1,467,748.5,16.9,33,53.4,0,512.0,
790,young,5645,524,6,776,0,23,1,1,97,1635,441,2504,20215785,412146.6,24486,1.9,64.4,1126.0,3696604,11693.8,821.3,1432.1,9071.8,2522,0,3723560,3088805,0,0,0,0,0,0,0,0,0,0,0,0,124.0,0,0,468,744.0,16.9,33,53.4,0,512.4,
791,young,5075,18,6,380,0,27,1,0,102,2144,442,2293,20234554,412658.1,35568,2.6,67.0,1126.0,3701357,11701.6,823.1,1433.8,9075.8,2522,0,3728366,3093138,0,0,0,0,0,0,0,0,0,0,0,0,124.0,0,0,468,738.2,16.9,33,53.4,0,515.0,
792,young,4846,36,5,284,0,25,2,0,120,1794,444,2471,20251899,413169.7,36139,2.6,69.6,1126.0,3706099,11711.1,827.3,1436.1,9078.4,2522,0,3733160,3097398,0,0,0,0,0,0,0,0,0,0,0,0,124.0,0,2,466,731.2,16.9,33,53.4,0,517.6,
793,young,5211,218,7,250,0,35,2,0,158,1902,459,2537,20278637,413537.8,29068,2.1,71.7,1126.0,3710970,11718.3,827.4,1437.5,9083.8,2522,0,3738070,3101103,0,0,0,0,0,0,0,0,0,0,0,0,124.0,0,0,468,723.4,16.9,33,53.4,0,519.7,
794,young,5427,33,8,438,0,26,2,0,129,1888,450,2765,20305723,414193.9,28046,2.1,73.8,1126.0,3715740,11729.2,830.7,1439.0,9089.4,2522,0,3742906,3105140,0,0,0,0,0,0,0,0,0,0,0,0,124.0,0,0,468,718.2,16.9,33,53.4,0,521.8,
795,young,5088,18,6,386,0,12,2,0,84,1937,455,2548,20320569,414712.5,33475,2.4,76.3,1126.0,3720534,11733.9,831.5,1441.1,9090.8,2522,0,3747761,3109717,0,0,0,0,0,0,0,0,0,0,0,0,124.0,0,0,468,712.7,16.9,33,53.4,0,524.3,
796,young,5814,20,7,221,0,30,2,0,135,2027,458,3286,20335160,415232.8,32406,2.4,78.7,1126.0,3725391,11738.5,831.6,1442.5,9093.4,2522,0,3752672,3114107,0,0,0,0,0,0,0,0,0,0,0,0,124.0,0,0,468,706.5,16.9,33,53.4,0,526.7,
797,young,6421,87,7,278,0,36,2,0,161,2574,455,3188,20350857,415757.7,38234,2.8,81.5,1126.0,3730303,11742.1,831.9,1443.9,9094.9,2522,0,3757632,3118762,0,0,0,0,0,0,0,0,0,0,0,0,124.0,0,2,466,699.6,16.9,33,53.4,0,529.5,
798,young,6104,26,7,642,0,33,1,0,105,2143,461,3070,20372715,416282.0,37381,2.7,84.2,1126.0,3735254,11746.1,832.2,1445.3,9096.8,2522,0,3762630,3123305,0,0,0,0,0,0,0,0,0,0,0,0,124.0,0,0,468,693.1,16.9,33,53.4,0,532.2,
799,full-cycle,10331,18,867,0,0,0,1,0,180,1437,423,198,20390187,416810.9,160222,19.1,19.1,1126.0,3741281,11751.7,832.4,1447.4,9099.6,2544,0,3768710,3128903,886,6120,2193,133497,21,449,81,0,0,0,1055,0,136.0,9,9,442,867.9,14.4,35,61.8,0,512.0,promoted
800,young,3471,36,9,512,0,23,2,0,88,2000,412,723,20416305,417686.1,33778,5.2,24.3,1126.0,3747535,11759.4,832.6,1449.2,9104.7,2578,0,3774998,3133902,0,0,0,0,0,0,0,0,0,0,0,0,136.0,0,0,460,839.2,14.4,35,59.8,0,512.0,
801,young,3414,43,6,444,0,28,1,1,96,1932,422,795,20432045,418158.6,32383,2.5,26.8,1126.0,3752070,11764.9,832.8,1450.5,9108.2,2580,0,3779581,3137742,0,0,0,0,0,0,0,0,0,0,0,1,136.0,0,0,460,832.8,14.4,35,59.7,0,512.0,
802,young,2763,24,8,210,0,17,1,0,68,1521,429,840,20447574,418670.4,36876,2.7,29.5,1126.0,3756600,11770.6,833.1,1451.8,9111.9,2580,0,3784154,3141668,0,0,0,0,0,0,0,0,0,0,0,0,136.0,0,1,459,825.4,14.4,35,59.7,0,512.0,
803,young,3863,62,6,522,0,27,1,0,84,1990,431,1067,20470726,419180.8,39048,2.9,32.4,1126.0,3761140,11775.1,833.2,1453.0,9114.7,2580,0,3788733,3145606,0,0,0,0,0,0,0,0,0,0,0,0,136.0,0,0,460,819.3,14.4,35,59.7,0,512.0,
804,young,4022,31,9,893,0,18,2,0,75,1758,434,1135,20485105,419692.6,28507,2.7,35.1,1126.0,3765673,11781.0,833.4,1454.3,9118.7,2594,0,3793318,3149641,0,0,0,0,0,0,0,0,0,0,0,0,136.0,0,0,460,813.4,14.4,35,58.9,0,512.0,
805,young,3186,166,8,393,0,28,1,0,109,1206,432,1193,20499975,420202.5,14835,1.1,36.2,1126.0,3770205,11791.1,837.9,1456.1,9122.2,2594,0,3797902,3153653,0,0,0,0,0,0,0,0,0,0,0,0,136.0,0,0,460,809.6,14.4,35,58.9,0,512.0,
806,young,3542,278,8,318,0,25,1,0,119,1336,436,1333,20518410,420708.3,14923,1.1,37.3,1126.0,3774740,11796.6,838.1,1457.6,9125.6,2594,0,3802511,3157631,0,0,0,0,0,0,0,0,0,0,0,0,136.0,0,0,460,805.1,14.4,35,58.9,0,512.0,
807,young,3370,19,7,525,0,24,1,0,91,1501,434,1146,20536348,421227.1,25440,1.9,39.2,1126.0,3779315,11801.7,838.3,1458.9,9128.8,2594,0,3807130,3161603,0,0,0,0,0,0,0,0,0,0,0,0,136.0,0,0,460,799.0,14.4,35,58.9,0,512.0,
808,young,3880,86,8,255,0,25,1,0,86,1952,431,1397,20554789,421737.8,31373,2.3,41.5,1126.0,3783892,11807.0,838.5,1460.2,9132.2,2594,0,3811770,3165651,0,0,0,0,0,0,0,0,0,0,0,0,136.0,0,1,459,792.3,14.4,35,58.9,0,512.0,
809,young,4226,115,9,642,0,23,1,0,84,1764,433,1512,20570823,422250.0,30124,2.3,43.7,1126.0,3788472,11813.5,838.7,1461.8,9136.3,2594,0,3816394,3169641,0,0,0,0,0,0,0,0,0,0,0,0,136.0,0,0,460,787.5,14.4,35,58.9,0,512.0,
810,young,4308,18,6,323,0,23,1,0,86,2231,434,1553,20590265,422762.9,37915,2.8,46.5,1126.0,3793107,11817.2,838.9,1463.2,9138.0,2594,0,3821085,3173952,0,0,0,0,0,0,0,0,0,0,0,1,136.0,0,0,460,780.9,14.4,35,58.9,0,512.0,
811,young,4417,23,7,456,0,25,1,0,79,2209,435,1545,20604470,423268.4,37767,2.8,49.3,1126.0,3797710,11821.8,839.1,1464.7,9140.6,2594,0,3825745,3178074,0,0,0,0,0,0,0,0,0,0,0,0,136.0,0,0,460,774.1,14.4,35,58.9,0,512.0,
812,young,3531,26,8,213,0,15,1,0,69,1378,435,1735,20620614,423785.8,28048,2.0,51.3,1126.0,3802343,11827.0,839.5,1466.0,9143.6,2594,0,3830415,3182269,0,0,0,0,0,0,0,0,0,0,0,0,136.0,0,1,459,769.3,14.4,35,58.9,0,512.0,
813,young,4018,182,8,506,0,17,1,0,83,1279,438,1820,20638862,424298.6,21529,1.7,53.0,1126.0,3806959,11834.3,839.7,1467.7,9148.6,2596,0,3835084,3186390,0,0,0,0,0,0,0,0,0,0,0,1,136.0,0,0,460,764.9,14.4,35,58.8,0,512.0,
814,young,4462,30,7,488,0,28,2,0,103,1821,438,1928,20657083,424808.6,30644,2.6,55.6,1126.0,3811576,11839.4,839.8,1469.2,9151.6,2602,0,3839781,3190495,0,0,0,0,0,0,0,0,0,0,0,0,136.0,0,1,459,758.5,14.4,35,58.4,0,512.0,
815,young,4240,22,7,331,0,29,1,0,76,1953,440,1735,20673016,425322.7,32827,2.4,58.0,1126.0,3816192,11843.9,840.0,1470.9,9153.8,2602,0,3844466,3194788,0,0,0,0,0,0,0,0,0,0,0,0,136.0,0,0,460,752.7,14.4,35,58.4,0,512.0,
816,young,4486,19,8,414,0,21,2,0,81,2014,444,1838,20691851,425834.2,33438,2.5,60.5,1126.0,3820827,11851.1,840.2,1472.9,9158.1,2602,0,3849160,3198930,0,0,0,0,0,0,0,0,0,0,0,0,136.0,0,0,460,747.8,14.4,35,58.4,0,512.0,
817,young,5083,32,8,664,0,31,2,0,104,1920,447,2233,20709440,426348.5,31870,2.4,62.8,1126.0,3825477,11864.2,847.9,1475.4,9160.6,2604,0,3853871,3203200,0,0,0,0,0,0,0,0,0,0,0,0,136.0,0,0,460,742.1,14.4,35,58.3,0,512.0,
818,young,5496,22,7,1007,0,34,1,0,86,1881,448,2343,20724543,426855.9,28677,2.2,65.0,1126.0,3830142,11869.6,848.0,1476.8,9163.5,2604,0,3858595,3207463,0,0,0,0,0,0,0,0,0,0,0,0,136.0,0,0,460,735.6,14.4,35,58.3,0,513.0,
819,young,6174,27,9,200,0,33,1,0,118,2558,451,3153,20739065,427368.8,36340,2.7,67.7,1126.0,3834784,11873.3,848.2,1478.2,9165.2,2604,0,3863286,3211804,0,0,0,0,0,0,0,0,0,0,0,0,136.0,0,0,460,728.5,14.4,35,58.3,0,515.7,
820,young,6217,40,8,257,0,23,1,0,88,2847,454,2836,20757173,427880.9,38773,2.9,70.5,1126.0,3839424,11878.6,848.5,1479.9,9168.0,2604,0,3867982,3215996,0,0,0,0,0,0,0,0,0,0,0,0,136.0,0,0,460,723.0,14.4,35,58.3,0,518.5,
821,young,6132,22,8,370,0,42,2,0,116,2234,454,3242,20773653,428395.4,38147,2.8,73.3,1126.0,3844108,11881.9,848.7,1481.4,9169.3,2604,0,3872726,3220461,0,0,0,0,0,0,0,0,0,0,0,0,136.0,0,0,460,717.4,14.4,35,58.3,0,521.3,
822,young,5643,24,9,550,0,33,2,0,78,2294,451,2583,20787616,428917.4,36184,2.7,76.0,1126.0,3848850,11886.1,848.8,1483.0,9171.4,2604,0,3877530,3224914,0,0,0,0,0,0,0,0,0,0,0,0,136.0,0,0,460,711.2,14.4,35,58.3,0,524.0,
823,young,5400,32,7,563,0,29,1,0,73,2169,449,2459,20802772,429438.5,35795,2.6,78.6,1126.0,3853647,11889.9,849.0,1484.2,9173.4,2604,0,3882366,3229386,0,0,0,0,0,0,0,0,0,0,0,0,136.0,0,0,460,705.3,14.4,35,58.3,0,526.6,
824,young,5562,23,7,412,0,34,2,0,103,2200,449,2701,20816987,429961.2,38483,2.8,81.4,1126.0,3858478,11894.8,849.3,1485.7,9176.2,2604,0,3887241,3233779,0,0,0,0,0,0,0,0,0,0,0,0,136.0,0,0,460,699.0,14.4,35,58.3,0,529.4,
825,young,5499,88,7,595,0,21,2,0,67,2007,449,2626,20834158,430487.8,34027,2.5,83.9,1126.0,3863354,11900.0,849.5,1487.4,9179.1,2604,0,3892171,3238236,0,0,0,0,0,0,0,0,0,0,0,0,136.0,0,0,460,692.7,14.4,35,58.3,0,531.9,
826,full-cycle,16164,28,1065,0,0,0,2,0,111,2183,425,131,20854012,431112.3,169899,19.6,19.6,1126.0,3870521,11910.9,849.8,1489.8,9186.2,2651,0,3899407,3243929,1093,6322,2721,133598,25,313,61,0,0,0,5888,0,138.0,12,55,393,772.1,19.9,34,58.8,0,512.0,promoted
827,young,3167,116,8,324,0,25,1,0,77,1931,434,586,20883863,431804.4,38099,5.6,25.2,1126.0,3875387,11918.1,850.0,1491.6,9190.9,2663,0,3904276,3247894,0,0,0,0,0,0,0,0,0,0,0,0,140.0,0,0,459,841.0,18.2,34,58.1,0,512.0,
828,young,3597,166,7,397,0,38,2,0,109,2050,436,759,20898979,432375.5,34429,3.0,28.2,1126.0,3880169,11923.0,850.3,1493.3,9193.2,2673,0,3909102,3252369,0,0,0,0,0,0,0,0,0,0,0,1,140.0,0,0,459,829.7,18.2,34,57.5,0,512.0,
829,young,3467,20,7,290,0,30,1,0,98,2066,436,909,20913796,432881.2,33805,2.7,30.9,1126.0,3884639,11928.8,850.5,1494.9,9196.9,2677,0,3913635,3256230,0,0,0,0,0,0,0,0,0,0,0,0,140.0,0,0,459,822.8,18.2,34,57.2,0,512.0,
830,young,3826,25,8,506,0,36,2,0,108,2023,440,1050,20929459,433391.7,38643,2.8,33.7,1126.0,3889084,11935.7,850.7,1496.7,9201.4,2677,0,3918133,3260051,0,0,0,0,0,0,0,0,0,0,0,0,140.0,0,0,459,816.4,18.2,34,57.2,0,512.0,
831,young,4004,50,8,480,0,29,1,0,76,2087,441,1162,20943808,433902.9,37217,2.8,36.5,1126.0,3893539,11941.5,850.8,1498.1,9205.2,2679,0,3922642,3263880,0,0,0,0,0,0,0,0,0,0,0,1,140.0,0,0,459,810.0,18.2,34,57.1,0,512.0,
832,young,3690,332,7,448,0,27,1,0,94,1583,441,1153,20961188,434414.3,25583,1.8,38.3,1126.0,3898022,11947.1,851.0,1499.5,9208.4,2679,0,3927184,3267764,0,0,0,0,0,0,0,0,0,0,0,0,140.0,0,0,459,804.9,18.2,34,57.1,0,512.0,
833,young,3760,567,7,428,0,22,2,0,88,1372,443,1170,20980032,434926.4,22084,2.0,40.3,1126.0,3902493,11956.1,851.2,1501.1,9215.1,2685,0,3931713,3271534,0,0,0,0,0,0,0,0,0,0,0,0,140.0,0,0,459,800.5,18.2,34,56.8,0,512.0,
834,young,4057,29,7,317,0,32,2,0,91,2174,436,1300,20993898,435440.9,36418,2.8,43.1,1126.0,3907047,11960.1,851.4,1502.3,9217.4,2687,0,3936314,3275759,0,0,0,0,0,0,0,0,0,0,0,0,140.0,0,0,459,793.7,18.2,34,56.7,0,512.0,
835,young,4511,254,17,557,0,30,2,0,96,2171,445,1310,21021257,435846.8,36081,2.6,45.7,1126.0,3911718,11963.6,851.6,1503.7,9219.0,2687,0,3941036,3280180,0,0,0,0,0,0,0,0,0,0,0,0,140.0,0,0,459,785.6,18.2,34,56.7,0,512.0,
836,young,4336,24,7,520,0,22,2,0,81,2134,433,1471,21040831,436462.3,34765,2.6,48.3,1126.0,3916274,11970.7,853.0,1505.2,9222.7,2687,0,3945638,3284151,0,0,0,0,0,0,0,0,0,0,0,0,140.0,0,0,459,779.4,18.2,34,56.7,0,512.0,
837,young,4448,20,6,222,0,36,2,0,115,2224,435,1736,21056452,436969.1,37898,2.8,51.1,1126.0,3920901,11976.0,853.2,1506.6,9226.0,2687,0,3950305,3288190,0,0,0,0,0,0,0,0,0,0,0,0,140.0,0,0,459,772.8,18.2,34,56.7,0,512.0,
838,young,4896,26,7,614,0,38,2,0,130,2288,438,1702,21071067,437482.6,36264,2.6,53.7,1126.0,3925491,11981.3,853.7,1508.0,9229.0,2687,0,3954937,3292235,0,0,0,0,0,0,0,0,0,0,0,0,140.0,0,0,459,767.1,18.2,34,56.7,0,512.0,
839,young,4500,17,6,567,0,26,2,0,77,1981,436,1750,21086117,437995.5,35106,2.6,56.3,1126.0,3930100,11986.2,853.9,1509.3,9232.0,2687,0,3959587,3296377,0,0,0,0,0,0,0,0,0,0,0,0,140.0,0,0,459,760.8,18.2,34,56.7,0,512.0,
840,young,4368,27,7,481,0,26,2,0,78,1829,436,1860,21100664,438501.7,36556,2.7,59.0,1126.0,3934786,11990.5,854.1,1510.7,9234.4,2687,0,3964313,3300657,0,0,0,0,0,0,0,0,0,0,0,0,140.0,0,0,459,753.6,18.2,34,56.7,0,512.0,
841,young,4593,45,7,736,0,17,1,0,70,1696,436,1959,21117489,439013.8,38009,2.8,61.8,1126.0,3939427,11998.7,856.3,1512.5,9238.1,2687,0,3969008,3304857,0,0,0,0,0,0,0,0,0,0,0,1,140.0,0,0,459,747.2,18.2,34,56.7,0,512.0,
842,young,4665,26,8,560,0,19,1,0,78,1572,436,2292,21132083,439523.4,28091,2.0,63.8,1126.0,3944077,12004.5,856.8,1514.0,9241.5,2687,0,3973700,3308992,0,0,0,0,0,0,0,0,0,0,0,0,140.0,0,0,459,741.2,18.2,34,56.7,0,512.0,
843,young,4584,35,8,581,0,28,1,1,96,1343,436,2426,21149096,440032.7,21850,1.7,65.5,1126.0,3948729,12010.1,857.0,1515.4,9245.0,2687,0,3978397,3313050,0,0,0,0,0,0,0,0,0,0,0,0,140.0,0,0,459,736.8,18.2,34,56.7,0,513.5,
844,young,4328,23,8,269,0,24,1,0,72,1634,433,2200,21164360,440544.5,33522,2.5,67.9,1126.0,3953439,12015.3,857.2,1516.7,9248.3,2687,0,3983170,3317238,0,0,0,0,0,0,0,0,0,0,0,0,140.0,0,0,459,730.7,18.2,34,56.7,0,515.9,
845,young,5452,81,6,696,0,20,1,0,76,2152,439,2347,21178367,441056.1,37292,2.7,70.7,1126.0,3958149,12020.2,857.5,1518.3,9250.8,2687,0,3987940,3321542,0,0,0,0,0,0,0,0,0,0,0,0,140.0,0,0,459,724.4,18.2,34,56.7,0,518.7,
846,young,5833,32,8,545,0,30,2,1,91,2184,437,2813,21192865,441568.7,34522,2.5,73.2,1126.0,3962896,12024.1,857.6,1519.9,9252.7,2687,0,3992755,3325980,0,0,0,0,0,0,0,0,0,0,0,0,140.0,0,0,459,718.8,18.2,34,56.7,0,521.2,
847,young,5063,34,6,350,0,31,1,1,88,1966,442,2534,21210638,442086.1,29731,2.4,75.6,1126.0,3967690,12031.1,858.7,1521.4,9256.5,2691,0,3997616,3330248,0,0,0,0,0,0,0,0,0,0,0,0,140.0,0,0,459,713.1,18.2,34,56.4,0,523.6,
848,young,5913,196,20,915,0,32,2,0,116,1680,442,2798,21226665,442605.1,28318,2.1,77.6,1126.0,3972526,12036.6,858.9,1523.0,9259.7,2691,0,4002507,3334529,0,0,0,0,0,0,0,0,0,0,0,0,140.0,0,0,459,708.0,18.2,34,56.4,0,525.6,
849,young,5741,272,9,248,0,33,2,0,102,1781,442,3216,21244628,443123.7,20753,1.5,79.1,1126.0,3977373,12041.0,859.1,1524.6,9261.9,2691,0,4007413,3338982,0,0,0,0,0,0,0,0,0,0,0,0,140.0,0,0,459,703.5,18.2,34,56.4,0,527.1,
850,young,5024,24,19,540,0,30,2,1,102,1767,442,2464,21260972,443646.0,22773,1.7,80.9,1126.0,3982260,12047.4,859.3,1526.0,9266.2,2691,0,4012357,3343212,0,0,0,0,0,0,0,0,0,0,0,0,140.0,0,0,459,698.4,18.2,34,56.4,0,528.9,
851,young,5440,33,8,402,0,21,1,0,231,2083,447,2618,21279148,444178.9,34272,2.6,83.4,1126.0,3987165,12052.0,859.5,1527.6,9268.6,2691,0,4017310,3347738,0,0,0,0,0,0,0,0,0,0,0,0,140.0,0,0,459,692.7,18.2,34,56.4,0,531.4,
852,young,5880,30,7,281,0,22,1,0,84,2602,448,2740,21299880,444706.7,38072,2.8,86.2,1126.0,3992110,12057.2,859.9,1529.7,9270.9,2691,0,4022310,3352288,0,0,0,0,0,0,0,0,0,0,0,0,140.0,0,0,459,686.8,18.2,34,56.4,0,534.2,
853,full-cycle,11583,19,852,0,0,0,2,0,93,1551,417,110,21320009,445258.5,166419,19.2,19.2,1126.0,3998207,12065.3,860.3,1532.5,9275.4,2726,0,4028428,3357635,871,6730,2736,137810,221,758,89,0,0,0,1160,0,144.0,12,13,433,848.4,16.1,33,57.6,0,512.0,promoted
854,young,3198,22,8,448,0,28,2,0,81,1943,427,581,21352274,446107.5,29831,4.9,24.1,1126.0,4004036,12071.9,860.5,1534.3,9279.3,2748,0,4034270,3362502,0,0,0,0,0,0,0,0,0,0,0,0,146.0,0,0,457,837.9,15.1,33,56.3,0,512.0,
855,young,3610,47,7,427,0,21,1,0,80,2218,434,758,21369433,446586.1,35491,2.9,27.0,1126.0,4008549,12078.9,860.7,1535.8,9284.2,2754,0,4038814,3366345,0,0,0,0,0,0,0,0,0,0,0,0,146.0,0,0,457,831.1,15.1,33,56.0,0,512.0,
856,young,4265,540,9,614,0,29,2,0,102,1922,436,972,21393665,447097.0,29215,2.2,29.2,1126.0,4013029,12085.3,860.9,1537.5,9288.2,2756,0,4043339,3370208,0,0,0,0,0,0,0,0,0,0,0,0,146.0,0,0,457,825.6,15.1,33,55.8,0,512.0,
857,young,3394,23,8,389,0,27,1,0,80,1824,439,952,21411126,447608.0,24396,2.0,31.1,1126.0,4017582,12089.1,861.0,1538.9,9290.0,2758,0,4047939,3374510,0,0,0,0,0,0,0,0,0,0,0,0,146.0,0,0,457,819.0,15.1,33,55.7,0,512.0,
858,young,3794,28,6,329,0,29,1,0,91,2227,440,1004,21426038,448116.7,37028,3.0,34.2,1126.0,4022089,12093.8,861.3,1540.6,9292.2,2764,0,4052497,3378742,0,0,0,0,0,0,0,0,0,0,0,0,146.0,0,0,457,812.4,15.1,33,55.4,0,512.0,
859,young,4552,49,7,238,0,40,1,1,115,2748,440,1258,21441397,448626.9,38606,3.0,37.2,1126.0,4026554,12100.0,862.2,1542.1,9295.6,2768,0,4057015,3382713,0,0,0,0,0,0,0,0,0,0,0,0,146.0,0,0,457,806.6,15.1,33,55.1,0,512.0,
860,young,4032,25,8,318,0,32,1,1,83,2314,444,1175,21457908,449136.7,39102,2.9,40.1,1126.0,4031036,12104.6,862.4,1543.5,9298.3,2768,0,4061547,3386780,0,0,0,0,0,0,0,0,0,0,0,0,146.0,0,0,457,800.1,15.1,33,55.1,0,512.0,
861,young,4445,34,8,456,0,32,1,0,124,2342,444,1364,21481410,449645.5,39045,2.9,42.9,1126.0,4035653,12108.6,862.6,1545.0,9300.0,2768,0,4066209,3391121,0,0,0,0,0,0,0,0,0,0,0,0,146.0,0,0,457,791.9,15.1,33,55.1,0,512.0,
862,young,3932,29,7,414,0,20,1,0,76,1823,444,1500,21499217,450154.8,30694,2.6,45.5,1126.0,4040136,12115.7,863.6,1547.4,9303.4,2776,0,4070767,3395065,0,0,0,0,0,0,0,0,0,0,0,0,146.0,0,0,457,786.5,15.1,33,54.7,0,512.0,
863,young,4112,25,8,476,0,32,2,0,92,1836,451,1553,21514940,450667.1,25686,2.0,47.5,1126.0,4044653,12122.5,866.3,1549.4,9305.1,2778,0,4075348,3399418,0,0,0,0,0,0,0,0,0,0,0,0,146.0,0,0,457,781.0,15.1,33,54.6,0,512.0,
864,young,4614,21,7,486,0,39,2,0,107,2142,450,1713,21534156,451179.1,32918,2.4,49.9,1126.0,4049195,12126.8,866.6,1550.9,9307.1,2778,0,4079957,3403572,0,0,0,0,0,0,0,0,0,0,0,0,146.0,0,0,457,774.9,15.1,33,54.6,0,512.0,
865,young,6248,547,10,708,0,33,2,0,119,2522,448,2240,21548456,451686.1,34108,2.6,52.6,1126.0,4053700,12132.5,866.7,1552.4,9310.8,2780,0,4084539,3407600,0,0,0,0,0,0,0,0,0,0,0,0,146.0,0,0,457,769.6,15.1,33,54.4,0,512.0,
866,young,5874,49,9,310,0,50,2,0,122,2371,449,2895,21567843,452201.0,37740,2.9,55.4,1126.0,4058233,12143.5,873.3,1554.0,9313.3,2782,0,4089128,3411720,0,0,0,0,0,0,0,0,0,0,0,0,146.0,0,0,457,764.5,15.1,33,54.3,0,512.0,
867,young,6005,171,8,768,0,41,2,0,98,2270,453,2545,21598618,452713.0,27674,2.0,57.4,1126.0,4062774,12147.8,873.5,1555.6,9315.1,2782,0,4093716,3415915,0,0,0,0,0,0,0,0,0,0,0,1,146.0,0,0,457,760.0,15.1,33,54.3,0,512.0,
868,young,4469,30,7,554,0,33,1,0,101,1631,451,2039,21627041,453225.6,18634,1.4,58.8,1126.0,4067312,12153.0,873.7,1557.2,9318.2,2782,0,4098308,3420095,0,0,0,0,0,0,0,0,0,0,0,0,146.0,0,0,457,756.0,15.1,33,54.3,0,512.0,
869,young,5376,25,8,661,0,33,2,0,112,2072,446,2390,21644976,453741.2,30891,2.3,61.1,1126.0,4071878,12157.9,874.4,1558.8,9320.4,2782,0,4102929,3424307,0,0,0,0,0,0,0,0,0,0,0,1,146.0,0,0,457,750.4,15.1,33,54.3,0,512.0,
870,young,5098,26,8,510,0,32,1,0,78,2199,446,2147,21658356,454253.0,36809,2.7,63.8,1126.0,4076463,12162.9,874.6,1560.0,9323.5,2782,0,4107560,3428396,0,0,0,0,0,0,0,0,0,0,0,0,146.0,0,0,457,744.1,15.1,33,54.3,0,512.0,
871,young,5695,562,8,363,0,25,1,0,94,2114,449,2425,21673839,454761.6,34040,2.5,66.3,1126.0,4081076,12167.2,874.7,1561.6,9325.6,2782,0,4112216,3432666,0,0,0,0,0,0,0,0,0,0,0,0,146.0,0,0,457,737.9,15.1,33,54.3,0,514.3,
872,young,5418,25,9,399,0,34,2,1,112,2268,447,2486,21688556,455276.5,35678,2.6,69.0,1126.0,4085694,12171.3,874.9,1563.1,9327.5,2782,0,4116890,3436942,0,0,0,0,0,0,0,0,0,0,0,0,146.0,0,0,457,732.1,15.1,33,54.3,0,517.0,
873,young,5678,296,10,215,0,38,2,0,111,2176,441,2763,21714963,455707.9,32807,2.4,71.3,1126.0,4090437,12178.3,875.2,1564.8,9332.1,2782,0,4121668,3440685,0,0,0,0,0,0,0,0,0,0,0,0,146.0,0,0,457,725.0,15.1,33,54.3,0,519.3,
874,young,5051,207,12,231,0,25,1,0,81,1664,450,2733,21741854,456170.4,23087,1.7,73.0,1126.0,4095117,12183.7,875.4,1566.4,9335.5,2782,0,4126394,3444737,0,0,0,0,0,0,0,0,0,0,0,0,146.0,0,0,457,720.2,15.1,33,54.3,0,521.0,
875,young,5107,26,9,308,0,28,1,0,79,1950,441,2597,21761009,456819.3,27527,2.1,75.1,1126.0,4099831,12191.0,875.6,1568.0,9340.5,2782,0,4131167,3448780,0,0,0,0,0,0,0,0,0,0,0,0,146.0,0,0,457,715.4,15.1,33,54.3,0,523.1,
876,young,5838,27,8,478,0,34,1,0,107,2161,443,2901,21776204,457344.4,37598,2.8,77.8,1126.0,4104573,12196.5,876.1,1569.4,9343.3,2782,0,4135968,3453017,0,0,0,0,0,0,0,0,0,0,0,0,146.0,0,0,457,708.5,15.1,33,54.3,0,525.8,
877,young,5215,56,23,716,0,28,2,0,77,1604,445,2628,21792759,457865.6,32417,2.3,80.2,1126.0,4109353,12201.6,877.9,1571.3,9344.3,2782,0,4140794,3457595,0,0,0,0,0,0,0,0,0,0,0,0,146.0,0,0,457,703.0,15.1,33,54.3,0,528.2,
878,young,6053,25,8,1403,0,27,1,0,95,1780,444,2634,21807850,458390.6,29397,2.2,82.4,1126.0,4114187,12206.1,878.0,1572.6,9347.0,2782,0,4145681,3462020,0,0,0,0,0,0,0,0,0,0,0,0,146.0,0,0,457,698.2,15.1,33,54.3,0,530.4,
879,young,5950,33,8,337,0,21,1,0,93,2370,447,3003,21824384,458918.0,36730,2.7,85.1,1126.0,4119038,12210.0,878.2,1574.1,9348.8,2782,0,4150583,3466555,0,0,0,0,0,0,0,0,0,0,0,0,146.0,0,0,457,692.1,15.1,33,54.3,0,533.1,
880,full-cycle,10992,28,1003,0,0,0,2,0,105,2260,426,122,21839453,459450.4,164907,19.1,19.1,1126.0,4125194,12216.6,878.6,1576.2,9352.3,2810,0,4156788,3472121,1032,5984,2805,122292,12,234,171,0,0,0,1136,0,150.0,12,9,441,864.5,20.7,26,44.1,0,512.0,promoted
881,young,3288,173,10,526,0,17,1,0,84,1853,438,543,21872104,460170.9,33081,5.1,24.3,1126.0,4130871,12224.6,878.8,1578.4,9357.4,2838,0,4162488,3476680,0,0,0,0,0,0,0,0,0,0,0,0,152.0,0,0,461,845.7,19.7,26,42.4,0,512.0,
882,young,2859,182,18,533,0,22,2,0,71,1346,436,615,21893823,460820.1,27030,2.0,26.3,1126.0,4135721,12231.3,879.0,1579.9,9361.8,2838,0,4167383,3480947,0,0,0,0,0,0,0,0,0,0,0,0,152.0,0,0,461,832.6,19.7,26,42.4,0,512.0,
883,young,3028,36,8,396,0,30,1,0,102,1624,438,744,21907821,461325.9,24395,1.8,28.1,1126.0,4140180,12237.9,880.0,1581.3,9365.8,2840,0,4171905,3484859,0,0,0,0,0,0,0,0,0,0,0,0,152.0,0,1,460,826.9,19.7,26,42.3,0,512.0,
884,young,3388,35,7,473,0,38,2,0,84,1799,434,853,21923188,461840.4,24220,1.9,30.0,1126.0,4144731,12246.0,884.4,1582.5,9367.8,2840,0,4176501,3489014,0,0,0,0,0,0,0,0,0,0,0,0,152.0,0,0,461,821.5,19.7,26,42.3,0,512.0,
885,young,3829,41,7,502,0,30,1,0,84,2153,433,922,21937156,462352.4,37145,2.7,32.7,1126.0,4149353,12250.8,884.6,1583.9,9370.4,2840,0,4181170,3493185,0,0,0,0,0,0,0,0,0,0,0,0,152.0,0,0,461,813.1,19.7,26,42.3,0,512.0,
886,young,4155,526,6,586,0,24,2,0,90,1925,435,927,21957134,462860.8,31272,2.3,35.0,1126.0,4153901,12256.3,884.7,1586.3,9372.8,2840,0,4185767,3497361,0,0,0,0,0,0,0,0,0,0,0,0,152.0,0,0,461,807.6,19.7,26,42.3,0,512.0,
887,young,3845,25,8,495,0,33,1,0,104,1979,436,1132,21973152,463372.4,29363,2.2,37.2,1126.0,4158417,12261.0,884.9,1587.7,9375.4,2840,0,4190329,3501408,0,0,0,0,0,0,0,0,0,0,0,0,152.0,0,0,461,802.5,19.7,26,42.3,0,512.0,
888,young,4156,31,11,328,0,30,2,0,80,2440,440,1175,22006091,463883.7,34159,2.5,39.7,1126.0,4162964,12267.4,885.1,1589.2,9379.7,2840,0,4194932,3505288,0,0,0,0,0,0,0,0,0,0,0,0,152.0,0,0,461,795.6,19.7,26,42.3,0,512.0,
889,young,4646,57,7,541,0,40,2,0,117,2385,439,1427,22019864,464393.6,34963,2.6,42.3,1126.0,4167499,12271.8,885.2,1590.6,9382.2,2840,0,4199506,3509394,0,0,0,0,0,0,0,0,0,0,0,0,152.0,0,0,461,789.9,19.7,26,42.3,0,512.0,
890,young,4042,26,7,423,0,17,1,0,95,2024,443,1341,22036980,464907.1,30321,2.2,44.4,1126.0,4172037,12277.4,885.6,1592.0,9385.6,2840,0,4204093,3513438,0,0,0,0,0,0,0,0,0,0,0,0,152.0,0,0,461,784.6,19.7,26,42.3,0,512.0,
891,young,4221,590,6,592,0,22,2,1,81,1336,442,1465,22053412,465421.2,20412,1.5,45.9,1126.0,4176578,12284.1,885.8,1593.3,9390.2,2840,0,4208686,3517383,0,0,0,0,0,0,0,0,0,0,0,0,152.0,0,0,461,779.9,19.7,26,42.3,0,512.0,
892,young,3964,24,6,555,0,24,2,0,96,1686,443,1494,22068131,465933.4,22359,1.8,47.7,1126.0,4181154,12288.8,885.9,1594.5,9393.1,2842,0,4213309,3521456,0,0,0,0,0,0,0,0,0,0,0,0,152.0,0,0,461,775.3,19.7,26,42.2,0,512.0,
893,young,4279,33,6,626,0,28,2,0,96,1990,444,1440,22083575,466448.1,31152,3.0,50.7,1126.0,4185721,12295.8,886.4,1596.1,9397.0,2856,0,4217956,3525467,0,0,0,0,0,0,0,0,0,0,0,0,152.0,0,0,461,769.9,19.7,26,41.4,0,512.0,
894,young,4502,288,7,458,0,33,1,0,82,2071,443,1459,22097677,466959.1,38749,2.9,53.7,1126.0,4190318,12299.9,886.5,1597.5,9399.2,2858,0,4222597,3529711,0,0,0,0,0,0,0,0,0,0,0,0,152.0,0,0,461,763.4,19.7,26,41.3,0,512.0,
895,young,4569,13,6,429,0,34,1,1,91,2157,444,1806,22116881,467467.3,38632,3.0,56.7,1126.0,4194911,12311.5,891.1,1600.2,9403.2,2862,0,4227258,3533648,0,0,0,0,0,0,0,0,0,0,0,0,152.0,0,0,461,757.7,19.7,26,41.0,0,512.0,
896,young,4426,31,8,655,0,29,2,0,95,1908,441,1575,22134026,467979.8,32065,2.4,59.1,1126.0,4199553,12319.5,894.7,1602.4,9404.9,2864,0,4231966,3537951,0,0,0,0,0,0,0,0,0,0,0,0,152.0,0,0,461,751.9,19.7,26,40.9,0,512.0,
897,young,4008,18,6,657,0,25,1,0,89,1293,444,1828,22149869,468489.8,16303,1.3,60.3,1126.0,4204243,12324.0,894.9,1603.9,9407.4,2866,0,4236714,3542227,0,0,0,0,0,0,0,0,0,0,0,0,152.0,0,0,461,747.6,19.7,26,40.8,0,512.0,
898,young,4280,91,12,830,0,32,2,0,89,1388,444,1715,22182995,468904.9,16319,1.3,61.6,1126.0,4209015,12337.5,895.1,1606.3,9417.5,2866,0,4241545,3545145,0,0,0,0,0,0,0,0,0,0,0,0,152.0,0,0,461,741.3,19.7,26,40.8,0,512.0,
899,young,4333,37,7,687,0,27,2,0,79,1445,437,1925,22202847,469511.1,25700,1.9,63.5,1126.0,4213660,12344.3,895.3,1607.8,9421.9,2866,0,4246242,3549163,0,0,0,0,0,0,0,0,0,0,0,0,152.0,0,0,461,736.2,19.7,26,40.8,0,512.0,
900,young,5034,27,7,686,0,31,2,0,80,1845,441,2280,22218623,470021.2,27970,2.1,65.6,1126.0,4218313,12347.9,895.5,1609.2,9423.4,2866,0,4250950,3553538,0,0,0,0,0,0,0,0,0,0,0,1,152.0,0,0,461,730.6,19.7,26,40.8,0,513.6,
901,young,5240,72,14,1025,0,25,2,1,81,1475,441,2412,22236354,470531.7,29715,2.2,67.8,1126.0,4222988,12355.0,896.8,1611.1,9426.8,2866,0,4255677,3557722,0,0,0,0,0,0,0,0,0,0,0,0,152.0,0,0,461,724.7,19.7,26,40.8,0,515.8,
902,young,4528,71,6,289,0,20,1,0,94,1844,440,2109,22256358,471043.2,28912,2.1,69.9,1126.0,4227706,12361.7,897.0,1612.5,9431.4,2866,0,4260440,3561842,0,0,0,0,0,0,0,0,0,0,0,0,152.0,0,0,461,719.7,19.7,26,40.8,0,517.9,
903,young,5176,25,7,518,0,26,2,0,94,2153,440,2248,22272246,471557.5,30765,2.3,72.2,1126.0,4232454,12367.5,897.2,1613.9,9435.2,2866,0,4265249,3565942,0,0,0,0,0,0,0,0,0,0,0,0,152.0,0,1,460,713.7,19.7,26,40.8,0,520.2,
904,young,5984,19,7,753,0,35,2,0,105,2296,444,2667,22291015,472074.0,35567,2.6,74.8,1126.0,4237227,12376.3,897.8,1616.1,9440.3,2866,0,4270070,3570234,0,0,0,0,0,0,0,0,0,0,0,1,152.0,0,0,461,707.8,19.7,26,40.8,0,522.8,
905,young,5308,26,10,262,0,20,1,0,90,2207,447,2626,22310555,472592.2,34911,2.6,77.3,1126.0,4242034,12384.8,898.0,1617.6,9446.7,2866,0,4274929,3574475,0,0,0,0,0,0,0,0,0,0,0,0,152.0,0,0,461,702.2,19.7,26,40.8,0,525.3,
906,young,5364,32,8,400,0,32,1,0,83,2152,450,2606,22326992,473114.6,36251,2.7,80.0,1126.0,4246880,12390.1,898.2,1619.3,9449.7,2866,0,4279826,3578876,0,0,0,0,0,0,0,0,0,0,0,0,152.0,0,0,461,695.9,19.7,26,40.8,0,528.0,
907,young,4973,25,8,292,0,24,1,0,75,1805,452,2668,22346511,473639.1,30792,2.2,82.2,1126.0,4251768,12397.3,899.5,1621.3,9453.0,2866,0,4284780,3583230,0,0,0,0,0,0,0,0,0,0,0,0,152.0,0,0,461,690.2,19.7,26,40.8,0,530.2,
908,young,5810,22,6,493,0,32,1,0,107,2064,449,3011,22362387,474167.0,27608,2.1,84.3,1126.0,4256685,12402.5,899.7,1622.8,9455.9,2866,0,4289747,3587613,0,0,0,0,0,0,0,0,0,0,0,0,152.0,0,0,461,684.9,19.7,26,40.8,0,532.3,
909,full-cycle,10670,285,567,0,0,0,2,0,88,1852,421,104,22385102,474707.9,164627,19.1,19.1,1126.0,4262790,12407.7,899.9,1625.0,9458.1,2900,0,4295920,3593258,852,6136,2514,128932,16,471,64,0,0,0,1096,0,142.0,14,13,437,862.8,23.6,28,47.8,0,512.0,promoted
910,young,3470,17,6,650,0,26,1,0,74,1988,427,638,22411208,475572.3,38573,5.9,25.0,1126.0,4268716,12415.7,900.1,1626.7,9463.7,2930,0,4301875,3597902,0,0,0,0,0,0,0,0,0,0,0,1,144.0,0,0,463,841.7,23.2,28,46.0,0,512.0,
911,young,3270,42,29,268,0,22,1,0,73,1996,441,779,22423865,476048.7,38657,3.2,28.2,1126.0,4273228,12419.5,900.4,1628.1,9465.5,2938,0,4306433,3602148,0,0,0,0,0,0,0,0,0,0,0,0,144.0,0,0,463,833.5,23.2,28,45.6,0,512.0,
912,young,3491,22,8,312,0,27,1,0,70,2114,442,885,22439196,476556.7,39001,3.4,31.7,1126.0,4277700,12423.5,900.8,1629.5,9467.1,2950,0,4310976,3606311,0,0,0,0,0,0,0,0,0,0,0,0,144.0,0,0,463,826.6,23.2,28,44.9,0,512.0,
913,young,4221,25,8,556,0,34,1,0,84,2370,440,1035,22451939,477068.5,38678,2.9,34.6,1126.0,4282325,12428.0,901.2,1630.8,9469.5,2952,0,4315652,3610515,0,0,0,0,0,0,0,0,0,0,0,0,144.0,0,0,463,817.4,23.2,28,44.8,0,512.0,
914,young,4070,100,9,610,0,22,1,0,82,2010,443,1125,22468600,477576.1,33364,2.5,37.1,1126.0,4286820,12438.4,904.7,1632.6,9473.5,2954,0,4320206,3614372,0,0,0,0,0,0,0,0,0,0,0,1,144.0,0,0,463,811.3,23.2,28,44.6,0,512.0,
915,young,3813,24,8,363,0,30,1,0,79,2107,440,1157,22486513,478088.8,32021,2.4,39.5,1126.0,4291489,12443.1,904.9,1634.1,9476.2,2954,0,4324922,3618535,0,0,0,0,0,0,0,0,0,0,0,0,144.0,0,0,463,802.8,23.2,28,44.6,0,512.0,
916,young,4280,86,9,517,0,36,2,0,80,2066,439,1413,22504256,478596.2,37900,2.8,42.3,1126.0,4296022,12451.5,905.0,1635.4,9482.8,2954,0,4329498,3622424,0,0,0,0,0,0,0,0,0,0,0,0,144.0,0,0,463,797.3,23.2,28,44.6,0,512.0,
917,young,4239,33,7,423,0,32,2,0,97,1992,437,1580,22520495,479109.8,36542,2.7,45.0,1126.0,4300623,12457.1,905.2,1636.9,9486.3,2954,0,4334148,3626452,0,0,0,0,0,0,0,0,0,0,0,0,144.0,0,0,463,790.4,23.2,28,44.6,0,512.0,
918,young,4585,31,7,497,0,25,1,0,93,2189,438,1686,22537305,479619.4,37563,2.8,47.7,1126.0,4305197,12464.6,905.9,1638.3,9491.4,2954,0,4338773,3630072,0,0,0,0,0,0,0,0,0,0,0,1,144.0,0,0,463,784.0,23.2,28,44.6,0,512.0,
919,young,4613,41,8,546,0,25,2,1,111,2138,446,1676,22552475,480129.3,38111,2.8,50.5,1126.0,4309790,12472.0,906.1,1639.7,9496.6,2954,0,4343421,3633903,0,0,0,0,0,0,0,0,0,0,0,0,144.0,0,0,463,778.5,23.2,28,44.6,0,512.0,
920,young,4559,25,8,395,0,31,2,0,83,2146,444,1805,22567500,480638.8,38716,2.8,53.4,1126.0,4314427,12476.7,906.8,1641.5,9498.4,2954,0,4348099,3638239,0,0,0,0,0,0,0,0,0,0,0,0,144.0,0,0,463,772.5,23.2,28,44.6,0,512.0,
921,young,4438,119,15,440,0,32,1,0,108,1988,447,1630,22594691,481054.8,31196,2.2,55.6,1126.0,4319113,12486.1,907.1,1643.6,9505.0,2954,0,4352843,3641485,0,0,0,0,0,0,0,0,0,0,0,0,144.0,0,0,463,764.2,23.2,28,44.6,0,512.0,
922,young,3540,17,6,287,0,30,2,0,101,1453,451,1575,22617186,481657.8,18711,1.4,57.0,1126.0,4323715,12493.6,907.4,1645.2,9510.2,2954,0,4357496,3645095,0,0,0,0,0,0,0,0,0,0,0,0,144.0,0,0,463,760.0,23.2,28,44.6,0,512.0,
923,young,4024,54,5,655,0,22,1,0,81,1608,449,1524,22631606,482170.8,24334,1.9,58.8,1126.0,4328332,12499.1,907.6,1646.5,9513.8,2954,0,4362140,3649144,0,0,0,0,0,0,0,0,0,0,0,0,144.0,0,0,463,754.8,23.2,28,44.6,0,512.0,
924,young,4295,22,8,278,0,17,1,0,70,1614,449,2215,22652642,482685.1,35258,2.6,61.4,1126.0,4332949,12503.8,907.8,1647.8,9516.6,2954,0,4366799,3653219,0,0,0,0,0,0,0,0,0,0,0,0,144.0,0,0,463,748.6,23.2,28,44.6,0,512.0,
925,young,4936,44,8,246,0,31,2,0,102,2486,451,1950,22668456,483197.1,35593,2.6,64.1,1126.0,4337576,12508.4,908.0,1649.7,9518.7,2954,0,4371480,3657476,0,0,0,0,0,0,0,0,0,0,0,0,144.0,0,0,463,742.7,23.2,28,44.6,0,512.1,
926,young,4981,33,7,926,0,31,2,0,106,1845,453,1906,22685136,483708.1,32735,2.4,66.4,1126.0,4342223,12516.4,909.7,1651.4,9522.8,2954,0,4376174,3661497,0,0,0,0,0,0,0,0,0,0,0,0,144.0,0,0,463,736.9,23.2,28,44.6,0,514.4,
927,young,5104,33,7,405,0,34,2,0,122,1986,453,2421,22702293,484219.1,25050,1.8,68.3,1126.0,4346884,12523.6,910.7,1653.4,9526.7,2954,0,4380888,3665457,0,0,0,0,0,0,0,0,0,0,0,0,144.0,0,0,463,732.3,23.2,28,44.6,0,516.3,
928,young,4755,21,7,555,0,29,2,0,100,1978,453,2011,22717916,484731.1,31213,2.3,70.6,1126.0,4351592,12529.4,911.7,1655.3,9529.0,2954,0,4385641,3669757,0,0,0,0,0,0,0,0,0,0,0,0,144.0,0,0,463,726.8,23.2,28,44.6,0,518.6,
929,young,4775,44,6,270,0,35,2,0,76,2038,453,2230,22736672,485251.0,36547,2.7,73.3,1126.0,4356333,12534.0,911.9,1656.9,9531.4,2954,0,4390429,3674053,0,0,0,0,0,0,0,0,0,0,0,0,144.0,0,2,461,720.1,23.2,28,44.6,0,521.3,
930,young,5295,93,11,603,0,21,1,0,87,2121,461,2301,22763476,485688.9,37077,2.7,76.0,1126.0,4361064,12539.1,912.2,1658.5,9534.4,2954,0,4395206,3678171,0,0,0,0,0,0,0,0,0,0,0,0,144.0,0,0,463,714.4,23.2,28,44.6,0,524.0,
931,young,5841,364,10,416,0,56,2,0,128,2224,455,2528,22794642,486146.9,31475,2.2,78.3,1126.0,4365832,12548.4,913.7,1660.4,9539.4,2954,0,4400021,3682179,0,0,0,0,0,0,0,0,0,0,0,0,144.0,0,0,463,708.6,23.2,28,44.6,0,526.3,
932,young,5188,28,7,350,0,34,2,0,105,1848,451,2748,22817025,486809.4,25296,1.9,80.1,1126.0,4370648,12555.0,915.2,1662.3,9542.0,2954,0,4404905,3686618,0,0,0,0,0,0,0,0,0,0,0,0,144.0,0,0,463,703.7,23.2,28,44.6,0,528.1,
933,young,5680,27,8,494,0,26,2,0,94,2046,450,2915,22835335,487336.4,33532,2.5,82.6,1126.0,4375518,12560.2,915.4,1663.8,9545.0,2954,0,4409818,3690950,0,0,0,0,0,0,0,0,0,0,0,0,144.0,0,0,463,698.1,23.2,28,44.6,0,530.6,
934,young,5711,20,7,425,0,33,1,1,111,2044,452,2993,22854050,487864.7,28981,2.1,84.7,1126.0,4380409,12566.1,915.6,1665.3,9548.6,2954,0,4414770,3695247,0,0,0,0,0,0,0,0,0,0,0,0,144.0,0,2,461,691.1,23.2,28,44.6,0,532.7,
935,full-cycle,10514,20,557,0,0,0,1,0,90,1644,425,110,22869811,488397.1,167363,19.2,19.2,1126.0,4386391,12573.0,915.9,1667.2,9551.9,2976,0,4420823,3700785,577,6389,2242,139353,23,403,54,0,0,0,1199,0,142.0,6,8,448,879.6,10.6,30,52.5,0,512.0,promoted
936,young,3202,130,9,380,0,25,2,0,75,1805,440,678,22904069,489257.8,35940,5.1,24.3,1126.0,4392409,12580.2,916.2,1669.1,9556.5,3006,0,4426850,3705799,0,0,0,0,0,0,0,0,0,0,0,0,144.0,0,0,461,852.4,8.6,30,50.8,0,512.0,
937,young,3176,20,7,354,0,31,2,0,102,1849,436,724,22916562,489757.2,27635,2.8,27.1,1126.0,4396959,12647.6,955.0,1696.2,9557.6,3022,0,4431458,3710158,0,0,0,0,0,0,0,0,0,0,0,0,144.0,0,0,461,844.6,8.6,30,49.8,0,512.0,
938,young,3447,89,6,377,0,27,2,0,92,1807,445,907,22937391,490267.1,20875,2.1,29.2,1126.0,4401411,12652.9,955.2,1697.7,9561.1,3034,0,4435966,3713952,0,0,0,0,0,0,0,0,0,0,0,0,144.0,0,0,461,839.6,8.6,30,49.1,0,512.0,
939,young,3287,65,7,605,0,30,2,1,102,1608,446,801,22952460,490768.2,26729,2.1,31.3,1126.0,4405843,12657.7,955.3,1699.1,9563.9,3036,0,4440457,3717963,0,0,0,0,0,0,0,0,0,0,0,0,144.0,0,0,461,834.2,8.6,30,49.0,0,512.0,
940,young,3148,25,8,348,0,26,2,0,95,1650,446,927,22966695,491293.4,29568,2.1,33.4,1126.0,4410305,12662.5,955.5,1700.3,9566.8,3036,0,4444984,3721973,0,0,0,0,0,0,0,0,0,0,0,0,144.0,0,0,461,828.4,8.6,30,49.0,0,512.0,
941,young,2998,22,8,198,0,29,1,0,80,1613,446,970,22980742,491806.8,27362,2.1,35.5,1126.0,4414764,12667.2,955.7,1701.6,9569.5,3036,0,4449491,3725952,0,0,0,0,0,0,0,0,0,0,0,0,144.0,0,0,461,823.2,8.6,30,49.0,0,512.0,
942,young,3830,26,8,380,0,28,2,0,100,1994,444,1229,22995569,492319.1,35273,2.6,38.1,1126.0,4419255,12672.4,955.8,1702.9,9572.9,3036,0,4454043,3729849,0,0,0,0,0,0,0,0,0,0,0,0,144.0,0,1,460,816.0,8.6,30,49.0,0,512.0,
943,young,4015,29,8,658,0,29,1,0,100,1906,445,1206,23009667,492830.1,36389,2.7,40.8,1126.0,4423738,12677.0,956.0,1704.1,9575.7,3036,0,4458580,3733936,0,0,0,0,0,0,0,0,0,0,0,0,144.0,0,0,461,810.6,8.6,30,49.0,0,512.0,
944,young,3863,108,8,401,0,24,1,0,75,1808,444,1339,23022790,493342.6,34427,2.5,43.3,1126.0,4428259,12683.1,956.2,1705.6,9579.5,3036,0,4463152,3737955,0,0,0,0,0,0,0,0,0,0,0,0,144.0,0,0,461,805.1,8.6,30,49.0,0,512.0,
945,young,4219,19,7,548,0,31,2,0,99,1997,445,1454,23040831,493853.9,34872,2.6,45.9,1126.0,4432801,12689.1,956.4,1706.8,9583.7,3036,0,4467737,3741992,0,0,0,0,0,0,0,0,0,0,0,0,144.0,0,0,461,799.0,8.6,30,49.0,0,512.0,
946,young,4328,25,7,498,0,32,2,1,106,2218,446,1380,23056320,494368.6,37242,2.7,48.6,1126.0,4437380,12694.7,956.7,1708.2,9587.1,3036,0,4472353,3746019,0,0,0,0,0,0,0,0,0,0,0,0,144.0,0,0,461,793.3,8.6,30,49.0,0,512.0,
947,young,4278,29,8,216,0,25,1,0,74,2141,446,1740,23076786,494880.8,37292,2.7,51.3,1126.0,4441941,12700.1,957.0,1709.6,9590.5,3036,0,4476959,3750012,0,0,0,0,0,0,0,0,0,0,0,1,144.0,0,0,461,787.6,8.6,30,49.0,0,512.0,
948,young,4996,32,7,679,0,30,2,1,102,2192,446,1876,23091538,495393.0,38242,2.8,54.1,1126.0,4446544,12705.7,957.1,1712.5,9592.7,3036,0,4481600,3754186,0,0,0,0,0,0,0,0,0,0,0,0,144.0,0,0,461,781.6,8.6,30,49.0,0,512.0,
949,young,4897,25,8,613,0,32,2,0,97,2140,446,1925,23106462,495903.9,37459,2.8,56.9,1126.0,4451119,12710.7,957.3,1713.8,9595.8,3036,0,4486218,3758274,0,0,0,0,0,0,0,0,0,0,0,0,144.0,0,0,461,775.3,8.6,30,49.0,0,512.0,
950,young,4476,32,8,250,0,26,2,0,97,2090,443,1901,23121294,496414.6,33171,2.4,59.3,1126.0,4455711,12715.2,957.5,1715.1,9598.4,3036,0,4490863,3762419,0,0,0,0,0,0,0,0,0,0,0,0,144.0,0,0,461,769.7,8.6,30,49.0,0,512.0,
951,young,4228,26,6,342,0,24,1,0,90,1734,444,1930,23136476,496925.8,31702,2.4,61.6,1126.0,4460386,12719.6,957.7,1716.5,9600.9,3036,0,4495589,3766697,0,0,0,0,0,0,0,0,0,0,0,0,144.0,0,2,459,762.8,8.6,30,49.0,0,512.0,
952,young,4780,183,9,502,0,33,2,0,100,2006,445,1856,23153830,497326.5,33229,2.4,64.1,1126.0,4465143,12733.2,962.5,1722.5,9603.1,3036,0,4500384,3771085,0,0,0,0,0,0,0,0,0,0,0,0,144.0,0,0,461,753.9,8.6,30,49.0,0,512.1,
953,young,4552,18,6,356,0,32,2,0,111,1881,448,2078,23176110,497944.4,32082,2.4,66.5,1126.0,4469751,12738.7,962.7,1724.0,9606.6,3036,0,4505038,3775125,0,0,0,0,0,0,0,0,0,0,0,0,144.0,0,0,461,747.4,8.6,30,49.0,0,514.5,
954,young,4907,25,7,214,0,34,2,0,102,2095,445,2326,23191366,498456.4,37982,2.8,69.2,1126.0,4474443,12743.8,962.9,1725.8,9609.3,3036,0,4509788,3779371,0,0,0,0,0,0,0,0,0,0,0,0,144.0,0,0,461,740.9,8.6,30,49.0,0,517.2,
955,young,5343,57,6,742,0,26,2,0,96,2236,444,2118,23206758,498966.7,38208,2.8,72.1,1126.0,4479150,12748.4,963.2,1727.2,9612.0,3036,0,4514548,3783641,0,0,0,0,0,0,0,0,0,0,0,0,144.0,0,2,459,734.2,8.6,30,49.0,0,520.1,
956,young,4900,168,7,415,0,22,1,0,96,2185,450,1883,23226808,499485.2,34455,2.5,74.5,1126.0,4483899,12754.0,963.4,1728.8,9614.8,3036,0,4519340,3787852,0,0,0,0,0,0,0,0,0,0,0,0,144.0,0,0,461,728.2,8.6,30,49.0,0,522.5,
957,young,4987,28,7,1019,0,25,2,0,94,1418,450,2263,23247959,500004.3,27825,2.0,76.6,1126.0,4488649,12763.5,965.8,1730.6,9619.5,3036,0,4524170,3791683,0,0,0,0,0,0,0,0,0,0,0,0,144.0,0,0,461,722.7,8.6,30,49.0,0,524.6,
958,young,4801,73,7,403,0,28,2,0,100,1869,452,2248,23264879,500474.0,29245,2.2,78.8,1126.0,4493428,12769.0,966.0,1732.2,9622.8,3036,0,4529017,3795646,0,0,0,0,0,0,0,0,0,0,0,0,144.0,0,0,461,717.9,8.6,30,49.0,0,526.8,
959,young,5345,31,8,951,0,26,2,0,76,1830,444,2314,23287943,501050.6,33704,2.4,81.2,1126.0,4498282,12775.2,966.4,1733.9,9626.5,3036,0,4533910,3799949,0,0,0,0,0,0,0,0,0,0,0,0,144.0,0,0,461,711.9,8.6,30,49.0,0,529.2,
960,young,5185,162,9,538,0,19,1,0,79,1958,445,2312,23303057,501572.3,30680,2.3,83.5,1126.0,4503141,12780.0,966.6,1735.6,9628.8,3036,0,4538821,3804434,0,0,0,0,0,0,0,0,0,0,0,0,144.0,0,0,461,706.2,8.6,30,49.0,0,531.5,
961,full-cycle,12181,29,836,0,0,0,2,0,113,1878,430,130,23323674,502144.5,160232,18.6,18.6,1126.0,4509781,12787.1,966.9,1738.0,9632.5,3070,0,4545518,3810305,864,6235,2833,121605,17,716,85,0,0,0,2196,1,132.0,14,25,426,834.5,23.9,32,55.8,0,512.0,promoted
962,young,3228,52,13,444,0,28,2,0,103,1918,438,617,23354110,502866.9,38100,6.3,24.9,1126.0,4515137,12802.8,973.6,1741.8,9636.8,3108,0,4550914,3814892,0,0,0,0,0,0,0,0,0,0,0,0,134.0,0,0,464,849.4,22.9,32,53.6,0,512.0,
963,young,3363,97,6,580,0,26,1,0,74,1733,444,739,23369927,503460.8,28123,2.0,26.9,1126.0,4519963,12808.2,973.8,1743.7,9639.7,3108,0,4555794,3819345,0,0,0,0,0,0,0,0,0,0,0,0,134.0,0,0,464,836.8,22.9,32,53.6,0,512.0,
964,young,2435,42,7,343,0,24,2,0,91,1084,448,768,23387718,503961.5,18756,1.4,28.3,1126.0,4524413,12813.6,974.0,1745.1,9643.0,3108,0,4560297,3823485,0,0,0,0,0,0,0,0,0,0,0,0,134.0,0,0,464,832.7,22.9,32,53.6,0,512.0,
965,young,3293,56,7,326,0,22,1,0,81,1804,446,926,23402803,504480.6,28184,2.1,30.4,1126.0,4528861,12818.9,975.0,1746.6,9645.4,3108,0,4564799,3827520,0,0,0,0,0,0,0,0,0,0,0,0,134.0,0,0,464,827.4,22.9,32,53.6,0,512.0,
966,young,4120,78,6,278,0,33,2,1,108,2412,445,1115,23417037,504991.4,36486,2.7,33.1,1126.0,4533341,12823.4,975.2,1748.2,9647.6,3108,0,4569331,3831649,0,0,0,0,0,0,0,0,0,0,0,0,134.0,0,0,464,820.8,22.9,32,53.6,0,512.0,
967,young,4142,161,6,564,0,26,1,1,86,2026,448,1191,23433760,505501.8,33944,2.4,35.5,1126.0,4537810,12828.7,975.5,1750.0,9649.9,3108,0,4573849,3835721,0,0,0,0,0,0,0,0,0,0,0,0,134.0,0,0,464,814.5,22.9,32,53.6,0,512.0,
968,young,4405,19,11,515,0,29,2,0,78,2102,448,1555,23450897,506011.1,31596,2.4,37.9,1126.0,4542315,12832.6,975.7,1751.5,9651.6,3108,0,4578410,3839882,0,0,0,0,0,0,0,0,0,0,0,0,134.0,0,0,464,807.4,22.9,32,53.6,0,512.0,
969,young,4589,42,8,239,0,32,2,0,110,2577,446,1504,23466596,506524.9,38405,2.8,40.7,1126.0,4546833,12836.4,975.9,1752.9,9653.4,3108,0,4582970,3844150,0,0,0,0,0,0,0,0,0,0,0,0,134.0,0,1,463,801.1,22.9,32,53.6,0,512.0,
970,young,4347,151,8,523,0,26,2,0,101,1833,445,1547,23491364,507036.3,28342,2.0,42.7,1126.0,4551348,12842.5,976.3,1755.1,9656.4,3108,0,4587535,3848181,0,0,0,0,0,0,0,0,0,0,0,0,134.0,0,0,464,795.5,22.9,32,53.6,0,512.0,
971,young,4475,56,8,672,0,30,1,0,90,1780,444,1743,23522390,507544.8,21864,1.7,44.4,1126.0,4555877,12851.9,976.4,1756.6,9663.5,3108,0,4592105,3851140,0,0,0,0,0,0,0,0,0,0,0,0,134.0,0,0,464,790.8,22.9,32,53.6,0,512.0,
972,young,4381,141,7,619,0,38,2,0,123,1669,447,1687,23547284,508058.3,26605,1.9,46.3,1126.0,4560384,12858.8,976.9,1758.5,9667.4,3108,0,4596666,3855076,0,0,0,0,0,0,0,0,0,0,0,0,134.0,0,0,464,786.0,22.9,32,53.6,0,512.0,
973,young,4643,29,7,513,0,30,2,0,99,2149,449,1757,23570990,508571.0,27995,2.1,48.4,1126.0,4564911,12864.5,977.1,1760.2,9670.6,3108,0,4601240,3859143,0,0,0,0,0,0,0,0,0,0,0,0,134.0,0,0,464,780.9,22.9,32,53.6,0,512.0,
974,young,4549,30,8,318,0,28,2,0,90,2350,446,1679,23586338,509083.1,38647,2.8,51.3,1126.0,4569443,12869.8,977.3,1761.7,9673.8,3108,0,4605822,3863285,0,0,0,0,0,0,0,0,0,0,0,0,134.0,0,0,464,775.4,22.9,32,53.6,0,512.0,
975,young,5307,525,10,409,0,29,2,0,92,2076,452,1991,23627352,509443.5,31790,2.6,53.8,1126.0,4574263,12888.3,978.1,1764.8,9687.5,3114,0,4610701,3865857,0,0,0,0,0,0,0,0,0,0,0,0,134.0,0,0,464,764.2,22.9,32,53.2,0,512.0,
976,young,4026,24,8,457,0,28,1,1,82,1650,451,1666,23650613,510094.7,27379,2.2,56.1,1126.0,4578811,12898.7,981.3,1768.3,9690.8,3118,0,4615319,3869812,0,0,0,0,0,0,0,0,0,0,0,0,134.0,0,0,464,759.6,22.9,32,53.0,0,512.0,
977,young,4331,50,6,972,0,16,1,0,70,1415,450,1681,23667835,510609.1,32318,2.6,58.6,1126.0,4583364,12909.2,984.1,1771.7,9694.6,3122,0,4619938,3873781,0,0,0,0,0,0,0,0,0,0,0,0,134.0,0,0,464,754.6,22.9,32,52.8,0,512.0,
978,young,5006,25,11,207,0,23,2,0,84,2350,449,2242,23683828,511118.1,33016,2.5,61.1,1126.0,4587934,12919.9,988.2,1774.9,9697.7,3122,0,4624579,3877822,0,0,0,0,0,0,0,0,0,0,0,0,134.0,0,0,464,749.7,22.9,32,52.8,0,512.0,
979,young,5113,29,40,737,0,17,1,0,78,1910,452,2174,23702856,511632.5,30396,2.2,63.3,1126.0,4592524,12933.2,996.4,1777.0,9700.0,3122,0,4629239,3882006,0,0,0,0,0,0,0,0,0,0,0,0,134.0,0,0,464,744.4,22.9,32,52.8,0,512.0,
980,young,4925,54,7,574,0,34,2,0,85,1808,452,2282,23720330,512140.3,27655,2.1,65.4,1126.0,4597131,12938.4,996.8,1778.8,9702.7,3122,0,4633917,3886118,0,0,0,0,0,0,0,0,0,0,0,0,134.0,0,1,463,738.5,22.9,32,52.8,0,513.4,
981,young,4862,21,6,541,0,28,2,0,96,2024,449,2047,23735930,512653.8,34870,2.5,67.9,1126.0,4601800,12944.2,997.0,1780.2,9706.5,3122,0,4638633,3890176,0,0,0,0,0,0,0,0,0,0,0,0,134.0,0,2,462,732.5,22.9,32,52.8,0,515.9,
982,young,5126,176,5,864,0,29,1,0,80,1738,451,2140,23753407,513166.6,30601,2.2,70.1,1126.0,4606499,12950.3,997.6,1781.7,9710.0,3122,0,4643373,3894263,0,0,0,0,0,0,0,0,0,0,0,0,134.0,0,0,464,728.0,22.9,32,52.8,0,518.1,
983,young,4963,38,8,303,0,40,2,0,115,1959,453,2429,23769629,513680.5,29555,2.2,72.3,1126.0,4611203,12955.5,998.9,1783.8,9711.5,3122,0,4648139,3898683,0,0,0,0,0,0,0,0,0,0,0,0,134.0,0,0,464,722.7,22.9,32,52.8,0,520.3,
984,young,4725,48,8,532,0,27,1,0,73,1715,459,2243,23789552,514199.4,36607,2.7,75.0,1126.0,4615934,12964.5,1004.4,1785.2,9713.2,3122,0,4652941,3903148,0,0,0,0,0,0,0,0,0,0,0,0,134.0,0,1,463,716.2,22.9,32,52.8,0,523.0,
985,young,5495,31,8,403,0,34,1,0,76,2056,456,2823,23804661,514719.2,35429,2.6,77.6,1126.0,4620727,12970.6,1004.6,1786.6,9716.9,3122,0,4657775,3907375,0,0,0,0,0,0,0,0,0,0,0,0,134.0,0,0,464,710.2,22.9,32,52.8,0,525.6,
986,young,5979,62,10,689,0,33,2,0,110,2242,457,2773,23819230,515241.7,35705,2.6,80.2,1126.0,4625540,12976.0,1004.9,1788.2,9720.0,3122,0,4662670,3911710,0,0,0,0,0,0,0,0,0,0,0,1,134.0,0,0,464,704.2,22.9,32,52.8,0,528.2,
987,young,5776,25,7,788,0,27,2,0,81,1985,459,2786,23832464,515766.9,34628,2.6,82.8,1126.0,4630389,12979.5,1005.1,1789.6,9721.5,3122,0,4667573,3916302,0,0,0,0,0,0,0,0,0,0,0,0,134.0,0,0,464,698.0,22.9,32,52.8,0,530.8,
988,full-cycle,11710,27,958,0,0,0,2,0,91,1880,423,111,23850073,516335.1,168212,19.2,19.2,1126.0,4636842,12996.5,1012.0,1795.4,9725.2,3154,0,4674085,3921895,985,5982,2679,129626,26,594,60,0,0,0,1993,0,138.0,12,26,427,837.8,20.1,29,50.1,0,512.0,promoted
989,young,3372,34,7,291,0,31,1,0,99,2144,426,695,23874737,517180.4,38682,5.6,24.8,1126.0,4642384,13002.9,1012.2,1797.0,9729.3,3180,0,4679645,3926606,0,0,0,0,0,0,0,0,0,0,0,0,142.0,0,1,462,846.8,17.2,29,48.5,0,512.0,
990,young,3048,25,8,362,0,26,2,0,84,1717,439,750,23887341,517658.9,37698,3.1,27.8,1126.0,4646844,13007.8,1012.4,1798.6,9732.0,3186,0,4684157,3930523,0,0,0,0,0,0,0,0,0,0,0,0,142.0,0,0,463,840.7,17.2,29,48.2,0,512.0,
991,young,3449,158,8,322,0,31,2,1,77,1917,440,885,23902770,518167.9,36592,2.8,30.6,1126.0,4651301,13015.6,1012.6,1800.0,9737.8,3188,0,4688676,3934364,0,0,0,0,0,0,0,0,0,0,0,0,142.0,0,0,463,834.4,17.2,29,48.1,0,512.0,
992,young,3750,35,6,643,0,16,1,0,66,1853,449,1045,23916430,518683.6,30854,2.2,32.8,1126.0,4655750,13020.7,1012.8,1801.5,9741.0,3188,0,4693176,3938274,0,0,0,0,0,0,0,0,0,0,0,0,142.0,0,1,462,829.0,17.2,29,48.1,0,512.0,
993,young,3701,49,8,676,0,28,2,0,76,1685,451,1091,23934871,519196.9,29793,2.2,35.1,1126.0,4660223,13027.6,1012.9,1803.2,9745.6,3188,0,4697697,3942005,0,0,0,0,0,0,0,0,0,0,0,0,142.0,0,0,463,824.0,17.2,29,48.1,0,512.0,
994,young,3874,156,9,342,0,30,1,0,84,2036,451,1123,23960378,519667.1,33272,2.4,37.5,1126.0,4664752,13033.5,1013.1,1804.5,9749.5,3188,0,4702285,3945805,0,0,0,0,0,0,0,0,0,0,0,0,142.0,0,1,462,817.9,17.2,29,48.1,0,512.0,
995,young,3796,46,8,492,0,32,2,1,105,1642,451,1414,23977017,520223.4,27752,2.0,39.5,1126.0,4669233,13040.2,1013.7,1806.2,9753.5,3188,0,4706806,3949669,0,0,0,0,0,0,0,0,0,0,0,0,142.0,0,0,463,812.9,17.2,29,48.1,0,512.0,
996,young,4364,49,9,442,0,32,2,0,80,1980,452,1679,23991709,520725.0,29869,2.2,41.8,1126.0,4673735,13046.2,1013.8,1807.8,9757.3,3188,0,4711359,3953672,0,0,0,0,0,0,0,0,0,0,0,0,142.0,0,0,463,806.7,17.2,29,48.1,0,512.0,
997,young,4439,19,8,580,0,32,1,1,76,2012,452,1648,24007577,521249.1,35459,2.6,44.4,1126.0,4678267,13050.7,1014.0,1809.2,9759.8,3188,0,4715945,3957795,0,0,0,0,0,0,0,0,0,0,0,0,142.0,0,0,463,799.7,17.2,29,48.1,0,512.0,
998,young,4811,42,14,749,0,28,1,0,89,2150,451,1672,24020127,521759.4,34870,2.5,46.9,1126.0,4682760,13054.5,1014.2,1810.6,9761.7,3188,0,4720486,3961980,0,0,0,0,0,0,0,0,0,0,0,0,142.0,0,0,463,793.2,17.2,29,48.1,0,512.0,
999,young,4294,56,15,386,0,22,2,0,88,1647,456,1990,24035020,522272.0,26485,1.9,48.8,1126.0,4687252,13061.4,1016.4,1812.5,9764.1,3188,0,4725022,3965990,0,0,0,0,0,0,0,0,0,0,0,0,142.0,0,0,463,788.2,17.2,29,48.1,0,512.0,
1000,young,4180,29,7,612,0,18,1,0,78,1685,456,1686,24051347,522785.5,26882,2.0,50.9,1126.0,4691740,13067.3,1016.6,1813.9,9768.1,3188,0,4729568,3969793,0,0,0,0,0,0,0,0,0,0,0,0,142.0,0,2,461,782.4,17.2,29,48.1,0,512.0,
1001,young,4397,18,7,489,0,30,2,0,100,1966,452,1701,24066110,523298.2,33777,2.5,53.3,1126.0,4696341,13072.5,1016.8,1815.3,9771.1,3188,0,4734215,3973977,0,0,0,0,0,0,0,0,0,0,0,0,142.0,0,0,463,775.0,17.2,29,48.1,0,512.0,
1002,young,4209,24,8,313,0,29,1,0,100,2009,450,1664,24079625,523803.8,36816,2.7,56.1,1126.0,4700952,13077.0,1017.1,1816.7,9773.4,3188,0,4738884,3978152,0,0,0,0,0,0,0,0,0,0,0,0,142.0,0,1,462,767.3,17.2,29,48.1,0,512.0,
1003,young,4704,34,9,643,0,34,2,0,113,2232,445,1572,24097772,524318.5,35680,2.8,58.8,1126.0,4705515,13082.2,1017.3,1818.0,9776.6,3192,0,4743497,3982110,0,0,0,0,0,0,0,0,0,0,0,0,142.0,0,0,463,760.7,17.2,29,47.8,0,512.0,
1004,young,4278,26,12,418,0,26,1,0,85,1713,449,1903,24114437,524828.1,31654,2.7,61.6,1126.0,4710063,13088.0,1017.8,1819.8,9779.6,3200,0,4748114,3986110,0,0,0,0,0,0,0,0,0,0,0,0,142.0,0,0,463,754.8,17.2,29,47.4,0,512.0,
1005,young,5332,18,6,809,0,35,2,0,109,2204,449,2049,24127946,525338.0,35108,2.7,64.2,1126.0,4714674,13092.6,1018.0,1821.2,9782.2,3202,0,4752766,3990242,0,0,0,0,0,0,0,0,0,0,0,0,142.0,0,0,463,747.6,17.2,29,47.2,0,512.2,
1006,young,5271,56,8,532,0,34,2,1,112,2130,449,2306,24143240,525847.9,34560,2.5,66.8,1126.0,4719292,13096.8,1018.2,1822.8,9784.3,3202,0,4757430,3994438,0,0,0,0,0,0,0,0,0,0,0,0,142.0,0,0,463,741.3,17.2,29,47.2,0,514.8,
1007,young,4853,89,8,398,0,31,1,1,79,1975,452,2214,24159990,526356.3,32408,2.5,69.3,1126.0,4723911,13109.8,1025.2,1825.0,9787.7,3204,0,4762115,3998576,0,0,0,0,0,0,0,0,0,0,0,0,142.0,0,0,463,735.8,17.2,29,47.1,0,517.3,
1008,young,5061,26,9,316,0,27,2,1,98,2249,453,2194,24175336,526874.0,31589,2.4,71.6,1126.0,4728553,13115.0,1025.5,1826.7,9789.6,3206,0,4766824,4002859,0,0,0,0,0,0,0,0,0,0,0,0,142.0,0,0,463,730.3,17.2,29,47.0,0,519.6,
1009,young,5120,18,7,480,0,34,2,0,136,2089,458,2289,24189419,527385.9,32057,2.4,74.0,1126.0,4733220,13119.0,1025.7,1828.1,9791.6,3206,0,4771554,4007170,0,0,0,0,0,0,0,0,0,0,0,0,142.0,0,0,463,723.9,17.2,29,47.0,0,522.0,
1010,young,5558,101,6,516,0,33,2,0,102,2139,458,2584,24204619,527906.5,37189,2.7,76.8,1126.0,4737933,13124.0,1025.9,1829.4,9794.6,3206,0,4776327,4011444,0,0,0,0,0,0,0,0,0,0,0,1,142.0,0,0,463,718.0,17.2,29,47.0,0,524.8,
1011,young,5902,88,7,708,0,34,2,0,80,2140,458,2750,24223606,528430.4,36830,2.7,79.5,1126.0,4742681,13134.0,1027.3,1832.1,9800.0,3206,0,4781135,4015650,0,0,0,0,0,0,0,0,0,0,0,0,142.0,0,0,463,712.1,17.2,29,47.0,0,527.5,
1012,young,5837,27,8,545,0,28,2,0,100,2130,457,2923,24238826,528954.8,38623,2.8,82.3,1126.0,4747494,13138.0,1027.6,1833.5,9802.0,3206,0,4785999,4020121,0,0,0,0,0,0,0,0,0,0,0,1,142.0,0,0,463,706.0,17.2,29,47.0,0,530.3,
1013,young,5683,25,8,272,0,33,2,0,83,2193,457,2990,24253795,529481.9,37650,2.7,85.1,1126.0,4752394,13142.2,1027.7,1834.9,9804.2,3206,0,4790952,4024636,0,0,0,0,0,0,0,0,0,0,0,0,142.0,0,5,458,698.1,17.2,29,47.0,0,533.1,
1014,full-cycle,11507,25,1249,0,0,0,2,0,90,1534,419,107,24270822,530034.6,160914,18.6,18.6,1126.0,4758508,13148.8,1028.2,1837.0,9807.6,3240,0,4797112,4030000,1275,5960,2381,132429,26,659,47,0,0,0,1817,0,148.0,11,20,430,849.6,17.9,28,48.0,0,512.0,promoted
1015,young,2722,55,8,291,0,17,1,0,73,1582,422,625,24295000,530874.9,34877,5.2,23.9,1126.0,4764438,13155.8,1028.5,1839.0,9811.8,3262,0,4803060,4034978,0,0,0,0,0,0,0,0,0,0,0,0,150.0,0,0,460,838.4,16.7,28,46.7,0,512.0,
1016,young,3537,28,7,342,0,37,2,0,108,2061,429,886,24309322,531352.9,35274,2.9,26.8,1126.0,4768965,13161.3,1028.7,1840.2,9815.4,3268,0,4807625,4038863,0,0,0,0,0,0,0,0,0,0,0,0,150.0,0,1,459,831.1,16.7,28,46.4,0,512.0,
1017,young,3057,26,6,508,0,21,2,0,82,1414,433,869,24327440,531864.4,34334,2.6,29.3,1126.0,4773445,13167.0,1028.9,1841.7,9818.9,3270,0,4812158,4042758,0,0,0,0,0,0,0,0,0,0,0,0,150.0,0,0,460,825.7,16.7,28,46.3,0,512.0,
1018,young,3134,45,6,358,0,18,1,0,60,1656,431,884,24341864,532377.1,25433,1.8,31.2,1126.0,4778002,13173.5,1029.1,1843.2,9823.2,3270,0,4816758,4046693,0,0,0,0,0,0,0,0,0,0,0,0,150.0,0,0,460,820.1,16.7,28,46.3,0,512.0,
1019,young,3334,19,8,149,0,33,1,0,105,1940,432,1043,24359686,532887.0,27584,2.1,33.3,1126.0,4782525,13180.2,1029.3,1844.5,9828.0,3270,0,4821322,4050605,0,0,0,0,0,0,0,0,0,0,0,0,150.0,0,0,460,815.2,16.7,28,46.3,0,512.0,
1020,young,4036,24,7,645,0,27,1,0,73,1978,430,1194,24378073,533398.7,34692,2.5,35.8,1126.0,4787055,13200.9,1040.5,1850.7,9830.4,3270,0,4825898,4054685,0,0,0,0,0,0,0,0,0,0,0,0,150.0,0,0,460,809.7,16.7,28,46.3,0,512.0,
1021,young,4027,168,7,520,0,37,2,0,86,1817,434,1258,24393016,533909.6,28800,2.6,38.4,1126.0,4791577,13208.1,1040.9,1852.3,9835.0,3280,0,4830477,4058758,0,0,0,0,0,0,0,0,0,0,0,0,150.0,0,0,460,804.2,16.7,28,45.7,0,512.0,
1022,young,4246,26,8,364,0,23,1,0,88,2249,433,1422,24410599,534420.7,30931,2.6,41.0,1126.0,4796153,13212.5,1041.5,1853.9,9836.8,3286,0,4835118,4062961,0,0,0,0,0,0,0,0,0,0,0,0,150.0,0,0,460,797.9,16.7,28,45.3,0,512.0,
1023,young,4318,28,7,294,0,36,2,0,115,2247,431,1528,24432406,534929.6,39207,2.9,43.9,1126.0,4800780,13217.3,1041.7,1855.1,9839.8,3286,0,4839789,4067048,0,0,0,0,0,0,0,0,0,0,0,0,150.0,0,0,460,790.0,16.7,28,45.3,0,512.0,
1024,young,4150,28,7,357,0,18,1,0,69,2150,436,1459,24447718,535439.0,38809,3.0,46.9,1126.0,4805326,13221.9,1042.0,1856.5,9842.3,3290,0,4844406,4071187,0,0,0,0,0,0,0,0,0,0,0,0,150.0,0,0,460,783.2,16.7,28,45.1,0,512.0,
1025,young,4625,24,8,513,0,28,1,0,88,2167,436,1718,24462611,535950.3,36633,2.7,49.6,1126.0,4809915,13226.4,1042.2,1858.0,9844.7,3290,0,4849051,4075362,0,0,0,0,0,0,0,0,0,0,0,1,150.0,0,0,460,777.2,16.7,28,45.1,0,512.0,
1026,young,5559,17,7,1390,0,18,1,0,77,2243,436,1731,24481089,536455.5,36383,2.7,52.3,1126.0,4814495,13235.4,1044.8,1860.0,9848.6,3290,0,4853699,4079297,0,0,0,0,0,0,0,0,0,0,0,0,150.0,0,0,460,770.4,16.7,28,45.1,0,512.0,
1027,young,5823,24,10,961,0,27,1,0,95,2271,434,2357,24496925,536970.3,34308,2.5,54.7,1126.0,4819103,13241.0,1045.0,1861.6,9852.0,3290,0,4858352,4083400,0,0,0,0,0,0,0,0,0,0,0,0,150.0,0,0,460,764.7,16.7,28,45.1,0,512.0,
1028,young,5934,35,9,817,0,46,2,0,144,2326,437,2406,24511756,537481.6,29704,2.2,56.9,1126.0,4823713,13245.8,1045.9,1863.1,9854.0,3290,0,4863009,4087677,0,0,0,0,0,0,0,0,0,0,0,0,150.0,0,0,460,759.6,16.7,28,45.1,0,512.0,
1029,young,4957,51,11,275,0,18,1,0,81,2583,447,1853,24526532,537994.2,33647,2.5,59.4,1126.0,4828306,13250.6,1046.6,1864.6,9855.3,3290,0,4867668,4092162,0,0,0,0,0,0,0,0,0,0,0,0,150.0,0,0,460,754.5,16.7,28,45.1,0,512.0,
1030,young,4848,33,10,679,0,37,2,0,116,2105,446,1769,24546218,538506.2,35538,2.6,62.0,1126.0,4832881,13259.0,1048.3,1867.6,9858.6,3290,0,4872304,4096295,0,0,0,0,0,0,0,0,0,0,0,1,150.0,0,0,460,748.0,16.7,28,45.1,0,512.0,
1031,young,4465,161,8,545,0,28,2,1,106,1480,449,2036,24560114,539017.3,27430,2.0,64.0,1126.0,4837485,13263.6,1048.6,1869.0,9861.1,3290,0,4876960,4100432,0,0,0,0,0,0,0,0,0,0,0,0,150.0,0,1,459,742.7,16.7,28,45.1,0,512.0,
1032,young,4473,28,7,447,0,27,1,0,85,1806,445,1997,24578486,539529.3,28571,2.2,66.2,1126.0,4842097,13274.2,1052.1,1872.3,9864.6,3290,0,4881612,4104420,0,0,0,0,0,0,0,0,0,0,0,0,150.0,0,0,460,738.3,16.7,28,45.1,0,514.2,
1033,young,4680,19,8,275,0,17,1,0,136,2268,444,1897,24592689,540041.2,37262,2.7,68.9,1126.0,4846750,13279.7,1052.3,1873.9,9867.6,3290,0,4886325,4108579,0,0,0,0,0,0,0,0,0,0,0,0,150.0,0,0,460,732.6,16.7,28,45.1,0,516.9,
1034,young,5205,27,6,683,0,35,2,0,81,2051,447,2241,24609561,540552.8,35481,2.6,71.5,1126.0,4851436,13286.7,1052.7,1875.9,9871.8,3290,0,4891053,4112695,0,0,0,0,0,0,0,0,0,0,0,0,150.0,0,0,460,726.9,16.7,28,45.1,0,519.5,
1035,young,5624,117,8,430,0,35,2,0,114,2079,448,2750,24624458,541071.0,31865,2.3,73.8,1126.0,4856170,13290.3,1052.8,1877.4,9873.3,3290,0,4895826,4117195,0,0,0,0,0,0,0,0,0,0,0,0,150.0,0,0,460,721.0,16.7,28,45.1,0,521.8,
1036,young,5409,22,7,1014,0,30,1,0,97,1757,447,2402,24641037,541589.2,30591,2.3,76.1,1126.0,4860923,13295.1,1053.1,1878.8,9876.0,3290,0,4900633,4121457,0,0,0,0,0,0,0,0,0,0,0,1,150.0,0,0,460,714.6,16.7,28,45.1,0,524.1,
1037,young,5764,24,8,852,0,31,1,1,90,2278,449,2384,24659541,542109.7,36342,2.7,78.7,1126.0,4865723,13301.9,1054.3,1880.4,9879.6,3290,0,4905473,4125691,0,0,0,0,0,0,0,0,0,0,0,0,150.0,0,0,460,708.5,16.7,28,45.1,0,526.7,
1038,young,5466,31,8,544,0,32,2,0,105,2085,449,2561,24673456,542632.8,38255,2.8,81.6,1126.0,4870538,13305.9,1054.4,1882.2,9881.1,3290,0,4910339,4130235,0,0,0,0,0,0,0,0,0,0,0,0,150.0,0,0,460,702.2,16.7,28,45.1,0,529.6,
1039,young,5987,96,29,762,0,28,2,0,105,2246,448,2638,24688059,543158.4,38349,2.8,84.4,1126.0,4875402,13311.5,1054.6,1884.0,9884.3,3290,0,4915248,4134667,0,0,0,0,0,0,0,0,0,0,0,0,150.0,0,0,460,696.2,16.7,28,45.1,0,532.4,
1040,full-cycle,10591,22,640,0,0,0,2,0,88,1579,419,104,24707386,543692.3,165578,18.9,18.9,1126.0,4881208,13317.3,1054.8,1885.7,9887.6,3318,0,4921100,4139899,663,6324,2498,132224,21,682,106,0,0,0,1019,0,148.0,12,9,444,873.3,19.7,24,40.5,0,512.0,promoted
1041,young,3290,18,6,512,0,28,1,1,80,1956,429,631,24733593,544569.9,38817,5.4,24.3,1126.0,4887288,13324.9,1055.1,1887.5,9892.7,3342,0,4927202,4144738,0,0,0,0,0,0,0,0,0,0,0,0,148.0,0,0,465,847.1,19.7,24,39.0,0,512.0,
1042,young,3729,162,7,385,0,22,1,0,81,2105,434,871,24746526,545046.3,38087,3.3,27.6,1126.0,4891807,13330.0,1055.5,1888.8,9895.7,3352,0,4931781,4148831,0,0,0,0,0,0,0,0,0,0,0,0,148.0,0,0,465,838.8,19.7,24,38.5,0,512.0,
1043,young,2890,23,8,394,0,24,1,0,72,1401,434,897,24761084,545549.6,33022,2.8,30.3,1126.0,4896343,13336.4,1055.7,1890.4,9900.0,3360,0,4936360,4152687,0,0,0,0,0,0,0,0,0,0,0,0,148.0,0,0,465,831.6,19.7,24,38.0,0,512.0,
1044,young,3022,51,7,223,0,13,1,0,64,1698,443,920,24774174,546064.5,30915,2.4,32.7,1126.0,4900869,13339.9,1056.0,1891.7,9901.4,3362,0,4940928,4156962,0,0,0,0,0,0,0,0,0,0,0,0,148.0,0,0,465,825.3,19.7,24,37.9,0,512.0,
1045,young,3954,25,7,554,0,22,1,0,88,2127,443,1070,24788840,546574.7,38004,2.8,35.5,1126.0,4905361,13345.3,1056.2,1893.1,9905.0,3362,0,4945472,4160994,0,0,0,0,0,0,0,0,0,0,0,0,148.0,0,0,465,818.9,19.7,24,37.9,0,512.0,
1046,young,3891,28,8,312,0,28,1,0,77,2078,445,1279,24803752,547088.0,37495,2.8,38.3,1126.0,4909878,13350.7,1056.4,1894.5,9908.4,3362,0,4950038,4164949,0,0,0,0,0,0,0,0,0,0,0,0,148.0,0,0,465,811.8,19.7,24,37.9,0,512.0,
1047,young,4399,23,7,335,0,42,2,0,128,2188,445,1559,24817454,547599.3,37629,2.8,41.1,1126.0,4914445,13356.0,1056.5,1896.1,9911.5,3362,0,4954647,4169024,0,0,0,0,0,0,0,0,0,0,0,0,148.0,0,0,465,804.6,19.7,24,37.9,0,512.0,
1048,young,4163,23,8,493,0,28,1,0,81,2067,445,1406,24831845,548109.7,35491,2.6,43.6,1126.0,4918976,13361.6,1056.8,1897.5,9915.0,3362,0,4959233,4172984,0,0,0,0,0,0,0,0,0,0,0,0,148.0,0,0,465,798.9,19.7,24,37.9,0,512.0,
1049,young,4135,88,7,709,0,21,2,0,66,1754,447,1379,24848317,548621.5,30295,2.2,45.9,1126.0,4923537,13368.8,1058.8,1899.5,9917.9,3362,0,4963845,4176983,0,0,0,0,0,0,0,0,0,0,0,0,148.0,0,0,465,793.5,19.7,24,37.9,0,512.0,
1050,young,4328,33,7,390,0,28,2,0,83,1836,448,1882,24864518,549131.5,30461,2.2,48.1,1126.0,4928079,13383.9,1064.5,1904.1,9922.3,3362,0,4968441,4180837,0,0,0,0,0,0,0,0,0,0,0,0,148.0,0,0,465,788.1,19.7,24,37.9,0,512.0,
1051,young,3954,28,7,536,0,16,1,0,74,1544,451,1686,24878411,549643.9,31346,2.3,50.4,1126.0,4932630,13388.1,1064.6,1905.5,9924.5,3362,0,4973049,4184988,0,0,0,0,0,0,0,0,0,0,0,0,148.0,0,0,465,782.0,19.7,24,37.9,0,512.0,
1052,young,4379,40,7,746,0,28,1,1,76,1774,458,1619,24892518,550157.0,31577,2.3,52.7,1126.0,4937194,13393.3,1064.8,1907.3,9927.3,3362,0,4977654,4189056,0,0,0,0,0,0,0,0,0,0,0,0,148.0,0,1,464,776.1,19.7,24,37.9,0,512.0,
1053,young,4578,40,7,591,0,26,1,0,107,1732,459,1976,24910790,550671.4,24398,1.7,54.5,1126.0,4941775,13403.8,1069.9,1909.3,9930.2,3362,0,4982259,4193163,0,0,0,0,0,0,0,0,0,0,0,0,148.0,0,0,465,771.0,19.7,24,37.9,0,512.0,
1054,young,3875,20,8,451,0,21,1,1,81,1350,454,1861,24929673,551183.6,18032,1.4,55.8,1126.0,4946342,13410.8,1070.2,1911.4,9934.4,3362,0,4986875,4197049,0,0,0,0,0,0,0,0,0,0,0,0,148.0,0,0,465,766.8,19.7,24,37.9,0,512.0,
1055,young,4921,172,8,407,0,35,2,0,116,1716,454,2360,24946214,551698.4,18655,1.3,57.2,1126.0,4950931,13417.2,1071.2,1913.1,9937.3,3362,0,4991509,4201201,0,0,0,0,0,0,0,0,0,0,0,0,148.0,0,0,465,762.7,19.7,24,37.9,0,512.0,
1056,young,4419,18,7,255,0,32,2,0,111,1408,456,2516,24962698,552211.6,14629,1.1,58.3,1126.0,4955509,13422.8,1071.4,1914.7,9940.8,3362,0,4996143,4205319,0,0,0,0,0,0,0,0,0,0,0,0,148.0,0,0,465,759.0,19.7,24,37.9,0,512.0,
1057,young,4594,44,9,431,0,29,1,0,90,1778,454,2157,24979838,552725.8,27399,2.1,60.4,1126.0,4960115,13429.2,1071.7,1916.1,9945.0,3362,0,5000808,4209409,0,0,0,0,0,0,0,0,0,0,0,0,148.0,0,0,465,753.6,19.7,24,37.9,0,512.0,
1058,young,5711,31,12,536,0,20,1,1,76,2557,455,2404,24994287,553238.5,37549,2.8,63.1,1126.0,4964736,13434.9,1071.9,1917.7,9948.5,3362,0,5005477,4213470,0,0,0,0,0,0,0,0,0,0,0,0,148.0,0,0,465,747.3,19.7,24,37.9,0,512.0,
1059,young,5128,24,8,328,0,34,2,0,83,2158,456,2436,25009744,553749.5,37814,2.8,65.9,1126.0,4969381,13439.5,1072.1,1919.2,9951.1,3362,0,5010162,4217600,0,0,0,0,0,0,0,0,0,0,0,0,148.0,0,0,465,740.2,19.7,24,37.9,0,513.9,
1060,young,5617,28,9,501,0,34,2,0,111,2234,457,2656,25023014,554258.3,39388,3.2,69.1,1126.0,4974031,13444.4,1072.3,1920.8,9953.7,3368,0,5014861,4221810,0,0,0,0,0,0,0,0,0,0,0,1,148.0,0,0,465,733.6,19.7,24,37.5,0,517.1,
1061,young,5214,278,8,253,0,27,1,0,99,1878,458,2569,25038585,554770.5,32250,2.3,71.4,1126.0,4978753,13450.6,1072.8,1922.6,9957.1,3368,0,5019635,4226037,0,0,0,0,0,0,0,0,0,0,0,0,148.0,0,0,465,728.2,19.7,24,37.5,0,519.4,
1062,young,5043,22,7,542,0,30,1,0,98,1750,453,2517,25058449,555288.0,27796,2.1,73.5,1126.0,4983516,13457.3,1073.3,1924.6,9960.8,3368,0,5024455,4230356,0,0,0,0,0,0,0,0,0,0,0,0,148.0,0,0,465,722.5,19.7,24,37.5,0,521.5,
1063,young,5349,22,7,316,0,32,2,0,100,2147,454,2628,25077116,555807.4,33997,2.5,75.9,1126.0,4988318,13462.8,1073.7,1926.3,9964.0,3368,0,5029302,4234635,0,0,0,0,0,0,0,0,0,0,0,0,148.0,0,0,465,717.0,19.7,24,37.5,0,523.9,
1064,young,5872,28,7,765,0,35,1,0,87,2104,455,2769,25092316,556328.3,34158,2.5,78.5,1126.0,4993142,13468.4,1073.8,1927.8,9967.1,3368,0,5034181,4238998,0,0,0,0,0,0,0,0,0,0,0,0,148.0,0,0,465,710.7,19.7,24,37.5,0,526.5,
1065,young,4909,185,9,255,0,30,1,0,83,1831,459,2432,25123488,556696.0,30837,2.2,80.7,1126.0,4998103,13475.4,1074.1,1929.2,9972.0,3368,0,5039205,4243015,0,0,0,0,0,0,0,0,0,0,0,0,148.0,0,2,463,701.2,19.7,24,37.5,0,528.7,
1066,young,5226,19,7,314,0,32,2,0,101,2107,456,2568,25149842,557369.8,33116,2.5,83.2,1126.0,5002932,13480.7,1074.3,1930.8,9975.0,3368,0,5044090,4247324,0,0,0,0,0,0,0,0,0,0,0,0,148.0,0,0,465,695.5,19.7,24,37.5,0,531.2,
1067,full-cycle,10586,26,838,0,0,0,2,0,81,1601,430,97,25166251,557910.8,166151,18.9,18.9,1126.0,5008924,13486.2,1074.5,1932.9,9977.6,3400,0,5050127,4252763,864,6126,2247,135294,14,462,66,0,0,0,1282,0,150.0,10,15,439,868.2,16.9,24,40.4,0,512.0,promoted
1068,young,3313,32,7,309,0,34,2,0,79,2153,433,621,25194603,558773.7,38773,5.8,24.7,1126.0,5014910,13493.6,1074.7,1935.0,9982.3,3430,0,5056132,4257596,0,0,0,0,0,0,0,0,0,0,0,0,150.0,0,1,463,846.3,16.9,24,38.7,0,512.0,
1069,young,2831,24,7,217,0,27,1,0,76,1708,451,698,25208002,559248.2,38055,2.8,27.5,1126.0,5019355,13497.6,1074.9,1936.3,9984.4,3430,0,5060625,4261733,0,0,0,0,0,0,0,0,0,0,0,0,150.0,0,0,464,840.4,16.9,24,38.7,0,512.0,
1070,young,3500,23,7,258,0,25,1,0,77,2124,450,925,25222738,559762.7,37875,2.8,30.3,1126.0,5023901,13502.7,1075.1,1937.7,9987.5,3430,0,5065204,4265780,0,0,0,0,0,0,0,0,0,0,0,0,150.0,0,0,464,832.7,16.9,24,38.7,0,512.0,
1071,young,4044,531,8,527,0,29,1,0,100,1714,449,1038,25238734,560272.5,31103,2.2,32.5,1126.0,5028446,13509.2,1076.0,1939.8,9990.7,3430,0,5069801,4269826,0,0,0,0,0,0,0,0,0,0,0,0,150.0,0,1,463,825.2,16.9,24,38.7,0,512.0,
1072,young,3963,55,8,1001,0,28,2,0,113,1508,449,1154,25257951,560785.3,22587,1.7,34.2,1126.0,5033017,13521.8,1081.6,1941.5,9995.5,3430,0,5074406,4273985,0,0,0,0,0,0,0,0,0,0,0,0,150.0,0,0,464,819.1,16.9,24,38.7,0,512.0,
1073,young,3393,88,7,426,0,24,1,0,76,1534,450,1161,25275065,561296.4,26986,2.1,36.3,1126.0,5037492,13528.1,1082.3,1943.2,9999.1,3432,0,5078935,4277830,0,0,0,0,0,0,0,0,0,0,0,0,150.0,0,1,463,813.4,16.9,24,38.5,0,512.0,
1074,young,3612,17,6,216,0,26,1,0,77,1997,452,1214,25292278,561809.5,33636,2.5,38.8,1126.0,5041978,13534.4,1082.4,1944.5,10003.5,3432,0,5083461,4281621,0,0,0,0,0,0,0,0,0,0,0,0,150.0,0,0,464,808.4,16.9,24,38.5,0,512.0,
1075,young,4004,24,6,422,0,28,2,0,99,1994,453,1376,25308933,562322.5,37908,2.9,41.6,1126.0,5046499,13539.3,1082.6,1946.1,10006.3,3434,0,5088041,4285787,0,0,0,0,0,0,0,0,0,0,0,0,150.0,0,0,464,801.5,16.9,24,38.4,0,512.0,
1076,young,3925,17,5,257,0,22,1,0,78,1924,453,1543,25326806,562832.9,37264,2.9,44.6,1126.0,5051047,13543.6,1083.0,1947.5,10008.5,3438,0,5092632,4289955,0,0,0,0,0,0,0,0,0,0,0,0,150.0,0,0,464,794.7,16.9,24,38.2,0,512.0,
1077,young,4211,31,8,294,0,29,1,0,78,2082,449,1628,25340059,563344.1,38042,3.1,47.6,1126.0,5055635,13547.5,1083.2,1948.9,10010.3,3444,0,5097289,4294211,0,0,0,0,0,0,0,0,0,0,0,0,150.0,0,0,464,787.3,16.9,24,37.8,0,512.0,
1078,young,4586,19,6,578,0,30,1,0,86,1816,449,1972,25354638,563854.0,35188,2.6,50.2,1126.0,5060193,13552.9,1083.3,1950.4,10013.7,3444,0,5101902,4298192,0,0,0,0,0,0,0,0,0,0,0,0,150.0,0,2,462,780.8,16.9,24,37.8,0,512.0,
1079,young,4509,29,8,334,0,28,2,0,78,2097,449,1854,25369492,564366.1,34143,2.5,52.7,1126.0,5064778,13558.5,1083.6,1951.7,10017.1,3444,0,5106531,4302170,0,0,0,0,0,0,0,0,0,0,0,0,150.0,0,0,464,775.5,16.9,24,37.8,0,512.0,
1080,young,4917,24,8,468,0,26,1,0,78,1957,451,2269,25384824,564877.4,36592,2.8,55.5,1126.0,5069360,13562.8,1083.8,1953.3,10019.1,3446,0,5111183,4306321,0,0,0,0,0,0,0,0,0,0,0,0,150.0,0,0,464,769.6,16.9,24,37.7,0,512.0,
1081,young,5748,42,6,1100,0,30,1,0,106,1873,447,2464,25405063,565389.2,33889,2.5,58.0,1126.0,5073996,13569.1,1084.1,1955.5,10022.5,3446,0,5115866,4310265,0,0,0,0,0,0,0,0,0,0,0,0,150.0,0,0,464,763.8,16.9,24,37.7,0,512.0,
1082,young,4355,40,7,426,0,27,1,0,76,1723,446,1988,25423388,565901.2,27966,2.2,60.2,1126.0,5078655,13574.0,1084.2,1957.2,10025.2,3450,0,5120593,4314460,0,0,0,0,0,0,0,0,0,0,0,0,150.0,0,0,464,757.6,16.9,24,37.5,0,512.0,
1083,young,4518,24,8,614,0,26,2,0,96,1632,444,2045,25444822,566412.1,27553,2.1,62.3,1126.0,5083317,13578.7,1084.4,1958.5,10028.1,3450,0,5125306,4318702,0,0,0,0,0,0,0,0,0,0,0,0,150.0,0,0,464,751.1,16.9,24,37.5,0,512.0,
1084,young,4736,16,6,374,0,30,1,0,80,2101,444,2046,25461743,566919.6,36443,2.8,65.1,1126.0,5088033,13584.3,1084.6,1960.8,10030.8,3452,0,5130080,4323001,0,0,0,0,0,0,0,0,0,0,0,0,150.0,0,0,464,743.3,16.9,24,37.4,0,513.1,
1085,young,4818,24,7,341,0,24,2,0,94,1817,445,2433,25478557,567431.8,37234,2.7,67.8,1126.0,5092719,13589.4,1084.9,1962.3,10033.8,3452,0,5134826,4327252,0,0,0,0,0,0,0,0,0,0,0,0,150.0,0,0,464,737.2,16.9,24,37.4,0,515.8,
1086,young,5680,60,7,622,0,30,2,0,111,2164,449,2625,25491373,567943.5,38847,2.8,70.7,1126.0,5097404,13593.9,1085.4,1964.2,10035.4,3452,0,5139560,4331631,0,0,0,0,0,0,0,0,0,0,0,0,150.0,0,0,464,731.3,16.9,24,37.4,0,518.7,
1087,young,5569,174,7,663,0,34,2,0,127,1887,450,2543,25513842,568458.2,29393,2.1,72.7,1126.0,5102139,13598.4,1085.8,1965.9,10037.5,3452,0,5144351,4335979,0,0,0,0,0,0,0,0,0,0,0,0,150.0,0,0,464,725.5,16.9,24,37.4,0,520.7,
1088,young,5071,48,6,607,0,29,1,0,108,1497,451,2684,25533463,568972.7,20774,1.6,74.3,1126.0,5106919,13605.1,1086.1,1967.9,10041.5,3452,0,5149183,4340061,0,0,0,0,0,0,0,0,0,0,0,0,150.0,0,0,464,721.0,16.9,24,37.4,0,522.3,
1089,young,5181,17,6,716,0,28,1,1,71,1864,449,2395,25557259,569496.4,30620,2.3,76.6,1126.0,5111737,13612.4,1086.3,1969.9,10046.0,3452,0,5154062,4344186,0,0,0,0,0,0,0,0,0,0,0,0,150.0,0,0,464,715.5,16.9,24,37.4,0,524.6,
1090,young,6030,31,8,743,0,34,2,0,81,2296,445,2748,25575173,570016.1,36209,2.7,79.2,1126.0,5116596,13619.2,1088.5,1971.6,10048.4,3452,0,5158975,4348607,0,0,0,0,0,0,0,0,0,0,0,0,150.0,0,0,464,708.6,16.9,24,37.4,0,527.2,
1091,young,5748,18,6,442,0,33,1,0,107,2156,446,2911,25590116,570538.9,35360,2.6,81.8,1126.0,5121492,13623.8,1088.8,1973.1,10050.6,3452,0,5163907,4353086,0,0,0,0,0,0,0,0,0,0,0,0,150.0,0,0,464,702.4,16.9,24,37.4,0,529.8,
1092,young,5768,20,6,146,0,28,2,0,97,2449,446,2973,25607836,571064.3,38123,2.8,84.6,1126.0,5126411,13629.2,1089.1,1974.6,10053.7,3452,0,5168884,4357561,0,0,0,0,0,0,0,0,0,0,0,0,150.0,0,0,464,696.7,16.9,24,37.4,0,532.6,
1093,full-cycle,16823,64,1075,0,0,0,2,0,92,1816,467,107,25633856,571631.5,171643,19.3,19.3,1126.0,5133658,13637.6,1089.6,1977.3,10058.3,3473,0,5175509,4364085,1138,11326,2559,134773,63,454,111,0,0,0,1718,0,74.0,16,17,469,928.4,16.4,24,41.0,0,512.0,promoted
1094,young,3035,32,6,484,0,27,1,0,82,1772,467,546,25666778,572565.0,30658,5.2,24.5,1126.0,5139001,13649.6,1090.7,1979.0,10066.7,3512,0,5180872,4367694,0,0,0,0,0,0,0,0,0,0,0,0,90.0,0,1,493,924.2,7.0,24,38.7,0,512.0,
1095,young,3251,78,5,391,0,32,2,0,107,1919,464,644,25687840,573055.2,34993,3.0,27.5,1126.0,5143444,13653.8,1090.9,1980.4,10068.9,3522,0,5185371,4371762,0,0,0,0,0,0,0,0,0,0,0,0,90.0,0,0,494,917.7,7.0,24,38.1,0,512.0,
1096,young,3601,162,8,809,0,32,2,0,84,1751,475,680,25715637,573460.8,31593,2.4,29.9,1126.0,5148051,13659.8,1091.0,1982.3,10072.4,3524,0,5190028,4375748,0,0,0,0,0,0,0,0,0,0,0,0,90.0,0,0,494,908.3,7.0,24,38.0,0,512.0,
1097,young,3120,401,6,342,0,28,2,0,100,1269,479,860,25743778,574022.2,24758,2.0,31.9,1126.0,5152426,13668.9,1093.0,1984.2,10076.9,3528,0,5194450,4379541,0,0,0,0,0,0,0,0,0,0,0,0,90.0,0,0,494,902.4,7.0,24,37.8,0,512.0,
1098,young,2621,23,8,293,0,22,1,0,73,1312,468,797,25762546,574587.8,18668,1.5,33.4,1126.0,5156836,13675.1,1093.3,1985.8,10080.7,3530,0,5198949,4383464,0,0,0,0,0,0,0,0,0,0,0,0,90.0,0,0,494,897.7,7.0,24,37.6,0,512.0,
1099,young,3251,24,9,494,0,28,2,0,99,1629,469,892,25785040,575101.7,28567,2.2,35.5,1126.0,5161276,13680.2,1093.5,1987.3,10083.8,3530,0,5203444,4387399,0,0,0,0,0,0,0,0,0,0,0,0,90.0,0,0,494,892.3,7.0,24,37.6,0,512.0,
1100,young,3804,26,8,495,0,31,2,0,97,2034,466,1046,25799327,575618.2,37353,2.7,38.3,1126.0,5165697,13685.6,1093.7,1988.7,10087.0,3530,0,5207924,4391451,0,0,0,0,0,0,0,0,0,0,0,0,90.0,0,0,494,886.3,7.0,24,37.6,0,512.0,
1101,young,4086,151,6,422,0,32,2,0,78,1937,468,1373,25813213,576131.2,32851,2.5,40.8,1126.0,5170153,13690.1,1093.9,1990.1,10089.6,3532,0,5212433,4395460,0,0,0,0,0,0,0,0,0,0,0,0,90.0,0,0,494,880.1,7.0,24,37.5,0,512.0,
1102,young,3639,14,5,204,0,32,2,0,103,2000,463,1251,25830258,576642.3,33012,2.6,43.3,1126.0,5174777,13696.2,1094.4,1992.6,10092.4,3534,0,5217117,4399602,0,0,0,0,0,0,0,0,0,0,0,0,90.0,0,0,494,872.3,7.0,24,37.4,0,512.0,
1103,young,4483,147,5,407,0,19,2,0,105,2258,462,1446,25846580,577151.7,33776,2.4,45.8,1126.0,5179279,13706.6,1097.6,1996.4,10095.5,3534,0,5221656,4403543,0,0,0,0,0,0,0,0,0,0,0,0,90.0,0,1,493,866.6,7.0,24,37.4,0,512.0,
1104,young,3762,29,7,373,0,17,1,0,88,1674,468,1467,25863045,577661.8,28042,2.1,47.8,1126.0,5184049,13712.2,1097.7,1998.0,10098.9,3534,0,5226463,4407805,0,0,0,0,0,0,0,0,0,0,0,0,90.0,0,0,494,858.3,7.0,24,37.4,0,512.0,
1105,young,3996,41,6,302,0,25,1,0,93,1949,465,1495,25879595,578173.7,34247,2.5,50.4,1126.0,5188582,13717.6,1097.9,1999.2,10102.4,3534,0,5231056,4411754,0,0,0,0,0,0,0,0,0,0,0,0,90.0,0,0,494,852.4,7.0,24,37.4,0,512.0,
1106,young,4107,23,8,354,0,26,2,0,82,1849,471,1689,25894090,578685.4,32795,2.4,52.7,1126.0,5193119,13722.3,1098.7,2001.3,10103.7,3534,0,5235650,4416042,0,0,0,0,0,0,0,0,0,0,0,1,90.0,0,0,494,846.4,7.0,24,37.4,0,512.0,
1107,young,4482,97,6,775,0,29,2,0,106,1722,475,1675,25910456,579196.2,27000,2.0,54.7,1126.0,5197661,13726.5,1099.0,2003.1,10105.3,3534,0,5240243,4420278,0,0,0,0,0,0,0,0,0,0,0,0,90.0,0,1,493,841.2,7.0,24,37.4,0,512.0,
1108,young,4412,160,9,558,0,40,2,0,106,1553,480,1892,25929996,579709.1,30696,2.3,57.0,1126.0,5202218,13732.1,1099.3,2004.7,10108.6,3534,0,5244853,4424262,0,0,0,0,0,0,0,0,0,0,0,0,90.0,0,2,492,835.4,7.0,24,37.4,0,512.0,
1109,young,4366,24,8,450,0,29,1,0,104,1776,474,1892,25941980,580221.6,33619,2.5,59.5,1126.0,5206786,13736.0,1099.5,2006.1,10110.4,3534,0,5249467,4428498,0,0,0,0,0,0,0,0,0,0,0,0,90.0,0,0,494,829.6,7.0,24,37.4,0,512.0,
1110,young,4556,52,7,488,0,29,1,0,96,1923,475,1869,25955152,580732.7,33848,2.5,62.0,1126.0,5211373,13740.6,1099.7,2007.6,10112.9,3534,0,5254105,4432636,0,0,0,0,0,0,0,0,0,0,0,0,90.0,0,0,494,823.2,7.0,24,37.4,0,512.0,
1111,young,4782,24,8,516,0,27,1,0,76,1891,476,2145,25968918,581243.8,36601,2.7,64.7,1126.0,5215986,13744.5,1099.8,2009.0,10114.9,3534,0,5258772,4436945,0,0,0,0,0,0,0,0,0,0,0,0,90.0,0,0,494,816.6,7.0,24,37.4,0,512.7,
1112,young,5023,23,8,416,0,21,1,0,83,2162,478,2234,25983038,581754.1,36609,2.7,67.4,1126.0,5220606,13749.7,1100.2,2010.4,10117.9,3534,0,5263449,4441090,0,0,0,0,0,0,0,0,0,0,0,0,90.0,0,1,493,809.3,7.0,24,37.4,0,515.4,
1113,young,5156,34,7,550,0,33,1,0,82,2320,475,2062,25996140,582265.9,37944,2.8,70.2,1126.0,5225250,13755.2,1100.5,2013.3,10119.7,3534,0,5268131,4445408,0,0,0,0,0,0,0,0,0,0,0,0,90.0,0,0,494,803.6,7.0,24,37.4,0,518.2,
1114,young,4945,42,5,399,0,33,2,0,80,2185,477,2131,26009734,582780.8,37497,2.7,72.9,1126.0,5229947,13759.7,1100.7,2014.6,10122.3,3534,0,5272873,4449683,0,0,0,0,0,0,0,0,0,0,0,0,90.0,0,1,493,796.9,7.0,24,37.4,0,520.9,
1115,young,5362,25,7,451,0,24,1,0,96,2261,475,2422,26024516,583293.5,35318,2.6,75.5,1126.0,5234664,13764.1,1100.9,2015.9,10124.7,3534,0,5277631,4454011,0,0,0,0,0,0,0,0,0,0,0,0,90.0,0,0,494,791.0,7.0,24,37.4,0,523.5,
1116,young,5622,67,6,281,0,28,1,1,93,2323,471,2769,26054268,583706.3,36006,2.7,78.2,1126.0,5239428,13770.2,1101.1,2017.5,10128.6,3534,0,5282451,4457923,0,0,0,0,0,0,0,0,0,0,0,0,90.0,0,0,494,784.7,7.0,24,37.4,0,526.2,
1117,young,5529,26,8,715,0,33,2,0,110,1971,469,2593,26081746,584341.4,32828,2.4,80.5,1126.0,5244217,13779.5,1101.7,2022.3,10132.0,3534,0,5287295,4462101,0,0,0,0,0,0,0,0,0,0,0,0,90.0,0,0,494,779.0,7.0,24,37.4,0,528.5,
1118,young,5212,75,6,879,0,24,1,0,75,1588,464,2473,26099842,584866.2,28017,2.1,82.6,1126.0,5249042,13784.0,1101.9,2023.8,10134.5,3534,0,5292160,4466517,0,0,0,0,0,0,0,0,0,0,0,0,90.0,0,0,494,774.1,7.0,24,37.4,0,530.6,
1119,young,5144,32,9,382,0,29,1,0,78,2070,465,2478,26115148,585393.7,36561,2.7,85.3,1126.0,5253909,13789.6,1102.1,2025.5,10137.7,3534,0,5297083,4470863,0,0,0,0,0,0,0,0,0,0,0,0,90.0,0,2,492,767.3,7.0,24,37.4,0,533.3,
1120,full-cycle,11200,18,911,0,0,0,1,1,82,1798,444,99,26138089,585932.9,165123,18.8,18.8,1126.0,5260043,13795.4,1102.5,2027.4,10140.6,3566,0,5303258,4476413,929,6649,2364,131599,17,290,154,0,0,0,1194,0,118.0,14,10,452,888.5,22.5,28,48.2,0,512.0,promoted
1121,young,3159,291,7,307,0,39,2,0,112,1774,444,550,26167585,586711.0,30356,5.1,24.0,1126.0,5265802,13806.5,1104.9,2030.2,10145.6,3596,0,5309029,4480771,0,0,0,0,0,0,0,0,0,0,0,0,120.0,0,0,475,870.7,21.5,28,46.5,0,512.0,
1122,young,2595,15,5,256,0,20,1,0,76,1536,446,635,26192708,587317.3,27027,2.1,26.1,1126.0,5270550,13814.7,1105.2,2031.8,10151.5,3596,0,5313823,4484856,0,0,0,0,0,0,0,0,0,0,0,0,120.0,0,0,475,860.9,21.5,28,46.5,0,512.0,
1123,young,3653,280,5,443,0,21,2,0,68,2023,449,736,26211969,587827.0,38360,2.9,29.0,1126.0,5275023,13818.8,1105.5,2033.1,10153.7,3598,0,5318350,4488923,0,0,0,0,0,0,0,0,0,0,0,0,120.0,0,1,474,854.0,21.5,28,46.4,0,512.0,
1124,young,3601,47,7,450,0,28,1,0,86,2000,446,917,26227296,588332.8,37132,3.0,32.0,1126.0,5279495,13825.5,1106.1,2034.6,10157.9,3604,0,5322875,4492845,0,0,0,0,0,0,0,0,0,0,0,0,120.0,0,1,474,848.0,21.5,28,46.0,0,512.0,
1125,young,3608,51,7,416,0,22,2,0,81,2042,448,901,26242769,588847.0,37315,2.9,34.9,1126.0,5284060,13830.5,1106.3,2036.1,10160.8,3608,0,5327485,4496937,0,0,0,0,0,0,0,0,0,0,0,0,120.0,0,0,475,840.3,21.5,28,45.8,0,512.0,
1126,young,3756,16,6,330,0,22,2,0,78,2183,450,1034,26257907,589359.4,38491,3.0,37.9,1126.0,5288576,13835.4,1106.6,2037.6,10163.5,3612,0,5332059,4501124,0,0,0,0,0,0,0,0,0,0,0,0,120.0,0,1,474,832.4,21.5,28,45.5,0,512.0,
1127,young,3710,26,8,225,0,30,1,0,78,2054,451,1198,26276457,589867.4,38377,2.8,40.8,1126.0,5293113,13840.4,1106.9,2039.0,10166.3,3612,0,5336646,4505249,0,0,0,0,0,0,0,0,0,0,0,0,120.0,0,0,475,826.5,21.5,28,45.5,0,512.0,
1128,young,3484,24,8,238,0,28,1,0,100,1714,448,1323,26291434,590381.7,34371,2.5,43.2,1126.0,5297727,13844.4,1107.1,2040.4,10168.4,3612,0,5341324,4509512,0,0,0,0,0,0,0,0,0,0,0,0,120.0,0,1,474,819.0,21.5,28,45.5,0,512.0,
1129,young,4330,157,9,603,0,20,1,0,93,1852,446,1491,26306780,590894.9,30138,2.2,45.5,1126.0,5302257,13849.8,1107.5,2042.2,10170.9,3612,0,5345915,4513658,0,0,0,0,0,0,0,0,0,0,0,0,120.0,0,0,475,814.4,21.5,28,45.5,0,512.0,
1130,young,4089,32,8,588,0,29,2,0,109,1733,449,1505,26321657,591402.0,31226,2.3,47.7,1126.0,5306804,13854.9,1107.7,2043.8,10173.8,3612,0,5350522,4517710,0,0,0,0,0,0,0,0,0,0,0,0,120.0,0,0,475,809.1,21.5,28,45.5,0,512.0,
1131,young,4094,19,7,420,0,22,1,0,66,2039,448,1470,26336915,591917.5,32869,2.5,50.2,1126.0,5311355,13859.9,1107.9,2045.2,10176.7,3612,0,5355136,4521826,0,0,0,0,0,0,0,0,0,0,0,0,120.0,0,2,473,803.1,21.5,28,45.5,0,512.0,
1132,young,4607,32,9,443,0,24,1,0,83,2139,450,1825,26351765,592430.7,38170,2.8,53.0,1126.0,5315936,13864.6,1108.2,2046.7,10179.0,3612,0,5359761,4526001,0,0,0,0,0,0,0,0,0,0,0,0,120.0,0,0,475,797.5,21.5,28,45.5,0,512.0,
1133,young,4860,276,7,556,0,19,1,0,79,1831,452,2013,26366454,592941.7,30039,2.1,55.1,1126.0,5320560,13867.6,1108.4,2047.9,10180.1,3612,0,5364434,4530443,0,0,0,0,0,0,0,0,0,0,0,1,120.0,0,0,475,791.5,21.5,28,45.5,0,512.0,
1134,young,4537,23,9,432,0,22,2,0,92,1921,454,2000,26382064,593453.1,27557,2.1,57.2,1126.0,5325173,13874.2,1109.0,2050.0,10183.6,3612,0,5369096,4534551,0,0,0,0,0,0,0,0,0,0,0,0,120.0,0,0,475,786.1,21.5,28,45.5,0,512.0,
1135,young,4810,39,8,328,0,31,1,0,82,2215,456,2039,26400298,593964.6,37630,2.8,60.0,1126.0,5329785,13878.6,1109.2,2051.2,10186.2,3612,0,5373768,4538663,0,0,0,0,0,0,0,0,0,0,0,0,120.0,0,1,474,779.4,21.5,28,45.5,0,512.0,
1136,young,4351,108,9,542,0,18,1,0,71,1602,457,1924,26421402,594428.4,32012,2.3,62.3,1126.0,5334365,13900.1,1116.9,2060.8,10190.0,3612,0,5378400,4542686,0,0,0,0,0,0,0,0,0,0,0,0,120.0,0,0,475,774.2,21.5,28,45.5,0,512.0,
1137,young,4515,18,6,292,0,26,2,0,74,2093,453,1924,26439752,594988.7,31749,2.4,64.7,1126.0,5339016,13906.6,1118.7,2062.6,10192.5,3612,0,5383093,4546976,0,0,0,0,0,0,0,0,0,0,0,0,120.0,0,0,475,767.9,21.5,28,45.5,0,512.7,
1138,young,4744,20,14,238,0,31,2,0,102,2182,451,2107,26452824,595501.0,38115,2.8,67.5,1126.0,5343665,13909.8,1118.9,2063.9,10193.9,3612,0,5387792,4551349,0,0,0,0,0,0,0,0,0,0,0,0,120.0,0,0,475,761.6,21.5,28,45.5,0,515.5,
1139,young,4920,48,8,468,0,16,1,0,73,2107,457,2155,26471129,596011.9,38816,2.9,70.3,1126.0,5348355,13914.2,1119.1,2065.6,10196.1,3612,0,5392524,4555523,0,0,0,0,0,0,0,0,0,0,0,0,120.0,0,0,475,755.5,21.5,28,45.5,0,518.3,
1140,young,4919,67,7,418,0,29,2,0,106,1979,458,2214,26486449,596526.4,32338,2.3,72.6,1126.0,5353078,13919.4,1119.3,2067.2,10198.6,3612,0,5397294,4559891,0,0,0,0,0,0,0,0,0,0,0,0,120.0,0,0,475,749.7,21.5,28,45.5,0,520.6,
1141,young,4844,31,7,389,0,18,1,0,78,1807,457,2393,26507963,597044.2,26438,2.0,74.6,1126.0,5357834,13927.4,1119.5,2068.6,10204.0,3612,0,5402096,4564028,0,0,0,0,0,0,0,0,0,0,0,0,120.0,0,0,475,744.6,21.5,28,45.5,0,522.6,
1142,young,5391,31,8,662,0,29,1,0,88,1999,456,2479,26522259,597565.3,35105,2.6,77.2,1126.0,5362637,13932.8,1120.0,2070.5,10206.4,3612,0,5406943,4568338,0,0,0,0,0,0,0,0,0,0,0,0,120.0,0,0,475,738.4,21.5,28,45.5,0,525.2,
1143,young,4695,33,8,536,0,22,1,0,72,1308,458,2666,26535974,598086.9,26833,1.9,79.1,1126.0,5367442,13937.7,1120.2,2072.2,10208.8,3612,0,5411816,4572802,0,0,0,0,0,0,0,0,0,0,0,0,120.0,0,2,473,732.2,21.5,28,45.5,0,527.1,
1144,young,4715,34,9,647,0,28,1,0,91,1206,459,2617,26552022,598611.5,15435,1.2,80.3,1126.0,5372295,13945.2,1121.0,2073.8,10213.6,3612,0,5416719,4577064,0,0,0,0,0,0,0,0,0,0,0,0,120.0,0,0,475,728.8,21.5,28,45.5,0,528.3,
1145,young,5377,29,8,728,0,28,1,0,99,1706,459,2678,26571335,599139.7,25402,1.9,82.2,1126.0,5377180,13951.4,1121.2,2075.4,10217.6,3612,0,5421656,4581390,0,0,0,0,0,0,0,0,0,0,0,0,120.0,0,2,473,722.7,21.5,28,45.5,0,530.2,
1146,young,4556,24,7,340,0,26,1,0,73,1588,456,2425,26585105,599667.0,33651,2.5,84.7,1126.0,5382110,13954.9,1121.4,2076.8,10218.9,3612,0,5426628,4586053,0,0,0,0,0,0,0,0,0,0,0,0,120.0,0,0,475,717.7,21.5,28,45.5,0,532.7,
1147,full-cycle,11268,44,714,0,0,0,2,0,85,1596,429,102,26602218,600244.1,161506,18.2,18.2,1126.0,5388626,13963.8,1123.0,2079.1,10223.4,3634,0,5433158,4591625,757,6244,2222,133133,32,398,86,0,0,0,1973,0,122.0,13,28,430,846.5,17.6,31,55.1,0,512.0,promoted
1148,young,3318,17,6,326,0,36,2,0,108,2072,438,694,26625563,601085.3,32625,5.0,23.3,1126.0,5394180,13969.1,1123.3,2080.6,10226.2,3666,0,5438730,4596367,0,0,0,0,0,0,0,0,0,0,0,0,124.0,0,1,469,859.3,16.5,31,53.2,0,512.0,
1149,young,3426,95,27,386,0,29,2,0,96,1997,443,741,26639822,601560.7,36830,2.9,26.2,1126.0,5398628,13974.8,1124.4,2082.0,10229.0,3670,0,5443234,4600447,0,0,0,0,0,0,0,0,0,0,0,0,124.0,0,0,470,854.3,16.5,31,53.0,0,512.0,
1150,young,3406,25,6,423,0,117,1,1,106,1825,442,846,26654931,602070.7,34052,2.5,28.6,1126.0,5403138,13979.7,1124.6,2083.2,10231.9,3670,0,5447798,4604515,0,0,0,0,0,0,0,0,0,0,0,1,124.0,0,0,470,847.8,16.5,31,53.0,0,512.0,
1151,young,3314,16,6,342,0,21,1,0,81,1802,444,973,26669641,602578.8,29347,2.2,30.8,1126.0,5407623,13985.8,1124.9,2084.8,10235.9,3670,0,5452329,4608366,0,0,0,0,0,0,0,0,0,0,0,0,124.0,0,0,470,842.5,16.5,31,53.0,0,512.0,
1152,young,3394,26,6,377,0,30,2,0,100,1754,445,1015,26686086,603092.6,32939,2.4,33.2,1126.0,5412114,13992.6,1125.0,2086.1,10240.5,3670,0,5456865,4612075,0,0,0,0,0,0,0,0,0,0,0,0,124.0,0,0,470,837.2,16.5,31,53.0,0,512.0,
1153,young,3555,36,8,255,0,16,1,0,69,1998,442,1068,26700197,603605.1,34572,2.5,35.8,1126.0,5416634,13998.5,1125.2,2087.5,10244.4,3670,0,5461438,4615967,0,0,0,0,0,0,0,0,0,0,0,0,124.0,0,0,470,831.4,16.5,31,53.0,0,512.0,
1154,young,4097,24,6,501,0,30,1,0,79,2073,439,1325,26716085,604115.5,36415,2.7,38.5,1126.0,5421254,14003.7,1125.6,2088.9,10247.4,3670,0,5466105,4620064,0,0,0,0,0,0,0,0,0,0,0,0,124.0,0,0,470,824.0,16.5,31,53.0,0,512.0,
1155,young,4095,24,6,324,0,27,2,0,76,1896,440,1678,26731178,604625.2,37921,2.8,41.3,1126.0,5425872,14008.6,1125.8,2090.2,10250.4,3670,0,5470755,4624176,0,0,0,0,0,0,0,0,0,0,0,0,124.0,0,0,470,816.4,16.5,31,53.0,0,512.0,
1156,young,4210,148,9,578,0,30,1,0,82,1801,448,1488,26752648,605134.3,31805,2.3,43.5,1126.0,5430414,14012.8,1126.5,2091.7,10252.0,3670,0,5475344,4628504,0,0,0,0,0,0,0,0,0,0,0,0,124.0,0,0,470,810.5,16.5,31,53.0,0,512.0,
1157,young,3953,27,8,422,0,28,1,0,73,1633,447,1676,26768656,605644.9,25664,1.9,45.4,1126.0,5435058,14017.9,1126.9,2093.1,10254.8,3670,0,5480032,4632656,0,0,0,0,0,0,0,0,0,0,0,0,124.0,0,0,470,803.7,16.5,31,53.0,0,512.0,
1158,young,4418,16,6,246,0,30,2,1,83,2126,450,1808,26790018,606153.3,32942,2.4,47.9,1126.0,5439599,14022.7,1127.1,2094.4,10257.7,3670,0,5484621,4636670,0,0,0,0,0,0,0,0,0,0,0,0,124.0,0,0,470,798.4,16.5,31,53.0,0,512.0,
1159,young,5027,28,8,649,0,31,2,0,106,2377,449,1745,26809265,606668.6,38211,2.8,50.7,1126.0,5444151,14028.2,1127.3,2096.3,10260.9,3670,0,5489220,4640664,0,0,0,0,0,0,0,0,0,0,0,0,124.0,0,0,470,792.4,16.5,31,53.0,0,512.0,
1160,young,4848,20,7,296,0,34,1,1,112,2364,450,1934,26822840,607179.2,37574,2.7,53.5,1126.0,5448724,14034.1,1127.7,2097.9,10264.3,3670,0,5493847,4644791,0,0,0,0,0,0,0,0,0,0,0,0,124.0,0,0,470,786.4,16.5,31,53.0,0,512.0,
1161,young,4405,31,7,644,0,29,1,1,80,1722,447,1777,26839587,607690.3,31030,2.2,55.7,1126.0,5453295,14039.8,1127.9,2099.5,10267.7,3670,0,5498479,4648716,0,0,0,0,0,0,0,0,0,0,0,0,124.0,0,0,470,780.5,16.5,31,53.0,0,512.0,
1162,young,4028,22,8,169,0,21,1,0,78,1789,444,1908,26856434,608202.1,30556,2.8,58.5,1126.0,5457910,14045.1,1128.5,2100.9,10270.6,3680,0,5503155,4653041,0,0,0,0,0,0,0,0,0,0,0,1,124.0,0,0,470,774.9,16.5,31,52.4,0,512.0,
1163,young,4611,156,7,431,0,21,1,0,78,1961,454,1893,26882766,608579.1,35823,2.8,61.3,1126.0,5462542,14054.7,1129.0,2104.5,10275.8,3684,0,5507847,4656558,0,0,0,0,0,0,0,0,0,0,0,1,124.0,0,0,470,768.3,16.5,31,52.2,0,512.0,
1164,young,3771,105,9,334,0,25,1,1,94,1428,455,1709,26909795,609185.6,29406,2.1,63.4,1126.0,5467144,14061.3,1129.3,2106.0,10280.0,3684,0,5512501,4660494,0,0,0,0,0,0,0,0,0,0,0,0,124.0,0,0,470,763.2,16.5,31,52.2,0,512.0,
1165,young,4534,54,16,706,0,29,2,0,103,1608,453,1924,26924404,609728.9,26144,1.9,65.3,1126.0,5471775,14066.5,1129.5,2107.4,10283.1,3684,0,5517190,4664581,0,0,0,0,0,0,0,0,0,0,0,0,124.0,0,0,470,757.0,16.5,31,52.2,0,513.3,
1166,young,4436,26,7,604,0,29,2,0,128,1669,455,1909,26946304,610241.1,26917,2.0,67.3,1126.0,5476383,14072.3,1131.3,2108.9,10285.3,3684,0,5521871,4668782,0,0,0,0,0,0,0,0,0,0,0,0,124.0,0,2,468,751.1,16.5,31,52.2,0,515.3,
1167,young,4242,24,6,429,0,20,1,0,71,1660,454,1933,26961646,610754.7,29410,2.2,69.5,1126.0,5481043,14077.8,1131.8,2110.4,10288.4,3684,0,5526577,4672899,0,0,0,0,0,0,0,0,0,0,0,0,124.0,0,0,470,746.1,16.5,31,52.2,0,517.5,
1168,young,4763,25,7,429,0,21,1,1,78,1870,450,2250,26974267,611270.1,31911,2.4,71.8,1126.0,5485734,14081.2,1131.9,2111.7,10289.9,3684,0,5531326,4677337,0,0,0,0,0,0,0,0,0,0,0,0,124.0,0,0,470,739.8,16.5,31,52.2,0,519.8,
1169,young,4831,16,20,361,0,19,1,0,77,1981,454,2279,26991872,611787.8,33872,2.5,74.3,1126.0,5490463,14086.6,1132.1,2113.3,10293.1,3684,0,5536100,4681418,0,0,0,0,0,0,0,0,0,0,0,0,124.0,0,0,470,734.3,16.5,31,52.2,0,522.3,
1170,young,5051,24,7,490,0,28,1,0,73,1980,453,2359,27005860,612305.7,34751,2.6,76.9,1126.0,5495226,14091.9,1132.3,2114.9,10296.2,3684,0,5540916,4685659,0,0,0,0,0,0,0,0,0,0,0,0,124.0,0,0,470,728.3,16.5,31,52.2,0,524.9,
1171,young,5198,26,7,362,0,28,1,0,81,2209,455,2409,27021066,612829.2,38175,2.8,79.7,1126.0,5500051,14096.6,1132.5,2116.5,10298.6,3684,0,5545790,4689996,0,0,0,0,0,0,0,0,0,0,0,0,124.0,0,0,470,722.1,16.5,31,52.2,0,527.7,
1172,young,5154,32,7,594,0,18,1,0,69,1609,457,2766,27035698,613353.1,37121,2.7,82.4,1126.0,5504912,14101.6,1132.7,2117.9,10301.6,3684,0,5550708,4694448,0,0,0,0,0,0,0,0,0,0,0,0,124.0,0,0,470,715.9,16.5,31,52.2,0,530.4,
1173,full-cycle,11092,19,1187,0,0,0,2,0,104,1656,430,122,27052276,613909.5,169890,19.0,19.0,1126.0,5511148,14107.6,1133.6,2119.8,10304.3,3713,0,5556994,4700039,1206,6100,1980,141412,18,148,28,0,0,0,1783,0,132.0,11,20,433,850.5,19.1,33,58.6,0,512.0,promoted
1174,young,3176,23,8,211,0,25,2,0,108,2090,425,660,27076733,614751.1,39420,6.1,25.1,1126.0,5517010,14115.3,1133.9,2121.7,10309.3,3751,0,5562887,4704967,0,0,0,0,0,0,0,0,0,0,0,0,132.0,0,0,464,844.0,19.1,33,56.4,0,512.0,
1175,young,3508,120,8,476,0,26,2,0,93,1763,439,910,27088902,615221.8,30964,2.2,27.3,1126.0,5521460,14119.9,1134.1,2123.2,10311.8,3751,0,5567394,4708993,0,0,0,0,0,0,0,0,0,0,0,0,132.0,0,0,464,838.3,19.1,33,56.4,0,512.0,
1176,young,2834,24,8,241,0,18,1,0,79,1651,439,750,27105551,615735.9,26684,2.0,29.3,1126.0,5525907,14127.1,1134.3,2124.8,10316.7,3751,0,5571892,4712806,0,0,0,0,0,0,0,0,0,0,0,0,132.0,0,0,464,833.1,19.1,33,56.4,0,512.0,
1177,young,3410,21,7,242,0,18,1,0,84,2082,448,914,27118124,616250.4,37980,2.8,32.1,1126.0,5530398,14130.8,1134.4,2126.2,10318.2,3751,0,5576431,4717021,0,0,0,0,0,0,0,0,0,0,0,0,132.0,0,0,464,826.5,19.1,33,56.4,0,512.0,
1178,young,3157,17,7,213,0,26,1,0,73,1774,449,952,27132525,616761.7,37522,2.7,34.8,1126.0,5534906,14135.9,1135.1,2127.7,10320.9,3751,0,5580990,4721083,0,0,0,0,0,0,0,0,0,0,0,0,132.0,0,1,463,818.3,19.1,33,56.4,0,512.0,
1179,young,3533,25,7,356,0,19,1,0,82,1792,447,1173,27147119,617269.7,34598,2.5,37.4,1126.0,5539490,14140.5,1135.4,2129.2,10323.4,3751,0,5585624,4725156,0,0,0,0,0,0,0,0,0,0,0,1,132.0,0,2,462,810.3,19.1,33,56.4,0,512.0,
1180,young,4012,40,13,519,0,38,2,0,110,1928,449,1311,27161547,617782.2,35571,2.6,40.0,1126.0,5544005,14145.9,1135.6,2130.9,10326.4,3751,0,5590182,4729147,0,0,0,0,0,0,0,0,0,0,0,0,132.0,0,0,464,805.0,19.1,33,56.4,0,512.0,
1181,young,4178,32,7,390,0,31,2,0,104,2057,444,1482,27175626,618291.7,37120,2.7,42.7,1126.0,5548545,14150.3,1135.8,2132.2,10328.9,3751,0,5594766,4733212,0,0,0,0,0,0,0,0,0,0,0,0,132.0,0,0,464,798.5,19.1,33,56.4,0,512.0,
1182,young,4088,25,8,250,0,19,1,0,82,2041,443,1610,27194228,618803.8,33209,2.4,45.1,1126.0,5553066,14155.4,1136.0,2133.6,10332.1,3751,0,5599343,4737255,0,0,0,0,0,0,0,0,0,0,0,0,132.0,0,0,464,792.0,19.1,33,56.4,0,512.0,
1183,young,4293,20,7,341,0,25,1,0,90,1947,441,1679,27211279,619314.9,32752,2.9,48.0,1126.0,5557628,14163.1,1137.4,2135.9,10335.3,3761,0,5603984,4741340,0,0,0,0,0,0,0,0,0,0,0,0,132.0,0,0,464,785.0,19.1,33,55.8,0,512.0,
1184,young,4410,25,8,444,0,27,1,1,96,2116,446,1639,27225818,619821.4,36713,2.8,50.8,1126.0,5562150,14168.7,1137.6,2137.7,10338.6,3763,0,5608564,4745360,0,0,0,0,0,0,0,0,0,0,0,0,132.0,0,0,464,778.5,19.1,33,55.7,0,512.0,
1185,young,4384,21,8,346,0,24,2,0,75,2010,446,1821,27240085,620334.8,39113,2.9,53.7,1126.0,5566697,14172.8,1137.8,2139.3,10340.5,3763,0,5613177,4749498,0,0,0,0,0,0,0,0,0,0,0,0,132.0,0,1,463,771.9,19.1,33,55.7,0,512.0,
1186,young,4651,110,8,612,0,17,1,0,73,1818,449,1912,27253638,620845.4,36252,2.7,56.4,1126.0,5571267,14177.0,1137.9,2140.7,10342.7,3765,0,5617799,4753735,0,0,0,0,0,0,0,0,0,0,0,0,132.0,0,2,462,765.6,19.1,33,55.6,0,512.0,
1187,young,4927,34,9,498,0,28,2,0,96,2112,450,2067,27272789,621356.0,33571,2.5,58.9,1126.0,5575835,14184.1,1139.3,2142.2,10346.6,3765,0,5622433,4757768,0,0,0,0,0,0,0,0,0,0,0,0,132.0,0,0,464,760.3,19.1,33,55.6,0,512.0,
1188,young,4790,298,7,429,0,40,2,1,119,1758,450,2068,27289080,621869.6,29061,2.1,61.0,1126.0,5580455,14189.7,1139.5,2143.8,10349.9,3765,0,5627097,4761777,0,0,0,0,0,0,0,0,0,0,0,0,132.0,0,0,464,755.0,19.1,33,55.6,0,512.0,
1189,young,4698,25,6,449,0,27,1,0,80,1805,451,2196,27304478,622382.0,25570,1.9,62.9,1126.0,5585061,14193.5,1139.6,2145.2,10351.6,3765,0,5631756,4766065,0,0,0,0,0,0,0,0,0,0,0,0,132.0,0,0,464,749.3,19.1,33,55.6,0,512.0,
1190,young,4687,19,6,475,0,26,2,0,90,2010,443,2003,27317804,622887.2,33815,2.5,65.4,1126.0,5589674,14198.6,1139.9,2146.6,10354.5,3765,0,5636442,4770222,0,0,0,0,0,0,0,0,0,0,0,0,132.0,0,0,464,743.2,19.1,33,55.6,0,513.4,
1191,young,4742,26,9,307,0,30,2,1,103,1892,447,2306,27331866,623399.7,33354,2.4,67.9,1126.0,5594322,14203.9,1140.1,2148.0,10357.9,3765,0,5641145,4774374,0,0,0,0,0,0,0,0,0,0,0,0,132.0,0,1,463,736.5,19.1,33,55.6,0,515.9,
1192,young,5877,33,9,853,0,33,2,0,119,2096,446,2658,27347518,623916.2,32387,2.4,70.2,1126.0,5599021,14209.7,1140.3,2149.5,10361.6,3765,0,5645880,4778500,0,0,0,0,0,0,0,0,0,0,0,0,132.0,0,0,464,730.5,19.1,33,55.6,0,518.2,
1193,young,6752,23,8,496,0,37,1,0,149,2209,447,3771,27363882,624430.5,27612,2.0,72.3,1126.0,5603760,14217.3,1142.4,2151.7,10364.2,3765,0,5650661,4782686,0,0,0,0,0,0,0,0,0,0,0,0,132.0,0,0,464,725.3,19.1,33,55.6,0,520.3,
1194,young,6961,32,9,1072,0,45,2,0,139,2020,450,3577,27380957,624948.0,20324,1.5,73.7,1126.0,5608521,14222.9,1143.8,2153.5,10366.2,3765,0,5655474,4787159,0,0,0,0,0,0,0,0,0,0,0,0,132.0,0,0,464,721.1,19.1,33,55.6,0,521.7,
1195,young,5145,22,7,640,0,22,1,0,78,1842,449,2483,27397270,625467.0,24581,1.9,75.6,1126.0,5613328,14228.4,1144.0,2155.3,10369.3,3765,0,5660326,4791670,0,0,0,0,0,0,0,0,0,0,0,0,132.0,0,0,464,716.5,19.1,33,55.6,0,523.6,
1196,young,5602,81,6,622,0,25,1,0,97,1816,450,2839,27417292,625990.0,32375,2.3,77.9,1126.0,5618162,14237.0,1145.7,2157.4,10373.5,3765,0,5665205,4795991,0,0,0,0,0,0,0,0,0,0,0,0,132.0,0,0,464,710.2,19.1,33,55.6,0,525.9,
1197,young,5174,32,9,602,0,26,2,0,94,1557,454,2794,27432204,626511.1,27140,2.0,80.0,1126.0,5622992,14240.3,1145.9,2158.8,10374.9,3765,0,5670095,4800638,0,0,0,0,0,0,0,0,0,0,0,0,132.0,0,0,464,705.3,19.1,33,55.6,0,528.0,
1198,young,5308,30,8,423,0,28,2,0,106,1622,451,3003,27451062,627038.1,25862,1.8,81.8,1126.0,5627858,14246.0,1146.2,2160.6,10377.3,3765,0,5675012,4805164,0,0,0,0,0,0,0,0,0,0,0,1,132.0,0,0,464,699.3,19.1,33,55.6,0,529.8,
1199,young,6020,34,8,679,0,37,1,0,113,1928,453,3144,27468902,627566.7,25202,1.9,83.8,1126.0,5632744,14252.8,1146.4,2162.5,10381.0,3765,0,5679950,4809690,0,0,0,0,0,0,0,0,0,0,0,0,132.0,0,0,464,694.1,19.1,33,55.6,0,531.8,
1200,full-cycle,11597,38,745,0,0,0,1,0,100,1782,422,116,27487150,628106.4,172046,19.2,19.2,1126.0,5639019,14259.6,1146.7,2164.9,10384.5,3793,0,5686235,4815483,783,7087,2462,139227,42,422,92,0,0,0,1177,0,140.0,13,9,440,864.9,17.6,31,54.5,0,512.0,promoted
1201,young,3234,45,7,665,0,28,1,1,102,1607,432,673,27518170,628978.1,31554,5.5,24.7,1126.0,5645049,14267.9,1147.3,2166.5,10389.9,3831,0,5692280,4820328,0,0,0,0,0,0,0,0,0,0,0,0,144.0,0,0,460,840.9,15.2,31,52.2,0,512.0,
1202,young,3082,18,7,409,0,25,1,0,74,1778,436,705,27534599,629453.7,28717,2.3,26.9,1126.0,5649668,14272.8,1147.7,2167.9,10392.8,3833,0,5696963,4824470,0,0,0,0,0,0,0,0,0,0,0,0,144.0,0,0,460,831.6,15.2,31,52.1,0,512.0,
1203,young,3533,26,11,350,0,23,1,0,99,2141,437,823,27548965,629956.8,37458,2.9,29.9,1126.0,5654288,14277.0,1147.9,2169.2,10395.1,3837,0,5701628,4828619,0,0,0,0,0,0,0,0,0,0,0,0,144.0,0,0,460,822.2,15.2,31,51.9,0,512.0,
1204,young,4118,562,7,453,0,33,2,0,108,1965,440,868,27579714,630259.0,34251,2.6,32.4,1126.0,5659020,14285.0,1148.1,2170.7,10400.9,3839,0,5706441,4832225,0,0,0,0,0,0,0,0,0,0,0,0,144.0,0,0,460,811.8,15.2,31,51.8,0,512.0,
1205,young,3704,23,6,454,0,40,2,0,106,2015,436,990,27601707,630974.1,32288,2.4,34.8,1126.0,5663475,14292.0,1148.3,2173.9,10404.0,3839,0,5710954,4836170,0,0,0,0,0,0,0,0,0,0,0,0,144.0,0,0,460,806.1,15.2,31,51.8,0,512.0,
1206,young,3343,34,8,354,0,28,1,0,92,1849,436,907,27617372,631484.2,37939,2.8,37.6,1126.0,5667969,14297.4,1148.5,2175.4,10407.4,3839,0,5715498,4840071,0,0,0,0,0,0,0,0,0,0,0,0,144.0,0,0,460,800.2,15.2,31,51.8,0,512.0,
1207,young,3962,97,8,427,0,33,1,0,108,2182,437,1047,27631264,632000.3,36504,2.7,40.3,1126.0,5672475,14302.0,1148.7,2176.7,10410.0,3839,0,5720060,4844115,0,0,0,0,0,0,0,0,0,0,0,0,144.0,0,0,460,794.1,15.2,31,51.8,0,512.0,
1208,young,3945,25,7,458,0,29,2,0,108,1981,439,1252,27646386,632509.7,34296,2.5,42.8,1126.0,5677003,14308.4,1149.0,2178.0,10414.3,3839,0,5724641,4847971,0,0,0,0,0,0,0,0,0,0,0,0,144.0,0,0,460,787.8,15.2,31,51.8,0,512.0,
1209,young,3494,31,8,368,0,25,1,0,75,1622,441,1302,27659735,633022.2,37516,2.8,45.6,1126.0,5681561,14312.7,1149.2,2179.4,10416.7,3839,0,5729244,4852107,0,0,0,0,0,0,0,0,0,0,0,0,144.0,0,0,460,782.3,15.2,31,51.8,0,512.0,
1210,young,4780,160,8,708,0,29,1,0,83,2052,440,1673,27674927,633530.6,38016,2.8,48.4,1126.0,5686128,14317.3,1149.4,2180.9,10419.0,3839,0,5733873,4856270,0,0,0,0,0,0,0,0,0,0,0,0,144.0,0,0,460,776.2,15.2,31,51.8,0,512.0,
1211,young,4621,67,7,716,0,32,2,0,82,1925,437,1646,27689488,634040.6,33778,2.4,50.8,1126.0,5690737,14322.3,1149.6,2182.4,10421.9,3839,0,5738527,4860295,0,0,0,0,0,0,0,0,0,0,0,0,144.0,0,0,460,770.6,15.2,31,51.8,0,512.0,
1212,young,4511,468,7,385,0,19,1,0,88,1914,439,1570,27708179,634558.4,32340,2.4,53.2,1126.0,5695328,14327.4,1150.1,2183.9,10424.5,3839,0,5743189,4864411,0,0,0,0,0,0,0,0,0,0,0,1,144.0,0,0,460,765.6,15.2,31,51.8,0,512.0,
1213,young,4895,115,6,691,0,24,1,0,88,2010,442,1824,27728353,635069.9,33184,2.4,55.6,1126.0,5699931,14334.8,1150.2,2186.2,10428.8,3839,0,5747856,4868466,0,0,0,0,0,0,0,0,0,0,0,0,144.0,0,0,460,760.1,15.2,31,51.8,0,512.0,
1214,young,4413,54,8,820,0,28,1,0,103,1614,442,1683,27751866,635582.8,26243,1.9,57.6,1126.0,5704541,14341.9,1151.4,2188.7,10431.9,3839,0,5752529,4872521,0,0,0,0,0,0,0,0,0,0,0,0,144.0,0,0,460,755.9,15.2,31,51.8,0,512.0,
1215,young,4745,22,7,596,0,15,1,0,90,1953,439,1992,27769312,636095.1,33857,2.5,60.1,1126.0,5709160,14347.3,1151.8,2190.0,10435.0,3839,0,5757216,4876654,0,0,0,0,0,0,0,0,0,0,0,1,144.0,0,0,460,750.2,15.2,31,51.8,0,512.0,
1216,young,4828,24,8,521,0,27,1,0,75,2044,437,2057,27785127,636608.0,37910,2.8,62.9,1126.0,5713828,14352.8,1152.0,2191.5,10438.4,3839,0,5761931,4880892,0,0,0,0,0,0,0,0,0,0,0,0,144.0,0,0,460,743.7,15.2,31,51.8,0,512.0,
1217,young,5727,27,8,988,0,23,1,0,84,2242,438,2276,27809370,637119.4,37251,2.7,65.6,1126.0,5718511,14357.3,1152.2,2193.0,10440.6,3839,0,5766669,4885230,0,0,0,0,0,0,0,0,0,0,0,0,144.0,0,2,458,737.0,15.2,31,51.8,0,513.6,
1218,young,5487,46,7,341,0,32,1,0,92,2554,440,2353,27825839,637629.7,36143,2.7,68.3,1126.0,5723234,14362.3,1152.4,2194.6,10443.4,3839,0,5771440,4889329,0,0,0,0,0,0,0,0,0,0,0,0,144.0,0,0,460,731.7,15.2,31,51.8,0,516.3,
1219,young,4818,10,4,220,0,25,1,0,82,2096,440,2351,27842311,638139.7,37557,2.8,71.0,1126.0,5727991,14367.8,1152.6,2196.3,10446.5,3839,0,5776236,4893605,0,0,0,0,0,0,0,0,0,0,0,0,144.0,0,0,460,725.2,15.2,31,51.8,0,519.0,
1220,young,5683,60,6,287,0,30,1,0,101,2248,443,2855,27861365,638657.8,38921,2.8,73.9,1126.0,5732779,14375.5,1155.4,2198.6,10448.7,3839,0,5781072,4898010,0,0,0,0,0,0,0,0,0,0,0,0,144.0,0,0,460,718.6,15.2,31,51.8,0,521.9,
1221,young,5822,153,9,720,0,32,1,0,112,2221,444,2498,27877769,639176.7,35957,2.6,76.5,1126.0,5737603,14380.6,1155.7,2200.0,10451.7,3839,0,5785958,4902335,0,0,0,0,0,0,0,0,0,0,0,1,144.0,0,0,460,712.7,15.2,31,51.8,0,524.5,
1222,young,5310,24,8,612,0,22,1,0,75,2041,444,2445,27892310,639697.3,34969,2.6,79.1,1126.0,5742451,14384.5,1155.8,2201.3,10453.7,3839,0,5790861,4906777,0,0,0,0,0,0,0,0,0,0,0,0,144.0,0,0,460,706.3,15.2,31,51.8,0,527.1,
1223,young,5201,26,8,585,0,25,2,0,92,1762,444,2612,27906625,640220.8,30223,2.1,81.2,1126.0,5747347,14388.4,1156.3,2202.8,10455.2,3839,0,5795810,4911378,0,0,0,0,0,0,0,0,0,0,0,0,144.0,0,0,460,700.0,15.2,31,51.8,0,529.2,
1224,young,4898,162,7,404,0,38,2,0,123,1314,449,2764,27923304,640747.3,21899,1.6,82.9,1126.0,5752256,14396.8,1159.2,2205.1,10457.9,3839,0,5800783,4915867,0,0,0,0,0,0,0,0,0,0,0,0,144.0,0,0,460,695.0,15.2,31,51.8,0,530.9,
1225,young,4936,104,76,650,0,28,2,0,95,1298,454,2563,27941107,641273.3,19690,1.5,84.4,1126.0,5757158,14403.5,1159.5,2206.6,10462.3,3841,0,5805759,4920228,0,0,0,0,0,0,0,0,0,0,0,0,144.0,0,0,460,690.6,15.2,31,51.7,0,532.4,
1226,full-cycle,9794,28,761,0,0,0,1,0,76,1570,420,92,27960476,641816.2,167632,18.9,18.9,1126.0,5763271,14411.5,1159.8,2208.5,10467.7,3874,0,5811913,4925672,789,5970,2004,139807,18,276,38,0,0,0,975,0,144.0,12,10,439,864.4,19.0,30,52.3,0,512.0,promoted
1227,young,2562,33,7,298,0,26,2,0,99,1396,427,627,27987620,642680.6,29304,5.1,24.0,1126.0,5769211,14419.0,1160.1,2210.2,10472.7,3904,0,5817887,4930557,0,0,0,0,0,0,0,0,0,0,0,0,146.0,0,0,460,841.6,17.4,30,50.6,0,512.0,
1228,young,2686,24,7,397,0,17,2,0,67,1474,442,640,28001942,643153.9,24222,1.8,25.8,1126.0,5773700,14425.1,1160.2,2211.7,10476.8,3904,0,5822417,4934379,0,0,0,0,0,0,0,0,0,0,0,0,146.0,0,0,460,834.8,17.4,30,50.6,0,512.0,
1229,young,3302,91,8,340,0,14,1,0,67,1963,446,747,28016393,643671.4,36077,3.0,28.8,1126.0,5778152,14430.3,1160.4,2213.0,10480.0,3910,0,5826932,4938438,0,0,0,0,0,0,0,0,0,0,0,0,146.0,0,0,460,828.4,17.4,30,50.2,0,512.0,
1230,young,3551,25,8,372,0,19,1,0,70,2119,446,859,28034776,644182.4,38251,2.9,31.7,1126.0,5782625,14435.1,1160.9,2214.4,10482.6,3912,0,5831459,4942449,0,0,0,0,0,0,0,0,0,0,0,0,146.0,0,0,460,822.1,17.4,30,50.1,0,512.0,
1231,young,3617,34,8,220,0,32,2,0,110,2122,446,1011,28051860,644693.1,37494,2.9,34.6,1126.0,5787205,14440.4,1161.1,2215.8,10486.0,3916,0,5836098,4946514,0,0,0,0,0,0,0,0,0,0,0,0,146.0,0,0,460,814.8,17.4,30,49.9,0,512.0,
1232,young,3790,24,7,282,0,19,1,0,77,2200,448,1115,28065284,645202.6,37682,2.8,37.4,1126.0,5791731,14443.3,1161.3,2217.0,10486.9,3916,0,5840698,4950907,0,0,0,0,0,0,0,0,0,0,0,0,146.0,0,0,460,807.3,17.4,30,49.9,0,512.0,
1233,young,4265,48,6,722,0,34,2,0,81,1931,449,1349,28081852,645711.9,33065,2.4,39.8,1126.0,5796210,14450.3,1162.0,2219.0,10490.8,3916,0,5845241,4954755,0,0,0,0,0,0,0,0,0,0,0,0,146.0,0,1,459,801.3,17.4,30,49.9,0,512.0,
1234,young,3824,176,8,424,0,34,1,0,82,1810,451,1185,28099829,646224.5,29463,2.2,42.0,1126.0,5800700,14456.3,1162.6,2220.5,10494.2,3916,0,5849805,4958628,0,0,0,0,0,0,0,0,0,0,0,0,146.0,0,0,460,796.5,17.4,30,49.9,0,512.0,
1235,young,3678,18,7,330,0,38,1,1,83,1793,448,1327,28115331,646736.6,35869,2.6,44.6,1126.0,5805223,14461.8,1163.1,2221.8,10497.4,3916,0,5854386,4962670,0,0,0,0,0,0,0,0,0,0,0,0,146.0,0,0,460,789.4,17.4,30,49.9,0,512.0,
1236,young,4366,47,7,528,0,30,1,0,82,2185,450,1424,28131106,647246.0,32757,2.5,47.1,1126.0,5809769,14468.7,1163.3,2224.0,10501.4,3918,0,5858993,4966736,0,0,0,0,0,0,0,0,0,0,0,0,146.0,0,0,460,783.5,17.4,30,49.8,0,512.0,
1237,young,4425,21,9,158,0,17,1,1,92,2517,450,1576,28144049,647741.2,47379,3.8,50.9,1126.0,5814288,14473.6,1163.5,2225.4,10504.5,3918,0,5863590,4970836,0,0,0,0,0,0,0,0,0,0,0,0,146.0,0,0,460,771.2,17.4,30,49.8,0,512.0,
1238,young,4462,283,8,303,0,106,2,0,104,1861,421,1686,28161549,648260.4,37959,2.9,53.8,1126.0,5818899,14479.9,1164.1,2227.6,10507.4,3918,0,5868261,4975006,0,0,0,0,0,0,0,0,0,0,0,1,146.0,0,0,460,761.2,17.4,30,49.8,0,512.0,
1239,young,3968,77,8,472,0,24,1,0,102,1534,425,1678,28181872,648767.4,28395,2.0,55.9,1126.0,5823556,14486.9,1164.3,2229.2,10511.5,3918,0,5872974,4979000,0,0,0,0,0,0,0,0,0,0,0,0,146.0,0,0,460,754.4,17.4,30,49.8,0,512.0,
1240,young,4209,27,8,227,0,26,2,0,119,1752,434,1987,28197006,649278.1,28647,2.2,58.1,1126.0,5828193,14492.6,1164.6,2230.8,10515.1,3918,0,5877651,4983048,0,0,0,0,0,0,0,0,0,0,0,0,146.0,0,0,460,748.4,17.4,30,49.8,0,512.0,
1241,young,4994,69,8,365,0,32,2,1,138,2056,437,2243,28212029,649792.4,37839,2.8,60.8,1126.0,5832835,14496.2,1164.7,2232.0,10516.6,3918,0,5882342,4987348,0,0,0,0,0,0,0,0,0,0,0,0,146.0,0,0,460,741.5,17.4,30,49.8,0,512.0,
1242,young,4942,81,7,318,0,19,1,0,139,2155,437,2156,28224985,650302.7,36780,2.7,63.5,1126.0,5837583,14500.6,1164.9,2233.6,10518.7,3918,0,5887136,4991755,0,0,0,0,0,0,0,0,0,0,0,1,146.0,0,0,460,733.6,17.4,30,49.8,0,512.0,
1243,young,5191,25,8,328,0,22,1,0,100,2394,434,2256,28239496,650808.8,37941,2.8,66.3,1126.0,5842264,14504.7,1165.1,2234.9,10521.0,3918,0,5891866,4996037,0,0,0,0,0,0,0,0,0,0,0,0,146.0,0,0,460,727.0,17.4,30,49.8,0,514.3,
1244,young,5458,24,7,590,0,28,2,0,122,2121,434,2469,28254270,651316.9,33654,2.4,68.8,1126.0,5846964,14509.5,1165.3,2236.3,10523.7,3918,0,5896622,5000283,0,0,0,0,0,0,0,0,0,0,0,0,146.0,0,0,460,720.9,17.4,30,49.8,0,516.8,
1245,young,5398,162,7,535,0,20,1,1,102,1939,433,2515,28269590,651834.7,29001,2.2,70.9,1126.0,5851688,14517.3,1167.1,2238.0,10527.4,3918,0,5901404,5004473,0,0,0,0,0,0,0,0,0,0,0,0,146.0,0,0,460,716.3,17.4,30,49.8,0,518.9,
1246,young,5060,30,8,756,0,29,1,0,140,1750,438,2250,28287219,652351.3,30081,2.2,73.1,1126.0,5856450,14522.6,1167.3,2239.7,10529.7,3918,0,5906232,5008795,0,0,0,0,0,0,0,0,0,0,0,0,146.0,0,1,459,710.2,17.4,30,49.8,0,521.1,
1247,young,5194,30,9,592,0,32,2,0,146,1904,439,2418,28305246,652868.6,28879,2.2,75.3,1126.0,5861235,14527.2,1167.5,2241.1,10532.3,3918,0,5911072,5013224,0,0,0,0,0,0,0,0,0,0,0,0,146.0,0,0,460,704.5,17.4,30,49.8,0,523.3,
1248,young,5329,22,6,500,0,32,2,0,105,2166,438,2453,28320655,653383.8,36577,2.7,78.0,1126.0,5866094,14532.4,1167.7,2242.5,10535.5,3918,0,5915980,5017476,0,0,0,0,0,0,0,0,0,0,0,0,146.0,0,0,460,698.2,17.4,30,49.8,0,526.0,
1249,young,5889,26,8,880,0,33,1,0,144,1912,435,2764,28340206,653908.8,34700,2.5,80.5,1126.0,5871007,14537.7,1167.9,2244.1,10538.5,3918,0,5920938,5021880,0,0,0,0,0,0,0,0,0,0,0,0,146.0,0,0,460,691.2,17.4,30,49.8,0,528.5,
1250,young,4991,19,7,512,0,16,1,0,100,1455,441,2803,28355040,654432.6,27187,2.0,82.4,1126.0,5875925,14541.5,1168.0,2245.6,10540.1,3918,0,5925911,5026491,0,0,0,0,0,0,0,0,0,0,0,0,146.0,0,0,460,685.4,17.4,30,49.8,0,530.4,
1251,young,5093,18,7,370,0,19,1,0,139,1800,443,2666,28370468,654959.4,28480,2.1,84.6,1126.0,5880885,14546.8,1168.5,2247.1,10543.1,3918,0,5930907,5030866,0,0,0,0,0,0,0,0,0,0,0,0,146.0,0,0,460,679.6,17.4,30,49.8,0,532.6,
1252,full-cycle,11953,103,736,0,0,0,2,0,267,1505,422,283,28388569,655534.6,166005,18.6,18.6,1126.0,5887563,14555.7,1168.7,2249.1,10549.1,3933,0,5937624,5036407,838,6840,2366,136500,120,394,58,0,0,0,1845,0,156.0,11,28,422,829.2,17.6,24,41.7,0,512.0,promoted
1253,young,2877,26,7,238,0,35,1,0,92,1760,431,652,28417174,656378.5,28515,5.0,23.5,1126.0,5892945,14561.4,1169.0,2250.8,10552.4,3977,0,5943021,5041098,0,0,0,0,0,0,0,0,0,0,0,0,160.0,0,0,459,847.5,14.4,24,39.1,0,512.0,
1254,young,3442,25,8,402,0,24,2,0,91,2090,439,705,28430166,656862.9,38085,2.9,26.4,1126.0,5897466,14565.5,1169.1,2252.6,10554.2,3979,0,5947605,5045288,0,0,0,0,0,0,0,0,0,0,0,0,160.0,0,0,459,838.6,14.4,24,39.0,0,512.0,
1255,young,3199,33,7,381,0,24,2,0,74,1889,439,711,28445832,657372.4,37266,2.7,29.2,1126.0,5901986,14569.3,1169.3,2253.8,10556.2,3979,0,5952171,5049487,0,0,0,0,0,0,0,0,0,0,0,0,160.0,0,0,459,830.5,14.4,24,39.0,0,512.0,
1256,young,3666,58,6,427,0,35,2,0,114,2019,443,939,28457160,657882.6,29445,2.1,31.3,1126.0,5906489,14576.1,1170.1,2255.7,10559.0,3979,0,5956708,5053595,0,0,0,0,0,0,0,0,0,0,0,0,160.0,0,0,459,823.6,14.4,24,39.0,0,512.0,
1257,young,3392,38,6,328,0,33,2,0,103,1810,444,1011,28473907,658393.8,27944,2.1,33.4,1126.0,5910935,14584.0,1170.7,2257.8,10564.0,3979,0,5961206,5057354,0,0,0,0,0,0,0,0,0,0,0,0,160.0,0,0,459,818.9,14.4,24,39.0,0,512.0,
1258,young,3682,17,7,403,0,32,2,0,81,2144,451,934,28487077,658906.3,36283,2.7,36.1,1126.0,5915437,14588.1,1170.9,2259.2,10565.9,3979,0,5965756,5061467,0,0,0,0,0,0,0,0,0,0,0,1,160.0,0,0,459,812.4,14.4,24,39.0,0,512.0,
1259,young,3839,24,6,324,0,26,2,0,94,2181,451,1070,28500445,659417.9,37181,2.7,38.8,1126.0,5919890,14592.9,1171.0,2260.5,10569.0,3979,0,5970258,5065442,0,0,0,0,0,0,0,0,0,0,0,0,160.0,0,0,459,806.1,14.4,24,39.0,0,512.0,
1260,young,3795,15,5,226,0,28,2,0,80,2178,453,1202,28521524,659930.5,38271,2.9,41.7,1126.0,5924353,14597.1,1171.2,2261.7,10571.3,3981,0,5974772,5069444,0,0,0,0,0,0,0,0,0,0,0,0,160.0,0,0,459,800.4,14.4,24,38.9,0,512.0,
1261,young,4236,39,5,430,0,24,1,0,103,1962,453,1590,28535630,660443.1,38509,3.1,44.8,1126.0,5928811,14602.1,1171.4,2263.1,10574.3,3987,0,5979287,5073389,0,0,0,0,0,0,0,0,0,0,0,0,160.0,0,0,459,794.6,14.4,24,38.5,0,512.0,
1262,young,4483,24,6,524,0,36,2,0,120,2088,451,1599,28553391,660954.8,31640,2.4,47.2,1126.0,5933311,14609.7,1173.5,2264.8,10577.9,3989,0,5983840,5077267,0,0,0,0,0,0,0,0,0,0,0,0,160.0,0,1,458,788.7,14.4,24,38.4,0,512.0,
1263,young,3804,17,7,338,0,32,1,0,77,1855,450,1438,28575696,661471.0,30983,2.4,49.6,1126.0,5937836,14627.7,1181.2,2271.3,10581.2,3991,0,5988416,5081291,0,0,0,0,0,0,0,0,0,0,0,0,160.0,0,0,459,783.4,14.4,24,38.3,0,512.0,
1264,young,4498,84,9,150,0,39,2,0,82,2502,453,1543,28603217,661918.3,39121,2.9,52.5,1126.0,5942451,14634.2,1181.5,2272.6,10585.8,3991,0,5993072,5085075,0,0,0,0,0,0,0,0,0,0,0,0,160.0,0,0,459,776.0,14.4,24,38.3,0,512.0,
1265,young,4500,112,8,197,0,17,1,0,71,2332,450,1644,28631770,662474.6,36791,2.7,55.2,1126.0,5946965,14639.9,1181.6,2273.9,10589.7,3991,0,5997654,5089056,0,0,0,0,0,0,0,0,0,0,0,0,160.0,0,2,457,769.7,14.4,24,38.3,0,512.0,
1266,young,4546,25,8,435,0,37,2,0,82,2176,449,1725,28647667,663004.6,35668,2.6,57.8,1126.0,5951495,14645.4,1181.8,2275.3,10593.2,3991,0,6002234,5092946,0,0,0,0,0,0,0,0,0,0,0,0,160.0,0,0,459,764.3,14.4,24,38.3,0,512.0,
1267,young,4067,48,8,377,0,16,1,0,71,1628,448,1843,28662567,663516.0,38688,2.8,60.6,1126.0,5956074,14650.4,1182.0,2276.8,10596.1,3991,0,6006872,5097011,0,0,0,0,0,0,0,0,0,0,0,0,160.0,0,0,459,756.9,14.4,24,38.3,0,512.0,
1268,young,4631,295,7,514,0,23,1,0,75,1869,447,1762,28676891,664026.9,36990,2.7,63.3,1126.0,5960748,14654.3,1182.2,2278.1,10598.2,3991,0,6011595,5101303,0,0,0,0,0,0,0,0,0,0,0,0,160.0,0,1,458,748.1,14.4,24,38.3,0,512.0,
1269,young,4616,42,5,323,0,14,1,0,72,2212,448,1869,28690040,664536.4,36276,2.7,66.0,1126.0,5965346,14658.4,1182.5,2279.4,10600.3,3991,0,6016244,5105463,0,0,0,0,0,0,0,0,0,0,0,0,160.0,0,0,459,742.5,14.4,24,38.3,0,514.0,
1270,young,4628,76,8,459,0,30,2,1,98,2020,447,1846,28715224,665006.7,38495,2.8,68.8,1126.0,5970090,14662.1,1182.6,2280.7,10602.0,3991,0,6021044,5109839,0,0,0,0,0,0,0,0,0,0,0,0,160.0,0,0,459,732.7,14.4,24,38.3,0,516.8,
1271,young,4679,149,5,401,0,27,1,0,79,1890,449,2034,28730553,665555.4,33558,2.4,71.3,1126.0,5974752,14668.2,1182.8,2282.5,10605.7,3991,0,6025736,5113899,0,0,0,0,0,0,0,0,0,0,0,0,160.0,0,0,459,727.0,14.4,24,38.3,0,519.3,
1272,young,4634,17,6,268,0,36,2,0,112,1965,451,2175,28744183,666071.9,32672,2.4,73.7,1126.0,5979434,14672.8,1183.0,2283.9,10608.3,3991,0,6030468,5118128,0,0,0,0,0,0,0,0,0,0,0,0,160.0,0,0,459,721.6,14.4,24,38.3,0,521.7,
1273,young,4831,24,8,255,0,30,2,0,95,2122,450,2212,28759708,666589.4,34623,2.5,76.2,1126.0,5984169,14677.0,1183.4,2285.2,10610.5,3991,0,6035255,5122532,0,0,0,0,0,0,0,0,0,0,0,0,160.0,0,0,459,715.0,14.4,24,38.3,0,524.2,
1274,young,5227,24,6,479,0,20,1,0,77,2110,449,2436,28777969,667111.3,34497,2.6,78.8,1126.0,5988955,14682.3,1183.6,2286.6,10613.6,3991,0,6040077,5126812,0,0,0,0,0,0,0,0,0,0,0,0,160.0,0,1,458,708.7,14.4,24,38.3,0,526.8,
1275,young,5326,37,11,442,0,34,2,0,110,2107,448,2479,28792208,667634.6,37781,2.8,81.6,1126.0,5993768,14686.8,1183.7,2288.0,10616.1,3991,0,6044945,5131186,0,0,0,0,0,0,0,0,0,0,0,0,160.0,0,0,459,702.6,14.4,24,38.3,0,529.6,
1276,young,6006,16,5,813,0,23,1,0,69,2235,448,2767,28809145,668159.9,36635,2.7,84.2,1126.0,5998627,14695.3,1186.1,2290.3,10619.2,3991,0,6049862,5135633,0,0,0,0,0,0,0,0,0,0,0,0,160.0,0,0,459,696.2,14.4,24,38.3,0,532.2,
1277,full-cycle,12470,24,925,0,0,0,1,0,81,1704,416,96,28829684,668721.1,162527,18.3,18.3,1126.0,6005176,14704.6,1186.4,2293.1,10624.9,4029,0,6056450,5141094,949,6739,2438,128287,21,516,93,0,0,0,2270,0,166.0,12,20,422,826.9,18.4,26,44.4,0,512.0,promoted
1278,young,3053,17,6,542,0,22,2,0,83,1630,414,675,28852447,669550.0,26022,5.2,23.5,1126.0,6010943,14715.7,1186.6,2294.9,10632.5,4061,0,6062239,5145410,0,0,0,0,0,0,0,0,0,0,0,0,168.0,0,0,453,826.2,17.4,26,42.5,0,512.0,
1279,young,2928,243,20,470,0,19,1,0,78,1395,447,633,28882895,669841.5,18931,1.4,24.9,1126.0,6015690,14725.2,1188.1,2296.6,10638.4,4061,0,6067062,5148888,0,0,0,0,0,0,0,0,0,0,0,0,168.0,0,1,452,814.1,17.4,26,42.5,0,512.0,
1280,young,2779,181,8,290,0,24,2,0,75,1381,430,768,28900704,670533.0,30311,2.4,27.3,1126.0,6020141,14731.8,1188.3,2299.1,10642.0,4063,0,6071555,5152783,0,0,0,0,0,0,0,0,0,0,0,0,168.0,0,0,453,808.3,17.4,26,42.4,0,512.0,
1281,young,3678,48,10,365,0,32,2,0,81,2152,433,932,28914356,671046.1,37005,2.7,30.0,1126.0,6024593,14736.9,1188.5,2300.4,10644.8,4063,0,6076064,5156706,0,0,0,0,0,0,0,0,0,0,0,0,168.0,0,0,453,801.9,17.4,26,42.4,0,512.0,
1282,young,3764,25,7,286,0,18,1,0,77,2195,430,1089,28929285,671561.5,37276,2.7,32.8,1126.0,6029081,14743.4,1188.7,2301.8,10649.3,4063,0,6080576,5160452,0,0,0,0,0,0,0,0,0,0,0,0,168.0,0,0,453,795.2,17.4,26,42.4,0,512.0,
1283,young,3893,17,6,342,0,32,2,0,79,2167,443,1193,28943158,672073.5,38787,2.8,35.6,1126.0,6033556,14747.1,1188.9,2303.2,10651.1,4063,0,6085092,5164635,0,0,0,0,0,0,0,0,0,0,0,0,168.0,0,0,453,789.2,17.4,26,42.4,0,512.0,
1284,young,4039,22,8,410,0,25,2,0,72,2173,443,1234,28958021,672584.9,38160,2.8,38.4,1126.0,6038034,14751.9,1189.0,2304.6,10653.9,4063,0,6089624,5168673,0,0,0,0,0,0,0,0,0,0,0,0,168.0,0,1,452,782.9,17.4,26,42.4,0,512.0,
1285,young,4108,26,6,443,0,21,1,0,73,2013,446,1443,28971078,673097.0,35479,2.6,41.0,1126.0,6042539,14755.6,1189.2,2306.0,10655.7,4063,0,6094174,5172834,0,0,0,0,0,0,0,0,0,0,0,0,168.0,0,1,452,776.8,17.4,26,42.4,0,512.0,
1286,young,4168,68,6,390,0,21,1,0,80,1873,446,1652,28984451,673608.0,34928,2.6,43.6,1126.0,6047031,14759.9,1189.3,2307.3,10658.1,4063,0,6098719,5176906,0,0,0,0,0,0,0,0,0,0,0,0,168.0,0,0,453,771.8,17.4,26,42.4,0,512.0,
1287,young,4012,29,8,514,0,19,1,0,74,1700,445,1592,28999897,674123.1,34581,2.5,46.1,1126.0,6051534,14765.4,1189.7,2309.0,10661.2,4063,0,6103284,5180956,0,0,0,0,0,0,0,0,0,0,0,0,168.0,0,1,452,765.4,17.4,26,42.4,0,512.0,
1288,young,4014,90,6,461,0,18,1,0,74,1420,445,1831,29017493,674635.4,29893,2.2,48.3,1126.0,6056076,14773.1,1191.5,2310.9,10664.6,4063,0,6107869,5184958,0,0,0,0,0,0,0,0,0,0,0,0,168.0,0,0,453,760.8,17.4,26,42.4,0,512.0,
1289,young,4729,103,7,755,0,27,1,0,78,1756,447,1896,29032216,675149.1,30701,2.3,50.6,1126.0,6060621,14778.1,1191.6,2312.5,10667.5,4063,0,6112461,5189050,0,0,0,0,0,0,0,0,0,0,0,0,168.0,0,0,453,755.8,17.4,26,42.4,0,512.0,
1290,young,5048,28,6,800,0,24,1,0,82,1942,450,2060,29049189,675664.3,34045,2.5,53.1,1126.0,6065165,14788.3,1197.9,2314.3,10669.1,4063,0,6117063,5193334,0,0,0,0,0,0,0,0,0,0,0,0,168.0,0,0,453,750.5,17.4,26,42.4,0,512.0,
1291,young,4148,131,11,521,0,25,1,1,73,1582,451,1692,29065512,676177.9,30331,2.2,55.3,1126.0,6069727,14793.3,1198.3,2315.7,10672.0,4063,0,6121675,5197432,0,0,0,0,0,0,0,0,0,0,0,0,168.0,0,0,453,744.4,17.4,26,42.4,0,512.0,
1292,young,4853,356,9,284,0,31,1,0,87,1628,450,2350,29087324,676558.6,21728,1.7,56.9,1126.0,6074294,14797.7,1198.5,2317.4,10674.2,4065,0,6126303,5201546,0,0,0,0,0,0,0,0,0,0,0,0,168.0,0,0,453,740.0,17.4,26,42.3,0,512.0,
1293,young,4400,27,8,303,0,29,2,0,99,1781,447,2072,29114472,677204.7,26220,2.0,59.0,1126.0,6078856,14805.8,1199.3,2319.1,10679.4,4065,0,6130915,5205066,0,0,0,0,0,0,0,0,0,0,0,0,168.0,0,0,453,735.4,17.4,26,42.3,0,512.0,
1294,young,4952,26,7,349,0,37,2,0,114,1991,447,2298,29130909,677718.2,29401,2.1,61.0,1126.0,6083436,14812.7,1201.6,2320.6,10681.4,4065,0,6135551,5209320,0,0,0,0,0,0,0,0,0,0,0,0,168.0,0,0,453,729.9,17.4,26,42.3,0,512.0,
1295,young,4496,32,7,828,0,25,2,0,97,1220,449,2177,29150793,678230.1,16258,1.2,62.2,1126.0,6088015,14819.6,1201.9,2322.2,10686.1,4065,0,6140191,5213284,0,0,0,0,0,0,0,0,0,0,0,0,168.0,0,0,453,726.2,17.4,26,42.3,0,512.0,
1296,young,4067,21,9,515,0,22,2,0,88,1202,447,2110,29167694,678743.6,13278,1.1,63.3,1126.0,6092618,14825.4,1202.2,2324.1,10689.3,4067,0,6144856,5217462,0,0,0,0,0,0,0,0,0,0,0,0,168.0,0,0,453,722.4,17.4,26,42.2,0,512.0,
1297,young,4555,27,9,682,0,23,1,1,79,1505,440,2140,29184625,679256.5,23289,1.8,65.1,1126.0,6097264,14830.9,1202.5,2325.7,10692.6,4067,0,6149549,5221513,0,0,0,0,0,0,0,0,0,0,0,1,168.0,0,0,453,718.0,17.4,26,42.2,0,513.1,
1298,young,4839,39,9,391,0,26,2,1,83,1935,444,2281,29198852,679768.8,38078,2.8,67.9,1126.0,6101925,14835.0,1202.7,2327.2,10694.7,4067,0,6154262,5225783,0,0,0,0,0,0,0,0,0,0,0,0,168.0,0,0,453,712.0,17.4,26,42.2,0,515.9,
1299,young,5732,199,4,562,0,28,2,0,75,2148,445,2646,29213926,680281.9,38235,2.8,70.7,1126.0,6106604,14838.6,1202.8,2328.5,10696.1,4067,0,6159010,5230266,0,0,0,0,0,0,0,0,0,0,0,0,168.0,0,0,453,705.5,17.4,26,42.2,0,518.7,
1300,young,5094,57,7,421,0,30,2,0,103,1741,445,2625,29230440,680796.8,31051,2.2,73.0,1126.0,6111330,14896.2,1241.3,2344.7,10698.7,4067,0,6163794,5234521,0,0,0,0,0,0,0,0,0,0,0,0,168.0,0,0,453,700.0,17.4,26,42.2,0,521.0,
1301,young,4527,21,7,260,0,28,2,0,77,1849,443,2249,29250319,681315.4,29130,2.2,75.2,1126.0,6116095,14900.7,1241.6,2346.2,10701.1,4067,0,6168609,5238858,0,0,0,0,0,0,0,0,0,0,0,0,168.0,0,0,453,694.5,17.4,26,42.2,0,523.2,
1302,young,5145,42,5,486,0,25,1,0,76,1906,441,2520,29269994,681837.2,36939,2.7,77.9,1126.0,6120927,14905.8,1241.8,2347.9,10703.9,4067,0,6173478,5243285,0,0,0,0,0,0,0,0,0,0,0,0,168.0,0,0,453,688.0,17.4,26,42.2,0,525.9,
1303,young,5299,124,6,530,0,17,1,0,75,1889,445,2595,29305140,682259.7,31215,2.3,80.1,1126.0,6125799,14921.5,1243.2,2350.2,10715.4,4067,0,6178409,5245651,0,0,0,0,0,0,0,0,0,0,0,0,168.0,0,0,453,681.8,17.4,26,42.2,0,528.1,
1304,young,5125,34,6,803,0,22,1,1,72,1386,446,2705,29327769,682879.4,23754,1.7,81.8,1126.0,6130703,14932.0,1247.3,2352.5,10718.9,4067,0,6183355,5249945,0,0,0,0,0,0,0,0,0,0,0,1,168.0,0,0,453,676.7,17.4,26,42.2,0,529.8,
1305,young,5982,281,8,459,0,22,1,0,77,1804,445,3243,29343545,683407.4,27062,2.1,83.9,1126.0,6135630,14937.1,1248.1,2354.0,10721.3,4067,0,6188324,5254401,0,0,0,0,0,0,0,0,0,0,0,0,168.0,0,0,453,671.5,17.4,26,42.2,0,531.9,
1306,full-cycle,11175,25,848,0,0,0,2,0,91,1933,417,107,29359821,683963.6,173188,19.2,19.2,1126.0,6141919,14943.5,1248.4,2356.1,10724.8,4100,0,6194673,5260038,873,5984,2338,133675,20,232,40,0,0,0,1886,0,152.0,13,20,424,833.2,21.7,30,52.5,0,512.0,promoted
1307,young,3282,23,6,226,0,20,1,0,78,2228,421,642,29383667,684791.3,39331,6.0,25.2,1126.0,6148023,14950.8,1248.7,2358.0,10729.4,4132,0,6200778,5265055,0,0,0,0,0,0,0,0,0,0,0,0,154.0,0,0,456,825.0,20.4,30,50.6,0,512.0,
1308,young,3230,23,8,385,0,19,1,0,69,1913,428,743,29395938,685271.7,38359,3.1,28.3,1126.0,6152588,14955.1,1248.9,2359.3,10731.7,4138,0,6205406,5269303,0,0,0,0,0,0,0,0,0,0,0,0,154.0,0,0,456,817.4,20.4,30,50.3,0,512.0,
1309,young,3536,23,7,231,0,26,2,0,95,2157,429,916,29411224,685778.8,37300,2.7,31.0,1126.0,6157080,14961.3,1249.1,2360.6,10736.0,4138,0,6209952,5273234,0,0,0,0,0,0,0,0,0,0,0,0,154.0,0,0,456,811.1,20.4,30,50.3,0,512.0,
1310,young,3784,31,16,527,0,37,2,1,115,1899,428,1069,29427240,686291.1,36091,2.6,33.7,1126.0,6161698,14967.3,1249.3,2362.3,10739.7,4138,0,6214621,5277314,0,0,0,0,0,0,0,0,0,0,0,0,154.0,0,0,456,802.9,20.4,30,50.3,0,512.0,
1311,young,3776,26,8,400,0,29,2,0,97,2020,433,1104,29440698,686801.1,35274,2.8,36.5,1126.0,6166258,14972.9,1250.2,2363.8,10742.5,4142,0,6219228,5281410,0,0,0,0,0,0,0,0,0,0,0,0,154.0,0,0,456,796.7,20.4,30,50.0,0,512.0,
1312,young,3930,34,8,449,0,22,1,0,78,2050,437,1235,29456442,687311.8,36874,2.7,39.2,1126.0,6170767,14978.2,1250.4,2365.0,10746.0,4142,0,6223795,5285286,0,0,0,0,0,0,0,0,0,0,0,0,154.0,0,0,456,790.4,20.4,30,50.0,0,512.0,
1313,young,4038,30,7,312,0,23,1,0,79,2033,437,1470,29471021,687822.2,34986,2.6,41.7,1126.0,6175294,14984.7,1250.5,2366.3,10750.6,4142,0,6228392,5289174,0,0,0,0,0,0,0,0,0,0,0,0,154.0,0,0,456,784.3,20.4,30,50.0,0,512.0,
1314,young,3978,49,8,594,0,22,1,0,84,1737,439,1412,29485379,688333.3,29537,2.1,43.8,1126.0,6179839,14990.9,1251.4,2368.4,10753.6,4142,0,6233003,5293186,0,0,0,0,0,0,0,0,0,0,0,0,154.0,0,0,456,778.8,20.4,30,50.0,0,512.0,
1315,young,4097,25,6,461,0,31,2,0,80,1831,439,1571,29500866,688843.3,28671,2.2,46.0,1126.0,6184400,14997.5,1251.8,2369.7,10757.6,4142,0,6237611,5297071,0,0,0,0,0,0,0,0,0,0,0,0,154.0,0,0,456,773.4,20.4,30,50.0,0,512.0,
1316,young,3927,26,8,438,0,24,1,0,73,1791,441,1503,29513715,689356.4,36523,2.7,48.7,1126.0,6188955,15001.8,1252.2,2371.0,10759.9,4142,0,6242215,5301170,0,0,0,0,0,0,0,0,0,0,0,0,154.0,0,0,456,767.4,20.4,30,50.0,0,512.0,
1317,young,4389,24,7,515,0,32,2,0,80,2016,441,1652,29538127,689868.9,35487,2.6,51.3,1126.0,6193527,15006.3,1252.5,2372.5,10762.2,4142,0,6246841,5305249,0,0,0,0,0,0,0,0,0,0,0,0,154.0,0,0,456,761.3,20.4,30,50.0,0,512.0,
1318,young,4529,22,6,361,0,32,2,0,100,2060,443,1888,29556882,690378.6,38262,2.8,54.1,1126.0,6198096,15011.6,1252.7,2373.8,10765.6,4142,0,6251460,5309212,0,0,0,0,0,0,0,0,0,0,0,0,154.0,0,0,456,754.1,20.4,30,50.0,0,512.0,
1319,young,4832,32,8,407,0,28,2,0,94,2173,442,2004,29570759,690886.0,38370,2.8,56.9,1126.0,6202692,15016.0,1252.9,2375.2,10767.9,4142,0,6256107,5313386,0,0,0,0,0,0,0,0,0,0,0,0,154.0,0,0,456,747.7,20.4,30,50.0,0,512.0,
1320,young,5002,166,9,472,0,30,2,0,102,2160,442,1987,29583835,691401.6,37477,2.7,59.7,1126.0,6207312,15020.7,1253.1,2376.8,10770.4,4142,0,6260773,5317557,0,0,0,0,0,0,0,0,0,0,0,0,154.0,0,0,456,741.3,20.4,30,50.0,0,512.0,
1321,young,4216,42,7,364,0,28,2,1,103,1691,442,1910,29598109,691913.6,26098,1.8,61.5,1126.0,6211943,15028.3,1255.1,2378.3,10774.0,4142,0,6265452,5321573,0,0,0,0,0,0,0,0,0,0,0,0,154.0,0,0,456,735.9,20.4,30,50.0,0,512.0,
1322,young,4092,18,7,344,0,30,2,0,76,1610,442,1956,29613813,692423.6,22139,1.7,63.2,1126.0,6216599,15034.7,1255.3,2379.7,10778.3,4142,0,6270155,5325569,0,0,0,0,0,0,0,0,0,0,0,0,154.0,0,0,456,731.7,20.4,30,50.0,0,512.0,
1323,young,5350,129,91,587,0,30,2,0,101,2007,444,2360,29630066,692940.5,35579,2.6,65.8,1126.0,6221243,15038.3,1255.5,2381.0,10780.0,4142,0,6274858,5329927,0,0,0,0,0,0,0,0,0,0,0,0,154.0,0,0,456,725.2,20.4,30,50.0,0,513.8,
1324,young,4787,38,7,210,0,28,2,0,80,2004,443,2332,29646590,693451.3,32370,2.4,68.2,1126.0,6225921,15042.8,1255.8,2382.4,10782.5,4142,0,6279588,5334160,0,0,0,0,0,0,0,0,0,0,0,0,154.0,0,0,456,719.5,20.4,30,50.0,0,516.2,
1325,young,5268,35,8,310,0,34,2,0,91,2254,446,2436,29665265,693965.0,35109,2.6,70.8,1126.0,6230621,15048.0,1256.0,2383.8,10785.6,4142,0,6284334,5338307,0,0,0,0,0,0,0,0,0,0,0,0,154.0,0,0,456,714.2,20.4,30,50.0,0,518.8,
1326,young,5382,49,9,656,0,26,2,0,84,1874,444,2590,29680431,694481.3,29549,2.1,72.9,1126.0,6235344,15054.0,1256.2,2385.9,10788.9,4142,0,6289118,5342474,0,0,0,0,0,0,0,0,0,0,0,0,154.0,0,0,456,708.4,20.4,30,50.0,0,520.9,
1327,young,5276,180,8,303,0,38,1,0,88,1669,449,2910,29697208,694997.8,18523,1.4,74.3,1126.0,6240103,15060.8,1256.4,2387.6,10793.0,4142,0,6293933,5346666,0,0,0,0,0,0,0,0,0,0,0,0,154.0,0,0,456,704.1,20.4,30,50.0,0,522.3,
1328,young,5017,82,8,574,0,15,1,0,68,1666,454,2506,29720404,695520.9,25805,1.9,76.2,1126.0,6244864,15071.4,1257.7,2390.7,10798.8,4142,0,6298756,5350254,0,0,0,0,0,0,0,0,0,0,0,0,154.0,0,0,456,699.1,20.4,30,50.0,0,524.2,
1329,young,5304,85,7,400,0,15,1,0,89,2102,450,2550,29735836,696046.2,31510,2.3,78.5,1126.0,6249671,15075.0,1257.9,2392.1,10800.5,4142,0,6303620,5354732,0,0,0,0,0,0,0,0,0,0,0,1,154.0,0,0,456,693.7,20.4,30,50.0,0,526.5,
1330,young,5870,94,7,887,0,23,2,0,69,2227,453,2492,29751393,696571.6,35459,2.6,81.1,1126.0,6254522,15081.1,1258.9,2394.9,10802.3,4142,0,6308534,5359235,0,0,0,0,0,0,0,0,0,0,0,0,154.0,0,0,456,688.3,20.4,30,50.0,0,529.1,
1331,young,6396,150,8,1059,0,36,1,0,112,1898,452,3078,29768655,697098.8,34695,2.5,83.7,1126.0,6259427,15086.1,1259.1,2396.5,10805.1,4142,0,6313495,5363642,0,0,0,0,0,0,0,0,0,0,0,0,154.0,0,1,455,681.4,20.4,30,50.0,0,531.7,
1332,full-cycle,14864,94,927,0,0,0,2,0,100,2247,449,118,29788424,697641.4,169245,18.7,18.7,1126.0,6266141,15093.8,1260.0,2399.3,10808.5,4178,0,6319873,5369695,1021,9711,2959,125806,88,405,93,0,0,0,1084,0,110.0,11,10,459,904.1,17.7,28,48.5,0,512.0,promoted
1333,young,4047,96,8,687,0,35,2,1,110,2376,436,617,29814342,698556.8,37248,6.1,24.8,1126.0,6271999,15101.5,1260.2,2401.4,10813.3,4212,0,6325778,5374590,0,0,0,0,0,0,0,0,0,0,0,0,110.0,0,0,480,882.2,17.7,28,46.5,0,512.0,
1334,young,3333,44,8,517,0,30,2,1,88,1822,434,762,29832084,699031.8,25656,2.0,26.8,1126.0,6276467,15106.0,1260.4,2403.0,10815.5,4216,0,6330291,5378695,0,0,0,0,0,0,0,0,0,0,0,0,110.0,0,0,480,874.4,17.7,28,46.2,0,512.0,
1335,young,2734,155,7,387,0,31,2,1,107,1252,434,733,29850491,699543.5,16247,1.2,28.0,1126.0,6280905,15111.5,1260.5,2404.4,10819.1,4216,0,6334801,5382602,0,0,0,0,0,0,0,0,0,0,0,0,110.0,0,0,480,869.9,17.7,28,46.2,0,512.0,
1336,young,2870,25,7,569,0,21,1,0,91,1227,431,869,29872905,700056.5,21045,1.7,29.7,1126.0,6285397,15117.7,1260.8,2405.9,10823.1,4218,0,6339345,5386410,0,0,0,0,0,0,0,0,0,0,0,0,110.0,0,0,480,864.4,17.7,28,46.1,0,512.0,
1337,young,3022,33,9,318,0,27,2,0,100,1509,439,938,29893627,700568.5,22638,1.7,31.4,1126.0,6290061,15122.8,1260.9,2407.2,10826.2,4220,0,6344055,5390524,0,0,0,0,0,0,0,0,0,0,0,0,110.0,0,0,480,855.8,17.7,28,46.0,0,512.0,
1338,young,3241,22,8,366,0,25,2,0,75,1727,444,939,29908548,701076.2,25832,2.0,33.4,1126.0,6294502,15126.8,1261.1,2408.9,10827.9,4220,0,6348557,5394696,0,0,0,0,0,0,0,0,0,0,0,0,110.0,0,0,480,850.8,17.7,28,46.0,0,512.0,
1339,young,3815,24,6,298,0,28,2,0,118,2087,445,1156,29931093,701589.4,33168,2.4,35.8,1126.0,6298981,15133.1,1261.5,2412.6,10829.8,4220,0,6353101,5398832,0,0,0,0,0,0,0,0,0,0,0,1,110.0,0,0,480,844.5,17.7,28,46.0,0,512.0,
1340,young,3724,32,8,393,0,35,1,0,108,1792,448,1270,29950082,702098.0,27745,2.1,37.8,1126.0,6303419,15137.3,1261.6,2414.0,10831.8,4220,0,6357588,5402934,0,0,0,0,0,0,0,0,0,0,0,0,110.0,0,0,480,839.5,17.7,28,46.0,0,512.0,
1341,young,3820,82,6,379,0,20,1,0,79,1916,446,1243,29967305,702616.5,33074,2.4,40.3,1126.0,6307885,15143.9,1261.9,2415.7,10835.9,4220,0,6362122,5406850,0,0,0,0,0,0,0,0,0,0,0,0,110.0,0,1,479,833.3,17.7,28,46.0,0,512.0,
1342,young,3804,23,6,376,0,13,1,1,61,2006,449,1259,29981342,703128.5,38192,2.8,43.1,1126.0,6312377,15150.5,1263.9,2418.0,10837.8,4220,0,6366662,5411060,0,0,0,0,0,0,0,0,0,0,0,0,110.0,0,0,480,826.8,17.7,28,46.0,0,512.0,
1343,young,4020,23,7,418,0,26,1,0,74,1952,452,1450,29996258,703638.9,36305,2.7,45.7,1126.0,6316856,15155.0,1264.1,2419.3,10840.4,4220,0,6371177,5414983,0,0,0,0,0,0,0,0,0,0,0,0,110.0,0,1,479,820.5,17.7,28,46.0,0,512.0,
1344,young,4003,54,8,378,0,18,1,0,75,1924,453,1459,30010626,704147.2,36123,2.7,48.4,1126.0,6321338,15160.2,1264.3,2420.7,10843.6,4220,0,6375719,5418874,0,0,0,0,0,0,0,0,0,0,0,0,110.0,0,0,480,815.4,17.7,28,46.0,0,512.0,
1345,young,3828,26,7,248,0,25,2,0,78,1612,452,1718,30026141,704666.0,38235,2.8,51.2,1126.0,6325842,15167.3,1265.3,2422.7,10847.3,4220,0,6380277,5422864,0,0,0,0,0,0,0,0,0,0,0,0,110.0,0,1,479,809.7,17.7,28,46.0,0,512.0,
1346,young,4044,23,7,361,0,26,1,0,76,1848,458,1593,30057514,705169.4,36122,2.6,53.9,1126.0,6330419,15177.3,1266.0,2425.3,10853.7,4220,0,6384918,5426290,0,0,0,0,0,0,0,0,0,0,0,0,110.0,0,0,480,802.4,17.7,28,46.0,0,512.0,
1347,young,4436,68,9,460,0,20,1,0,74,2040,455,1701,30070983,705681.1,35047,2.6,56.4,1126.0,6334946,15183.5,1266.6,2428.3,10855.8,4220,0,6389511,5430495,0,0,0,0,0,0,0,0,0,0,0,0,110.0,0,1,479,795.9,17.7,28,46.0,0,512.0,
1348,young,6230,103,8,368,0,40,2,0,134,2418,453,3096,30086200,706191.6,36452,2.7,59.1,1126.0,6339504,15188.7,1266.8,2429.7,10859.0,4220,0,6394116,5434538,0,0,0,0,0,0,0,0,0,0,0,1,110.0,0,0,480,790.7,17.7,28,46.0,0,512.0,
1349,young,6351,200,8,896,0,36,2,0,127,2108,450,2823,30102114,706706.9,30084,2.2,61.3,1126.0,6344071,15192.6,1267.0,2431.3,10860.6,4220,0,6398737,5438968,0,0,0,0,0,0,0,0,0,0,0,0,110.0,0,0,480,785.5,17.7,28,46.0,0,512.0,
1350,young,6155,48,9,754,0,35,2,0,112,2006,451,3069,30118292,707218.2,22771,1.7,63.0,1126.0,6348656,15197.2,1267.2,2432.6,10863.2,4220,0,6403384,5443172,0,0,0,0,0,0,0,0,0,0,0,0,110.0,0,0,480,780.6,17.7,28,46.0,0,512.0,
1351,young,4848,102,7,892,0,22,2,0,102,1241,452,2352,30132167,707730.9,20893,1.5,64.5,1126.0,6353269,15202.7,1268.4,2434.2,10865.6,4220,0,6408040,5447364,0,0,0,0,0,0,0,0,0,0,0,0,110.0,0,0,480,776.1,17.7,28,46.0,0,512.5,
1352,young,4861,24,8,502,0,33,2,0,98,1746,451,2375,30147532,708240.1,23440,1.8,66.3,1126.0,6357900,15209.3,1268.6,2435.6,10870.2,4220,0,6412731,5451364,0,0,0,0,0,0,0,0,0,0,0,0,110.0,0,2,478,771.0,17.7,28,46.0,0,514.3,
1353,young,5492,46,8,734,0,26,2,0,95,2071,451,2354,30167001,708754.9,33313,2.4,68.7,1126.0,6362560,15217.1,1270.5,2437.7,10873.8,4220,0,6417457,5455557,0,0,0,0,0,0,0,0,0,0,0,0,110.0,0,0,480,765.9,17.7,28,46.0,0,516.7,
1354,young,5988,161,7,500,0,39,2,0,118,2108,452,2966,30184490,709265.1,32224,2.4,71.1,1126.0,6367259,15222.1,1270.7,2439.2,10876.6,4220,0,6422206,5459781,0,0,0,0,0,0,0,0,0,0,0,0,110.0,0,0,480,760.4,17.7,28,46.0,0,519.1,
1355,young,5995,44,9,441,0,33,1,0,106,2449,452,2840,30205182,709784.4,34754,2.6,73.7,1126.0,6372002,15226.4,1270.8,2440.6,10878.9,4220,0,6427004,5464182,0,0,0,0,0,0,0,0,0,0,0,0,110.0,0,0,480,755.0,17.7,28,46.0,0,521.7,
1356,young,5728,82,9,451,0,33,2,0,110,2354,451,2620,30223451,710302.9,37351,2.7,76.4,1126.0,6376771,15230.9,1271.0,2442.4,10880.8,4220,0,6431836,5468585,0,0,0,0,0,0,0,0,0,0,0,0,110.0,0,0,480,748.3,17.7,28,46.0,0,524.4,
1357,young,5313,31,7,456,0,24,2,1,76,2029,468,2593,30237192,710821.8,37342,2.8,79.2,1126.0,6381541,15234.2,1271.2,2444.0,10881.9,4220,0,6436658,5473195,0,0,0,0,0,0,0,0,0,0,0,0,110.0,0,0,480,741.3,17.7,28,46.0,0,527.2,
1358,young,5861,92,7,451,0,27,2,0,81,2384,470,2742,30251144,711344.9,38860,2.9,82.0,1126.0,6386338,15238.3,1271.4,2445.3,10884.0,4220,0,6441511,5477609,0,0,0,0,0,0,0,0,0,0,0,0,110.0,0,0,480,734.6,17.7,28,46.0,0,530.0,
1359,young,5445,45,7,269,0,30,2,0,108,2014,470,2860,30269090,711871.0,29221,2.1,84.1,1126.0,6391188,15241.8,1271.6,2447.0,10885.4,4220,0,6446408,5482190,0,0,0,0,0,0,0,0,0,0,0,0,110.0,0,0,480,729.2,17.7,28,46.0,0,532.1,
1360,full-cycle,11286,119,942,0,0,0,1,0,82,1788,428,100,30285514,712407.4,161567,18.2,18.2,1126.0,6397495,15252.7,1276.6,2449.3,10888.4,4251,0,6452751,5487903,1060,6881,2265,126409,14,301,55,0,0,0,1054,0,142.0,9,6,448,876.3,14.7,29,50.8,0,512.0,promoted
1361,young,3337,201,7,696,0,21,2,0,74,1722,435,525,30319065,713204.0,34026,5.3,23.6,1126.0,6403203,15259.8,1276.9,2451.2,10892.6,4281,0,6458485,5492662,0,0,0,0,0,0,0,0,0,0,0,0,142.0,0,1,462,855.5,14.7,29,49.0,0,512.0,
1362,young,3087,31,13,182,0,29,2,0,78,2049,443,632,30339835,713792.0,31044,2.3,25.9,1126.0,6407910,15265.3,1277.1,2452.6,10896.1,4281,0,6463238,5496963,0,0,0,0,0,0,0,0,0,0,0,0,142.0,0,0,463,845.1,14.7,29,49.0,0,512.0,
1363,young,3628,21,6,522,0,32,2,0,84,2071,442,822,30355448,714297.1,38551,2.8,28.7,1126.0,6412345,15272.0,1277.3,2454.1,10900.8,4281,0,6467724,5500754,0,0,0,0,0,0,0,0,0,0,0,0,142.0,0,0,463,838.5,14.7,29,49.0,0,512.0,
1364,young,3535,26,8,267,0,28,2,0,75,2160,439,900,30369836,714807.8,38047,2.8,31.5,1126.0,6416795,15277.3,1277.6,2455.5,10904.0,4281,0,6472227,5504631,0,0,0,0,0,0,0,0,0,0,0,0,142.0,0,0,463,832.1,14.7,29,49.0,0,512.0,
1365,young,3906,104,8,362,0,32,2,0,108,2238,438,941,30385119,715320.5,32959,2.4,33.9,1126.0,6421270,15282.8,1277.9,2457.0,10907.3,4281,0,6476752,5508534,0,0,0,0,0,0,0,0,0,0,0,0,142.0,0,0,463,825.9,14.7,29,49.0,0,512.0,
1366,young,3283,41,7,569,0,25,2,0,103,1436,444,1004,30398722,715828.2,30109,2.2,36.1,1126.0,6425747,15287.2,1278.1,2458.7,10909.5,4281,0,6481282,5512687,0,0,0,0,0,0,0,0,0,0,0,0,142.0,0,0,463,820.6,14.7,29,49.0,0,512.0,
1367,young,3098,21,6,232,0,21,2,0,86,1530,444,1144,30420558,716343.3,30322,2.2,38.3,1126.0,6430232,15293.5,1278.2,2460.1,10913.6,4281,0,6485820,5516511,0,0,0,0,0,0,0,0,0,0,0,0,142.0,0,2,461,813.7,14.7,29,49.0,0,512.0,
1368,young,3340,281,5,223,0,52,1,0,110,1489,444,1113,30435841,716855.3,25954,2.0,40.3,1126.0,6434725,15299.7,1278.7,2461.6,10917.4,4283,0,6490356,5520338,0,0,0,0,0,0,0,0,0,0,0,0,142.0,0,0,463,809.5,14.7,29,48.9,0,512.0,
1369,young,3583,70,8,512,0,19,1,0,80,1526,449,1272,30452626,717368.0,21652,1.7,42.0,1126.0,6439237,15305.7,1279.3,2463.9,10920.2,4285,0,6494915,5524447,0,0,0,0,0,0,0,0,0,0,0,0,142.0,0,0,463,803.4,14.7,29,48.8,0,512.0,
1370,young,3303,101,8,384,0,19,1,0,81,1289,448,1346,30467403,717878.9,27035,2.2,44.1,1126.0,6443733,15312.0,1279.5,2465.3,10924.3,4287,0,6499474,5528262,0,0,0,0,0,0,0,0,0,0,0,0,142.0,0,1,462,797.4,14.7,29,48.7,0,512.0,
1371,young,4220,24,8,327,0,28,2,0,97,2204,448,1408,30481560,718391.2,35870,2.6,46.8,1126.0,6448259,15316.6,1279.7,2466.7,10926.9,4287,0,6504036,5532330,0,0,0,0,0,0,0,0,0,0,0,0,142.0,0,0,463,792.3,14.7,29,48.7,0,512.0,
1372,young,4539,53,8,624,0,20,1,0,90,1993,445,1667,30495887,718903.7,34099,2.8,49.6,1126.0,6452848,15321.8,1279.9,2468.4,10929.9,4293,0,6508670,5536380,0,0,0,0,0,0,0,0,0,0,0,0,142.0,0,0,463,785.8,14.7,29,48.3,0,512.0,
1373,young,4640,34,6,286,0,34,2,0,99,2308,447,1828,30512082,719414.5,35502,2.6,52.2,1126.0,6457407,15327.3,1280.1,2469.8,10933.3,4293,0,6513279,5540246,0,0,0,0,0,0,0,0,0,0,0,0,142.0,0,0,463,779.7,14.7,29,48.3,0,512.0,
1374,young,4625,135,9,352,0,23,2,0,86,2180,450,1772,30536722,719778.8,35879,2.6,54.8,1126.0,6462188,15334.7,1280.5,2471.5,10938.1,4293,0,6518126,5543947,0,0,0,0,0,0,0,0,0,0,0,0,142.0,0,0,463,769.8,14.7,29,48.3,0,512.0,
1375,young,4855,16,7,729,0,51,2,0,93,1997,445,1878,30557000,720429.4,34557,2.6,57.4,1126.0,6466739,15339.8,1280.8,2473.1,10941.0,4293,0,6522725,5548005,0,0,0,0,0,0,0,0,0,0,0,0,142.0,0,0,463,764.1,14.7,29,48.3,0,512.0,
1376,young,5338,24,6,694,0,29,2,0,106,2248,447,2161,30573827,720940.7,37147,2.7,60.1,1126.0,6471316,15343.1,1281.0,2474.6,10942.2,4293,0,6527365,5552366,0,0,0,0,0,0,0,0,0,0,0,0,142.0,0,2,461,758.3,14.7,29,48.3,0,512.0,
1377,young,4641,24,6,493,0,28,2,0,82,1975,448,1947,30591816,721452.4,35275,2.6,62.7,1126.0,6475918,15349.8,1281.1,2476.0,10946.8,4293,0,6532015,5556379,0,0,0,0,0,0,0,0,0,0,0,0,142.0,0,0,463,752.2,14.7,29,48.3,0,512.0,
1378,young,5028,23,8,418,0,30,2,0,104,2195,445,2175,30607062,721960.0,36099,2.7,65.3,1126.0,6480571,15356.2,1282.5,2477.4,10950.0,4293,0,6536713,5560429,0,0,0,0,0,0,0,0,0,0,0,0,142.0,0,0,463,744.8,14.7,29,48.3,0,513.3,
1379,young,5387,48,8,498,0,36,2,0,107,2400,447,2205,30620609,722471.3,37826,2.8,68.1,1126.0,6485203,15360.4,1282.7,2478.8,10952.1,4293,0,6541395,5564687,0,0,0,0,0,0,0,0,0,0,0,0,142.0,0,0,463,738.3,14.7,29,48.3,0,516.1,
1380,young,5007,33,5,540,0,19,1,0,81,2235,446,2035,30634813,722982.8,37143,2.7,70.8,1126.0,6489854,15364.8,1282.9,2480.2,10954.5,4293,0,6546106,5568915,0,0,0,0,0,0,0,0,0,0,0,0,142.0,0,0,463,732.0,14.7,29,48.3,0,518.8,
1381,young,5105,91,6,681,0,21,2,0,78,2058,447,2072,30651947,723497.2,35857,2.6,73.4,1126.0,6494587,15370.3,1283.1,2481.7,10957.9,4293,0,6550869,5573171,0,0,0,0,0,0,0,0,0,0,0,0,142.0,0,0,463,725.8,14.7,29,48.3,0,521.4,
1382,young,5319,153,8,985,0,27,2,0,102,1908,454,2069,30684162,723935.8,32620,2.4,75.8,1126.0,6499319,15381.9,1283.7,2483.7,10966.4,4293,0,6555654,5576063,0,0,0,0,0,0,0,0,0,0,0,0,142.0,0,2,461,719.5,14.7,29,48.3,0,523.8,
1383,young,5186,29,8,394,0,28,2,0,108,2071,452,2466,30703225,724531.3,33373,2.5,78.3,1126.0,6504087,15387.1,1284.1,2485.3,10969.1,4293,0,6560477,5580342,0,0,0,0,0,0,0,0,0,0,0,0,142.0,0,0,463,714.3,14.7,29,48.3,0,526.3,
1384,young,5367,40,6,351,0,26,1,0,80,2199,455,2591,30717970,725053.7,35375,2.6,80.9,1126.0,6508887,15391.0,1284.3,2486.8,10970.9,4293,0,6565319,5584805,0,0,0,0,0,0,0,0,0,0,0,0,142.0,0,0,463,708.7,14.7,29,48.3,0,528.9,
1385,young,6514,19,6,1406,0,29,2,0,124,1957,452,2894,30731721,725579.3,36360,2.7,83.6,1126.0,6513737,15396.1,1284.5,2488.3,10973.8,4293,0,6570222,5589141,0,0,0,0,0,0,0,0,0,0,0,0,142.0,0,0,463,702.0,14.7,29,48.3,0,531.6,
1386,full-cycle,11131,25,778,0,0,0,2,0,119,1711,426,136,30751729,726117.9,165934,18.5,18.5,1126.0,6519885,15402.1,1284.8,2490.4,10977.0,4320,0,6576404,5594750,804,6590,2384,137089,24,441,66,0,0,0,1270,0,144.0,13,13,437,862.7,21.5,28,49.0,0,512.0,promoted
1387,young,2947,51,9,179,0,16,1,0,70,1878,431,656,30784886,726953.4,37829,5.2,23.8,1126.0,6525854,15411.7,1285.0,2491.9,10984.3,4346,0,6582377,5599445,0,0,0,0,0,0,0,0,0,0,0,0,144.0,0,0,463,842.5,21.5,28,47.5,0,512.0,
1388,young,3376,26,7,340,0,25,2,0,79,2059,439,744,30797791,727454.7,37949,3.0,26.8,1126.0,6530410,15415.7,1285.2,2493.3,10986.4,4350,0,6586974,5603642,0,0,0,0,0,0,0,0,0,0,0,0,144.0,0,0,463,833.7,21.5,28,47.3,0,512.0,
1389,young,2772,26,7,345,0,14,1,0,72,1364,436,872,30813925,727956.3,32298,2.3,29.1,1126.0,6534952,15421.8,1286.9,2494.8,10988.9,4350,0,6591563,5607717,0,0,0,0,0,0,0,0,0,0,0,0,144.0,0,1,462,826.0,21.5,28,47.3,0,512.0,
1390,young,3323,94,6,379,0,19,1,0,87,1707,436,935,30831126,728471.5,24561,1.8,30.9,1126.0,6539542,15428.3,1287.1,2496.5,10992.9,4350,0,6596192,5611747,0,0,0,0,0,0,0,0,0,0,0,0,144.0,0,0,463,818.7,21.5,28,47.3,0,512.0,
1391,young,3376,26,6,452,0,25,2,0,94,1529,440,1160,30846912,728980.8,30457,2.4,33.3,1126.0,6544015,15433.8,1287.3,2497.8,10996.4,4352,0,6600722,5615638,0,0,0,0,0,0,0,0,0,0,0,1,144.0,0,0,463,813.1,21.5,28,47.2,0,512.0,
1392,young,3830,16,5,260,0,19,1,0,74,1938,441,1431,30860389,729492.0,35330,2.6,35.9,1126.0,6548510,15438.4,1287.4,2499.1,10999.2,4352,0,6605263,5619609,0,0,0,0,0,0,0,0,0,0,0,0,144.0,0,0,463,807.8,21.5,28,47.2,0,512.0,
1393,young,3378,23,7,435,0,22,2,1,75,1468,441,1272,30875088,729999.8,37882,2.8,38.6,1126.0,6553016,15443.0,1287.9,2500.4,11001.7,4352,0,6609806,5623769,0,0,0,0,0,0,0,0,0,0,0,0,144.0,0,0,463,801.2,21.5,28,47.2,0,512.0,
1394,young,4292,24,5,301,0,38,2,0,111,2194,440,1538,30888387,730516.8,38808,2.8,41.5,1126.0,6557523,15446.8,1288.2,2501.9,11003.2,4352,0,6614357,5628028,0,0,0,0,0,0,0,0,0,0,0,0,144.0,0,0,463,795.3,21.5,28,47.2,0,512.0,
1395,young,4459,17,5,484,0,18,1,0,74,1986,441,1798,30906713,731028.8,38114,2.8,44.3,1126.0,6562042,15460.4,1293.1,2507.7,11005.6,4352,0,6618914,5632108,0,0,0,0,0,0,0,0,0,0,0,1,144.0,0,0,463,789.2,21.5,28,47.2,0,512.0,
1396,young,4109,24,4,255,0,23,2,0,73,2094,441,1567,30920827,731540.4,37170,2.7,47.0,1126.0,6566570,15466.0,1293.3,2509.7,11008.6,4352,0,6623488,5636166,0,0,0,0,0,0,0,0,0,0,0,0,144.0,0,0,463,783.4,21.5,28,47.2,0,512.0,
1397,young,4595,46,5,343,0,30,2,0,110,1846,441,2145,30935468,732050.8,37850,2.8,49.8,1126.0,6571105,15471.0,1293.5,2511.2,11011.6,4352,0,6628081,5640187,0,0,0,0,0,0,0,0,0,0,0,0,144.0,0,2,461,776.4,21.5,28,47.2,0,512.0,
1398,young,4648,295,9,478,0,28,1,0,77,1765,443,1896,30955322,732563.8,33134,2.4,52.2,1126.0,6575649,15476.8,1294.9,2512.8,11013.8,4352,0,6632671,5644345,0,0,0,0,0,0,0,0,0,0,0,0,144.0,0,0,463,771.1,21.5,28,47.2,0,512.0,
1399,young,4599,52,7,537,0,28,2,0,111,2087,459,1718,30971315,733075.8,33812,2.5,54.7,1126.0,6580225,15481.7,1296.0,2514.6,11015.2,4352,0,6637294,5648675,0,0,0,0,0,0,0,0,0,0,0,0,144.0,0,0,463,764.9,21.5,28,47.2,0,512.0,
1400,young,4293,14,5,186,0,27,2,0,78,2021,460,1892,30987094,733588.0,38353,2.8,57.5,1126.0,6584755,15486.9,1296.2,2516.1,11018.4,4352,0,6641878,5652734,0,0,0,0,0,0,0,0,0,0,0,0,144.0,0,0,463,759.1,21.5,28,47.2,0,512.0,
1401,young,4600,222,8,553,0,17,1,0,73,1575,459,2038,31001810,734100.9,34128,2.5,60.0,1126.0,6589296,15495.6,1298.3,2518.2,11022.6,4352,0,6646474,5656706,0,0,0,0,0,0,0,0,0,0,0,0,144.0,0,0,463,753.7,21.5,28,47.2,0,512.0,
1402,young,4892,59,8,596,0,29,2,0,108,1845,460,2173,31023556,734614.6,31654,2.4,62.4,1126.0,6593884,15504.8,1298.5,2519.8,11029.3,4352,0,6651110,5660062,0,0,0,0,0,0,0,0,0,0,0,0,144.0,0,0,463,748.1,21.5,28,47.2,0,512.0,
1403,young,4999,23,6,329,0,28,2,0,82,2138,459,2308,31037909,735125.7,36749,2.7,65.1,1126.0,6598488,15510.9,1298.7,2521.2,11033.3,4352,0,6655778,5664002,0,0,0,0,0,0,0,0,0,0,0,0,144.0,0,0,463,741.7,21.5,28,47.2,0,513.1,
1404,young,5236,25,7,536,0,25,2,0,97,2021,458,2440,31053149,735635.2,36289,2.6,67.7,1126.0,6603110,15515.1,1298.9,2522.5,11035.6,4352,0,6660450,5668219,0,0,0,0,0,0,0,0,0,0,0,0,144.0,0,1,462,734.8,21.5,28,47.2,0,515.7,
1405,young,4992,32,7,227,0,23,1,0,78,1987,460,2546,31068960,736145.0,34933,2.6,70.3,1126.0,6607755,15520.7,1299.0,2523.9,11039.3,4352,0,6665140,5672176,0,0,0,0,0,0,0,0,0,0,0,0,144.0,0,0,463,729.1,21.5,28,47.2,0,518.3,
1406,young,5055,21,8,232,0,28,2,0,80,2152,459,2477,31083054,736662.4,38380,3.2,73.5,1126.0,6612405,15525.0,1299.2,2525.3,11041.5,4360,0,6669856,5676431,0,0,0,0,0,0,0,0,0,0,0,0,144.0,0,0,463,723.1,21.5,28,46.7,0,521.5,
1407,young,5430,22,8,715,0,23,1,0,73,1830,456,2682,31096416,737177.6,38963,2.9,76.4,1126.0,6617131,15529.2,1299.7,2526.7,11043.4,4360,0,6674639,5680794,0,0,0,0,0,0,0,0,0,0,0,0,144.0,0,0,463,715.5,21.5,28,46.7,0,524.4,
1408,young,5672,142,8,673,0,28,2,0,75,1848,455,2784,31112753,737699.5,36070,2.7,79.1,1126.0,6621918,15534.0,1300.0,2528.2,11045.9,4362,0,6679474,5685111,0,0,0,0,0,0,0,0,0,0,0,0,144.0,0,0,463,709.4,21.5,28,46.6,0,527.1,
1409,young,5763,47,8,1031,0,17,1,0,76,1746,454,2769,31131529,738222.8,27840,2.0,81.1,1126.0,6626741,15539.2,1300.3,2529.7,11048.7,4362,0,6684352,5689466,0,0,0,0,0,0,0,0,0,0,0,0,144.0,0,0,463,704.2,21.5,28,46.6,0,529.1,
1410,young,5200,32,7,502,0,24,2,0,73,1676,457,2813,31147285,738749.1,26254,2.0,83.1,1126.0,6631593,15544.7,1300.5,2531.3,11051.8,4362,0,6689258,5693791,0,0,0,0,0,0,0,0,0,0,0,0,144.0,0,0,463,698.8,21.5,28,46.6,0,531.1,
1411,full-cycle,11961,18,728,0,0,0,2,0,126,2060,428,145,31163833,739287.1,171105,18.9,18.9,1126.0,6637712,15551.1,1301.2,2533.3,11055.0,4392,0,6695428,5699333,746,7030,2898,133118,92,514,82,0,0,0,1183,0,146.0,12,11,441,868.3,19.5,26,45.0,0,512.0,promoted
1412,young,3764,41,7,593,0,23,1,0,82,2234,416,720,31188683,740150.7,38012,5.5,24.4,1126.0,6643770,15558.9,1301.5,2535.0,11060.3,4420,0,6701496,5704099,0,0,0,0,0,0,0,0,0,0,0,0,146.0,0,0,464,845.7,19.5,26,43.4,0,512.0,
1413,young,2749,50,7,452,0,21,2,0,74,1206,433,835,31202058,740631.1,30187,2.3,26.7,1126.0,6648236,15564.4,1301.7,2536.4,11063.8,4424,0,6706026,5708033,0,0,0,0,0,0,0,0,0,0,0,1,146.0,0,0,464,839.5,19.5,26,43.1,0,512.0,
1414,young,2973,25,8,560,0,24,2,0,75,1469,432,727,31217208,741140.1,27433,2.1,28.8,1126.0,6652689,15570.4,1301.9,2538.3,11067.3,4424,0,6710528,5711912,0,0,0,0,0,0,0,0,0,0,0,1,146.0,0,1,463,833.3,19.5,26,43.1,0,512.0,
1415,young,3448,32,7,364,0,25,2,0,111,1725,439,1100,31230505,741651.2,32145,2.3,31.1,1126.0,6657182,15574.9,1302.1,2539.6,11069.8,4424,0,6715061,5715943,0,0,0,0,0,0,0,0,0,0,0,0,146.0,0,0,464,827.5,19.5,26,43.1,0,512.0,
1416,young,3414,23,7,387,0,21,2,0,78,1804,436,1044,31245169,742159.1,30189,2.3,33.4,1126.0,6661692,15581.0,1302.3,2541.1,11073.4,4424,0,6719623,5719921,0,0,0,0,0,0,0,0,0,0,0,0,146.0,0,0,464,821.5,19.5,26,43.1,0,512.0,
1417,young,3416,60,7,427,0,28,2,0,118,1639,443,1077,31259043,742671.8,30037,2.1,35.6,1126.0,6666222,15584.7,1302.6,2542.4,11075.1,4424,0,6724211,5724173,0,0,0,0,0,0,0,0,0,0,0,0,146.0,0,1,463,814.4,19.5,26,43.1,0,512.0,
1418,young,3350,49,6,758,0,21,3,0,72,1283,449,1061,31274479,743181.6,20357,1.5,37.1,1126.0,6670737,15589.2,1302.8,2544.0,11077.2,4424,0,6728774,5728316,0,0,0,0,0,0,0,0,0,0,0,0,146.0,0,0,464,810.1,19.5,26,43.1,0,512.0,
1419,young,3376,24,7,248,0,24,2,0,75,1849,448,1100,31289966,743692.6,29436,2.2,39.3,1126.0,6675235,15593.7,1303.0,2545.3,11079.8,4424,0,6733338,5732401,0,0,0,0,0,0,0,0,0,0,0,0,146.0,0,0,464,805.0,19.5,26,43.1,0,512.0,
1420,young,3744,25,6,247,0,20,1,0,75,2066,445,1248,31305262,744208.9,36397,2.7,41.9,1126.0,6679748,15597.8,1303.2,2546.7,11081.7,4424,0,6737893,5736572,0,0,0,0,0,0,0,0,0,0,0,1,146.0,0,2,462,797.9,19.5,26,43.1,0,512.0,
1421,young,4074,113,7,631,0,26,2,0,96,1806,447,1320,31319344,744715.9,35203,2.6,44.5,1126.0,6684286,15603.2,1303.4,2548.0,11085.3,4424,0,6742472,5740446,0,0,0,0,0,0,0,0,0,0,0,0,146.0,0,0,464,791.9,19.5,26,43.1,0,512.0,
1422,young,4244,49,6,331,0,30,2,0,78,2155,446,1496,31335833,745230.6,36879,2.7,47.3,1126.0,6688849,15608.6,1303.6,2549.5,11088.7,4424,0,6747080,5744451,0,0,0,0,0,0,0,0,0,0,0,1,146.0,0,0,464,785.7,19.5,26,43.1,0,512.0,
1423,young,4216,23,7,370,0,24,2,0,79,2006,445,1641,31349769,745743.8,38085,2.8,50.1,1126.0,6693404,15612.8,1303.8,2550.9,11090.9,4424,0,6751695,5748567,0,0,0,0,0,0,0,0,0,0,0,0,146.0,0,0,464,779.6,19.5,26,43.1,0,512.0,
1424,young,4685,26,7,522,0,23,2,0,88,2231,446,1705,31365227,746253.8,37046,2.7,52.8,1126.0,6697980,15616.7,1304.0,2552.2,11092.9,4424,0,6756328,5752761,0,0,0,0,0,0,0,0,0,0,0,1,146.0,0,0,464,772.9,19.5,26,43.1,0,512.0,
1425,young,4788,27,6,650,0,28,2,0,78,2075,449,1854,31379842,746764.8,35170,2.6,55.4,1126.0,6702571,15620.4,1304.1,2553.7,11094.5,4424,0,6760953,5757061,0,0,0,0,0,0,0,0,0,0,0,0,146.0,0,0,464,766.9,19.5,26,43.1,0,512.0,
1426,young,5178,16,6,497,0,30,2,1,155,1982,448,2405,31395508,747275.4,35991,2.6,58.0,1126.0,6707201,15625.5,1304.4,2555.1,11097.5,4424,0,6765616,5761250,0,0,0,0,0,0,0,0,0,0,0,0,146.0,0,0,464,759.7,19.5,26,43.1,0,512.0,
1427,young,4548,27,6,368,0,15,1,1,65,2222,451,1779,31410334,747785.7,35668,2.6,60.6,1126.0,6711790,15629.8,1304.6,2556.4,11099.9,4424,0,6770267,5765471,0,0,0,0,0,0,0,0,0,0,0,0,146.0,0,0,464,753.6,19.5,26,43.1,0,512.0,
1428,young,4955,32,6,487,0,17,1,0,74,2142,449,2130,31425317,748297.1,36316,2.7,63.3,1126.0,6716407,15634.5,1304.8,2557.7,11102.7,4424,0,6774919,5769619,0,0,0,0,0,0,0,0,0,0,0,1,146.0,0,0,464,747.7,19.5,26,43.1,0,512.0,
1429,young,4758,23,19,440,0,25,2,0,99,2029,444,2053,31447526,748808.9,38277,2.8,66.1,1126.0,6721044,15638.2,1305.4,2559.2,11104.0,4424,0,6779602,5773987,0,0,0,0,0,0,0,0,0,0,0,0,146.0,0,0,464,742.0,19.5,26,43.1,0,514.1,
1430,young,5017,210,7,417,0,20,2,0,65,2025,449,2177,31472606,749294.0,37391,2.7,68.8,1126.0,6725765,15643.4,1305.6,2560.6,11106.3,4424,0,6784379,5778306,0,0,0,0,0,0,0,0,0,0,0,0,146.0,0,2,462,735.1,19.5,26,43.1,0,516.8,
1431,young,5455,76,8,210,0,24,1,0,82,2377,448,2614,31498342,749833.4,37239,2.7,71.6,1126.0,6730461,15649.6,1306.4,2562.7,11109.2,4424,0,6789111,5782572,0,0,0,0,0,0,0,0,0,0,0,0,146.0,0,0,464,730.0,19.5,26,43.1,0,519.6,
1432,young,5723,45,6,869,0,30,2,0,111,1830,447,2753,31514010,750350.0,32263,2.3,73.9,1126.0,6735208,15653.0,1306.8,2564.3,11110.2,4424,0,6793905,5787200,0,0,0,0,0,0,0,0,0,0,0,0,146.0,0,2,462,724.1,19.5,26,43.1,0,521.9,
1433,young,5389,43,8,361,0,22,2,0,97,2111,455,2664,31543709,750815.8,30365,2.3,76.2,1126.0,6740002,15663.7,1307.0,2566.2,11118.1,4424,0,6798741,5790643,0,0,0,0,0,0,0,0,0,0,0,0,146.0,0,0,464,717.9,19.5,26,43.1,0,524.2,
1434,young,5282,26,7,525,0,13,2,0,78,1923,455,2626,31567771,751388.9,31685,2.3,78.5,1126.0,6744771,15669.0,1307.3,2568.0,11120.9,4424,0,6803559,5794968,0,0,0,0,0,0,0,0,0,0,0,0,146.0,0,2,462,711.7,19.5,26,43.1,0,526.5,
1435,young,5048,23,7,528,0,12,2,0,59,1556,453,2790,31583070,751913.5,24004,1.8,80.2,1126.0,6749576,15673.7,1307.5,2569.4,11123.4,4424,0,6808419,5799348,0,0,0,0,0,0,0,0,0,0,0,0,146.0,0,2,462,706.6,19.5,26,43.1,0,528.2,
1436,young,5152,21,6,326,0,31,2,0,80,1881,453,2762,31596152,752440.5,31564,2.4,82.6,1126.0,6754443,15677.6,1307.6,2570.7,11124.7,4424,0,6813335,5804010,0,0,0,0,0,0,0,0,0,0,0,0,146.0,0,0,464,701.1,19.5,26,43.1,0,530.6,
1437,young,5622,31,7,442,0,26,2,1,96,1998,447,2957,31617567,752967.8,38683,2.8,85.5,1126.0,6759372,15684.1,1308.0,2572.3,11128.9,4424,0,6818305,5808205,0,0,0,0,0,0,0,0,0,0,0,0,146.0,0,2,462,694.3,19.5,26,43.1,0,533.5,
1438,full-cycle,12030,22,1324,0,0,0,2,0,98,1974,425,114,31635034,753536.7,168900,18.1,18.1,1126.0,6765802,15690.8,1308.4,2574.4,11132.5,4457,0,6824622,5814239,1346,6466,2710,128011,23,504,87,0,0,0,1425,0,136.0,19,18,431,848.5,12.1,27,47.4,0,512.0,promoted
1439,young,2786,65,8,406,0,16,1,0,70,1537,429,570,31668650,754282.2,28335,5.7,23.8,1126.0,6771215,15698.1,1308.6,2576.3,11137.2,4499,0,6830042,5818633,0,0,0,0,0,0,0,0,0,0,0,0,144.0,0,0,464,860.3,8.9,27,44.9,0,512.0,
1440,young,2909,32,7,198,0,25,2,0,72,1749,431,750,31687640,754873.3,32040,2.4,26.2,1126.0,6776054,15705.3,1308.8,2577.6,11142.5,4499,0,6834941,5822579,0,0,0,0,0,0,0,0,0,0,0,0,144.0,0,1,463,848.2,8.9,27,44.9,0,512.0,
1441,young,3384,40,7,452,0,19,2,0,76,1940,436,763,31701702,755380.3,36696,2.7,28.9,1126.0,6780523,15709.7,1309.0,2579.0,11144.9,4499,0,6839466,5826593,0,0,0,0,0,0,0,0,0,0,0,0,144.0,0,0,464,842.1,8.9,27,44.9,0,512.0,
1442,young,3869,52,6,497,0,29,2,1,102,2109,439,987,31716448,755889.3,37802,2.8,31.6,1126.0,6784998,15714.1,1309.2,2580.2,11147.4,4499,0,6843994,5830617,0,0,0,0,0,0,0,0,0,0,0,0,144.0,0,0,464,835.6,8.9,27,44.9,0,512.0,
1443,young,3634,24,8,286,0,30,2,0,99,1986,440,1129,31738986,756399.3,29459,2.1,33.7,1126.0,6789450,15719.1,1309.4,2581.9,11150.3,4499,0,6848508,5834609,0,0,0,0,0,0,0,0,0,0,0,0,144.0,0,1,463,829.9,8.9,27,44.9,0,512.0,
1444,young,3252,49,7,509,0,22,2,0,89,1445,448,1031,31752877,756911.2,23647,1.8,35.5,1126.0,6793972,15722.7,1309.6,2583.3,11151.9,4499,0,6853068,5838857,0,0,0,0,0,0,0,0,0,0,0,0,144.0,0,0,464,824.2,8.9,27,44.9,0,512.0,
1445,young,3714,223,7,423,0,36,2,0,110,1721,445,1073,31776563,757270.3,31158,2.3,37.8,1126.0,6798547,15728.3,1311.1,2584.9,11153.9,4499,0,6857711,5843114,0,0,0,0,0,0,0,0,0,0,0,0,144.0,0,0,464,816.6,8.9,27,44.9,0,512.0,
1446,young,4045,16,6,344,0,29,2,0,105,2074,453,1400,31802466,757934.7,37057,2.8,40.6,1126.0,6802994,15733.4,1311.3,2586.6,11156.4,4501,0,6862216,5847143,0,0,0,0,0,0,0,0,0,0,0,0,144.0,0,0,464,810.7,8.9,27,44.8,0,512.0,
1447,young,5247,29,6,514,0,32,2,0,114,2881,448,1580,31818819,758448.9,37202,2.7,43.4,1126.0,6807512,15738.0,1311.4,2588.0,11159.0,4501,0,6866800,5851293,0,0,0,0,0,0,0,0,0,0,0,0,144.0,0,0,464,803.9,8.9,27,44.8,0,512.0,
1448,young,5218,318,7,753,1,30,2,0,111,2229,445,1685,31833950,758961.4,36871,2.7,46.1,1126.0,6812053,15742.8,1311.6,2589.7,11161.6,4501,0,6871370,5855365,0,0,0,0,0,0,0,0,0,0,0,0,144.0,0,0,464,797.3,8.9,27,44.8,0,512.0,
1449,young,4641,26,5,433,0,22,1,1,83,2336,447,1666,31850152,759474.1,36963,2.7,48.8,1126.0,6816590,15748.7,1311.8,2591.4,11165.0,4501,0,6875950,5859339,0,0,0,0,0,0,0,0,0,0,0,0,144.0,0,1,463,790.6,8.9,27,44.8,0,512.0,
1450,young,5081,35,6,661,0,37,2,0,126,2215,447,1928,31866907,759985.6,34964,2.5,51.3,1126.0,6821146,15753.5,1312.3,2593.2,11167.1,4501,0,6880551,5863545,0,0,0,0,0,0,0,0,0,0,0,0,144.0,0,0,464,784.9,8.9,27,44.8,0,512.0,
1451,young,4587,33,8,489,0,19,1,0,96,1804,449,2057,31883890,760497.3,29495,2.2,53.5,1126.0,6825710,15758.4,1312.5,2594.7,11169.8,4501,0,6885168,5867720,0,0,0,0,0,0,0,0,0,0,0,0,144.0,0,0,464,779.7,8.9,27,44.8,0,512.0,
1452,young,4973,29,7,698,0,26,2,0,97,1873,453,2145,31901252,761009.6,27214,2.0,55.5,1126.0,6830280,15762.6,1312.7,2596.5,11171.5,4501,0,6889774,5872015,0,0,0,0,0,0,0,0,0,0,0,0,144.0,0,0,464,774.7,8.9,27,44.8,0,512.0,
1453,young,4646,95,28,658,0,19,1,0,70,1554,453,2133,31927215,761521.9,20900,1.5,57.0,1126.0,6834843,15768.8,1313.3,2598.8,11174.3,4501,0,6894389,5876011,0,0,0,0,0,0,0,0,0,0,0,0,144.0,0,0,464,770.5,8.9,27,44.8,0,512.0,
1454,young,4795,25,8,441,0,35,2,0,116,1879,451,2184,31949418,762036.0,21850,1.7,58.7,1126.0,6839425,15774.0,1313.6,2600.6,11176.8,4501,0,6899004,5880197,0,0,0,0,0,0,0,0,0,0,0,0,144.0,0,0,464,766.7,8.9,27,44.8,0,512.0,
1455,young,4958,31,7,638,0,27,2,0,104,1682,451,2360,31964711,762551.5,23349,1.7,60.3,1126.0,6843997,15779.4,1313.8,2602.6,11179.5,4501,0,6903636,5884387,0,0,0,0,0,0,0,0,0,0,0,0,144.0,0,0,464,761.6,8.9,27,44.8,0,512.0,
1456,young,5053,18,42,291,0,32,2,0,111,1918,450,2558,31982609,763063.7,24860,1.9,62.3,1126.0,6848575,15784.7,1314.0,2604.2,11182.6,4501,0,6908275,5888476,0,0,0,0,0,0,0,0,0,0,0,0,144.0,0,0,464,756.8,8.9,27,44.8,0,512.0,
1457,young,5626,18,6,603,0,33,2,0,105,2288,449,2481,32001206,763575.6,37401,2.7,65.0,1126.0,6853181,15788.2,1314.1,2605.8,11183.8,4501,0,6912935,5892848,0,0,0,0,0,0,0,0,0,0,0,0,144.0,0,0,464,750.8,8.9,27,44.8,0,513.0,
1458,young,5181,32,8,382,0,25,2,0,105,2187,450,2366,32018208,764084.4,33799,2.5,67.5,1126.0,6857806,15793.6,1314.5,2607.8,11186.4,4501,0,6917629,5896986,0,0,0,0,0,0,0,0,0,0,0,0,144.0,0,0,464,745.0,8.9,27,44.8,0,515.5,
1459,young,5226,69,6,657,0,26,2,0,104,1598,451,2702,32035834,764602.2,25637,1.8,69.3,1126.0,6862463,15801.3,1315.3,2609.6,11190.6,4501,0,6922347,5900999,0,0,0,0,0,0,0,0,0,0,0,0,144.0,0,0,464,740.2,8.9,27,44.8,0,517.3,
1460,young,4698,30,8,591,0,26,2,0,98,1282,450,2575,32057062,765119.3,17456,1.3,70.6,1126.0,6867161,15807.2,1315.5,2611.3,11194.2,4501,0,6927079,5905156,0,0,0,0,0,0,0,0,0,0,0,0,144.0,0,0,464,736.2,8.9,27,44.8,0,518.6,
1461,young,4854,19,6,152,0,21,2,0,87,1726,450,2803,32070953,765637.8,27395,2.1,72.7,1126.0,6871852,15812.6,1315.7,2612.9,11197.5,4501,0,6931838,5909351,0,0,0,0,0,0,0,0,0,0,0,0,144.0,0,0,464,731.8,8.9,27,44.8,0,520.7,
1462,young,5285,24,6,461,0,25,2,0,74,1981,451,2636,32085506,766157.7,38494,2.8,75.5,1126.0,6876606,15817.6,1315.9,2614.3,11200.3,4501,0,6936652,5913594,0,0,0,0,0,0,0,0,0,0,0,0,144.0,0,0,464,725.4,8.9,27,44.8,0,523.5,
1463,young,5178,17,7,305,0,29,2,0,110,1838,451,2784,32103082,766678.5,27644,1.9,77.5,1126.0,6881379,15822.7,1316.1,2616.0,11203.1,4501,0,6941475,5917982,0,0,0,0,0,0,0,0,0,0,0,0,144.0,0,0,464,720.4,8.9,27,44.8,0,525.5,
1464,young,5255,15,6,754,0,20,1,0,80,1519,452,2780,32118701,767200.6,21318,1.6,79.1,1126.0,6886177,15827.1,1316.4,2617.6,11205.3,4501,0,6946341,5922406,0,0,0,0,0,0,0,0,0,0,0,0,144.0,0,0,464,716.4,8.9,27,44.8,0,527.1,
1465,young,5728,170,6,789,0,28,2,0,79,1856,450,2729,32134581,767727.8,28218,2.1,81.1,1126.0,6891011,15832.4,1316.6,2619.1,11208.5,4501,0,6951231,5926760,0,0,0,0,0,0,0,0,0,0,0,0,144.0,0,0,464,710.5,8.9,27,44.8,0,529.1,
1466,young,5628,41,5,626,0,29,2,0,102,1893,453,2852,32150659,768254.3,30634,2.3,83.4,1126.0,6895894,15838.7,1317.0,2621.0,11212.0,4501,0,6956159,5931078,0,0,0,0,0,0,0,0,0,0,0,0,144.0,0,0,464,704.7,8.9,27,44.8,0,531.4,
1467,full-cycle,10732,17,1041,0,0,0,2,0,114,1595,423,131,32165691,768792.0,165128,18.5,18.5,1126.0,6901985,15843.6,1317.3,2622.6,11214.4,4535,0,6962315,5936691,1058,6248,2386,135505,31,540,82,0,0,0,980,0,144.0,11,10,440,864.9,17.6,30,52.6,0,512.0,promoted
1468,young,2920,15,6,343,0,22,2,0,73,1808,424,580,32190571,769647.2,35281,5.4,23.9,1126.0,6907982,15851.7,1317.5,2624.3,11220.2,4561,0,6968312,5941439,0,0,0,0,0,0,0,0,0,0,0,0,144.0,0,0,461,842.6,17.6,30,51.1,0,512.0,
1469,young,3037,48,8,231,0,23,2,0,91,1820,438,724,32206673,770120.8,30929,2.5,26.3,1126.0,6912469,15856.5,1317.7,2626.0,11222.7,4565,0,6972836,5945546,0,0,0,0,0,0,0,0,0,0,0,0,144.0,0,0,461,836.8,17.6,30,50.8,0,512.0,
1470,young,3357,26,6,714,0,16,2,0,70,1694,437,767,32224358,770636.1,32227,2.4,28.7,1126.0,6917011,15863.1,1319.3,2627.5,11225.8,4565,0,6977436,5949600,0,0,0,0,0,0,0,0,0,0,0,0,144.0,0,1,460,828.9,17.6,30,50.8,0,512.0,
1471,young,3582,32,5,397,0,21,2,0,69,2150,437,834,32241960,771145.3,36695,2.7,31.4,1126.0,6921503,15868.8,1319.4,2628.7,11229.7,4565,0,6981954,5953396,0,0,0,0,0,0,0,0,0,0,0,0,144.0,0,1,460,821.9,17.6,30,50.8,0,512.0,
1472,young,3187,122,8,534,0,21,2,0,72,1340,438,1008,32257210,771656.1,36676,3.1,34.5,1126.0,6925993,15874.9,1319.6,2630.0,11233.9,4573,0,6986490,5957265,0,0,0,0,0,0,0,0,0,0,0,0,144.0,0,0,461,816.2,17.6,30,50.4,0,512.0,
1473,young,3780,34,6,254,0,21,2,0,82,2222,438,1092,32271165,772168.9,34256,2.6,37.1,1126.0,6930464,15879.5,1319.9,2631.3,11236.5,4575,0,6991031,5961213,0,0,0,0,0,0,0,0,0,0,0,0,144.0,0,0,461,810.3,17.6,30,50.3,0,512.0,
1474,young,3737,17,5,408,0,19,2,0,64,2067,439,1112,32291015,772678.9,35339,2.6,39.7,1126.0,6934965,15884.4,1320.1,2632.6,11239.6,4575,0,6995579,5965142,0,0,0,0,0,0,0,0,0,0,0,0,144.0,0,0,461,803.1,17.6,30,50.3,0,512.0,
1475,young,3688,24,8,253,0,11,1,0,57,2127,441,1140,32308942,773190.7,38011,2.9,42.6,1126.0,6939464,15890.4,1320.3,2634.0,11243.6,4577,0,7000128,5968990,0,0,0,0,0,0,0,0,0,0,0,0,144.0,0,0,461,797.0,17.6,30,50.1,0,512.0,
1476,young,4217,51,5,514,0,30,2,0,78,1953,442,1511,32323191,773704.0,36291,2.6,45.3,1126.0,6943995,15895.4,1320.7,2635.5,11246.3,4577,0,7004711,5973087,0,0,0,0,0,0,0,0,0,0,0,0,144.0,0,0,461,790.8,17.6,30,50.1,0,512.0,
1477,young,4404,34,7,516,0,36,2,1,117,1946,444,1608,32338680,774214.3,32665,2.4,47.6,1126.0,6948535,15901.9,1320.9,2636.9,11250.8,4577,0,7009299,5976965,0,0,0,0,0,0,0,0,0,0,0,0,144.0,0,0,461,785.1,17.6,30,50.1,0,512.0,
1478,young,4228,29,6,289,0,34,2,0,81,1910,445,1826,32353848,774724.2,33978,2.5,50.2,1126.0,6953101,15907.7,1321.1,2638.3,11254.4,4577,0,7013903,5980907,0,0,0,0,0,0,0,0,0,0,0,0,144.0,0,0,461,779.3,17.6,30,50.1,0,512.0,
1479,young,4421,16,5,424,0,22,1,1,107,2088,447,1677,32369613,775236.2,38275,2.8,53.0,1126.0,6957679,15914.9,1321.3,2639.7,11259.6,4577,0,7018529,5984812,0,0,0,0,0,0,0,0,0,0,0,0,144.0,0,2,459,772.0,17.6,30,50.1,0,512.0,
1480,young,4440,26,7,563,0,22,2,0,68,2018,448,1638,32383283,775746.4,37734,2.8,55.7,1126.0,6962245,15919.3,1321.5,2640.9,11262.1,4577,0,7023155,5988924,0,0,0,0,0,0,0,0,0,0,0,0,144.0,0,2,459,766.0,17.6,30,50.1,0,512.0,
1481,young,4670,26,13,407,0,32,2,0,80,2272,452,1746,32396421,776256.7,38183,2.8,58.5,1126.0,6966838,15925.0,1321.6,2642.2,11264.8,4577,0,7027796,5993020,0,0,0,0,0,0,0,0,0,0,0,0,144.0,0,0,461,760.3,17.6,30,50.1,0,512.0,
1482,young,4809,30,7,458,0,29,2,1,85,2150,452,1979,32409258,776765.8,38280,2.8,61.4,1126.0,6971439,15929.0,1321.8,2643.4,11266.9,4577,0,7032450,5997228,0,0,0,0,0,0,0,0,0,0,0,0,144.0,0,0,461,753.9,17.6,30,50.1,0,512.0,
1483,young,4795,24,7,424,0,20,2,0,67,2113,450,2079,32424446,777278.7,33273,2.4,63.8,1126.0,6976061,15934.6,1322.1,2645.3,11270.0,4577,0,7037118,6001350,0,0,0,0,0,0,0,0,0,0,0,0,144.0,0,0,461,748.1,17.6,30,50.1,0,512.0,
1484,young,4674,46,7,540,0,31,2,0,77,1818,453,2099,32439604,777789.6,27888,2.1,65.8,1126.0,6980694,15940.5,1322.6,2646.8,11273.3,4577,0,7041798,6005436,0,0,0,0,0,0,0,0,0,0,0,0,144.0,0,0,461,743.0,17.6,30,50.1,0,513.8,
1485,young,4521,22,6,263,0,18,2,0,65,2038,446,2006,32453517,778301.1,32235,2.4,68.2,1126.0,6985426,15943.8,1322.8,2648.1,11274.7,4577,0,7046586,6009893,0,0,0,0,0,0,0,0,0,0,0,0,144.0,0,0,461,735.4,17.6,30,50.1,0,516.2,
1486,young,4883,25,6,419,0,24,1,0,79,2113,446,2139,32467522,778811.4,37626,2.8,71.0,1126.0,6990104,15949.4,1323.9,2649.8,11277.0,4577,0,7051322,6014085,0,0,0,0,0,0,0,0,0,0,0,1,144.0,0,0,461,729.1,17.6,30,50.1,0,519.0,
1487,young,5127,44,6,538,0,24,1,1,84,2087,446,2270,32480820,779323.5,36608,2.7,73.7,1126.0,6994840,15953.8,1324.2,2651.1,11279.5,4577,0,7056106,6018303,0,0,0,0,0,0,0,0,0,0,0,0,144.0,0,0,461,722.7,17.6,30,50.1,0,521.7,
1488,young,5124,15,6,263,0,33,2,0,107,2159,446,2496,32495639,779843.3,37187,2.7,76.4,1126.0,6999644,15958.9,1324.4,2652.4,11282.5,4577,0,7060966,6022470,0,0,0,0,0,0,0,0,0,0,0,0,144.0,0,0,461,716.0,17.6,30,50.1,0,524.4,
1489,young,5325,37,47,526,0,20,1,0,78,2028,444,2514,32511388,780358.8,36426,2.7,79.1,1126.0,7004456,15963.7,1324.6,2653.8,11285.2,4577,0,7065844,6026817,0,0,0,0,0,0,0,0,0,0,0,0,144.0,0,2,459,708.9,17.6,30,50.1,0,527.1,
1490,young,4829,18,6,281,0,24,2,0,69,1874,447,2491,32525860,780885.5,36091,2.7,81.7,1126.0,7009324,15968.7,1324.8,2655.3,11288.2,4577,0,7070760,6031112,0,0,0,0,0,0,0,0,0,0,0,0,144.0,0,0,461,702.9,17.6,30,50.1,0,529.7,
1491,young,5722,29,5,593,0,30,2,0,110,2181,447,2675,32541975,781411.8,38765,2.8,84.6,1126.0,7014287,15972.3,1325.0,2656.9,11289.5,4577,0,7075784,6035801,0,0,0,0,0,0,0,0,0,0,0,0,144.0,0,0,461,695.5,17.6,30,50.1,0,532.6,
1492,full-cycle,10178,17,813,0,0,0,2,1,124,1477,428,143,32556172,781957.4,168435,18.7,18.7,1126.0,7020510,15977.8,1325.3,2658.9,11292.2,4607,0,7082034,6041435,830,5695,2242,135167,16,503,98,0,0,0,1355,0,154.0,10,14,434,853.4,15.2,28,48.8,0,512.0,promoted
1493,young,3166,121,6,462,0,16,1,0,63,1869,441,540,32587902,782705.7,33745,5.5,24.2,1126.0,7025982,15984.2,1325.5,2660.5,11296.3,4639,0,7087534,6045835,0,0,0,0,0,0,0,0,0,0,0,0,156.0,0,0,457,845.1,13.6,28,46.9,0,512.0,
1494,young,2971,45,6,282,0,20,1,1,76,1836,440,638,32603218,783291.8,32436,2.4,26.5,1126.0,7030654,15989.3,1325.7,2662.0,11299.4,4639,0,7092254,6049943,0,0,0,0,0,0,0,0,0,0,0,0,156.0,0,0,457,834.6,13.6,28,46.9,0,512.0,
1495,young,3036,16,5,153,0,27,1,0,78,1925,441,766,32619551,783801.3,33990,2.5,29.1,1126.0,7035052,15995.8,1325.9,2663.3,11303.9,4639,0,7096714,6053627,0,0,0,0,0,0,0,0,0,0,0,0,156.0,0,0,457,828.1,13.6,28,46.9,0,512.0,
1496,young,3650,15,5,360,0,18,1,0,75,2194,438,908,32640116,784316.3,38474,2.8,31.9,1126.0,7039479,16000.5,1326.1,2664.6,11306.8,4639,0,7101196,6057510,0,0,0,0,0,0,0,0,0,0,0,0,156.0,0,0,457,821.2,13.6,28,46.9,0,512.0,
1497,young,3443,46,5,565,0,12,1,0,59,1833,439,856,32655335,784827.6,35911,2.6,34.5,1126.0,7043940,16007.5,1326.3,2666.0,11311.7,4639,0,7105705,6061264,0,0,0,0,0,0,0,0,0,0,0,0,156.0,0,0,457,815.1,13.6,28,46.9,0,512.0,
1498,young,3647,47,6,400,0,26,2,0,146,1762,438,1158,32673703,785339.4,31054,2.3,36.8,1126.0,7048445,16013.8,1326.5,2667.7,11315.5,4639,0,7110260,6065109,0,0,0,0,0,0,0,0,0,0,0,0,156.0,0,0,457,808.2,13.6,28,46.9,0,512.0,
1499,young,3561,151,8,402,0,35,2,0,106,1734,447,1041,32697322,785700.9,25850,1.9,38.7,1126.0,7053101,16021.5,1327.0,2669.0,11321.1,4639,0,7114978,6068986,0,0,0,0,0,0,0,0,0,0,0,0,156.0,0,0,457,799.1,13.6,28,46.9,0,512.0,
1500,young,3513,34,5,480,0,24,2,0,76,1483,444,1329,32720600,786361.7,22502,1.6,40.3,1126.0,7057573,16029.9,1328.8,2671.6,11324.8,4639,0,7119501,6072875,0,0,0,0,0,0,0,0,0,0,0,0,156.0,0,0,457,794.3,13.6,28,46.9,0,512.0,
1501,young,3721,39,5,341,0,26,2,0,132,1757,441,1355,32736667,786876.8,28370,2.2,42.5,1126.0,7062047,16035.1,1328.9,2673.1,11328.0,4639,0,7124016,6076827,0,0,0,0,0,0,0,0,0,0,0,0,156.0,0,0,457,789.7,13.6,28,46.9,0,512.0,
1502,young,4153,16,5,535,0,17,1,0,75,2024,443,1405,32749770,787392.9,38253,2.8,45.3,1126.0,7066550,16040.0,1329.1,2674.4,11330.9,4639,0,7128550,6080859,0,0,0,0,0,0,0,0,0,0,0,1,156.0,0,0,457,783.6,13.6,28,46.9,0,512.0,
1503,young,4048,24,7,396,0,26,2,0,79,2019,441,1441,32766176,787903.0,35954,2.6,47.9,1126.0,7071055,16046.5,1329.6,2675.8,11335.1,4639,0,7133108,6084634,0,0,0,0,0,0,0,0,0,0,0,0,156.0,0,0,457,777.7,13.6,28,46.9,0,512.0,
1504,young,4074,35,9,590,0,24,2,0,98,1629,445,1610,32783653,788417.4,33406,2.5,50.4,1126.0,7075570,16051.6,1329.8,2677.1,11338.3,4641,0,7137675,6088633,0,0,0,0,0,0,0,0,0,0,0,0,156.0,0,0,457,772.4,13.6,28,46.8,0,512.0,
1505,young,4093,32,8,430,0,27,2,0,77,1815,445,1607,32798820,788928.1,32302,2.4,52.8,1126.0,7080108,16057.8,1330.0,2678.5,11341.9,4641,0,7142266,6092587,0,0,0,0,0,0,0,0,0,0,0,0,156.0,0,0,457,766.6,13.6,28,46.8,0,512.0,
1506,young,4681,106,8,388,0,30,2,0,105,2180,445,1766,32822145,789275.0,33543,2.5,55.3,1126.0,7084742,16063.3,1330.9,2679.9,11344.8,4641,0,7146958,6096548,0,0,0,0,0,0,0,0,0,0,0,0,156.0,0,0,457,760.4,13.6,28,46.8,0,512.0,
1507,young,4636,98,7,624,0,24,1,0,77,1896,442,1846,32842837,789951.4,34741,2.5,57.8,1126.0,7089284,16071.7,1332.5,2681.5,11349.6,4641,0,7151545,6100466,0,0,0,0,0,0,0,0,0,0,0,0,156.0,0,0,457,753.9,13.6,28,46.8,0,512.0,
1508,young,4561,18,7,538,0,29,1,0,82,1930,440,1885,32856140,790458.6,33714,2.5,60.3,1126.0,7093835,16076.5,1332.7,2682.8,11352.5,4641,0,7156148,6104499,0,0,0,0,0,0,0,0,0,0,0,0,156.0,0,0,457,747.7,13.6,28,46.8,0,512.0,
1509,young,4852,33,5,305,0,31,2,1,78,2054,441,2262,32877330,790973.2,35538,2.6,62.9,1126.0,7098417,16081.4,1332.9,2684.1,11355.5,4641,0,7160773,6108553,0,0,0,0,0,0,0,0,0,0,0,0,156.0,0,0,457,741.3,13.6,28,46.8,0,512.0,
1510,young,5062,270,12,298,0,32,2,0,112,1839,443,2389,32904074,791429.6,27731,2.0,64.9,1126.0,7103046,16127.3,1359.6,2699.1,11359.3,4641,0,7165440,6112625,0,0,0,0,0,0,0,0,0,0,0,0,156.0,0,0,457,735.8,13.6,28,46.8,0,512.9,
1511,young,4896,22,6,468,0,30,2,1,107,1952,445,2213,32921609,791996.2,28002,2.1,67.0,1126.0,7107672,16133.4,1359.8,2700.4,11363.0,4641,0,7170110,6116614,0,0,0,0,0,0,0,0,0,0,0,0,156.0,0,0,457,729.7,13.6,28,46.8,0,515.0,
1512,young,7557,33,8,677,0,42,2,0,152,3268,445,3296,32937271,792509.0,32645,2.4,69.4,1126.0,7112325,16139.6,1360.0,2702.2,11366.8,4641,0,7174813,6120662,0,0,0,0,0,0,0,0,0,0,0,0,156.0,0,0,457,723.6,13.6,28,46.8,0,517.4,
1513,young,7729,33,8,366,0,45,3,1,142,3295,444,3752,32952511,793022.5,31281,2.4,71.7,1126.0,7117027,16144.5,1360.1,2703.7,11369.6,4641,0,7179559,6124969,0,0,0,0,0,0,0,0,0,0,0,0,156.0,0,0,457,718.9,13.6,28,46.8,0,519.7,
1514,young,5400,92,6,484,0,32,2,1,98,2178,445,2461,32967610,793542.1,28297,2.0,73.7,1126.0,7121744,16149.8,1360.3,2705.2,11372.5,4641,0,7184332,6129082,0,0,0,0,0,0,0,0,0,0,0,0,156.0,0,0,457,714.1,13.6,28,46.8,0,521.7,
1515,young,4628,53,7,255,0,29,2,0,102,1540,444,2570,32991617,794062.7,17261,1.7,75.4,1126.0,7126494,16156.7,1360.8,2706.8,11376.8,4649,0,7189129,6133299,0,0,0,0,0,0,0,0,0,0,0,0,156.0,0,0,457,710.2,13.6,28,46.3,0,523.4,
1516,young,5864,36,8,577,0,32,2,0,113,1910,445,3104,33008118,794585.5,22167,1.7,77.1,1126.0,7131270,16170.7,1366.8,2708.6,11382.6,4651,0,7193973,6137442,0,0,0,0,0,0,0,0,0,0,0,0,156.0,0,0,457,705.6,13.6,28,46.2,0,525.1,
1517,young,5930,23,6,341,0,36,2,0,119,2235,446,3066,33023765,795110.9,29309,2.2,79.4,1126.0,7136072,16175.6,1367.0,2710.0,11385.4,4651,0,7198839,6141834,0,0,0,0,0,0,0,0,0,0,0,0,156.0,0,0,457,700.5,13.6,28,46.2,0,527.4,
1518,young,5667,74,8,435,0,26,1,0,95,1729,444,3229,33039939,795636.9,29675,2.1,81.5,1126.0,7140925,16180.7,1367.6,2712.1,11387.4,4651,0,7203762,6146302,0,0,0,0,0,0,0,0,0,0,0,0,156.0,0,0,457,695.4,13.6,28,46.2,0,529.5,
1519,young,5833,70,7,704,0,33,2,0,119,1786,440,3040,33056658,796165.9,22181,1.7,83.2,1126.0,7145825,16186.7,1368.3,2713.9,11390.4,4651,0,7208717,6150784,0,0,0,0,0,0,0,0,0,0,0,0,156.0,0,0,457,690.7,13.6,28,46.2,0,531.2,
1520,full-cycle,10189,24,916,0,0,0,2,0,102,1395,427,119,33071847,796700.9,161110,18.1,18.1,1126.0,7151744,16192.7,1368.5,2715.9,11393.5,4681,0,7214661,6156128,940,6142,2018,138972,20,433,44,0,0,0,1045,0,138.0,13,8,441,867.7,22.7,32,56.9,0,512.0,promoted
1521,young,3130,27,6,352,0,23,2,0,93,1916,424,644,33096914,797561.8,39107,5.5,23.6,1126.0,7157795,16199.9,1368.7,2717.6,11398.3,4707,0,7220734,6161081,0,0,0,0,0,0,0,0,0,0,0,0,140.0,0,1,460,840.7,20.7,32,55.4,0,512.0,
1522,young,3367,48,6,399,0,25,2,0,75,1823,430,893,33112812,798039.7,33615,2.5,26.1,1126.0,7162281,16205.5,1368.9,2719.1,11401.8,4709,0,7225256,6164988,0,0,0,0,0,0,0,0,0,0,0,0,140.0,0,0,461,834.1,20.7,32,55.3,0,512.0,
1523,young,3359,82,6,167,0,33,2,0,106,1948,431,925,33128749,798548.4,30967,2.4,28.5,1126.0,7166748,16212.7,1369.1,2720.5,11407.0,4711,0,7229789,6168744,0,0,0,0,0,0,0,0,0,0,0,0,140.0,0,0,461,828.4,20.7,32,55.1,0,512.0,
1524,young,3428,83,8,347,0,30,2,1,102,1972,436,805,33154832,798895.9,38094,2.8,31.3,1126.0,7171580,16218.6,1370.1,2722.8,11409.1,4711,0,7234662,6173175,0,0,0,0,0,0,0,0,0,0,0,0,140.0,0,0,461,815.6,20.7,32,55.1,0,512.0,
1525,young,3211,24,6,322,0,19,1,0,72,1723,451,958,33173074,799563.7,29308,2.1,33.4,1126.0,7175998,16222.7,1370.2,2724.2,11411.3,4711,0,7239143,6177175,0,0,0,0,0,0,0,0,0,0,0,0,140.0,0,1,460,810.2,20.7,32,55.1,0,512.0,
1526,young,2734,49,7,440,0,16,2,0,71,1017,451,1016,33190353,800078.8,14159,1.0,34.4,1126.0,7180437,16230.5,1370.4,2726.0,11416.7,4711,0,7243635,6180995,0,0,0,0,0,0,0,0,0,0,0,0,140.0,0,0,461,807.0,20.7,32,55.1,0,512.0,
1527,young,2808,24,7,264,0,23,2,0,96,1290,451,1047,33206900,800593.3,20858,1.7,36.1,1126.0,7184875,16238.9,1370.6,2727.8,11422.7,4711,0,7248115,6184779,0,0,0,0,0,0,0,0,0,0,0,0,140.0,0,0,461,802.9,20.7,32,55.1,0,512.0,
1528,young,3703,17,5,385,0,26,2,0,101,1800,451,1299,33220772,801108.6,38036,2.8,38.9,1126.0,7189337,16244.1,1370.8,2729.1,11425.6,4711,0,7252626,6188616,0,0,0,0,0,0,0,0,0,0,0,0,140.0,0,0,461,797.2,20.7,32,55.1,0,512.0,
1529,young,4050,24,7,414,0,32,2,0,103,2017,452,1413,33234913,801622.7,34166,2.5,41.3,1126.0,7193818,16249.9,1371.0,2730.7,11429.0,4711,0,7257162,6192513,0,0,0,0,0,0,0,0,0,0,0,0,140.0,0,2,459,790.1,20.7,32,55.1,0,512.0,
1530,young,3807,34,7,402,0,18,1,0,78,1744,451,1442,33250489,802135.6,31350,2.3,43.7,1126.0,7198300,16256.2,1371.3,2732.1,11433.4,4711,0,7261696,6196387,0,0,0,0,0,0,0,0,0,0,0,0,140.0,0,0,461,785.1,20.7,32,55.1,0,512.0,
1531,young,4149,23,8,318,0,19,1,0,77,2071,448,1580,33265256,802648.1,36071,2.7,46.3,1126.0,7202810,16260.5,1371.5,2733.3,11435.9,4711,0,7266260,6200526,0,0,0,0,0,0,0,0,0,0,0,0,140.0,0,2,459,778.5,20.7,32,55.1,0,512.0,
1532,young,4197,16,6,516,0,26,2,0,99,1822,446,1654,33278542,803159.3,38147,2.8,49.1,1126.0,7207355,16265.0,1372.0,2734.8,11438.0,4711,0,7270866,6204700,0,0,0,0,0,0,0,0,0,0,0,0,140.0,0,0,461,772.4,20.7,32,55.1,0,512.0,
1533,young,4662,19,6,450,0,30,2,0,82,2179,450,1815,33292918,803672.5,36999,2.7,51.8,1126.0,7211916,16270.6,1372.3,2736.2,11440.9,4711,0,7275480,6208828,0,0,0,0,0,0,0,0,0,0,0,0,140.0,0,2,459,766.5,20.7,32,55.1,0,512.0,
1534,young,4221,41,5,352,0,20,1,0,76,1939,452,1716,33309222,804185.3,34991,2.6,54.4,1126.0,7216489,16275.9,1373.6,2737.6,11443.1,4711,0,7280093,6213029,0,0,0,0,0,0,0,0,0,0,0,0,140.0,0,0,461,761.2,20.7,32,55.1,0,512.0,
1535,young,4174,44,6,289,0,18,1,0,77,1878,453,1775,33323386,804696.6,36478,2.7,57.1,1126.0,7221054,16279.6,1373.7,2739.0,11444.7,4711,0,7284707,6217376,0,0,0,0,0,0,0,0,0,0,0,0,140.0,0,2,459,754.5,20.7,32,55.1,0,512.0,
1536,young,4688,76,8,307,0,26,2,0,86,2235,444,1883,33349645,805179.0,36254,2.6,59.7,1126.0,7225595,16283.6,1373.9,2740.3,11446.9,4711,0,7289308,6221520,0,0,0,0,0,0,0,0,0,0,0,0,140.0,0,0,461,749.3,20.7,32,55.1,0,512.0,
1537,young,5014,24,8,298,0,35,2,0,112,2088,442,2344,33365726,805710.8,36265,2.7,62.4,1126.0,7230192,16290.1,1374.1,2741.7,11451.3,4711,0,7293946,6225510,0,0,0,0,0,0,0,0,0,0,0,0,140.0,0,0,461,742.8,20.7,32,55.1,0,512.0,
1538,young,4922,17,7,254,0,30,2,0,102,2313,446,2123,33380265,806229.7,38255,2.9,65.3,1126.0,7234800,16294.0,1374.2,2743.1,11453.3,4713,0,7298603,6229780,0,0,0,0,0,0,0,0,0,0,0,0,140.0,0,0,461,736.2,20.7,32,55.0,0,513.3,
1539,young,4854,44,6,328,0,28,2,0,85,2152,448,2123,33396446,806740.8,37887,3.2,68.5,1126.0,7239413,16298.6,1374.4,2744.7,11455.6,4721,0,7303278,6233983,0,0,0,0,0,0,0,0,0,0,0,0,140.0,0,0,461,730.6,20.7,32,54.6,0,516.5,
1540,young,5037,33,5,324,0,28,2,0,97,2129,451,2328,33420111,807253.9,38151,2.8,71.3,1126.0,7244110,16302.2,1374.7,2746.1,11457.2,4721,0,7308031,6238374,0,0,0,0,0,0,0,0,0,0,0,0,140.0,0,0,461,724.3,20.7,32,54.6,0,519.3,
1541,young,5046,31,7,519,0,26,2,0,77,2027,452,2301,33434278,807767.2,38080,2.8,74.1,1126.0,7248854,16306.7,1374.9,2747.4,11459.8,4721,0,7312835,6242556,0,0,0,0,0,0,0,0,0,0,0,0,140.0,0,0,461,718.5,20.7,32,54.6,0,522.1,
1542,young,4925,15,6,233,0,27,2,0,77,2165,450,2331,33447077,808284.3,37110,2.7,76.8,1126.0,7253628,16310.4,1375.0,2748.7,11461.7,4721,0,7317671,6247033,0,0,0,0,0,0,0,0,0,0,0,0,140.0,0,0,461,711.7,20.7,32,54.6,0,524.8,
1543,young,5436,50,13,317,0,27,2,0,77,2233,451,2651,33461100,808807.1,37435,2.8,79.6,1126.0,7258446,16315.2,1375.2,2750.2,11464.3,4721,0,7322531,6251403,0,0,0,0,0,0,0,0,0,0,0,0,140.0,0,0,461,705.2,20.7,32,54.6,0,527.6,
1544,young,5617,16,6,506,0,29,2,0,82,2220,449,2693,33478392,809330.9,38123,2.9,82.5,1126.0,7263299,16323.1,1376.7,2752.5,11468.0,4723,0,7327439,6255719,0,0,0,0,0,0,0,0,0,0,0,0,140.0,0,0,461,698.9,20.7,32,54.4,0,530.5,
1545,full-cycle,9687,28,604,0,0,0,2,0,83,1276,431,98,33493582,809873.4,166429,18.6,18.6,1126.0,7269350,16329.9,1377.2,2754.6,11471.7,4749,0,7333513,6261225,632,5902,2016,137725,23,537,77,0,0,0,1088,0,144.0,13,14,436,857.3,20.5,28,49.1,0,512.0,promoted
1546,young,3171,29,6,301,0,24,2,0,92,1913,430,724,33517942,810732.4,35796,5.2,23.8,1126.0,7275220,16336.5,1377.5,2756.2,11475.9,4777,0,7339410,6266069,0,0,0,0,0,0,0,0,0,0,0,0,146.0,0,0,462,843.4,18.9,28,47.4,0,512.0,
1547,young,3372,41,5,388,0,27,2,0,101,1958,440,757,33530463,811212.2,36346,2.8,26.5,1126.0,7279710,16340.3,1377.7,2757.8,11477.4,4779,0,7343965,6270331,0,0,0,0,0,0,0,0,0,0,0,0,146.0,0,0,462,835.6,18.9,28,47.3,0,512.0,
1548,young,3356,32,7,601,0,27,2,0,102,1700,443,807,33544379,811720.3,30712,2.3,28.8,1126.0,7284145,16344.5,1377.9,2759.1,11479.7,4781,0,7348452,6274388,0,0,0,0,0,0,0,0,0,0,0,0,146.0,0,0,462,828.8,18.9,28,47.2,0,512.0,
1549,young,3217,25,6,287,0,26,2,0,81,1726,449,985,33557523,812231.1,27803,2.1,30.9,1126.0,7288621,16349.2,1378.0,2760.5,11482.3,4781,0,7352974,6278499,0,0,0,0,0,0,0,0,0,0,0,0,146.0,0,0,462,822.5,18.9,28,47.2,0,512.0,
1550,young,3838,25,7,235,0,32,2,0,120,2336,451,1027,33573284,812743.5,36193,2.7,33.6,1126.0,7293073,16354.9,1378.2,2761.9,11486.0,4781,0,7357477,6282424,0,0,0,0,0,0,0,0,0,0,0,0,146.0,0,0,462,817.0,18.9,28,47.2,0,512.0,
1551,young,4496,560,7,373,0,37,2,0,116,1982,450,1303,33592035,813256.7,33699,2.4,36.0,1126.0,7297546,16360.7,1378.4,2763.4,11489.6,4781,0,7361996,6286306,0,0,0,0,0,0,0,0,0,0,0,0,146.0,0,0,462,811.4,18.9,28,47.2,0,512.0,
1552,young,3423,30,6,422,0,18,1,0,79,1556,453,1215,33607200,813771.8,23400,1.7,37.7,1126.0,7302048,16364.9,1378.8,2764.7,11491.8,4781,0,7366542,6290364,0,0,0,0,0,0,0,0,0,0,0,1,146.0,0,0,462,806.2,18.9,28,47.2,0,512.0,
1553,young,3179,30,8,315,0,18,1,0,76,1418,455,1224,33622189,814285.1,26506,2.0,39.8,1126.0,7306528,16369.9,1379.0,2766.1,11494.9,4781,0,7371086,6294391,0,0,0,0,0,0,0,0,0,0,0,0,146.0,0,2,460,800.4,18.9,28,47.2,0,512.0,
1554,young,4723,47,8,366,0,33,2,1,108,2396,452,1657,33637811,814798.6,37287,2.7,42.5,1126.0,7311089,16375.8,1379.1,2768.0,11498.4,4781,0,7375689,6298361,0,0,0,0,0,0,0,0,0,0,0,0,146.0,0,0,462,794.5,18.9,28,47.2,0,512.0,
1555,young,4550,28,7,463,0,28,2,0,82,2018,452,1840,33653001,815309.3,39148,2.9,45.4,1126.0,7315616,16380.6,1379.3,2769.3,11501.2,4781,0,7380267,6302422,0,0,0,0,0,0,0,0,0,0,0,0,146.0,0,0,462,788.0,18.9,28,47.2,0,512.0,
1556,young,4646,26,9,485,0,27,2,0,77,2143,452,1814,33670170,815820.9,39015,2.9,48.2,1126.0,7320156,16385.5,1379.5,2771.0,11503.8,4781,0,7384868,6306491,0,0,0,0,0,0,0,0,0,0,0,0,146.0,0,0,462,782.5,18.9,28,47.2,0,512.0,
1557,young,4634,25,7,309,0,31,2,0,85,2212,449,1927,33686980,816333.0,39454,3.0,51.2,1126.0,7324716,16390.4,1379.7,2772.3,11506.8,4783,0,7389487,6310592,0,0,0,0,0,0,0,0,0,0,0,0,146.0,0,0,462,776.3,18.9,28,47.1,0,512.0,
1558,young,4824,16,6,398,0,35,2,0,84,2312,454,1901,33699643,816844.0,39491,2.9,54.1,1126.0,7329308,16394.2,1379.8,2773.5,11508.8,4783,0,7394120,6314843,0,0,0,0,0,0,0,0,0,0,0,0,146.0,0,0,462,769.0,18.9,28,47.1,0,512.0,
1559,young,4649,29,25,512,0,26,2,0,77,1984,454,1926,33713897,817353.8,36363,2.7,56.8,1126.0,7333917,16398.8,1380.0,2775.1,11511.1,4783,0,7398778,6319034,0,0,0,0,0,0,0,0,0,0,0,1,146.0,0,0,462,761.6,18.9,28,47.1,0,512.0,
1560,young,4563,74,8,254,0,18,1,0,74,1920,452,2146,33728054,817865.8,32045,2.4,59.1,1126.0,7338549,16402.5,1380.3,2776.4,11512.7,4783,0,7403464,6323389,0,0,0,0,0,0,0,0,0,0,0,0,146.0,0,0,462,755.4,18.9,28,47.1,0,512.0,
1561,young,4656,22,7,315,0,27,2,0,79,1978,454,2132,33742044,818375.7,34685,2.6,61.7,1126.0,7343148,16407.4,1380.9,2777.9,11515.0,4783,0,7408112,6327592,0,0,0,0,0,0,0,0,0,0,0,0,146.0,0,0,462,749.4,18.9,28,47.1,0,512.0,
1562,young,5079,34,16,477,0,23,1,0,102,2111,454,2235,33758184,818887.1,32637,2.4,64.1,1126.0,7347759,16418.3,1386.3,2780.0,11518.0,4783,0,7412780,6331666,0,0,0,0,0,0,0,0,0,0,0,0,146.0,0,0,462,743.9,18.9,28,47.1,0,512.1,
1563,young,4825,25,8,457,0,28,2,0,96,1942,453,2189,33774969,819398.1,31128,2.3,66.4,1126.0,7352396,16425.3,1386.4,2781.5,11523.0,4783,0,7417469,6335665,0,0,0,0,0,0,0,0,0,0,0,0,146.0,0,0,462,738.4,18.9,28,47.1,0,514.4,
1564,young,5570,31,7,556,0,17,2,0,119,2314,453,2476,33788275,819910.0,38328,3.0,69.4,1126.0,7357085,16429.7,1386.6,2782.8,11525.5,4787,0,7422187,6339942,0,0,0,0,0,0,0,0,0,0,0,0,146.0,0,0,462,731.5,18.9,28,46.9,0,517.4,
1565,young,5109,68,8,678,0,26,2,0,76,1820,451,2363,33803777,820422.7,37803,2.9,72.3,1126.0,7361808,16435.2,1386.9,2784.5,11528.5,4789,0,7426969,6344232,0,0,0,0,0,0,0,0,0,0,0,0,146.0,0,0,462,725.0,18.9,28,46.7,0,520.3,
1566,young,5460,21,6,265,0,33,2,0,106,2469,452,2482,33828624,820938.7,35996,2.7,74.9,1126.0,7366563,16439.9,1387.1,2786.0,11531.1,4789,0,7431778,6348559,0,0,0,0,0,0,0,0,0,0,0,0,146.0,0,0,462,718.9,18.9,28,46.7,0,522.9,
1567,young,6304,16,7,904,0,33,2,0,112,2331,452,2849,33843087,821455.2,39631,3.0,77.9,1126.0,7371383,16445.7,1387.6,2787.9,11533.9,4791,0,7436650,6352862,0,0,0,0,0,0,0,0,0,0,0,0,146.0,0,0,462,711.2,18.9,28,46.6,0,525.9,
1568,young,5528,24,6,357,0,29,2,0,81,2137,456,2815,33861970,821978.5,37036,2.7,80.6,1126.0,7376222,16450.7,1387.8,2789.8,11536.3,4791,0,7441548,6357298,0,0,0,0,0,0,0,0,0,0,0,0,146.0,0,0,462,704.7,18.9,28,46.6,0,528.6,
1569,young,5534,548,8,499,0,29,2,0,104,1739,456,2523,33883794,822503.2,30577,2.3,82.9,1126.0,7381113,16458.1,1388.6,2792.2,11540.1,4793,0,7446486,6361502,0,0,0,0,0,0,0,0,0,0,0,1,146.0,0,1,461,698.8,18.9,28,46.5,0,530.9,
1570,full-cycle,11930,19,1138,0,0,0,2,0,111,1377,426,129,33899311,823071.6,163516,18.4,18.4,1126.0,7387376,16464.6,1388.8,2794.2,11543.6,4829,0,7452771,6366966,1156,6312,2036,136098,77,374,74,0,0,0,2337,1,136.0,15,27,423,833.5,23.5,30,52.5,0,512.0,promoted
1571,young,3459,56,8,476,0,22,2,1,92,2167,419,574,33925282,823886.8,38204,5.8,24.1,1126.0,7392823,16471.1,1389.5,2796.0,11547.1,4855,0,7458248,6371645,0,0,0,0,0,0,0,0,0,0,0,0,136.0,0,1,464,846.6,23.5,30,51.0,0,512.0,
1572,young,3245,28,7,205,0,29,2,0,108,2085,435,737,33939956,824364.1,38209,3.0,27.2,1126.0,7397349,16476.8,1389.7,2797.4,11550.8,4859,0,7462811,6375758,0,0,0,0,0,0,0,0,0,0,0,0,136.0,0,0,465,839.0,23.5,30,50.7,0,512.0,
1573,young,3331,29,7,485,0,32,2,0,112,1805,444,776,33952844,824871.5,32151,2.3,29.5,1126.0,7401844,16480.6,1390.0,2798.6,11552.6,4859,0,7467356,6380000,0,0,0,0,0,0,0,0,0,0,0,0,136.0,0,0,465,831.9,23.5,30,50.7,0,512.0,
1574,young,3007,23,7,440,0,14,2,0,64,1563,452,812,33968338,825380.3,25358,1.9,31.4,1126.0,7406260,16485.7,1390.2,2800.2,11555.6,4859,0,7471836,6383942,0,0,0,0,0,0,0,0,0,0,0,0,136.0,0,0,465,826.3,23.5,30,50.7,0,512.0,
1575,young,3910,47,8,332,0,18,2,1,81,2185,448,1154,33983299,825891.2,30578,2.3,33.6,1126.0,7410756,16490.7,1390.3,2801.6,11558.6,4859,0,7476383,6387905,0,0,0,0,0,0,0,0,0,0,0,0,136.0,0,0,465,821.0,23.5,30,50.7,0,512.0,
1576,young,3494,32,8,478,0,26,2,1,87,1639,446,1176,34001281,826402.5,34246,2.5,36.1,1126.0,7415244,16496.9,1390.5,2803.0,11562.6,4859,0,7480919,6391839,0,0,0,0,0,0,0,0,0,0,0,0,136.0,0,0,465,814.8,23.5,30,50.7,0,512.0,
1577,young,3537,47,6,389,0,17,1,0,73,1597,446,1303,34016850,826912.4,36505,2.7,38.8,1126.0,7419715,16503.2,1390.7,2804.4,11567.0,4859,0,7485445,6395684,0,0,0,0,0,0,0,0,0,0,0,0,136.0,0,0,465,809.9,23.5,30,50.7,0,512.0,
1578,young,4144,53,7,332,0,28,2,0,89,2047,446,1510,34034705,827424.9,34240,2.5,41.3,1126.0,7424192,16509.2,1390.9,2805.9,11571.0,4859,0,7489977,6399622,0,0,0,0,0,0,0,0,0,0,0,0,136.0,0,0,465,804.9,23.5,30,50.7,0,512.0,
1579,young,4106,56,7,407,0,29,2,0,109,2053,452,1374,34061497,827895.1,37557,2.8,44.1,1126.0,7428766,16515.0,1391.1,2807.2,11574.9,4859,0,7494612,6403650,0,0,0,0,0,0,0,0,0,0,0,0,136.0,0,0,465,796.1,23.5,30,50.7,0,512.0,
1580,young,4314,30,7,547,0,19,1,0,91,2056,451,1500,34086744,828448.0,38328,2.8,46.9,1126.0,7433262,16520.4,1391.3,2808.6,11578.1,4859,0,7499157,6407599,0,0,0,0,0,0,0,0,0,0,0,0,136.0,0,0,465,789.9,23.5,30,50.7,0,512.0,
1581,young,4814,158,7,456,0,21,2,0,112,2080,448,1858,34102744,828959.0,37151,2.7,49.6,1126.0,7437774,16534.2,1399.7,2810.6,11580.9,4859,0,7503715,6411692,0,0,0,0,0,0,0,0,0,0,0,0,136.0,0,0,465,783.9,23.5,30,50.7,0,512.0,
1582,young,4476,179,7,571,0,19,1,0,78,1687,446,1838,34119166,829469.4,30974,2.2,51.8,1126.0,7442290,16542.4,1403.2,2812.3,11583.4,4859,0,7508293,6415743,0,0,0,0,0,0,0,0,0,0,0,0,136.0,0,0,465,778.7,23.5,30,50.7,0,512.0,
1583,young,4293,261,6,632,0,21,2,0,83,1332,446,1834,34139717,829981.9,27114,2.0,53.8,1126.0,7446816,16548.1,1403.5,2813.6,11587.3,4859,0,7512877,6419741,0,0,0,0,0,0,0,0,0,0,0,0,136.0,0,0,465,772.4,23.5,30,50.7,0,512.0,
1584,young,4282,30,44,496,0,25,2,0,99,1420,452,2076,34156799,830492.0,25930,1.9,55.7,1126.0,7451354,16552.3,1403.7,2815.1,11588.9,4859,0,7517456,6423973,0,0,0,0,0,0,0,0,0,0,0,0,136.0,0,0,465,767.1,23.5,30,50.7,0,512.0,
1585,young,3868,42,6,504,0,24,2,0,93,1258,455,1871,34174252,831004.0,19799,1.4,57.2,1126.0,7455875,16560.4,1405.8,2817.6,11591.7,4859,0,7522035,6428142,0,0,0,0,0,0,0,0,0,0,0,0,136.0,0,0,465,762.2,23.5,30,50.7,0,512.0,
1586,young,4060,32,8,256,0,17,1,0,75,1614,455,1967,34192871,831515.1,24407,1.9,59.0,1126.0,7460412,16566.8,1406.0,2819.1,11596.0,4859,0,7526614,6432256,0,0,0,0,0,0,0,0,0,0,0,0,136.0,0,0,465,757.3,23.5,30,50.7,0,512.0,
1587,young,4947,23,5,253,0,36,2,0,77,2027,456,2433,34218105,832028.6,36440,2.7,61.7,1126.0,7464982,16571.8,1406.2,2820.4,11599.1,4859,0,7531222,6436234,0,0,0,0,0,0,0,0,0,0,0,1,136.0,0,0,465,750.9,23.5,30,50.7,0,512.0,
1588,young,5052,23,8,280,0,29,2,0,106,2078,456,2454,34231078,832539.5,36973,2.7,64.4,1126.0,7469562,16576.1,1406.5,2821.9,11601.3,4859,0,7535840,6440375,0,0,0,0,0,0,0,0,0,0,0,0,136.0,0,0,465,744.5,23.5,30,50.7,0,512.4,
1589,young,4720,18,6,302,0,27,2,0,80,1869,455,2351,34246138,833050.9,35135,2.6,67.0,1126.0,7474189,16582.0,1407.8,2823.6,11603.6,4859,0,7540517,6444631,0,0,0,0,0,0,0,0,0,0,0,1,136.0,0,2,463,738.7,23.5,30,50.7,0,515.0,
1590,young,5680,94,6,755,0,26,1,0,80,2077,454,2552,34261454,833563.0,35848,2.7,69.6,1126.0,7478839,16588.3,1408.0,2825.0,11608.0,4859,0,7545214,6448666,0,0,0,0,0,0,0,0,0,0,0,0,136.0,0,0,465,732.4,23.5,30,50.7,0,517.6,
1591,young,5308,22,8,350,0,27,2,0,78,2223,454,2556,34274974,834075.7,38822,2.9,72.5,1126.0,7483526,16592.9,1408.2,2826.3,11610.7,4859,0,7549963,6452978,0,0,0,0,0,0,0,0,0,0,0,0,136.0,0,0,465,725.8,23.5,30,50.7,0,520.5,
1592,young,5667,41,5,839,0,27,2,0,95,1910,453,2640,34288059,834591.0,37385,2.7,75.2,1126.0,7488273,16597.9,1408.4,2827.7,11613.7,4859,0,7554761,6457263,0,0,0,0,0,0,0,0,0,0,0,0,136.0,0,0,465,719.6,23.5,30,50.7,0,523.2,
1593,young,5221,57,7,560,0,27,2,0,105,1839,452,2535,34304682,835109.6,30029,2.2,77.4,1126.0,7493079,16603.7,1408.9,2829.2,11617.0,4859,0,7559617,6461426,0,0,0,0,0,0,0,0,0,0,0,0,136.0,0,0,465,713.3,23.5,30,50.7,0,525.4,
1594,young,5306,16,6,518,0,31,2,0,104,1828,452,2723,34323927,835630.9,28399,2.1,79.5,1126.0,7497919,16614.2,1412.3,2832.2,11620.6,4859,0,7564491,6465623,0,0,0,0,0,0,0,0,0,0,0,0,136.0,0,0,465,707.7,23.5,30,50.7,0,527.5,
1595,young,5658,16,5,477,0,20,1,1,77,1972,450,2982,34338789,836154.8,32993,2.4,81.9,1126.0,7502797,16618.7,1412.5,2833.6,11622.9,4859,0,7569426,6470057,0,0,0,0,0,0,0,0,0,0,0,0,136.0,0,0,465,701.6,23.5,30,50.7,0,529.9,
1596,young,5707,34,7,760,0,17,2,0,76,1482,452,3223,34354863,836680.9,23952,1.7,83.6,1126.0,7507726,16625.4,1413.3,2835.3,11626.8,4859,0,7574407,6474441,0,0,0,0,0,0,0,0,0,0,0,0,136.0,0,1,464,695.9,23.5,30,50.7,0,531.6,
1597,full-cycle,8079,25,856,0,0,0,2,0,78,1103,427,93,34373805,837209.9,152460,17.0,17.0,1126.0,7513391,16640.0,1421.7,2837.7,11630.0,4859,0,7580112,6479393,880,5167,1329,133798,12,93,22,0,0,0,697,0,184.0,1,0,449,871.8,1.0,21,37.4,0,512.0,promoted
1598,young,3596,24,7,492,0,27,2,0,95,2221,427,665,34403987,838097.6,36555,6.2,23.2,1126.0,7519388,16643.4,1421.9,2839.2,11631.2,4933,0,7586179,6485371,0,0,0,0,0,0,0,0,0,0,0,0,186.0,0,0,449,838.9,0.0,21,33.1,0,512.0,
1599,young,3154,20,6,266,0,26,2,0,102,1842,415,823,34415816,838575.1,33938,2.6,25.8,1126.0,7523937,16647.3,1422.1,2840.4,11633.2,4935,0,7590786,6489544,0,0,0,0,0,0,0,0,0,0,0,0,186.0,0,0,449,830.8,0.0,21,33.0,0,512.0,
1600,full-cycle,10857,47,706,0,0,0,2,0,130,1560,418,147,34430028,839089.9,165068,18.4,18.4,1126.0,7529484,16652.9,1422.5,2842.1,11636.3,4969,0,7596358,6494517,753,6740,2286,137803,20,483,71,0,0,0,991,0,176.0,12,7,431,844.9,17.7,25,42.8,0,512.0,starved
1601,young,3132,18,7,205,0,29,2,0,104,2001,418,688,34452245,839784.6,34055,5.7,24.1,1126.0,7535392,16668.7,1426.2,2849.8,11640.3,5003,0,7602287,6499595,0,0,0,0,0,0,0,0,0,0,0,0,176.0,0,1,449,822.3,17.7,25,40.8,0,512.0,
1602,young,3145,23,6,243,0,29,2,0,80,1884,423,803,34467778,840252.6,33026,2.7,26.7,1126.0,7539875,16675.5,1426.4,2851.1,11645.1,5007,0,7606821,6503429,0,0,0,0,0,0,0,0,0,0,0,0,176.0,0,0,450,816.1,17.7,25,40.5,0,512.0,
1603,young,3579,18,6,446,0,27,2,1,90,1880,429,1040,34483070,840768.6,38267,2.8,29.6,1126.0,7544328,16679.7,1426.7,2852.5,11647.2,5007,0,7611330,6507741,0,0,0,0,0,0,0,0,0,0,0,0,176.0,0,0,450,808.9,17.7,25,40.5,0,512.0,
1604,young,3347,32,8,467,0,24,2,0,77,1727,430,938,34497909,841277.7,33239,2.4,32.0,1126.0,7548761,16684.2,1426.9,2853.9,11649.7,5007,0,7615815,6511743,0,0,0,0,0,0,0,0,0,0,0,0,176.0,0,0,450,802.7,17.7,25,40.5,0,512.0,
1605,young,3409,18,6,361,0,26,2,0,156,1684,426,1073,34512314,841785.9,27889,2.1,34.0,1126.0,7553223,16690.1,1427.0,2855.2,11653.9,5007,0,7620334,6515535,0,0,0,0,0,0,0,0,0,0,0,0,176.0,0,0,450,797.4,17.7,25,40.5,0,512.0,
1606,young,3961,27,6,563,0,32,2,0,111,1966,428,1181,34526958,842296.9,34239,2.7,36.8,1126.0,7557707,16696.5,1428.1,2856.6,11657.4,5011,0,7624864,6519374,0,0,0,0,0,0,0,0,0,0,0,0,176.0,0,0,450,791.1,17.7,25,40.3,0,512.0,
1607,young,3671,97,7,495,0,26,2,0,76,1652,431,1223,34543198,842806.3,27913,2.0,38.7,1126.0,7562205,16702.5,1428.5,2858.1,11661.1,5011,0,7629415,6523329,0,0,0,0,0,0,0,0,0,0,0,0,176.0,0,0,450,785.6,17.7,25,40.3,0,512.0,
1608,young,3566,276,6,457,0,24,1,0,86,1335,430,1303,34562301,843316.1,19938,1.5,40.2,1126.0,7566716,16708.7,1428.6,2859.6,11665.2,5011,0,7633984,6527213,0,0,0,0,0,0,0,0,0,0,0,0,176.0,0,0,450,781.3,17.7,25,40.3,0,512.0,
1609,young,3256,17,5,337,0,16,1,0,75,1368,429,1374,34580055,843828.2,22977,1.7,41.9,1126.0,7571276,16713.6,1428.8,2860.9,11668.2,5011,0,7638591,6531254,0,0,0,0,0,0,0,0,0,0,0,0,176.0,0,1,449,775.3,17.7,25,40.3,0,512.0,
1610,young,3556,16,6,369,0,24,2,0,71,1615,428,1389,34600081,844332.9,28117,2.1,44.0,1126.0,7575809,16721.2,1429.1,2862.8,11673.4,5011,0,7643177,6535238,0,0,0,0,0,0,0,0,0,0,0,0,176.0,0,0,450,770.6,17.7,25,40.3,0,512.0,
1611,young,4304,16,5,267,0,18,2,0,76,2049,425,1779,34614582,844848.0,29054,2.1,46.1,1126.0,7580370,16726.8,1429.3,2864.1,11676.5,5011,0,7647783,6539299,0,0,0,0,0,0,0,0,0,0,0,0,176.0,0,0,450,764.6,17.7,25,40.3,0,512.0,
1612,young,4110,89,7,567,0,25,2,0,75,1524,427,1737,34631240,845357.0,24061,1.8,47.9,1126.0,7584977,16732.7,1429.5,2865.5,11680.4,5011,0,7652438,6543427,0,0,0,0,0,0,0,0,0,0,0,0,176.0,0,0,450,759.6,17.7,25,40.3,0,512.0,
1613,young,4731,34,5,564,0,18,1,0,79,2126,426,1818,34646203,845866.7,34872,2.6,50.5,1126.0,7589563,16738.4,1429.7,2867.0,11683.9,5011,0,7657076,6547442,0,0,0,0,0,0,0,0,0,0,0,0,176.0,0,0,450,754.3,17.7,25,40.3,0,512.0,
1614,young,4353,24,7,464,0,25,2,0,106,1777,428,1858,34663636,846377.6,32885,2.4,52.9,1126.0,7594185,16744.0,1429.9,2868.3,11687.6,5011,0,7661742,6551443,0,0,0,0,0,0,0,0,0,0,0,0,176.0,0,0,450,749.1,17.7,25,40.3,0,512.0,
1615,young,4492,55,7,516,0,26,2,0,102,1742,427,1963,34683407,846888.2,33177,2.5,55.4,1126.0,7598825,16748.7,1430.1,2869.6,11690.4,5011,0,7666432,6555486,0,0,0,0,0,0,0,0,0,0,0,0,176.0,0,0,450,743.8,17.7,25,40.3,0,512.0,
1616,young,4812,53,8,479,0,16,1,0,73,2067,427,2032,34698913,847398.1,37349,2.7,58.1,1126.0,7603465,16753.4,1430.3,2871.0,11693.2,5011,0,7671121,6559641,0,0,0,0,0,0,0,0,0,0,0,0,176.0,0,0,450,737.6,17.7,25,40.3,0,512.0,
1617,young,5043,54,8,396,0,31,2,0,80,2097,434,2269,34712247,847907.3,32896,2.4,60.5,1126.0,7608114,16756.4,1430.5,2872.4,11694.0,5011,0,7675822,6564193,0,0,0,0,0,0,0,0,0,0,0,0,176.0,0,0,450,730.7,17.7,25,40.3,0,512.0,
1618,young,4834,19,7,517,0,17,1,0,76,1812,432,2330,34735391,848415.7,32771,2.4,62.9,1126.0,7612743,16762.8,1430.7,2873.8,11698.4,5011,0,7680517,6568100,0,0,0,0,0,0,0,0,0,0,0,0,176.0,0,2,448,725.0,17.7,25,40.3,0,512.0,
1619,young,5191,108,7,538,0,26,2,0,85,1927,432,2416,34752251,848927.2,31487,2.3,65.2,1126.0,7617415,16768.8,1431.4,2876.0,11700.8,5011,0,7685228,6572297,0,0,0,0,0,0,0,0,0,0,0,0,176.0,0,0,450,719.4,17.7,25,40.3,0,513.2,
1620,young,4601,37,7,572,0,20,2,0,71,1631,430,2177,34770419,849437.7,26131,1.9,67.1,1126.0,7622097,16774.8,1431.7,2877.6,11704.5,5011,0,7689968,6576430,0,0,0,0,0,0,0,0,0,0,0,0,176.0,0,0,450,714.4,17.7,25,40.3,0,515.1,
1621,young,4914,92,10,603,0,26,2,0,81,1674,438,2306,34799970,849856.0,26282,1.9,69.0,1126.0,7626782,16786.8,1434.0,2879.5,11712.0,5011,0,7694710,6579513,0,0,0,0,0,0,0,0,0,0,0,0,176.0,0,0,450,709.2,17.7,25,40.3,0,517.0,
1622,young,5083,23,7,352,0,27,2,0,106,1944,437,2525,34816547,850460.7,29331,2.2,71.2,1126.0,7631509,16791.3,1434.2,2880.9,11714.4,5011,0,7699490,6583840,0,0,0,0,0,0,0,0,0,0,0,1,176.0,0,0,450,703.6,17.7,25,40.3,0,519.2,
1623,young,5081,108,6,467,0,19,2,0,87,1950,436,2344,34831373,850975.5,35554,2.6,73.8,1126.0,7636269,16796.4,1434.4,2882.5,11717.3,5011,0,7704299,6588129,0,0,0,0,0,0,0,0,0,0,0,0,176.0,0,2,448,697.4,17.7,25,40.3,0,521.8,
1624,young,5051,84,6,936,0,24,2,0,78,1399,437,2445,34846637,851495.1,29806,2.2,76.0,1126.0,7641062,16800.6,1434.6,2883.8,11719.5,5011,0,7709133,6592481,0,0,0,0,0,0,0,0,0,0,0,0,176.0,0,0,450,692.1,17.7,25,40.3,0,524.0,
1625,young,5205,16,5,609,0,34,2,0,107,1832,438,2519,34861466,852015.6,28017,2.1,78.1,1126.0,7645876,16805.8,1434.8,2885.1,11722.5,5011,0,7714002,6596743,0,0,0,0,0,0,0,0,0,0,0,0,176.0,0,0,450,687.3,17.7,25,40.3,0,526.1,
1626,young,6513,23,7,627,0,24,3,0,99,2320,438,3314,34879194,852539.5,34252,2.5,80.6,1126.0,7650737,16809.9,1435.0,2886.4,11724.7,5011,0,7718915,6601182,0,0,0,0,0,0,0,0,0,0,0,0,176.0,0,0,450,680.7,17.7,25,40.3,0,528.6,
1627,young,6297,40,7,655,0,34,2,0,118,2271,438,3100,34892934,853063.8,37689,2.8,83.4,1126.0,7655615,16814.4,1435.2,2888.4,11726.6,5011,0,7723863,6605763,0,0,0,0,0,0,0,0,0,0,0,0,176.0,0,0,450,674.1,17.7,25,40.3,0,531.4,
1628,full-cycle,11309,290,679,0,0,0,2,0,129,2312,422,149,34909241,853592.1,162041,18.3,18.3,1126.0,7661664,16821.8,1436.7,2890.6,11729.9,5025,0,7729946,6611251,969,5811,3231,120604,49,591,123,0,0,0,1246,0,168.0,8,3,441,859.6,13.6,27,47.7,0,512.0,promoted
1629,young,4144,170,6,843,0,31,2,0,111,2327,438,565,34938104,854157.2,38192,5.4,23.7,1126.0,7667087,16827.8,1436.9,2892.3,11733.6,5065,0,7735417,6616079,0,0,0,0,0,0,0,0,0,0,0,0,168.0,0,0,452,839.7,13.6,27,45.4,0,512.0,
1630,full-cycle,10345,24,735,0,0,0,2,0,119,1909,416,137,34970316,854936.9,163637,17.9,17.9,1126.0,7673232,16834.7,1437.0,2894.1,11737.9,5099,0,7741596,6621343,759,6344,2247,133000,15,97,82,0,0,0,977,0,164.0,12,5,438,856.2,21.2,26,45.6,0,512.0,starved
1631,young,3720,42,7,560,0,25,2,0,99,2282,423,639,34992288,855649.1,39430,5.8,23.7,1126.0,7678852,16846.5,1439.2,2896.1,11745.3,5133,0,7747253,6625755,0,0,0,0,0,0,0,0,0,0,0,0,164.0,0,0,455,834.3,21.2,26,43.7,0,512.0,
1632,young,3584,65,6,533,0,19,1,0,80,2078,427,749,35006987,856130.7,36995,2.8,26.5,1126.0,7683270,16851.1,1439.5,2897.7,11747.5,5135,0,7751726,6629742,0,0,0,0,0,0,0,0,0,0,0,0,164.0,0,0,455,827.1,21.2,26,43.5,0,512.0,
1633,young,4143,17,5,506,0,36,2,0,117,2360,432,1010,35021297,856641.4,35724,2.6,29.1,1126.0,7687729,16856.2,1439.6,2899.4,11750.3,5135,0,7756230,6633696,0,0,0,0,0,0,0,0,0,0,0,0,164.0,0,0,455,820.9,21.2,26,43.5,0,512.0,
1634,young,4553,15,4,307,0,39,2,0,138,2486,432,1416,35038151,857152.4,37034,2.7,31.8,1126.0,7692194,16862.6,1440.2,2900.7,11754.4,5135,0,7760745,6637404,0,0,0,0,0,0,0,0,0,0,0,1,164.0,0,0,455,814.6,21.2,26,43.5,0,512.0,
1635,young,4426,31,7,737,0,42,2,0,110,2169,435,1260,35052564,857664.1,36316,2.7,34.5,1126.0,7696628,16867.1,1440.4,2902.2,11756.9,5135,0,7765230,6641426,0,0,0,0,0,0,0,0,0,0,0,0,164.0,0,0,455,808.5,21.2,26,43.5,0,512.0,
1636,young,3544,26,5,407,0,26,2,0,78,1790,444,1153,35068114,858174.8,35512,2.7,37.2,1126.0,7701062,16873.6,1441.3,2904.0,11760.4,5137,0,7769722,6645403,0,0,0,0,0,0,0,0,0,0,0,0,164.0,0,0,455,802.9,21.2,26,43.4,0,512.0,
1637,young,4354,32,7,472,0,29,2,0,107,1974,443,1588,35083486,858687.1,35436,2.6,39.8,1126.0,7705538,16880.0,1441.6,2905.8,11764.3,5137,0,7774248,6649270,0,0,0,0,0,0,0,0,0,0,0,0,164.0,0,1,454,796.1,21.2,26,43.4,0,512.0,
1638,young,3898,32,6,302,0,24,2,0,81,1926,442,1452,35098117,859196.6,36278,2.7,42.5,1126.0,7710057,16885.1,1441.8,2907.4,11767.1,5137,0,7778817,6653378,0,0,0,0,0,0,0,0,0,0,0,0,164.0,0,0,455,789.1,21.2,26,43.4,0,512.0,
1639,young,4332,95,6,542,0,22,2,0,72,1833,447,1672,35113820,859707.2,31878,2.3,44.8,1126.0,7714536,16891.7,1442.2,2909.0,11771.4,5137,0,7783352,6657326,0,0,0,0,0,0,0,0,0,0,0,0,164.0,0,0,455,783.0,21.2,26,43.4,0,512.0,
1640,young,4010,103,5,552,0,33,2,0,106,1475,447,1631,35130110,860219.8,20673,1.5,46.3,1126.0,7719028,16897.8,1442.3,2910.3,11775.7,5137,0,7787888,6661214,0,0,0,0,0,0,0,0,0,0,0,0,164.0,0,0,455,779.0,21.2,26,43.4,0,512.0,
1641,young,3896,40,5,414,0,19,1,0,73,1618,447,1654,35146082,860734.8,26006,2.0,48.3,1126.0,7723526,16903.3,1442.5,2911.8,11779.0,5137,0,7792446,6665172,0,0,0,0,0,0,0,0,0,0,0,0,164.0,0,1,454,773.7,21.2,26,43.4,0,512.0,
1642,young,4961,179,6,408,0,30,2,0,106,2124,450,2008,35162681,861248.5,36488,2.7,51.0,1126.0,7728094,16907.0,1442.7,2913.4,11780.6,5137,0,7797060,6669425,0,0,0,0,0,0,0,0,0,0,0,0,164.0,0,0,455,765.4,21.2,26,43.4,0,512.0,
1643,young,4785,100,5,507,0,30,2,1,107,2245,450,1702,35181109,861758.1,36914,2.7,53.7,1126.0,7732611,16912.7,1443.1,2915.0,11783.8,5137,0,7801633,6673431,0,0,0,0,0,0,0,0,0,0,0,0,164.0,0,0,455,759.2,21.2,26,43.4,0,512.0,
1644,young,4087,16,4,292,0,16,1,0,69,1818,450,1811,35196642,862269.8,31818,2.4,56.1,1126.0,7737191,16917.4,1443.3,2916.4,11786.5,5139,0,7806262,6677553,0,0,0,0,0,0,0,0,0,0,0,0,164.0,0,0,455,752.9,21.2,26,43.3,0,512.0,
1645,young,4022,18,5,329,0,19,1,1,77,1631,450,1877,35211641,862781.3,23336,1.7,57.8,1126.0,7741740,16923.9,1443.5,2917.8,11790.9,5139,0,7810863,6681382,0,0,0,0,0,0,0,0,0,0,0,0,164.0,0,0,455,748.8,21.2,26,43.3,0,512.0,
1646,young,5040,75,7,768,0,32,2,0,115,1634,437,2300,35238736,863269.6,25650,1.9,59.7,1126.0,7746391,16932.9,1444.5,2919.7,11796.7,5139,0,7815572,6684935,0,0,0,0,0,0,0,0,0,0,0,0,164.0,0,1,454,741.8,21.2,26,43.3,0,512.0,
1647,young,4943,30,8,617,0,19,1,0,79,1993,427,2143,35254703,863802.5,33415,2.5,62.2,1126.0,7750968,16938.5,1444.7,2921.2,11800.1,5139,0,7820206,6688881,0,0,0,0,0,0,0,0,0,0,0,1,164.0,0,1,454,735.4,21.2,26,43.3,0,512.0,
1648,young,4409,25,7,359,0,17,2,0,74,1589,430,2241,35269426,864311.9,36224,2.7,64.8,1126.0,7755580,16944.0,1444.9,2922.5,11803.8,5139,0,7824850,6692887,0,0,0,0,0,0,0,0,0,0,0,0,164.0,0,0,455,729.5,21.2,26,43.3,0,512.8,
1649,young,4925,31,7,612,0,18,1,0,76,1892,429,2222,35284241,864816.7,36231,2.7,67.5,1126.0,7760210,16950.0,1445.1,2924.0,11807.5,5139,0,7829535,6696867,0,0,0,0,0,0,0,0,0,0,0,0,164.0,0,0,455,723.5,21.2,26,43.3,0,515.5,
1650,young,5536,483,11,478,0,32,2,0,113,1934,439,2383,35314232,865206.2,26027,1.8,69.3,1126.0,7764882,16958.5,1445.8,2927.2,11811.5,5139,0,7834249,6700651,0,0,0,0,0,0,0,0,0,0,0,0,164.0,0,0,455,718.3,21.2,26,43.3,0,517.3,
1651,young,4729,24,8,404,0,24,1,0,107,1700,438,2395,35338830,865842.5,21090,1.6,71.0,1126.0,7769572,16966.8,1446.0,2928.8,11817.7,5139,0,7838988,6704505,0,0,0,0,0,0,0,0,0,0,0,0,164.0,0,0,455,713.6,21.2,26,43.3,0,519.0,
1652,young,5372,152,7,274,0,32,2,0,106,2119,442,2601,35354851,866359.8,36110,2.7,73.6,1126.0,7774302,16972.8,1446.2,2930.2,11821.3,5139,0,7843761,6708708,0,0,0,0,0,0,0,0,0,0,0,0,164.0,0,0,455,708.0,21.2,26,43.3,0,521.6,
1653,young,5495,20,6,238,0,31,2,0,92,2322,449,2689,35369700,866877.7,37197,2.7,76.3,1126.0,7779042,16978.3,1446.4,2931.8,11824.4,5139,0,7848550,6712911,0,0,0,0,0,0,0,0,0,0,0,0,164.0,0,0,455,701.7,21.2,26,43.3,0,524.3,
1654,young,5722,16,7,328,0,34,2,0,113,2290,452,2888,35384043,867396.8,37394,2.8,79.1,1126.0,7783826,16982.7,1446.5,2933.1,11826.9,5139,0,7853394,6717270,0,0,0,0,0,0,0,0,0,0,0,0,164.0,0,0,455,695.2,21.2,26,43.3,0,527.1,
1655,young,5772,25,8,552,0,29,1,1,111,2096,453,2877,35397881,867918.1,31769,2.3,81.4,1126.0,7788655,16987.2,1446.7,2935.1,11828.7,5139,0,7858266,6721756,0,0,0,0,0,0,0,0,0,0,0,1,164.0,0,2,453,689.1,21.2,26,43.3,0,529.4,
1656,young,5868,326,9,586,0,40,2,0,114,1588,452,3097,35430380,868404.4,22549,1.7,83.0,1126.0,7793518,16997.4,1447.5,2937.1,11835.8,5139,0,7863176,6725168,0,0,0,0,0,0,0,0,0,0,0,1,164.0,0,0,455,684.7,21.2,26,43.3,0,531.0,
1657,full-cycle,12676,177,920,0,0,0,2,0,104,1986,425,120,35460162,868988.0,153715,17.1,17.1,1126.0,7800014,17006.9,1447.8,2939.4,11841.5,5167,0,7869599,6730357,1097,7460,2809,112962,25,244,427,0,0,0,1210,0,154.0,11,14,434,859.5,15.9,27,47.4,0,512.0,promoted
1658,young,3328,258,8,660,0,32,2,0,117,1630,439,543,35492076,869719.4,29536,5.5,22.6,1126.0,7805745,17023.4,1453.6,2941.9,11849.1,5207,0,7875362,6734433,0,0,0,0,0,0,0,0,0,0,0,0,154.0,0,1,458,845.5,15.9,27,45.0,0,512.0,
1659,young,3087,20,7,372,0,28,2,0,108,1760,434,731,35512074,870330.0,27940,2.3,24.9,1126.0,7810596,17028.2,1453.7,2943.3,11852.0,5211,0,7880275,6738723,0,0,0,0,0,0,0,0,0,0,0,0,154.0,0,0,459,832.8,15.9,27,44.8,0,512.0,
1660,young,3396,20,7,260,0,30,2,1,106,2015,432,830,35525926,870837.9,36656,2.7,27.6,1126.0,7815124,17033.8,1454.1,2944.8,11854.7,5211,0,7884859,6742825,0,0,0,0,0,0,0,0,0,0,0,0,154.0,0,0,459,825.5,15.9,27,44.8,0,512.0,
1661,young,3643,24,7,269,0,37,2,0,106,2186,439,924,35540961,871345.9,36782,2.7,30.3,1126.0,7819564,17037.7,1454.3,2946.2,11856.7,5211,0,7889372,6746998,0,0,0,0,0,0,0,0,0,0,0,0,154.0,0,0,459,818.3,15.9,27,44.8,0,512.0,
1662,young,3856,44,7,478,0,27,2,0,84,2067,438,1061,35556585,871856.9,35591,2.6,32.9,1126.0,7824013,17043.6,1454.5,2947.5,11860.7,5211,0,7893878,6750776,0,0,0,0,0,0,0,0,0,0,0,0,154.0,0,1,458,811.7,15.9,27,44.8,0,512.0,
1663,young,3633,23,7,501,0,26,2,0,81,1775,438,1124,35572238,872370.1,34817,2.6,35.4,1126.0,7828570,17050.2,1455.2,2949.1,11864.6,5211,0,7898476,6754824,0,0,0,0,0,0,0,0,0,0,0,0,154.0,0,0,459,804.3,15.9,27,44.8,0,512.0,
1664,young,3753,16,6,204,0,23,2,0,93,2062,436,1292,35585626,872879.3,34960,2.6,38.0,1126.0,7833092,17055.0,1455.4,2950.5,11866.9,5211,0,7903059,6758948,0,0,0,0,0,0,0,0,0,0,0,0,154.0,0,0,459,798.2,15.9,27,44.8,0,512.0,
1665,young,4209,50,5,414,0,17,1,0,77,2047,435,1518,35597883,873389.7,35471,2.6,40.6,1126.0,7837601,17059.2,1455.6,2952.4,11868.6,5211,0,7907609,6763067,0,0,0,0,0,0,0,0,0,0,0,0,154.0,0,0,459,791.8,15.9,27,44.8,0,512.0,
1666,young,4234,87,7,568,0,32,2,0,107,1885,436,1481,35614985,873899.4,35751,2.6,43.2,1126.0,7842134,17064.8,1455.8,2954.0,11872.0,5211,0,7912186,6766940,0,0,0,0,0,0,0,0,0,0,0,0,154.0,0,0,459,785.9,15.9,27,44.8,0,512.0,
1667,young,4034,32,7,470,0,24,2,0,75,1745,434,1605,35630110,874406.6,36495,2.7,45.9,1126.0,7846676,17068.9,1456.2,2955.5,11873.9,5211,0,7916777,6771086,0,0,0,0,0,0,0,0,0,0,0,0,154.0,0,0,459,779.3,15.9,27,44.8,0,512.0,
1668,young,4717,30,6,552,0,16,1,1,74,1947,434,1972,35646353,874920.8,36597,2.7,48.6,1126.0,7851242,17073.7,1456.4,2956.9,11876.7,5211,0,7921399,6775101,0,0,0,0,0,0,0,0,0,0,0,0,154.0,0,3,456,772.2,15.9,27,44.8,0,512.0,
1669,young,4544,23,7,502,0,24,2,0,73,1815,435,2039,35662251,875431.0,37001,2.7,51.3,1126.0,7855814,17078.9,1456.6,2958.6,11879.5,5211,0,7926022,6779100,0,0,0,0,0,0,0,0,0,0,0,0,154.0,0,0,459,767.7,15.9,27,44.8,0,512.0,
1670,young,4718,99,14,746,0,26,2,0,101,1739,435,1886,35677002,875941.7,33366,2.4,53.7,1126.0,7860411,17084.6,1457.2,2960.1,11882.8,5211,0,7930667,6783117,0,0,0,0,0,0,0,0,0,0,0,0,154.0,0,0,459,762.3,15.9,27,44.8,0,512.0,
1671,young,4303,28,6,384,0,27,2,0,102,1629,440,2048,35694779,876453.6,28319,2.1,55.8,1126.0,7865031,17089.6,1457.4,2962.1,11885.3,5211,0,7935343,6787275,0,0,0,0,0,0,0,0,0,0,0,0,154.0,0,0,459,757.2,15.9,27,44.8,0,512.0,
1672,young,5032,25,7,329,0,27,2,0,77,2183,442,2298,35709340,876966.9,34317,2.5,58.4,1126.0,7869654,17097.2,1459.2,2964.0,11888.5,5211,0,7940001,6791388,0,0,0,0,0,0,0,0,0,0,0,1,154.0,0,0,459,751.3,15.9,27,44.8,0,512.0,
1673,young,5453,28,9,204,0,27,1,0,93,2153,446,2859,35727601,877478.2,36192,2.7,61.0,1126.0,7874289,17104.6,1459.9,2965.9,11892.8,5211,0,7944686,6795401,0,0,0,0,0,0,0,0,0,0,0,0,154.0,0,0,459,744.9,15.9,27,44.8,0,512.0,
1674,young,5782,27,8,421,0,29,2,1,110,1957,442,3141,35741620,877988.5,38064,2.8,63.8,1126.0,7878946,17108.4,1460.1,2967.3,11894.6,5211,0,7949395,6799748,0,0,0,0,0,0,0,0,0,0,0,0,154.0,0,0,459,738.5,15.9,27,44.8,0,512.0,
1675,young,7074,185,9,266,0,36,2,0,134,2888,452,3436,35772550,878418.3,37418,2.7,66.6,1126.0,7883631,17385.2,1604.1,3096.7,11896.0,5211,0,7954140,6804144,0,0,0,0,0,0,0,0,0,0,0,0,154.0,0,2,457,732.0,15.9,27,44.8,0,514.6,
1676,young,6429,121,9,654,0,31,2,0,131,2032,444,3383,35792684,879011.1,37376,2.7,69.3,1126.0,7888361,17421.7,1636.5,3098.3,11898.3,5211,0,7958912,6808549,0,0,0,0,0,0,0,0,0,0,0,0,154.0,0,0,459,726.2,15.9,27,44.8,0,517.3,
1677,young,6310,25,8,609,0,33,2,0,97,2374,447,3076,35807806,879523.6,35422,2.6,71.9,1126.0,7893100,17425.0,1636.6,3100.0,11899.3,5211,0,7963700,6813129,0,0,0,0,0,0,0,0,0,0,0,0,154.0,0,0,459,720.8,15.9,27,44.8,0,519.9,
1678,young,5962,25,6,255,0,33,2,1,123,2381,446,3066,35826165,880039.9,35152,2.6,74.5,1126.0,7897940,17430.3,1636.9,3101.6,11902.3,5211,0,7968604,6817577,0,0,0,0,0,0,0,0,0,0,0,0,154.0,0,0,459,712.2,15.9,27,44.8,0,522.5,
1679,young,8605,336,13,792,0,46,2,0,163,2904,453,4222,35854630,880448.6,31091,2.2,76.7,1126.0,7902738,17443.2,1638.1,3103.8,11911.4,5211,0,7973455,6820232,0,0,0,0,0,0,0,0,0,0,0,0,154.0,0,0,459,707.1,15.9,27,44.8,0,524.7,
1680,young,5198,170,7,577,0,20,1,0,82,1662,450,2598,35874174,881075.8,22765,1.7,78.4,1126.0,7907539,17448.0,1638.2,3105.3,11914.1,5211,0,7978319,6824700,0,0,0,0,0,0,0,0,0,0,0,0,154.0,0,0,459,701.3,15.9,27,44.8,0,526.4,
1681,young,5925,24,6,512,0,40,3,0,96,2182,446,3020,35888766,881600.2,29609,2.2,80.6,1126.0,7912383,17452.1,1638.4,3106.6,11916.4,5211,0,7983196,6829125,0,0,0,0,0,0,0,0,0,0,0,0,154.0,0,0,459,696.1,15.9,27,44.8,0,528.6,
1682,young,5826,73,7,574,0,22,1,1,77,2161,448,2801,35905407,882125.9,35890,2.6,83.2,1126.0,7917235,17462.0,1641.7,3110.2,11918.8,5211,0,7988111,6833635,0,0,0,0,0,0,0,0,0,0,0,0,154.0,0,0,459,689.9,15.9,27,44.8,0,531.2,
1683,full-cycle,16671,159,1143,0,0,0,2,0,100,2128,471,117,35926640,882708.5,155036,17.6,17.6,1126.0,7924647,17471.6,1641.9,3112.8,11924.9,5237,0,7995014,6839905,1302,10131,3221,119134,99,734,136,0,0,0,1896,0,90.0,8,33,450,890.7,13.1,27,47.1,0,512.0,promoted
1684,young,2784,23,7,284,0,28,2,0,78,1721,464,561,35956731,883609.9,25873,5.1,22.7,1126.0,7929937,17479.2,1642.1,3114.6,11929.2,5275,0,8000311,6844259,0,0,0,0,0,0,0,0,0,0,0,0,92.0,0,0,490,911.8,12.1,27,44.8,0,512.0,
1685,young,3593,18,8,462,0,30,2,0,105,2133,449,753,35968958,884090.4,36957,2.9,25.6,1126.0,7934445,17483.4,1642.3,3116.0,11931.4,5279,0,8004879,6848368,0,0,0,0,0,0,0,0,0,0,0,0,92.0,0,0,490,902.8,12.1,27,44.6,0,512.0,
1686,young,3876,31,7,604,0,36,2,0,88,2243,452,794,35981997,884594.6,38190,2.8,28.4,1126.0,7938883,17487.5,1642.5,3117.3,11933.4,5279,0,8009362,6852475,0,0,0,0,0,0,0,0,0,0,0,0,92.0,0,0,490,895.9,12.1,27,44.6,0,512.0,
1687,young,3954,342,5,451,0,40,2,0,88,1943,457,999,36002102,885106.3,37079,2.7,31.1,1126.0,7943314,17494.2,1643.0,3119.3,11937.2,5279,0,8013844,6856505,0,0,0,0,0,0,0,0,0,0,0,0,92.0,0,0,490,890.1,12.1,27,44.6,0,512.0,
1688,young,2980,20,8,181,0,28,2,0,104,1563,462,1044,36020609,885616.3,20388,1.4,32.5,1126.0,7947772,17498.1,1643.1,3120.7,11939.1,5279,0,8018365,6860635,0,0,0,0,0,0,0,0,0,0,0,0,92.0,0,0,490,884.6,12.1,27,44.6,0,512.0,
