gc,kind,pause_us,suspend_us,fixctx_us,roots_us,freach_us,handles_us,dep_us,after_us,weak_us,cards_us,card_regions,sweep_us,zero_us,zero_mb,marked_n,marked_mb,live_mb,committed_mb,win_n,win_ms,wait_ms,carve_ms,wzero_ms,blk_n,span_n,hole_n,clean_n,pause_a_us,window_us,pause_b_us,window_marked_n,bsusp_us,rescan_us,drain2_us,predrain_us,predrain_cards,predrain_passes,csweep_us,trim_us,pool_mb,bfresh_n,breo_n,bold_n,holes_mb,tail_mb,cls_n,clsfree_mb,spanreg_n,budget_mb,reason,cold_n,fitdisc_n,disc_mb,req_mb
0,young,8892,60,13,6445,0,256,1,0,1146,4,0,813,0,0.0,173160,17.3,17.3,108.0,479,0.8,0.1,0.7,0.0,72,0,12,479,0,0,0,0,0,0,0,0,0,0,0,0,6.0,0,0,38,11.6,16.1,13,22.1,0,64.0,,77,0,0.2,0.5
1,young,5429,164,8,2430,0,12,1,0,102,1713,38,955,4132,16.9,32055,5.3,22.5,150.0,986,5.8,0.1,1.3,4.1,129,0,116,832,0,0,0,0,0,0,0,0,0,0,0,0,4.0,0,0,60,49.4,14.7,13,18.7,0,64.0,,109,0,0.3,0.5
2,young,5735,304,7,2175,0,11,1,1,76,1580,60,1465,5667,67.1,32899,2.5,25.0,160.0,1530,7.6,0.1,1.6,5.6,129,0,526,978,0,0,0,0,0,0,0,0,0,0,0,0,0.0,0,0,67,59.7,12.4,13,18.7,0,64.0,,140,0,0.3,0.6
3,full-cycle,14911,40,3177,0,0,0,1,1,138,1251,67,161,7833,128.9,153830,16.7,16.7,176.0,2156,9.9,0.2,2.0,7.3,129,0,1099,1131,3217,6710,3800,126089,55,2242,84,0,0,0,1106,0,0.0,5,11,59,108.4,9.0,13,21.7,0,64.0,starved,226,0,0.3,0.6
4,young,5250,47,8,2885,0,12,1,0,50,1675,69,514,13459,204.7,34093,4.7,21.3,176.0,3601,14.2,0.2,2.4,10.9,174,0,2549,1779,0,0,0,0,0,0,0,0,0,0,0,0,0.0,0,0,75,97.5,9.0,13,19.1,0,64.0,,236,0,0.4,0.8
5,young,6529,26,7,3542,0,10,1,0,50,1857,73,991,15598,262.1,35665,2.7,24.1,176.0,4800,16.3,0.3,2.7,12.4,176,0,3797,2585,0,0,0,0,0,0,0,0,0,0,0,0,0.0,0,0,75,80.9,9.0,13,19.0,0,64.0,,268,0,0.4,0.9
6,young,5542,48,8,2239,0,12,1,0,49,1755,74,1321,17288,318.7,37819,2.8,26.8,176.0,5470,17.7,0.3,3.0,13.4,176,0,4522,2953,0,0,0,0,0,0,0,0,0,0,0,0,0.0,0,0,75,71.0,9.0,13,19.0,0,64.0,,303,0,0.5,0.9
7,young,6187,36,7,2969,0,13,1,0,53,1792,75,1197,18745,377.9,33100,2.5,29.3,176.0,6002,19.0,0.3,3.2,14.3,176,0,5099,3172,0,0,0,0,0,0,0,0,0,0,0,0,0.0,0,0,75,63.1,9.0,13,19.0,0,64.0,,336,0,0.5,1.0
8,young,4828,102,8,2227,0,10,1,0,44,1325,75,1056,20464,438.4,26795,2.0,31.3,192.0,6575,20.3,0.3,3.5,15.3,176,0,5661,3348,0,0,0,0,0,0,0,0,0,0,0,0,0.0,0,0,83,59.3,21.5,13,19.0,0,64.0,,370,0,0.5,1.1
9,young,4323,30,7,1620,0,13,1,0,52,1431,83,1077,21778,497.1,29594,2.2,33.5,198.0,7154,21.6,0.3,3.7,16.1,176,0,6172,3577,0,0,0,0,0,0,0,0,0,0,0,0,0.0,0,0,86,61.1,19.7,13,19.0,0,64.0,,400,0,0.5,1.1
10,young,5913,53,7,2688,0,22,1,0,62,1896,86,1116,23622,556.7,36379,2.7,36.2,198.0,7737,22.9,0.4,4.0,17.0,176,0,6720,3883,0,0,0,0,0,0,0,0,0,0,0,0,0.0,0,0,86,60.5,13.7,13,19.0,0,64.0,,435,0,0.6,1.2
11,young,5057,36,6,2447,0,11,1,0,47,1601,86,850,25275,616.7,34185,2.5,38.7,200.0,8319,24.5,0.4,4.3,18.1,176,0,7264,4098,0,0,0,0,0,0,0,0,0,0,0,0,0.0,0,0,87,59.6,9.1,13,19.0,0,64.0,,466,0,0.6,1.2
12,young,5562,30,7,2691,0,10,1,1,46,1758,87,941,27012,674.8,35410,2.6,41.3,218.0,8913,26.1,0.4,4.6,19.2,176,0,7800,4285,0,0,0,0,0,0,0,0,0,0,0,0,0.0,0,0,96,59.8,19.7,13,19.0,0,64.0,,499,0,0.6,1.3
13,young,6167,32,8,3484,0,8,1,0,44,1418,96,1134,28642,733.4,37584,2.8,44.1,222.0,9512,27.8,0.4,5.2,20.2,176,0,8343,4506,0,0,0,0,0,0,0,0,0,0,0,0,2.0,0,0,97,60.4,14.6,13,19.0,0,64.0,,533,0,0.6,1.3
14,young,5201,111,9,2291,0,14,1,0,50,1492,97,1140,30642,792.3,32353,2.3,46.4,230.0,10112,29.3,0.5,5.5,21.1,176,0,8898,4761,0,0,0,0,0,0,0,0,0,0,0,0,0.0,0,0,102,59.4,17.7,13,19.0,0,64.0,,564,0,0.7,1.4
15,young,4831,23,8,1776,0,10,1,1,52,1614,102,1310,32668,849.5,29770,2.3,48.7,234.0,10712,31.0,0.6,5.9,22.2,176,0,9444,5059,0,0,0,0,0,0,0,0,0,0,0,0,0.0,0,0,104,60.9,14.1,13,19.0,0,64.0,,597,0,0.7,1.4
16,young,5397,46,6,2490,1,13,1,1,52,1479,104,1211,34227,908.8,29815,2.1,50.8,238.0,11314,32.1,0.6,6.1,22.9,176,0,10007,5373,0,0,0,0,0,0,0,0,0,0,0,0,0.0,0,0,106,59.5,11.7,13,19.0,0,64.0,,631,0,0.7,1.5
17,young,5218,31,10,2179,0,12,1,0,49,1462,106,1393,35776,967.0,25395,2.0,52.8,246.0,11921,33.1,0.6,6.4,23.6,176,0,10558,5753,0,0,0,0,0,0,0,0,0,0,0,0,0.0,0,0,110,61.5,12.2,13,19.0,0,64.0,,663,0,0.7,1.6
18,full-cycle,16190,188,2296,0,0,0,1,0,60,1462,92,89,38589,1031.9,162985,17.6,17.6,262.0,12643,35.0,0.7,6.9,24.8,195,0,11218,6173,2484,7244,3758,134211,94,2038,67,0,0,0,2612,0,16.0,6,13,91,174.2,11.2,13,20.5,0,64.0,starved,749,0,0.8,1.6
19,young,4396,32,7,2063,0,8,1,1,46,1390,98,792,46914,1151.9,31466,4.7,22.2,262.0,13806,38.6,0.7,7.2,27.7,223,0,12376,6227,0,0,0,0,0,0,0,0,0,0,0,0,18.0,0,0,109,165.7,9.4,13,18.8,0,64.0,,763,0,0.8,1.7
20,young,4094,23,8,1438,0,11,1,0,47,1708,87,809,48917,1241.5,31995,2.5,24.7,262.0,15092,40.0,0.7,7.5,28.5,225,0,13710,7065,0,0,0,0,0,0,0,0,0,0,0,0,18.0,0,0,109,150.3,9.4,13,18.7,0,64.0,,791,0,0.9,1.9
21,young,5468,29,6,2593,0,9,1,0,45,1774,91,920,50513,1294.4,36810,2.7,27.4,262.0,15877,41.8,0.8,7.9,29.8,225,0,14557,7568,0,0,0,0,0,0,0,0,0,0,0,0,18.0,0,0,109,140.8,9.4,13,18.7,0,64.0,,826,0,0.9,1.9
22,young,4750,103,7,2203,0,11,1,0,46,1216,93,1081,52082,1353.5,29258,2.1,29.5,262.0,16440,43.0,0.8,8.1,30.7,225,0,15161,7902,0,0,0,0,0,0,0,0,0,0,0,0,18.0,0,0,109,133.7,9.4,13,18.7,0,64.0,,860,0,0.9,2.0
23,young,3819,46,7,1195,0,12,1,1,54,1562,98,873,53368,1415.6,28783,2.2,31.7,262.0,16989,44.0,0.8,8.3,31.3,225,0,15759,8245,0,0,0,0,0,0,0,0,0,0,0,0,18.0,0,0,109,127.6,9.4,13,18.7,0,64.0,,893,0,1.0,2.0
24,young,4885,300,8,1592,0,12,1,0,59,1953,99,867,57160,1469.6,39183,2.9,34.6,262.0,17520,45.2,0.8,8.5,32.2,225,0,16328,8443,0,0,0,0,0,0,0,0,0,0,0,0,18.0,0,0,109,121.2,9.4,13,18.7,0,64.0,,924,0,1.0,2.1
25,young,5014,58,7,2402,0,13,1,1,50,1544,99,864,60237,1524.8,36412,2.6,37.2,262.0,18036,46.4,0.9,8.7,33.1,225,0,16916,8668,0,0,0,0,0,0,0,0,0,0,0,0,18.0,0,0,109,113.9,9.4,13,18.7,0,64.0,,959,0,1.0,2.2
26,young,4517,27,10,1640,0,10,1,1,50,1750,102,974,61953,1586.5,35301,2.6,39.9,262.0,18562,47.8,0.9,8.9,34.1,225,0,17496,8888,0,0,0,0,0,0,0,0,0,0,0,0,18.0,0,0,109,107.1,9.4,13,18.7,0,64.0,,990,0,1.0,2.2
27,full-cycle,13066,21,1562,0,0,0,1,0,61,1241,84,67,63873,1656.1,159858,17.3,17.3,262.0,19251,49.2,0.9,9.2,35.0,249,0,18261,9264,1582,7002,3027,131949,26,1606,81,0,0,0,1380,0,12.0,9,10,91,171.0,16.5,15,24.2,0,64.0,starved,1071,0,1.1,2.3
28,young,4472,46,9,2034,0,10,1,1,51,1357,87,872,67715,1786.1,25319,4.7,22.0,262.0,20552,51.2,1.2,9.5,36.2,285,0,19581,9423,0,0,0,0,0,0,0,0,0,0,0,0,14.0,0,1,108,157.9,14.6,15,22.1,0,64.0,,1082,0,1.1,2.4
29,young,5670,48,6,3206,0,16,1,1,67,1408,94,842,69608,1843.3,29100,2.2,24.2,262.0,21253,52.6,1.2,9.9,37.2,285,0,20324,9661,0,0,0,0,0,0,0,0,0,0,0,0,14.0,0,0,109,148.6,14.6,15,22.1,0,64.0,,1114,0,1.1,2.5
30,young,4749,31,7,1860,0,17,1,1,54,1847,92,845,71211,1910.2,37576,2.8,27.0,262.0,21776,53.8,1.2,10.0,38.0,285,0,20882,9961,0,0,0,0,0,0,0,0,0,0,0,0,14.0,0,0,109,141.3,14.6,15,22.1,0,64.0,,1145,0,1.2,2.5
31,young,3938,32,6,980,0,15,1,1,66,1793,96,983,72524,1959.5,38562,2.8,29.8,262.0,22307,54.8,1.2,10.2,38.6,285,0,21458,10294,0,0,0,0,0,0,0,0,0,0,0,0,14.0,0,0,109,134.4,14.6,15,22.1,0,64.0,,1177,0,1.2,2.6
32,young,4833,115,7,1846,0,14,1,0,70,1588,98,1106,74072,2022.1,34676,2.5,32.3,262.0,22844,56.2,1.3,10.4,39.7,285,0,22035,10470,0,0,0,0,0,0,0,0,0,0,0,0,14.0,0,0,109,127.6,14.6,15,22.1,0,64.0,,1211,0,1.2,2.6
33,young,4725,44,7,1807,0,12,1,0,53,1747,96,983,75933,2080.5,31274,2.3,34.7,262.0,23477,57.4,1.3,10.6,40.6,285,0,22722,10803,0,0,0,0,0,0,0,0,0,0,0,0,14.0,0,0,109,119.1,14.6,15,22.1,0,64.0,,1246,0,1.2,2.7
34,young,5734,33,7,2232,0,13,1,1,58,2165,97,1130,77985,2140.2,35701,2.6,37.3,262.0,24221,58.9,1.3,10.8,41.7,285,0,23518,11204,0,0,0,0,0,0,0,0,0,0,0,0,14.0,0,0,109,109.6,14.6,15,22.1,0,64.0,,1276,0,1.3,2.7
35,full-cycle,13445,93,1730,0,0,0,1,0,56,951,80,63,79597,2206.5,153524,16.9,16.9,262.0,25063,60.3,1.3,11.1,42.7,302,0,24425,11726,1824,6388,3373,136750,29,2254,68,0,0,0,1798,0,16.0,10,12,84,163.2,18.5,17,28.6,0,64.0,starved,1351,0,1.3,2.8
36,young,3626,22,7,1203,0,12,1,0,50,1547,88,702,82620,2308.4,32954,5.0,21.9,262.0,26325,62.4,1.4,11.4,44.1,338,0,25713,11979,0,0,0,0,0,0,0,0,0,0,0,0,16.0,0,0,106,150.7,18.5,17,26.5,0,64.0,,1365,0,1.4,2.9
37,young,4748,26,10,1126,0,24,2,0,81,1878,95,1518,85628,2382.1,30184,3.0,25.0,262.0,27712,64.0,1.5,11.9,45.0,356,0,27165,13169,0,0,0,0,0,0,0,0,0,0,0,0,16.0,0,0,106,133.7,18.5,17,25.4,0,64.0,,1411,0,1.4,3.1
38,young,5583,71,8,2818,0,12,1,0,54,1384,94,1106,87503,2442.6,25944,2.0,26.9,262.0,28300,64.9,1.5,12.1,45.5,356,0,27814,13628,0,0,0,0,0,0,0,0,0,0,0,0,16.0,0,0,106,127.8,18.5,17,25.4,0,64.0,,1448,0,1.4,3.1
39,young,5456,39,8,2592,0,10,1,1,54,1764,97,868,89314,2494.1,34239,2.5,29.4,262.0,28810,65.9,1.5,12.3,46.2,356,0,28392,13944,0,0,0,0,0,0,0,0,0,0,0,1,16.0,0,0,106,120.7,18.5,17,25.4,0,64.0,,1489,0,1.5,3.2
40,young,4515,64,8,1687,0,15,1,0,57,1515,93,1046,93119,2563.6,31641,2.3,31.8,262.0,29306,66.8,1.6,12.5,46.6,356,0,28956,14306,0,0,0,0,0,0,0,0,0,0,0,0,16.0,0,0,106,113.8,18.5,17,25.4,0,64.0,,1527,0,1.5,3.2
41,young,5998,45,9,3063,0,12,1,0,58,1654,96,1061,94401,2615.7,31131,2.3,34.0,262.0,29835,67.8,1.6,12.7,47.3,356,0,29533,14621,0,0,0,0,0,0,0,0,0,0,0,0,16.0,0,0,106,106.8,18.5,17,25.4,0,64.0,,1559,0,1.5,3.3
42,full-cycle,16106,48,2735,0,0,0,1,0,65,1442,94,72,96284,2680.6,163483,18.7,18.7,262.0,30490,69.3,1.7,13.0,48.3,386,0,30261,14929,2783,7955,4011,133558,37,2382,68,0,0,0,1290,0,2.0,11,12,88,167.9,20.1,19,30.5,0,64.0,starved,1655,0,1.5,3.3
43,young,3480,44,9,1399,0,10,1,0,50,1547,90,371,100182,2805.8,30543,5.2,23.8,262.0,31342,70.8,1.7,13.2,49.4,416,0,31124,15203,0,0,0,0,0,0,0,0,0,0,0,0,8.0,0,0,108,163.0,14.5,19,28.7,0,64.0,,1658,0,1.6,3.4
44,young,5692,33,8,2793,0,11,1,1,47,1800,100,921,101588,2865.3,39007,2.9,26.7,262.0,32406,72.1,1.7,13.5,50.1,416,0,32232,15928,0,0,0,0,0,0,0,0,0,0,0,0,8.0,0,0,108,147.5,14.5,19,28.7,0,64.0,,1689,0,1.6,3.5
45,young,5089,32,8,1972,0,15,1,0,57,2074,103,871,103024,2927.1,38941,3.0,29.7,262.0,32961,73.4,1.8,13.8,51.0,418,0,32846,16196,0,0,0,0,0,0,0,0,0,0,0,0,8.0,0,0,108,138.5,14.5,19,28.6,0,64.0,,1724,0,1.7,3.6
46,young,5066,34,8,2211,0,16,1,0,62,1780,102,890,104408,2986.7,39032,2.9,32.5,262.0,33709,74.8,1.8,14.1,51.8,418,0,33645,16693,0,0,0,0,0,0,0,0,0,0,0,0,8.0,0,0,108,128.3,14.5,19,28.6,0,64.0,,1754,0,1.7,3.6
47,young,4890,48,9,2038,0,11,1,0,54,1737,100,920,105864,3042.9,37213,2.7,35.3,262.0,34545,76.2,1.8,14.4,52.7,418,0,34537,17267,0,0,0,0,0,0,0,0,0,0,0,0,8.0,0,0,108,118.0,14.5,19,28.6,0,64.0,,1786,0,1.7,3.7
48,full-cycle,24643,47,2166,0,0,0,1,1,55,1756,98,62,107305,3103.1,167004,17.9,17.9,262.0,35289,77.5,1.8,14.7,53.5,432,0,35390,17787,2214,16077,4483,133100,28,2543,86,0,0,0,1764,0,10.0,3,14,90,172.0,5.6,19,32.8,0,64.0,starved,1874,0,1.7,3.8
49,young,4132,39,7,2334,0,13,1,0,53,1393,97,244,111064,3223.5,27977,4.8,22.7,262.0,36203,79.2,1.9,14.9,54.7,475,0,36298,18000,0,0,0,0,0,0,0,0,0,0,0,0,10.0,0,0,107,167.9,5.6,19,30.2,0,64.0,,1882,0,1.8,3.9
50,young,5768,30,7,2969,0,12,1,1,57,1795,95,830,113428,3290.0,31781,2.5,25.2,262.0,37317,80.7,1.9,15.2,55.6,477,0,37457,18762,0,0,0,0,0,0,0,0,0,0,0,0,10.0,0,0,107,152.7,5.6,19,30.1,0,64.0,,1915,0,1.8,4.0
51,young,5425,184,13,2234,0,12,1,0,55,2142,97,694,115008,3352.8,35887,2.6,27.8,262.0,38005,81.8,1.9,15.5,56.3,477,0,38201,19252,0,0,0,0,0,0,0,0,0,0,0,0,10.0,0,0,107,142.9,5.6,19,30.1,0,64.0,,1948,0,1.9,4.0
52,young,5620,322,9,2918,0,10,1,0,47,1378,97,844,116414,3410.8,30662,2.2,30.0,262.0,38657,83.1,1.9,15.9,57.0,477,0,38902,19707,0,0,0,0,0,0,0,0,0,0,0,0,10.0,0,0,107,132.7,5.6,19,30.1,0,64.0,,1980,0,1.9,4.1
53,young,6321,40,8,2655,0,19,2,0,69,1935,96,1495,117975,3460.8,28621,2.1,32.1,262.0,39669,84.2,2.0,16.1,57.6,477,0,39971,20571,0,0,0,0,0,0,0,0,0,0,0,0,10.0,0,0,107,120.5,5.6,19,30.1,0,64.0,,2014,0,1.9,4.2
54,young,4879,34,7,2158,0,10,1,0,51,1701,99,853,122181,3525.0,31128,2.3,34.4,262.0,40190,87.1,2.0,16.4,60.0,477,0,40550,20911,0,0,0,0,0,0,0,0,0,0,0,0,10.0,0,0,107,114.1,5.6,19,30.1,0,64.0,,2046,0,2.0,4.2
55,full-cycle,12850,63,1686,0,0,0,1,1,52,923,90,59,124070,3587.6,153810,17.0,17.0,262.0,40798,88.5,2.0,16.6,61.0,505,0,41219,21297,1748,7090,2795,138911,83,1653,70,0,0,0,1165,0,8.0,7,8,93,172.9,13.0,19,31.9,0,64.0,starved,2120,0,2.0,4.3
56,young,4978,68,9,2311,0,13,1,0,52,1956,90,530,128101,3718.5,37325,5.6,22.5,262.0,42288,91.2,2.1,16.9,63.0,535,0,42718,21598,0,0,0,0,0,0,0,0,0,0,0,0,10.0,0,0,107,158.9,11.1,19,30.1,0,64.0,,2135,0,2.1,4.4
57,young,6200,63,8,2928,0,14,1,1,53,1956,92,1091,129802,3781.0,36547,2.7,25.3,262.0,43721,92.9,2.1,17.4,64.0,537,0,44192,22516,0,0,0,0,0,0,0,0,0,0,0,0,10.0,0,0,107,142.0,11.1,19,30.0,0,64.0,,2168,0,2.1,4.6
58,young,3868,33,7,1367,0,14,1,1,59,1175,94,1134,132532,3832.0,23522,1.7,26.9,262.0,44235,95.9,2.1,18.3,65.9,537,0,44778,22770,0,0,0,0,0,0,0,0,0,0,0,0,10.0,0,0,107,134.4,11.1,19,30.0,0,64.0,,2206,0,2.1,4.6
59,young,3845,63,8,1184,0,20,1,1,69,1132,98,1285,135840,3890.5,24956,1.9,28.9,262.0,44755,97.0,2.1,18.6,66.7,537,0,45342,23042,0,0,0,0,0,0,0,0,0,0,0,0,10.0,0,0,107,129.4,11.1,19,30.0,0,64.0,,2237,0,2.2,4.7
60,young,5259,37,9,1920,0,10,1,0,51,1643,101,1510,137448,3957.6,36696,2.8,31.6,262.0,45275,98.0,2.1,18.7,67.3,539,0,45911,23417,0,0,0,0,0,0,0,0,0,0,0,0,10.0,0,0,107,122.4,11.1,19,29.9,0,64.0,,2268,0,2.2,4.7
61,young,4703,30,7,1917,0,11,1,0,56,1793,102,788,138975,4022.4,33393,2.7,34.4,262.0,45797,99.0,2.2,18.9,67.9,545,0,46498,23769,0,0,0,0,0,0,0,0,0,0,0,0,10.0,0,0,107,115.3,11.1,19,29.6,0,64.0,,2306,0,2.2,4.8
62,full-cycle,15473,35,2475,0,0,0,1,1,67,1511,88,75,140779,4080.6,158660,18.7,18.7,262.0,46365,100.2,2.2,19.2,68.7,583,0,47180,24107,2510,7044,4360,127141,43,2583,140,0,0,0,1468,0,6.0,6,11,92,174.4,11.1,19,30.8,0,64.0,starved,2399,0,2.2,4.8
63,young,5570,306,9,3026,0,14,1,0,56,1528,95,533,145243,4211.1,31345,5.0,23.7,262.0,47494,102.1,2.2,19.5,70.0,621,0,48331,24389,0,0,0,0,0,0,0,0,0,0,0,1,8.0,0,0,108,163.2,9.1,19,28.6,0,64.0,,2420,0,2.3,4.9
64,young,4569,30,7,1793,0,13,1,0,59,1738,93,866,147108,4286.7,29066,2.1,25.8,262.0,48994,103.9,2.3,20.0,70.9,621,0,49874,25216,0,0,0,0,0,0,0,0,0,0,0,0,8.0,0,0,108,145.5,9.1,19,28.6,0,64.0,,2450,0,2.3,5.1
65,young,4850,42,8,2057,0,12,2,0,58,1556,95,1048,148336,4337.2,27385,2.0,27.8,262.0,49523,105.0,2.6,20.2,71.5,621,0,50474,25588,0,0,0,0,0,0,0,0,0,0,0,0,8.0,0,0,108,139.1,9.1,19,28.6,0,64.0,,2485,0,2.4,5.1
66,young,4916,35,8,2454,0,11,2,0,50,1506,99,763,149756,4395.9,27121,2.1,29.9,262.0,50056,105.8,2.6,20.4,71.9,623,0,51041,25975,0,0,0,0,0,0,0,0,0,0,0,0,8.0,0,0,108,132.5,9.1,19,28.5,0,64.0,,2517,0,2.4,5.2
67,young,5235,36,18,2672,0,12,1,0,55,1341,96,1003,151391,4462.2,28791,2.1,32.0,262.0,50580,107.1,2.6,20.6,72.9,623,0,51623,26215,0,0,0,0,0,0,0,0,0,0,0,0,8.0,0,0,108,125.1,9.1,19,28.5,0,64.0,,2552,0,2.4,5.2
68,young,5036,88,8,2623,0,12,1,0,52,1314,94,850,152853,4517.1,27153,2.0,34.0,262.0,51212,108.0,2.6,20.8,73.4,623,0,52286,26663,0,0,0,0,0,0,0,0,0,0,0,0,8.0,0,0,108,117.7,9.1,19,28.5,0,64.0,,2580,0,2.4,5.3
69,full-cycle,12351,97,1588,0,0,0,1,0,60,1458,88,67,154757,4591.3,161277,18.0,18.0,262.0,51842,108.8,2.7,21.1,73.8,653,0,53004,27216,1684,6098,2720,131540,23,1117,47,0,0,0,1793,0,14.0,6,12,87,164.4,11.1,19,31.2,0,64.0,starved,2663,0,2.5,5.3
70,young,4088,50,8,1550,0,15,1,0,56,2051,88,282,157847,4718.2,38558,5.8,23.8,262.0,52717,110.4,2.7,21.3,74.9,685,0,53866,27347,0,0,0,0,0,0,0,0,0,0,0,0,16.0,0,0,104,159.1,9.1,19,29.3,0,64.0,,2672,0,2.5,5.4
71,young,5799,41,6,2551,0,14,1,0,52,1941,91,1136,161472,4773.6,38644,2.8,26.7,262.0,53850,111.7,2.7,21.6,75.6,685,0,55040,28215,0,0,0,0,0,0,0,0,0,0,0,0,16.0,0,0,104,143.2,9.1,19,29.3,0,64.0,,2705,0,2.5,5.5
72,young,5064,34,9,2308,0,10,1,0,48,1623,88,967,162744,4828.3,38950,2.9,29.5,262.0,54630,112.8,2.7,21.8,76.4,685,0,55878,28788,0,0,0,0,0,0,0,0,0,0,0,0,16.0,0,0,104,133.3,9.1,19,29.3,0,64.0,,2737,0,2.6,5.6
73,young,5576,50,7,2832,0,11,1,0,56,1722,99,824,164240,4894.8,33400,2.4,31.9,262.0,55208,113.7,2.8,22.0,76.8,685,0,56494,29220,0,0,0,0,0,0,0,0,0,0,0,0,16.0,0,0,104,125.3,9.1,19,29.3,0,64.0,,2766,0,2.6,5.7
74,young,4987,72,9,1908,0,14,1,0,62,1803,96,1034,165659,4949.7,30124,2.2,34.2,262.0,56082,114.8,2.8,22.3,77.5,685,0,57418,29953,0,0,0,0,0,0,0,0,0,0,0,0,16.0,0,0,104,114.3,9.1,19,29.3,0,64.0,,2798,0,2.6,5.7
75,young,4569,122,9,1776,0,14,1,0,51,1495,94,996,166986,5006.7,33199,2.5,36.7,262.0,56683,115.7,2.8,22.5,78.1,687,0,58067,30375,0,0,0,0,0,0,0,0,0,0,0,0,16.0,0,0,104,105.7,9.1,19,29.2,0,64.0,,2831,0,2.7,5.8
76,full-cycle,15127,49,2268,0,0,0,1,1,61,1913,87,69,168477,5069.1,158192,17.3,17.3,262.0,57334,117.0,2.8,22.8,78.8,714,0,58798,30779,2317,7768,3638,119498,67,1468,112,0,0,0,1323,0,4.0,8,10,91,170.9,14.9,20,34.0,0,64.0,starved,2915,0,2.7,5.9
77,young,3270,24,8,1791,0,20,1,0,58,967,93,332,172421,5200.3,30528,4.8,22.1,262.0,58325,119.2,2.9,23.1,80.6,740,0,59798,30840,0,0,0,0,0,0,0,0,0,0,0,1,6.0,0,0,108,164.2,13.0,20,32.4,0,64.0,,2923,0,2.7,5.9
78,young,6688,156,8,3782,0,9,1,0,45,1515,96,1053,174514,5275.9,27509,2.3,24.4,262.0,60096,120.5,3.0,23.5,81.1,746,0,61628,32408,0,0,0,0,0,0,0,0,0,0,0,0,6.0,0,0,108,142.6,13.0,20,32.1,0,64.0,,2954,0,2.8,6.1
79,young,4102,40,9,1561,0,9,1,0,49,1516,96,852,176615,5322.7,30858,2.3,26.7,262.0,60770,121.9,3.0,24.0,81.7,746,0,62350,32928,0,0,0,0,0,0,0,0,0,0,0,0,6.0,0,0,108,133.6,13.0,20,32.1,0,64.0,,2987,0,2.8,6.2
80,young,5947,283,9,2697,0,12,1,0,53,1773,100,1026,178106,5382.3,34744,2.5,29.2,262.0,61373,122.7,3.0,24.2,82.2,746,0,63005,33379,0,0,0,0,0,0,0,0,0,0,0,0,6.0,0,0,108,125.3,13.0,20,32.1,0,64.0,,3019,0,2.9,6.2
81,young,4587,183,9,1870,0,14,1,0,52,1510,101,878,181085,5439.9,28181,2.1,31.3,262.0,61903,124.4,3.1,24.5,83.5,746,0,63593,33697,0,0,0,0,0,0,0,0,0,0,0,0,6.0,0,0,108,118.4,13.0,20,32.1,0,64.0,,3054,0,2.9,6.3
82,full-cycle,15425,28,1963,0,0,0,1,1,56,1578,91,62,184032,5499.0,171634,18.3,18.3,262.0,62550,125.9,3.1,24.8,84.4,778,0,64332,34088,1991,8637,3164,134541,18,1455,44,0,0,0,1568,0,6.0,3,10,95,174.0,5.6,20,33.7,0,64.0,starved,3138,0,2.9,6.3
83,young,4049,42,8,1672,0,10,1,0,51,1432,96,754,188183,5649.9,36550,5.6,23.9,262.0,63657,127.6,3.1,25.0,85.6,806,0,65439,34403,0,0,0,0,0,0,0,0,0,0,0,0,8.0,0,0,107,165.3,3.7,20,32.0,0,64.0,,3148,0,3.0,6.5
84,young,5808,111,8,2847,0,17,1,0,65,1694,95,968,189520,5703.4,33137,2.4,26.3,262.0,64515,128.6,3.2,25.3,86.2,806,0,66351,34911,0,0,0,0,0,0,0,0,0,0,0,0,8.0,0,0,107,153.9,3.7,20,32.0,0,64.0,,3180,0,3.0,6.5
85,young,3780,33,7,1364,0,17,1,0,66,1383,97,807,191259,5757.9,24594,1.8,28.0,262.0,65067,129.9,3.2,25.5,87.1,806,0,66957,35333,0,0,0,0,0,0,0,0,0,0,0,0,8.0,0,0,107,146.1,3.7,20,32.0,0,64.0,,3212,0,3.0,6.6
86,young,4492,36,8,1945,0,24,1,0,58,1344,98,1000,192636,5812.1,23452,1.9,29.9,262.0,65719,131.0,3.2,25.7,87.8,808,0,67651,35770,0,0,0,0,0,0,0,0,0,0,0,0,8.0,0,0,107,137.6,3.7,20,31.9,0,64.0,,3244,0,3.0,6.6
87,young,4872,136,10,2374,0,13,1,0,54,1390,95,816,194043,5873.4,31593,2.3,32.2,262.0,66247,132.1,3.2,25.9,88.5,808,0,68235,36056,0,0,0,0,0,0,0,0,0,0,0,0,8.0,0,0,107,130.6,3.7,20,31.9,0,64.0,,3278,0,3.1,6.7
88,young,4006,92,8,1596,0,13,1,0,51,1191,96,980,196677,5938.6,24548,1.8,34.0,262.0,67221,133.3,3.3,26.2,89.1,808,0,69254,36832,0,0,0,0,0,0,0,0,0,0,0,0,8.0,0,0,107,119.7,3.7,20,31.9,0,64.0,,3311,0,3.1,6.8
89,full-cycle,13860,30,1943,0,0,0,1,1,53,1806,87,60,199045,5996.9,156391,17.1,17.1,264.0,67932,135.6,3.3,26.7,90.8,830,0,70035,37245,1973,6287,4136,119499,34,2155,74,0,0,0,1392,0,0.0,8,11,93,176.2,14.6,20,34.3,0,64.0,starved,3396,0,3.1,6.9
90,young,4398,94,8,2255,0,10,1,0,54,1578,98,330,203311,6140.5,32264,5.4,22.5,264.0,68892,137.1,3.3,27.0,91.7,870,0,71003,37794,0,0,0,0,0,0,0,0,0,0,0,0,2.0,0,0,111,166.9,12.7,20,31.9,0,64.0,,3404,0,3.2,6.9
91,young,4284,22,7,1618,0,15,1,0,53,1565,102,918,204419,6187.0,31088,2.7,25.2,264.0,70046,138.2,3.4,27.4,92.3,880,0,72220,38821,0,0,0,0,0,0,0,0,0,0,0,0,2.0,0,0,111,153.0,12.7,20,31.3,0,64.0,,3440,0,3.2,7.1
92,young,3756,23,10,891,0,10,1,0,52,1883,98,827,206670,6236.2,31277,3.4,28.6,264.0,70874,140.3,3.4,27.8,93.8,902,0,73114,39396,0,0,0,0,0,0,0,0,0,0,0,0,2.0,0,0,111,143.0,12.7,20,30.0,0,64.0,,3489,0,3.3,7.1
93,young,4178,53,8,1443,0,15,1,1,58,1403,98,1121,207857,6291.5,32149,2.3,31.0,264.0,71782,141.4,3.4,28.0,94.4,902,0,74084,40079,0,0,0,0,0,0,0,0,0,0,0,0,2.0,0,0,111,132.1,12.7,20,30.0,0,64.0,,3526,0,3.3,7.2
94,young,5214,27,13,2898,0,9,1,1,50,1148,102,1003,209406,6342.8,22339,1.7,32.7,264.0,72309,142.9,3.4,28.2,95.6,904,0,74674,40311,0,0,0,0,0,0,0,0,0,0,0,1,2.0,0,0,111,125.9,12.7,20,29.9,0,64.0,,3565,0,3.3,7.3
95,full-cycle,13862,31,1451,0,0,0,1,0,61,2092,93,76,210992,6414.1,163705,19.2,19.2,264.0,72957,144.1,3.5,28.6,96.2,938,0,75415,40758,1482,7145,3822,117878,107,1485,56,0,0,0,1335,1,2.0,3,13,94,180.9,5.6,21,33.6,0,64.0,starved,3642,0,3.4,7.3
96,young,3639,34,9,1349,0,12,1,0,55,1809,90,302,215274,6533.3,36895,5.8,24.9,264.0,73860,146.0,3.5,28.8,97.6,968,0,76339,40855,0,0,0,0,0,0,0,0,0,0,0,0,4.0,0,0,109,174.0,3.7,21,31.9,0,64.0,,3656,0,3.4,7.4
97,young,3738,37,8,761,0,13,1,0,57,1861,94,934,217296,6603.7,37095,2.7,27.7,264.0,75221,147.4,3.6,29.2,98.3,968,0,77744,41875,0,0,0,0,0,0,0,0,0,0,0,0,4.0,0,0,109,157.6,3.7,21,31.9,0,64.0,,3686,0,3.5,7.6
98,young,4444,20,7,1440,0,13,1,0,52,1918,96,924,218647,6668.2,38610,2.9,30.6,264.0,76372,148.5,3.6,29.5,98.7,970,0,78947,42924,0,0,0,0,0,0,0,0,0,0,0,0,4.0,0,0,109,143.4,3.7,21,31.7,0,64.0,,3720,0,3.5,7.7
99,young,4622,32,8,1728,0,10,1,0,50,1660,94,1061,219891,6728.5,33355,2.4,33.0,264.0,76896,149.3,3.6,29.7,99.1,970,0,79524,43339,0,0,0,0,0,0,0,0,0,0,0,1,4.0,0,0,109,137.0,3.7,21,31.7,0,64.0,,3752,0,3.5,7.7
100,young,4730,292,7,1823,0,10,1,0,55,1358,96,1095,221597,6785.3,25131,1.8,34.8,264.0,77433,150.4,3.7,29.9,99.8,970,0,80108,43650,0,0,0,0,0,0,0,0,0,0,0,0,4.0,0,0,109,130.2,3.7,21,31.7,0,64.0,,3784,0,3.6,7.8
101,young,3520,102,7,1144,0,12,1,0,53,1141,102,992,223316,6841.4,23275,1.7,36.6,264.0,77959,151.3,3.7,30.1,100.4,970,0,80692,43982,0,0,0,0,0,0,0,0,0,0,0,0,4.0,0,0,109,123.3,3.7,21,31.7,0,64.0,,3817,0,3.6,7.8
102,full-cycle,9264,260,1563,0,0,0,1,0,63,1695,91,69,225536,6899.6,157829,17.4,17.4,274.0,78573,153.0,3.7,30.4,101.6,990,0,81406,44353,1823,4075,2153,120791,17,335,29,0,0,0,1159,0,0.0,6,12,93,178.9,11.2,26,46.0,0,64.0,starved,3904,0,3.6,7.9
103,young,2891,46,8,606,0,14,2,0,55,1870,97,214,228533,7036.9,36006,5.7,23.1,274.0,79117,154.3,3.8,30.6,102.5,1034,0,81953,44480,0,0,0,0,0,0,0,0,0,0,0,0,4.0,0,0,109,177.2,7.4,26,43.5,0,64.0,,3916,0,3.6,8.0
104,young,3493,38,8,942,0,17,1,1,60,1913,95,422,230843,7115.6,34289,2.6,25.8,274.0,80352,156.3,3.8,31.0,103.9,1036,0,83237,45388,0,0,0,0,0,0,0,0,0,0,0,0,4.0,0,0,109,160.5,7.4,26,43.3,0,64.0,,3947,0,3.7,8.1
105,young,3895,23,8,926,0,13,1,0,50,1950,96,849,231820,7155.4,38161,2.8,28.6,274.0,81592,157.4,3.8,31.4,104.4,1036,0,84533,46512,0,0,0,0,0,0,0,0,0,0,0,0,4.0,0,0,109,145.7,7.4,26,43.3,0,64.0,,3979,0,3.7,8.2
106,young,4165,26,10,809,0,12,1,0,56,2035,100,1143,233202,7215.2,39438,2.9,31.5,274.0,82336,158.5,4.1,31.6,104.8,1036,0,85327,47168,0,0,0,0,0,0,0,0,0,0,0,0,4.0,0,0,109,136.2,7.4,26,43.3,0,64.0,,4011,0,3.8,8.3
107,young,5862,28,8,2056,0,21,2,1,80,1811,99,1737,234505,7273.0,35746,2.7,34.2,274.0,82858,159.4,4.2,31.8,105.4,1038,0,85913,47542,0,0,0,0,0,0,0,0,0,0,0,0,4.0,0,0,109,128.8,7.4,26,43.2,0,64.0,,4045,0,3.8,8.3
108,young,4610,165,10,1607,0,10,1,0,51,1688,100,1029,236123,7330.9,32300,2.4,36.6,274.0,83390,160.3,4.2,32.0,106.0,1038,0,86498,47913,0,0,0,0,0,0,0,0,0,0,0,0,4.0,0,0,109,122.2,7.4,26,43.2,0,64.0,,4080,0,3.8,8.4
109,full-cycle,11393,23,1031,0,0,0,1,1,70,1296,93,77,237885,7397.8,162805,17.7,17.7,274.0,84055,161.6,4.2,32.3,106.7,1072,0,87243,48340,1054,6275,2779,128163,19,1279,98,0,0,0,1229,0,0.0,6,11,94,176.3,11.0,26,45.2,0,64.0,starved,4157,0,3.8,8.4
110,young,4185,35,9,1640,0,10,1,0,52,1952,93,435,242088,7545.9,36539,5.7,23.4,274.0,85519,163.6,4.2,32.6,107.9,1100,0,88709,48863,0,0,0,0,0,0,0,0,0,0,0,0,2.0,0,0,110,166.8,9.1,26,43.6,0,64.0,,4166,0,3.9,8.6
111,young,5577,24,7,2246,0,14,1,0,54,2109,94,1032,243350,7602.0,38849,2.9,26.3,274.0,86886,164.7,4.3,33.0,108.3,1102,0,90133,50025,0,0,0,0,0,0,0,0,0,0,0,0,2.0,0,0,110,147.7,9.1,26,43.5,0,64.0,,4197,0,4.0,8.7
112,young,5390,27,7,2017,0,11,1,1,58,2038,93,1176,244513,7648.8,38033,2.8,29.1,274.0,87424,165.9,4.3,33.2,109.2,1102,0,90723,50349,0,0,0,0,0,0,0,0,0,0,0,0,2.0,0,0,110,140.5,9.1,26,43.5,0,64.0,,4230,0,4.0,8.8
113,young,4669,31,8,1213,0,13,1,0,58,2146,100,1146,245916,7705.7,37487,2.8,31.9,274.0,87974,166.8,4.3,33.4,109.7,1102,0,91324,50725,0,0,0,0,0,0,0,0,0,0,0,1,2.0,0,0,110,133.0,9.1,26,43.5,0,64.0,,4262,0,4.0,8.8
114,young,4969,98,9,1728,0,10,1,0,50,1984,101,975,247717,7761.1,38859,3.0,34.9,274.0,88489,168.2,4.3,33.6,110.8,1106,0,91895,51045,0,0,0,0,0,0,0,0,0,0,0,1,2.0,0,0,110,126.2,9.1,26,43.2,0,64.0,,4297,0,4.1,8.9
115,young,4194,35,23,1417,0,10,1,0,49,1710,103,896,249671,7815.7,35289,3.2,38.2,274.0,88990,169.0,4.4,33.8,111.2,1120,0,92470,51457,0,0,0,0,0,0,0,0,0,0,0,0,2.0,0,0,110,118.3,9.1,26,42.4,0,64.0,,4341,0,4.1,8.9
116,full-cycle,11726,162,1081,0,0,0,1,0,68,1791,93,80,252163,7885.2,166751,18.8,18.8,274.0,89624,170.8,4.5,34.2,112.4,1149,0,93192,51792,1242,6470,2584,135722,61,567,77,0,0,0,1372,0,0.0,6,10,95,175.8,11.1,26,44.5,0,64.0,starved,4422,0,4.1,9.0
117,young,3284,58,8,610,0,16,1,0,65,2074,97,407,256180,8030.3,38270,5.5,24.3,274.0,90504,172.6,4.5,34.4,113.8,1175,0,94076,52079,0,0,0,0,0,0,0,0,0,0,0,0,2.0,0,0,110,169.8,9.2,26,43.0,0,64.0,,4431,0,4.1,9.1
118,young,5578,58,7,2370,0,14,1,0,56,1755,96,1229,258265,8083.1,32384,2.5,26.8,274.0,92007,174.7,4.5,34.8,115.2,1179,0,95644,53172,0,0,0,0,0,0,0,0,0,0,0,0,2.0,0,0,110,152.0,9.2,26,42.8,0,64.0,,4464,0,4.2,9.2
119,young,3965,28,8,554,0,13,1,1,54,2246,95,980,259866,8145.5,29339,2.2,29.1,274.0,93022,176.4,4.6,36.0,115.5,1179,0,96705,54136,0,0,0,0,0,0,0,0,0,0,0,0,2.0,0,0,110,141.8,9.2,26,42.8,0,64.0,,4496,0,4.3,9.3
120,young,4155,32,9,1140,0,10,1,0,49,1968,95,858,262004,8198.1,32173,2.4,31.5,274.0,93549,179.2,4.6,37.2,116.9,1181,0,97276,54494,0,0,0,0,0,0,0,0,0,0,0,0,2.0,0,0,110,135.0,9.2,26,42.6,0,64.0,,4528,0,4.3,9.4
121,young,4110,29,8,712,0,27,2,0,81,1743,99,1424,265194,8263.4,30041,2.4,33.8,274.0,94085,180.3,4.6,37.4,117.7,1183,0,97863,54819,0,0,0,0,0,0,0,0,0,0,0,0,2.0,0,0,110,128.1,9.2,26,42.5,0,64.0,,4562,0,4.3,9.5
122,young,4056,30,7,919,0,10,1,0,49,2124,102,872,268352,8327.3,38227,2.8,36.6,274.0,94631,181.2,4.6,37.6,118.2,1183,0,98450,55223,0,0,0,0,0,0,0,0,0,0,0,0,2.0,0,0,110,121.5,9.2,26,42.5,0,64.0,,4592,0,4.3,9.5
123,full-cycle,9548,28,1250,0,0,0,1,0,46,1421,90,53,270432,8392.0,153857,17.1,17.1,274.0,95251,182.5,4.6,37.9,119.0,1205,0,99155,55616,1279,4465,2685,126727,23,1033,98,0,0,0,1056,0,4.0,4,11,93,176.8,7.5,27,47.9,0,64.0,starved,4667,0,4.4,9.6
124,young,3032,29,11,317,0,14,2,0,65,2336,95,225,275798,8530.6,30304,5.1,22.2,274.0,95972,183.9,4.6,38.2,120.0,1241,0,99890,55925,0,0,0,0,0,0,0,0,0,0,0,1,6.0,0,0,107,174.4,5.6,27,45.8,0,64.0,,4680,0,4.4,9.6
125,young,3136,26,8,466,0,23,1,1,85,2067,97,401,277908,8606.5,38760,2.9,25.1,274.0,96759,184.7,4.7,38.4,120.4,1243,0,100726,56634,0,0,0,0,0,0,0,0,0,0,0,0,6.0,0,0,107,164.4,5.6,27,45.7,0,64.0,,4706,0,4.4,9.7
126,young,5195,290,8,1952,0,15,1,0,55,2009,95,772,280454,8658.4,38018,2.9,28.0,274.0,98420,186.2,4.7,38.9,121.1,1245,0,102439,58111,0,0,0,0,0,0,0,0,0,0,0,0,6.0,0,0,107,144.0,5.6,27,45.6,0,64.0,,4739,0,4.5,9.9
127,young,4129,200,16,838,0,17,1,0,58,1754,97,1155,282282,8713.7,27408,3.0,31.0,274.0,99199,187.8,4.8,39.1,122.2,1267,0,103282,58735,0,0,0,0,0,0,0,0,0,0,0,0,6.0,0,0,107,132.8,5.6,27,44.3,0,64.0,,4784,0,4.5,10.0
128,young,4307,23,9,1558,0,13,1,0,73,1642,96,936,284202,8760.4,24214,1.9,32.9,274.0,99787,189.3,4.8,39.4,123.3,1267,0,103919,59152,0,0,0,0,0,0,0,0,0,0,0,0,6.0,0,0,107,126.5,5.6,27,44.3,0,64.0,,4818,0,4.6,10.0
129,young,3616,46,9,495,0,9,1,0,54,1766,96,1169,285763,8829.8,38170,2.9,35.8,274.0,100330,190.1,4.8,39.5,123.9,1269,0,104500,59527,0,0,0,0,0,0,0,0,0,0,0,0,6.0,0,0,107,119.9,5.6,27,44.2,0,64.0,,4844,0,4.6,10.1
130,full-cycle,11629,20,1132,0,0,0,1,0,54,1205,90,59,287742,8899.3,163669,18.9,18.9,274.0,101011,191.6,4.8,39.8,124.8,1302,0,105275,59986,1152,6693,2216,143144,15,889,41,0,0,0,1534,0,6.0,6,13,88,166.6,11.2,27,45.9,0,64.0,starved,4923,0,4.6,10.2
131,young,3055,31,8,650,0,12,1,0,54,2048,91,191,290987,9016.5,37833,5.6,24.5,274.0,101671,193.2,4.9,40.1,126.0,1326,0,105933,60011,0,0,0,0,0,0,0,0,0,0,0,1,8.0,0,0,106,166.7,9.4,27,44.5,0,64.0,,4930,0,4.7,10.2
132,young,4008,163,10,942,0,13,2,0,49,1961,93,796,293799,9098.7,35928,2.9,27.4,274.0,102941,194.7,4.9,40.8,126.6,1332,0,107258,61132,0,0,0,0,0,0,0,0,0,0,0,0,8.0,0,0,106,150.2,9.4,27,44.2,0,64.0,,4964,0,4.7,10.4
133,young,4160,26,10,1382,0,10,1,0,49,1602,92,1032,294745,9144.6,34042,2.6,30.0,274.0,104211,195.8,4.9,41.1,127.1,1334,0,108583,62282,0,0,0,0,0,0,0,0,0,0,0,0,8.0,0,0,106,135.2,9.4,27,44.0,0,64.0,,5000,0,4.8,10.5
134,young,3959,27,6,839,0,13,1,0,53,1950,90,991,296572,9202.3,30652,2.3,32.3,274.0,104950,196.8,5.0,41.4,127.5,1336,0,109365,62893,0,0,0,0,0,0,0,0,0,0,0,0,8.0,0,0,106,125.9,9.4,27,43.9,0,64.0,,5029,0,4.8,10.6
135,young,4211,18,7,1468,0,14,2,1,58,1540,92,1046,297974,9255.3,29376,2.3,34.7,274.0,105469,198.1,5.0,41.9,128.3,1340,0,109941,63211,0,0,0,0,0,0,0,0,0,0,0,0,8.0,0,0,106,119.1,9.4,27,43.7,0,64.0,,5066,0,4.8,10.6
136,full-cycle,12202,115,1608,0,0,0,1,0,65,2232,94,71,299979,9321.1,164788,19.1,19.1,274.0,106178,199.6,5.0,42.2,129.0,1385,0,110753,63747,1723,5629,2907,119260,16,435,144,0,0,0,1907,0,2.0,5,10,94,174.9,9.1,27,46.3,0,64.0,starved,5168,0,4.9,10.7
137,young,3477,50,8,1309,0,10,1,0,47,1601,93,400,303714,9457.8,38396,6.0,25.0,274.0,107347,201.1,5.0,42.5,130.1,1425,0,111961,64175,0,0,0,0,0,0,0,0,0,0,0,0,4.0,0,0,108,165.9,7.2,27,43.9,0,64.0,,5189,0,4.9,10.8
138,young,5315,19,8,2282,0,12,1,0,56,1828,92,1040,305147,9516.3,35531,3.2,28.2,274.0,108958,202.2,5.1,42.9,130.4,1437,0,113623,65629,0,0,0,0,0,0,0,0,0,0,0,0,4.0,0,0,108,145.3,7.2,27,43.2,0,64.0,,5225,0,5.0,11.0
139,young,4040,36,7,892,0,15,1,0,56,2094,96,879,306435,9570.1,33188,2.7,30.9,274.0,109576,203.4,5.1,43.3,131.1,1443,0,114310,66052,0,0,0,0,0,0,0,0,0,0,0,0,4.0,0,0,108,136.8,7.2,27,42.9,0,64.0,,5274,0,5.0,11.0
140,young,4149,146,9,743,0,11,1,0,52,2180,96,943,307996,9621.1,34591,2.6,33.5,274.0,110116,204.4,5.1,43.5,131.7,1443,0,114913,66429,0,0,0,0,0,0,0,0,0,0,0,0,4.0,0,0,108,129.1,7.2,27,42.9,0,64.0,,5307,0,5.0,11.1
141,young,3906,90,8,985,0,11,1,0,49,1871,97,820,309938,9686.6,36969,2.7,36.2,274.0,110658,205.5,5.2,43.8,132.4,1443,0,115482,66779,0,0,0,0,0,0,0,0,0,0,0,0,4.0,0,0,108,121.3,7.2,27,42.9,0,64.0,,5335,0,5.1,11.1
142,full-cycle,11807,462,1169,0,0,0,2,0,140,1072,92,148,311498,9751.0,129784,16.1,16.1,274.0,111306,206.8,5.2,44.2,133.1,1457,0,116221,67262,1632,6031,2728,103707,54,1256,191,0,0,0,1357,0,0.0,4,11,95,182.5,7.1,27,47.2,0,64.0,starved,5412,0,5.1,11.2
143,young,1967,41,9,666,0,290,1,0,63,693,97,130,315874,9901.3,24806,4.8,20.9,274.0,112026,208.5,5.2,44.4,134.2,1501,0,116958,67511,0,0,0,0,0,0,0,0,0,0,0,0,0.0,0,0,110,173.3,7.1,27,44.6,0,64.0,,5425,0,5.1,11.3
144,young,4674,54,28,2588,0,12,1,0,53,1248,104,637,317163,9945.7,26567,2.0,22.9,274.0,113306,209.7,5.3,44.7,134.8,1501,0,118278,68592,0,0,0,0,0,0,0,0,0,0,0,0,0.0,0,0,110,156.1,7.1,27,44.6,0,64.0,,5454,0,5.2,11.4
145,young,4454,52,7,1723,0,17,1,0,55,1624,103,919,318524,10002.1,35003,2.7,25.6,274.0,114107,211.3,5.3,45.2,135.4,1503,0,119128,69227,0,0,0,0,0,0,0,0,0,0,0,0,0.0,0,0,110,147.8,7.1,27,44.5,0,64.0,,5487,0,5.2,11.5
146,young,5354,32,8,2461,0,16,1,1,55,1842,107,856,320264,10066.1,37860,2.8,28.4,274.0,114738,212.2,5.3,45.6,135.8,1503,0,119804,69775,0,0,0,0,0,0,0,0,0,0,0,0,0.0,0,0,110,139.6,7.1,27,44.5,0,64.0,,5520,0,5.3,11.5
147,young,3447,105,8,892,0,16,1,0,59,1230,107,1046,323022,10117.6,31121,2.2,30.6,274.0,115320,213.1,5.3,45.8,136.3,1503,0,120420,70208,0,0,0,0,0,0,0,0,0,0,0,0,0.0,0,0,110,132.0,7.1,27,44.5,0,64.0,,5552,0,5.3,11.6
148,young,4474,27,8,1970,0,13,1,0,59,1351,108,972,324392,10164.7,26572,3.5,34.1,274.0,115828,214.3,5.4,46.0,137.0,1533,0,121009,70521,0,0,0,0,0,0,0,0,0,0,0,0,0.0,0,0,110,123.6,7.1,27,42.8,0,64.0,,5601,0,5.3,11.6
149,full-cycle,10962,30,1493,0,0,0,1,1,63,1498,103,74,326648,10234.2,160712,19.0,19.0,276.0,116697,216.8,5.7,47.1,138.0,1556,0,121985,71081,1523,5939,2310,130686,22,508,200,0,0,0,1130,0,0.0,1,11,99,186.8,2.0,27,46.2,0,64.0,starved,5681,0,5.3,11.7
150,young,3271,153,10,808,0,14,1,0,52,1651,107,527,330663,10382.6,37928,5.4,24.3,276.0,117901,218.1,5.8,47.4,138.8,1587,0,123183,71673,0,0,0,0,0,0,0,0,0,0,0,0,2.0,0,0,110,174.7,0.0,27,44.4,0,64.0,,5695,0,5.4,11.8
151,young,4490,25,9,1976,0,13,1,0,47,1648,105,720,331910,10427.5,38354,3.0,27.3,276.0,119085,219.2,5.8,47.7,139.3,1591,0,124425,72636,0,0,0,0,0,0,0,0,0,0,0,0,2.0,0,0,110,158.5,0.0,27,44.2,0,64.0,,5728,0,5.5,12.0
152,young,3779,178,8,1195,0,16,1,1,54,1363,104,879,333275,10483.0,31177,2.4,29.8,276.0,119675,221.0,6.5,48.0,140.0,1595,0,125062,72977,0,0,0,0,0,0,0,0,0,0,0,0,2.0,0,0,110,149.3,0.0,27,44.0,0,64.0,,5762,0,5.5,12.0
153,young,2884,34,6,599,0,27,1,0,61,1100,105,1001,334759,10538.5,27942,2.1,31.9,276.0,120282,222.0,6.5,48.2,140.8,1595,0,125708,73360,0,0,0,0,0,0,0,0,0,0,0,0,2.0,0,0,110,141.4,0.0,27,44.0,0,64.0,,5795,0,5.5,12.1
154,young,3558,109,7,1066,0,21,1,1,56,1306,107,917,336235,10604.3,37721,2.8,34.6,276.0,120815,223.0,6.5,48.3,141.4,1595,0,126291,73710,0,0,0,0,0,0,0,0,0,0,0,0,2.0,0,0,110,134.0,0.0,27,44.0,0,64.0,,5826,0,5.5,12.1
155,young,4319,33,9,1434,0,17,1,0,54,1784,108,933,337678,10663.5,36378,2.7,37.3,276.0,121392,223.9,6.5,48.6,141.9,1595,0,126918,74100,0,0,0,0,0,0,0,0,0,0,0,0,2.0,0,0,110,126.3,0.0,27,44.0,0,64.0,,5859,0,5.6,12.2
156,young,3262,28,9,621,0,32,1,0,62,1649,109,821,339166,10725.8,36167,2.6,40.0,276.0,121950,225.0,6.6,48.8,142.7,1595,0,127514,74401,0,0,0,0,0,0,0,0,0,0,0,0,2.0,0,0,110,119.3,0.0,27,44.0,0,64.0,,5890,0,5.6,12.3
157,full-cycle,11385,51,1494,0,0,0,1,0,55,1437,103,60,340873,10792.1,165651,18.3,18.3,280.0,122966,228.1,7.8,49.6,143.5,1614,0,128635,75175,1546,6060,2597,138556,47,1001,44,0,0,0,1137,0,0.0,3,11,99,185.5,5.9,27,47.6,0,64.0,starved,5963,0,5.6,12.4
158,young,2750,26,6,529,0,16,1,0,56,1818,108,233,344830,10928.6,32869,5.0,23.3,280.0,123831,229.7,7.8,50.1,144.5,1649,0,129501,75534,0,0,0,0,0,0,0,0,0,0,0,0,4.0,0,0,111,178.7,1.9,27,45.6,0,64.0,,5974,0,5.7,12.4
159,young,4377,95,9,1972,0,15,1,0,53,1477,106,692,347525,11000.4,30210,2.4,25.7,280.0,125518,231.6,7.9,50.6,145.5,1651,0,131235,76964,0,0,0,0,0,0,0,0,0,0,0,1,4.0,0,0,111,159.0,1.9,27,45.5,0,64.0,,6007,0,5.7,12.6
160,young,4125,34,8,1458,0,16,1,0,56,1756,106,751,348521,11046.8,38501,2.8,28.5,280.0,126462,232.5,7.9,50.9,145.9,1651,0,132218,77793,0,0,0,0,0,0,0,0,0,0,0,0,4.0,0,0,111,144.8,1.9,27,45.5,0,64.0,,6039,0,5.8,12.7
161,young,4059,22,8,1047,0,16,1,1,59,1908,105,941,349877,11097.2,38861,3.3,31.9,280.0,127133,233.4,7.9,51.2,146.4,1661,0,132937,78333,0,0,0,0,0,0,0,0,0,0,0,0,4.0,0,0,111,135.8,1.9,27,44.9,0,64.0,,6075,0,5.8,12.8
162,young,3533,24,8,460,0,20,1,0,55,1791,105,1129,351525,11165.8,38306,2.9,34.8,280.0,127703,234.2,7.9,51.4,146.8,1663,0,133549,78791,0,0,0,0,0,0,0,0,0,0,0,0,4.0,0,0,111,127.7,1.9,27,44.8,0,64.0,,6103,0,5.8,12.8
163,young,4137,26,7,1298,0,15,1,1,65,1556,109,1071,352721,11219.4,33412,2.8,37.6,280.0,128250,234.9,8.0,51.6,147.3,1671,0,134164,79245,0,0,0,0,0,0,0,0,0,0,0,0,4.0,0,0,111,119.4,1.9,27,44.3,0,64.0,,6142,0,5.9,12.9
164,full-cycle,8601,22,698,0,0,0,1,1,65,1909,102,76,354938,11284.6,147155,17.4,17.4,282.0,128938,239.5,9.3,53.5,148.4,1681,0,134982,79684,720,3420,3308,108017,19,1166,132,0,0,0,1069,0,0.0,2,15,96,188.7,3.4,28,49.6,0,64.0,starved,6249,0,5.9,12.9
165,young,3577,88,10,1963,0,12,1,1,49,1110,106,307,359630,11438.2,22101,4.8,22.2,282.0,130204,241.1,9.4,53.9,149.4,1735,0,136246,80094,0,0,0,0,0,0,0,0,0,0,0,0,0.0,0,0,113,179.0,3.4,28,46.4,0,64.0,,6255,0,6.0,13.1
166,young,3724,20,8,1103,0,17,1,0,55,1673,106,795,361198,11492.1,35805,3.2,25.4,282.0,131513,242.3,9.4,54.2,150.0,1747,0,137611,81246,0,0,0,0,0,0,0,0,0,0,0,0,0.0,0,0,113,160.2,3.4,28,45.7,0,64.0,,6291,0,6.0,13.2
167,young,3370,18,8,541,0,12,2,0,52,1706,105,980,362601,11541.9,34838,2.8,28.1,282.0,132117,243.6,9.4,54.5,150.8,1751,0,138275,81621,0,0,0,0,0,0,0,0,0,0,0,0,0.0,0,0,113,152.5,3.4,28,45.5,0,64.0,,6336,0,6.0,13.3
168,young,4060,17,7,1350,0,16,1,0,52,1684,107,887,364257,11597.3,36161,2.8,30.9,282.0,132664,244.6,9.5,54.7,151.4,1753,0,138883,82026,0,0,0,0,0,0,0,0,0,0,0,0,0.0,0,0,113,145.9,3.4,28,45.3,0,64.0,,6373,0,6.1,13.3
169,young,4139,24,10,1208,0,27,1,0,54,1779,108,974,366476,11656.6,38301,2.8,33.7,282.0,133203,245.8,9.5,54.9,152.3,1753,0,139473,82397,0,0,0,0,0,0,0,0,0,0,0,0,0.0,0,0,113,138.1,3.4,28,45.3,0,64.0,,6402,0,6.1,13.4
170,young,3730,55,10,684,0,16,1,0,57,1762,107,1084,368010,11717.6,38198,2.8,36.5,282.0,133985,246.6,9.5,55.1,152.8,1753,0,140303,83053,0,0,0,0,0,0,0,0,0,0,0,0,0.0,0,0,113,127.7,3.4,28,45.3,0,64.0,,6436,0,6.1,13.5
171,full-cycle,12256,19,658,0,0,0,1,0,67,1268,105,87,370802,11776.4,162664,18.8,18.8,282.0,135046,248.8,9.5,56.1,153.7,1795,0,141472,83858,676,6893,2479,138739,165,876,73,0,0,0,2123,0,0.0,0,14,99,188.6,0.0,28,47.5,0,64.0,starved,6522,0,6.2,13.6
172,young,3358,155,7,910,0,19,1,1,57,1748,105,357,376762,11910.8,35455,5.5,24.4,282.0,135999,254.4,9.6,57.1,158.0,1815,0,142420,84064,0,0,0,0,0,0,0,0,0,0,0,0,0.0,0,0,113,182.6,0.0,28,46.3,0,64.0,,6526,0,6.2,13.7
173,young,3123,21,7,715,0,17,1,0,54,1448,101,792,378557,11978.8,31674,2.4,26.8,282.0,137822,255.7,9.6,57.5,158.6,1817,0,144297,85664,0,0,0,0,0,0,0,0,0,0,0,0,0.0,0,0,113,158.9,0.0,28,46.2,0,64.0,,6560,0,6.3,13.8
174,young,3872,23,9,1160,0,16,2,0,57,1503,104,1028,380284,12031.6,35516,3.5,30.3,282.0,138631,257.1,9.7,57.8,159.4,1835,0,145181,86350,0,0,0,0,0,0,0,0,0,0,0,1,0.0,0,0,113,148.5,0.0,28,45.1,0,64.0,,6603,0,6.3,13.9
175,young,3841,30,8,918,0,17,1,1,53,1784,106,967,381981,12090.4,37742,2.8,33.1,282.0,139254,258.0,9.7,58.1,160.0,1835,0,145863,86849,0,0,0,0,0,0,0,0,0,0,0,0,0.0,0,0,113,138.5,0.0,28,45.1,0,64.0,,6640,0,6.4,14.0
176,young,3478,35,8,1122,0,17,2,1,59,1342,110,825,382996,12138.4,27271,1.9,35.0,282.0,139825,258.7,9.7,58.2,160.4,1835,0,146476,87287,0,0,0,0,0,0,0,0,0,0,0,0,0.0,0,0,113,130.8,0.0,28,45.1,0,64.0,,6673,0,6.4,14.0
177,young,3052,46,9,645,0,14,1,0,55,1351,108,900,385347,12202.3,26123,2.0,37.0,282.0,140371,260.7,9.8,58.5,162.0,1835,0,147076,87578,0,0,0,0,0,0,0,0,0,0,0,0,0.0,0,0,113,125.1,0.0,28,45.1,0,64.0,,6704,0,6.4,14.1
178,full-cycle,10147,43,938,0,0,0,1,0,62,1985,108,68,386993,12269.1,162355,18.5,18.5,286.0,141067,262.2,9.8,58.8,162.9,1865,0,147864,87992,982,5273,2472,124163,15,347,51,0,0,0,1347,0,2.0,2,9,103,190.5,3.7,28,48.5,0,64.0,starved,6801,0,6.5,14.2
179,young,3116,42,16,567,0,18,1,0,57,2012,109,364,392478,12410.4,38841,5.5,24.0,286.0,142379,264.0,9.8,59.2,164.1,1891,0,149201,88371,0,0,0,0,0,0,0,0,0,0,0,0,4.0,0,0,113,177.6,1.9,28,46.9,0,64.0,,6816,0,6.5,14.3
180,young,4508,21,8,1849,0,12,1,0,49,1618,103,885,394218,12478.7,36134,2.9,27.0,286.0,143787,265.0,9.9,59.5,164.5,1897,0,150653,89433,0,0,0,0,0,0,0,0,0,0,0,0,4.0,0,0,113,158.8,1.9,28,46.6,0,64.0,,6845,0,6.6,14.5
181,young,3076,88,9,527,0,14,1,0,54,1446,106,864,395326,12525.5,30741,2.5,29.5,286.0,144481,266.1,9.9,59.9,165.1,1903,0,151409,89984,0,0,0,0,0,0,0,0,0,0,0,0,4.0,0,0,113,147.1,1.9,28,46.2,0,64.0,,6883,0,6.6,14.5
182,young,3193,28,7,827,0,19,1,0,59,1437,108,765,397334,12578.0,28023,2.5,31.9,286.0,145089,267.2,9.9,60.1,165.7,1911,0,152084,90389,0,0,0,0,0,0,0,0,0,0,0,0,4.0,0,0,113,139.3,1.9,28,45.8,0,64.0,,6925,0,6.6,14.6
183,young,3894,17,8,1040,0,17,1,1,56,1715,109,996,398647,12633.9,34408,2.6,34.5,286.0,145650,268.1,9.9,60.3,166.4,1911,0,152696,90783,0,0,0,0,0,0,0,0,0,0,0,0,4.0,0,0,113,132.1,1.9,28,45.8,0,64.0,,6955,0,6.7,14.6
184,young,3133,49,9,564,0,21,1,0,59,1500,108,864,400413,12697.7,32273,2.3,36.8,286.0,146207,269.2,9.9,60.5,167.1,1911,0,153305,91161,0,0,0,0,0,0,0,0,0,0,0,0,4.0,0,0,113,124.5,1.9,28,45.8,0,64.0,,6988,0,6.7,14.7
185,young,3260,106,10,923,0,13,1,0,54,1393,106,685,401942,12756.9,27944,2.1,38.9,286.0,146742,270.5,10.0,60.7,168.1,1911,0,153887,91427,0,0,0,0,0,0,0,0,0,0,0,0,4.0,0,0,113,118.2,1.9,28,45.8,0,64.0,,7019,0,6.7,14.7
186,full-cycle,14884,282,821,0,0,0,1,0,62,1754,104,77,404167,12829.9,175340,19.3,19.3,298.0,147583,272.6,10.3,61.3,169.0,1959,0,154827,91972,1103,7327,2592,139215,32,678,43,0,0,0,3794,1,2.0,5,12,98,183.5,9.1,33,57.5,0,64.0,starved,7106,0,6.8,14.8
187,young,3386,42,8,1238,0,22,2,0,61,1613,107,313,410654,12986.5,28257,5.2,24.5,298.0,148889,275.6,10.3,61.7,171.2,1977,0,156137,92282,0,0,0,0,0,0,0,0,0,0,0,0,4.0,0,0,114,173.6,7.2,33,56.5,0,64.0,,7112,0,6.8,15.0
188,young,3758,26,8,1846,0,15,1,0,57,1064,109,690,412164,13035.3,20728,1.6,26.0,298.0,150395,276.7,10.4,62.1,171.7,1977,0,157697,93554,0,0,0,0,0,0,0,0,0,0,0,0,4.0,0,0,114,151.6,7.2,33,56.5,0,64.0,,7144,0,6.9,15.1
189,young,4506,26,9,2055,0,12,1,0,53,1465,109,828,413089,13075.4,32281,2.4,28.5,298.0,151165,277.7,10.4,62.3,172.3,1977,0,158523,94143,0,0,0,0,0,0,0,0,0,0,0,0,4.0,0,0,114,140.4,7.2,33,56.5,0,64.0,,7172,0,6.9,15.2
190,young,3859,26,7,1085,0,15,1,0,56,1760,112,850,414793,13136.6,38344,2.8,31.3,298.0,151759,280.0,10.4,63.7,173.0,1977,0,159165,94601,0,0,0,0,0,0,0,0,0,0,0,0,4.0,0,0,114,133.1,7.2,33,56.5,0,64.0,,7201,0,6.9,15.3
191,young,3618,20,8,1080,0,12,1,0,50,1533,112,869,416515,13191.5,35155,2.7,34.0,298.0,152323,281.4,10.4,63.9,174.1,1981,0,159782,94960,0,0,0,0,0,0,0,0,0,0,0,0,4.0,0,0,114,124.6,7.2,33,56.2,0,64.0,,7237,0,7.0,15.3
192,young,3206,54,7,954,0,15,1,0,54,1103,112,932,418334,13253.4,27201,2.1,36.1,298.0,152882,282.6,10.4,64.1,174.9,1983,0,160395,95287,0,0,0,0,0,0,0,0,0,0,0,0,4.0,0,0,114,117.4,7.2,33,56.1,0,64.0,,7272,0,7.0,15.4
193,full-cycle,10733,26,1423,0,0,0,1,0,59,1228,108,65,420102,13318.9,165448,18.6,18.6,298.0,153578,284.0,10.5,64.4,175.8,2021,0,161192,95717,1449,6151,1916,139698,21,427,167,0,0,0,1150,0,8.0,2,12,102,195.6,3.7,29,50.6,0,64.0,starved,7357,0,7.0,15.5
194,young,3129,191,8,688,0,19,3,1,55,1826,110,260,424373,13464.9,37068,5.9,24.5,298.0,154467,285.7,10.5,64.7,177.0,2057,0,162106,96027,0,0,0,0,0,0,0,0,0,0,0,0,10.0,0,0,115,186.8,1.9,29,48.5,0,64.0,,7374,0,7.1,15.5
195,young,3539,32,9,1265,0,13,1,0,51,1603,109,500,425645,13514.3,36677,3.5,27.9,298.0,155464,286.8,10.6,65.0,177.7,2073,0,163144,96808,0,0,0,0,0,0,0,0,0,0,0,0,10.0,0,0,115,170.2,1.9,29,47.6,0,64.0,,7410,0,7.1,15.6
196,young,4445,30,27,1921,0,16,1,1,57,1538,110,746,427508,13581.5,33277,2.5,30.4,298.0,156670,288.0,10.6,65.3,178.4,2075,0,164407,97860,0,0,0,0,0,0,0,0,0,0,0,0,10.0,0,0,115,153.4,1.9,29,47.5,0,64.0,,7447,0,7.2,15.8
197,young,4042,42,7,1724,0,13,1,0,54,1404,111,736,428518,13625.4,32191,2.5,32.9,298.0,157620,289.1,10.6,65.6,178.9,2077,0,165425,98673,0,0,0,0,0,0,0,0,0,0,0,0,10.0,0,0,115,139.5,1.9,29,47.4,0,64.0,,7488,0,7.2,15.9
198,young,3379,34,9,422,0,18,2,0,68,1713,111,1053,429980,13677.9,37889,2.8,35.7,298.0,158184,290.3,10.6,65.8,179.8,2077,0,166058,99023,0,0,0,0,0,0,0,0,0,0,0,0,10.0,0,0,115,130.7,1.9,29,47.4,0,64.0,,7529,0,7.2,15.9
199,young,3374,25,9,439,0,17,1,1,52,1781,111,996,431536,13741.6,38130,2.9,38.6,298.0,158785,291.3,10.7,66.0,180.5,2079,0,166706,99484,0,0,0,0,0,0,0,0,0,0,0,0,10.0,0,0,115,121.8,1.9,29,47.2,0,64.0,,7569,0,7.3,16.0
200,young,4394,170,9,1131,0,15,1,0,62,1920,111,1026,432737,13798.2,37513,2.8,41.4,298.0,159343,292.3,10.7,66.2,181.0,2079,0,167328,99867,0,0,0,0,0,0,0,0,0,0,0,0,10.0,0,0,115,115.3,1.9,29,47.2,0,64.0,,7602,0,7.3,16.0
201,full-cycle,11766,43,1283,0,0,0,1,1,75,1463,109,82,435937,13864.6,167560,19.1,19.1,298.0,160053,293.9,10.8,66.6,181.8,2110,0,168112,100344,1325,5812,3053,132909,130,1324,46,0,0,0,1507,0,0.0,6,13,101,195.1,11.0,29,50.1,0,64.0,starved,7681,0,7.3,16.1
202,young,3442,55,8,1252,0,15,1,1,58,1611,109,397,441252,14018.8,36220,5.5,24.6,298.0,161218,296.1,10.8,66.9,183.4,2138,0,169294,100721,0,0,0,0,0,0,0,0,0,0,0,0,0.0,0,0,120,184.5,11.0,29,48.5,0,64.0,,7687,0,7.4,16.2
203,young,4319,246,7,1582,0,14,1,0,61,1685,115,648,442950,14072.6,33308,2.5,27.1,298.0,162598,297.4,10.8,67.3,184.2,2138,0,170723,101801,0,0,0,0,0,0,0,0,0,0,0,0,0.0,0,0,120,166.1,11.0,29,48.5,0,64.0,,7717,0,7.5,16.4
204,young,4110,18,8,1154,0,15,1,0,52,1821,117,1004,444612,14122.8,34964,4.0,31.1,298.0,163483,298.3,10.9,67.5,184.6,2168,0,171695,102599,0,0,0,0,0,0,0,0,0,0,0,0,0.0,0,0,120,152.8,11.0,29,46.7,0,64.0,,7769,0,7.5,16.5
205,young,4267,90,9,964,1,28,1,0,80,1701,116,1307,446257,14184.5,36719,2.9,34.0,298.0,164086,299.1,10.9,67.7,185.0,2172,0,172347,103115,0,0,0,0,0,0,0,0,0,0,0,0,0.0,0,0,120,143.1,11.0,29,46.5,0,64.0,,7799,0,7.5,16.5
206,young,4220,26,10,960,0,14,1,0,62,1883,115,1185,447759,14240.5,38736,2.8,36.8,298.0,164626,300.3,10.9,68.1,185.8,2172,0,172943,103502,0,0,0,0,0,0,0,0,0,0,0,0,0.0,0,0,120,137.0,11.0,29,46.5,0,64.0,,7835,0,7.5,16.6
207,young,4123,20,8,878,0,13,1,0,58,2036,116,1034,449610,14299.6,39256,2.9,39.7,298.0,165193,301.4,10.9,68.4,186.4,2172,0,173572,103922,0,0,0,0,0,0,0,0,0,0,0,1,0.0,0,0,120,129.2,11.0,29,46.5,0,64.0,,7871,0,7.6,16.6
208,young,4818,23,10,586,0,25,1,0,78,2227,117,1802,451185,14356.0,38193,2.9,42.6,298.0,165790,302.2,11.0,68.7,186.7,2174,0,174232,104449,0,0,0,0,0,0,0,0,0,0,0,0,0.0,0,0,120,120.3,11.0,29,46.4,0,64.0,,7916,0,7.6,16.7
209,full-cycle,9857,61,1164,0,0,0,1,0,61,1270,107,67,453159,14419.0,159206,19.1,19.1,298.0,166425,303.0,11.0,68.9,187.1,2174,0,174916,105022,1225,5820,1849,134040,13,463,29,0,0,0,958,0,2.0,0,0,120,214.8,0.0,28,49.2,0,64.0,starved,7983,0,7.6,16.8
210,young,4144,48,10,1896,0,19,1,0,73,1630,112,402,458273,14613.9,36124,6.5,25.6,298.0,167573,304.0,11.0,69.3,187.4,2254,0,176135,105819,0,0,0,0,0,0,0,0,0,0,0,0,2.0,0,0,120,196.7,0.0,28,44.6,0,64.0,,8028,0,7.7,16.9
211,young,4410,31,9,2123,0,18,1,0,58,1151,104,958,459492,14657.7,26742,2.0,27.6,298.0,168743,305.0,11.1,69.6,187.8,2256,0,177356,106802,0,0,0,0,0,0,0,0,0,0,0,1,2.0,0,0,120,178.6,0.0,28,44.4,0,64.0,,8059,0,7.7,17.0
212,young,4660,45,9,1979,0,17,1,0,59,1474,106,1021,461035,14712.9,26568,2.3,29.9,298.0,169966,305.9,11.1,70.1,188.1,2262,0,178631,107988,0,0,0,0,0,0,0,0,0,0,0,0,2.0,0,0,120,164.4,0.0,28,44.1,0,64.0,,8092,0,7.8,17.1
213,young,3724,37,10,889,0,19,1,0,61,1502,107,1113,463296,14762.3,30078,2.2,32.1,298.0,170524,307.2,11.1,70.5,188.7,2262,0,179224,108372,0,0,0,0,0,0,0,0,0,0,0,0,2.0,0,0,120,157.4,0.0,28,44.1,0,64.0,,8123,0,7.8,17.2
214,young,4150,32,8,1554,0,20,1,1,57,1551,110,856,465643,14814.9,32227,2.4,34.5,298.0,171106,308.4,11.1,71.0,189.2,2262,0,179847,108791,0,0,0,0,0,0,0,0,0,0,0,0,2.0,0,0,120,150.4,0.0,28,44.1,0,64.0,,8154,0,7.8,17.2
215,young,4930,20,6,2078,0,22,2,0,64,1747,109,939,467688,14884.8,35505,2.6,37.1,298.0,171655,309.3,11.2,71.1,189.7,2262,0,180437,109192,0,0,0,0,0,0,0,0,0,0,0,0,2.0,0,0,120,143.4,0.0,28,44.1,0,64.0,,8183,0,7.9,17.3
216,young,4457,88,8,1240,0,16,1,0,68,1803,110,1146,469161,14943.8,36896,2.7,39.8,298.0,172200,310.6,11.2,71.5,190.5,2262,0,181024,109552,0,0,0,0,0,0,0,0,0,0,0,0,2.0,0,0,120,136.6,0.0,28,44.1,0,64.0,,8216,0,7.9,17.3
217,young,4420,96,8,1714,0,12,1,0,54,1585,115,897,472050,15004.7,36606,2.7,42.5,298.0,172756,311.5,11.2,71.7,191.0,2262,0,181640,109968,0,0,0,0,0,0,0,0,0,0,0,0,2.0,0,0,120,129.4,0.0,28,44.1,0,64.0,,8252,0,7.9,17.4
218,young,3194,25,7,284,0,18,2,0,63,1759,114,1008,473802,15065.6,35069,2.6,45.1,298.0,173301,312.5,11.2,71.9,191.7,2262,0,182221,110345,0,0,0,0,0,0,0,0,0,0,0,0,2.0,0,0,120,122.9,0.0,28,44.1,0,64.0,,8279,0,7.9,17.5
219,full-cycle,11450,29,1479,0,0,0,1,0,60,1586,106,66,475636,15131.2,153776,18.0,18.0,298.0,173999,314.3,11.3,72.6,192.5,2284,0,183035,110830,1508,5782,2786,116991,159,874,90,0,0,0,1269,0,0.0,5,14,102,197.4,9.1,28,48.7,0,64.0,starved,8377,0,8.0,17.5
220,young,2378,18,8,700,0,18,1,0,62,1131,108,377,480135,15272.8,25042,5.4,23.4,298.0,175031,316.2,11.3,73.0,193.9,2336,0,184078,111270,0,0,0,0,0,0,0,0,0,0,0,0,2.0,0,0,120,192.1,7.2,28,45.7,0,64.0,,8385,0,8.0,17.6
221,young,4984,21,6,2414,0,17,1,0,55,1720,109,673,481930,15341.5,31230,2.4,25.8,298.0,176817,317.2,11.4,73.4,194.1,2338,0,185912,113044,0,0,0,0,0,0,0,0,0,0,0,0,2.0,0,0,120,167.5,7.2,28,45.6,0,64.0,,8417,0,8.1,17.8
222,young,2993,19,8,615,0,12,1,0,46,1390,107,852,482924,15387.1,32410,2.4,28.2,298.0,177641,318.1,11.4,73.8,194.4,2338,0,186785,113804,0,0,0,0,0,0,0,0,0,0,0,0,2.0,0,0,120,158.0,7.2,28,45.6,0,64.0,,8448,0,8.1,17.9
223,young,3689,28,9,545,0,20,1,0,59,1873,109,1122,484137,15445.6,38588,2.8,31.0,298.0,178180,318.9,11.4,74.1,194.8,2338,0,187365,114239,0,0,0,0,0,0,0,0,0,0,0,0,2.0,0,0,120,150.4,7.2,28,45.6,0,64.0,,8481,0,8.2,18.0
224,young,4397,69,9,1589,0,19,1,0,59,1644,112,944,485670,15510.1,36809,2.7,33.7,298.0,178723,319.9,11.4,74.3,195.5,2338,0,187970,114597,0,0,0,0,0,0,0,0,0,0,0,0,2.0,0,0,120,142.9,7.2,28,45.6,0,64.0,,8516,0,8.2,18.0
225,young,3964,140,11,1120,0,24,1,0,75,1134,111,1356,488863,15564.8,26681,2.4,36.1,298.0,179250,321.3,11.5,74.4,196.5,2348,0,188583,114925,0,0,0,0,0,0,0,0,0,0,0,0,2.0,0,0,120,134.7,7.2,28,45.0,0,64.0,,8561,0,8.2,18.1
226,young,3436,39,9,1033,0,29,1,1,75,805,113,1296,491291,15620.6,19480,1.5,37.7,298.0,179789,323.4,11.7,74.6,198.1,2350,0,189176,115286,0,0,0,0,0,0,0,0,0,0,0,0,2.0,0,0,120,128.1,7.2,28,44.9,0,64.0,,8604,0,8.2,18.1
227,young,3491,91,11,1041,0,14,1,0,60,1382,115,850,492630,15679.7,26381,2.3,39.9,298.0,180276,324.6,11.7,74.8,198.9,2356,0,189762,115622,0,0,0,0,0,0,0,0,0,0,0,0,2.0,0,0,120,120.7,7.2,28,44.5,0,64.0,,8655,0,8.3,18.2
228,full-cycle,12565,23,1072,0,0,0,1,0,60,1066,107,74,494756,15746.9,160685,19.2,19.2,300.0,181051,326.4,11.8,75.6,199.7,2384,0,190625,116147,1095,6302,2854,136271,23,1567,114,0,0,0,2257,0,4.0,4,12,104,199.7,7.2,28,47.5,0,64.0,starved,8736,0,8.3,18.2
229,young,2256,20,7,662,0,19,1,0,68,1193,110,233,500890,15903.7,26452,4.6,23.8,300.0,182101,328.0,11.8,75.9,200.9,2410,0,191692,116485,0,0,0,0,0,0,0,0,0,0,0,0,4.0,0,0,120,190.0,7.2,28,46.0,0,64.0,,8747,0,8.3,18.3
230,young,4084,44,8,1658,0,14,1,0,53,1606,110,637,502585,15971.4,36446,2.9,26.7,300.0,183245,329.5,11.8,76.3,201.7,2414,0,192878,117318,0,0,0,0,0,0,0,0,0,0,0,0,4.0,0,0,120,174.3,7.2,28,45.8,0,64.0,,8778,0,8.4,18.5
231,young,4542,161,13,1074,0,25,2,0,81,1758,111,1357,503661,16013.7,34542,2.8,29.4,300.0,184062,330.9,11.9,76.5,202.7,2418,0,193736,117881,0,0,0,0,0,0,0,0,0,0,0,0,4.0,0,0,120,162.9,7.2,28,45.5,0,64.0,,8813,0,8.4,18.5
232,young,3910,26,10,992,0,20,1,0,69,1881,110,860,505089,16071.3,37622,2.8,32.2,300.0,184585,332.1,11.9,76.7,203.6,2418,0,194307,118139,0,0,0,0,0,0,0,0,0,0,0,0,4.0,0,0,120,155.7,7.2,28,45.5,0,64.0,,8843,0,8.4,18.6
233,young,4148,37,10,1610,0,20,1,1,63,1398,112,938,506567,16132.1,34387,2.5,34.7,300.0,185168,333.4,11.9,77.1,204.4,2418,0,194938,118459,0,0,0,0,0,0,0,0,0,0,0,0,4.0,0,0,120,147.7,7.2,28,45.5,0,64.0,,8873,0,8.5,18.7
234,young,3491,34,12,601,0,20,1,0,66,1670,112,1040,508603,16186.1,32260,2.9,37.6,300.0,185707,336.9,11.9,79.5,205.3,2428,0,195560,118791,0,0,0,0,0,0,0,0,0,0,0,0,4.0,0,0,120,141.0,7.2,28,44.9,0,64.0,,8916,0,8.5,18.7
235,young,4046,69,9,1347,0,13,1,0,52,1352,111,1106,510009,16243.1,30422,2.6,40.3,300.0,186293,338.0,12.0,79.7,206.1,2438,0,196197,119130,0,0,0,0,0,0,0,0,0,0,0,0,4.0,0,0,120,132.2,7.2,28,44.4,0,64.0,,8952,0,8.5,18.8
236,young,4045,57,9,1650,0,14,2,0,66,1128,113,1020,511985,16302.7,22776,1.7,42.0,300.0,186829,339.5,12.0,80.0,207.1,2438,0,196799,119446,0,0,0,0,0,0,0,0,0,0,0,0,4.0,0,0,120,125.4,7.2,28,44.4,0,64.0,,8999,0,8.5,18.8
237,young,2934,53,9,610,0,11,1,0,48,1303,117,817,513949,16366.3,30869,2.3,44.3,300.0,187352,340.6,12.0,80.2,207.8,2438,0,197396,119777,0,0,0,0,0,0,0,0,0,0,0,0,4.0,0,0,120,118.4,7.2,28,44.4,0,64.0,,9039,0,8.6,18.9
238,full-cycle,12949,29,1057,0,0,0,2,0,78,1699,113,86,515388,16428.5,160304,18.7,18.7,300.0,188155,342.3,12.0,80.8,208.7,2459,0,198290,120310,1086,6690,3992,127970,99,1991,110,0,0,0,1102,0,2.0,4,9,109,204.8,7.5,27,46.5,0,64.0,starved,9120,0,8.6,18.9
239,young,3906,32,8,1592,0,17,1,0,98,1553,113,492,520313,16571.4,33164,5.8,24.5,300.0,189295,344.5,12.3,81.3,210.1,2507,0,199449,120801,0,0,0,0,0,0,0,0,0,0,0,0,4.0,0,0,121,193.2,5.6,27,43.7,0,64.0,,9143,0,8.7,19.1
240,young,4850,320,9,1801,0,19,1,1,66,1658,115,893,522905,16659.2,32708,2.4,26.9,300.0,190578,346.1,12.3,81.7,211.0,2507,0,200780,121993,0,0,0,0,0,0,0,0,0,0,0,0,4.0,0,0,121,174.6,5.6,27,43.7,0,64.0,,9172,0,8.7,19.2
241,young,4062,26,10,1909,0,10,1,0,51,1209,113,776,524098,16702.0,25972,1.9,28.8,300.0,191640,347.5,12.4,82.0,211.9,2507,0,201897,122931,0,0,0,0,0,0,0,0,0,0,0,0,4.0,0,0,121,161.1,5.6,27,43.7,0,64.0,,9202,0,8.8,19.3
242,young,4944,50,11,1881,0,17,1,0,69,1757,114,1110,525886,16756.9,29893,2.2,31.1,300.0,192413,349.1,12.4,82.2,213.0,2507,0,202728,123528,0,0,0,0,0,0,0,0,0,0,0,0,4.0,0,0,121,152.2,5.6,27,43.7,0,64.0,,9235,0,8.8,19.4
243,young,4737,732,12,1437,0,12,1,0,66,1350,113,1062,527581,16818.1,31146,2.3,33.3,300.0,193179,350.4,12.4,82.6,213.6,2507,0,203540,124096,0,0,0,0,0,0,0,0,0,0,0,0,4.0,0,0,121,143.1,5.6,27,43.7,0,64.0,,9269,0,8.8,19.5
244,young,4582,25,9,1421,0,14,1,0,56,1654,114,1342,529267,16879.0,31683,2.4,35.7,300.0,193746,351.2,12.4,82.8,214.2,2507,0,204150,124525,0,0,0,0,0,0,0,0,0,0,0,1,4.0,0,0,121,136.0,5.6,27,43.7,0,64.0,,9301,0,8.9,19.5
245,young,4115,30,9,1319,0,19,1,0,54,1729,115,902,530524,16934.7,37363,2.7,38.4,300.0,194298,351.9,12.5,83.0,214.5,2507,0,204738,125001,0,0,0,0,0,0,0,0,0,0,0,0,4.0,0,0,121,127.8,5.6,27,43.7,0,64.0,,9330,0,8.9,19.6
246,young,3638,40,8,620,0,12,1,0,51,1812,115,1014,532790,16994.0,37139,2.7,41.2,300.0,194828,352.9,12.5,83.2,215.1,2507,0,205335,125391,0,0,0,0,0,0,0,0,0,0,0,0,4.0,0,0,121,120.0,5.6,27,43.7,0,64.0,,9363,0,8.9,19.6
247,full-cycle,15911,162,1751,0,0,0,2,1,99,1962,110,109,536024,17061.7,169535,18.7,18.7,300.0,195584,354.3,12.5,83.7,215.8,2535,0,206166,125971,1913,8704,3670,129867,28,1468,93,0,0,0,1534,0,0.0,6,10,106,199.9,10.7,28,48.9,0,64.0,starved,9442,0,8.9,19.7
248,young,4088,26,9,2000,0,19,1,0,56,1595,111,312,541061,17232.2,33252,5.2,23.9,300.0,196653,355.8,12.5,84.0,216.8,2565,0,207251,126373,0,0,0,0,0,0,0,0,0,0,0,0,0.0,0,0,122,189.5,10.7,28,47.2,0,64.0,,9456,0,9.0,19.8
249,young,2852,86,8,607,0,11,1,0,52,1403,115,625,543570,17287.5,27831,2.3,26.2,300.0,198103,357.3,12.6,84.4,217.6,2569,0,208764,127568,0,0,0,0,0,0,0,0,0,0,0,0,0.0,0,0,122,169.2,10.7,28,46.9,0,64.0,,9489,0,9.1,20.0
250,young,3456,25,9,637,0,13,1,0,58,1706,113,948,544874,17338.8,34926,2.6,28.8,300.0,199247,358.3,12.6,84.7,217.9,2569,0,209955,128671,0,0,0,0,0,0,0,0,0,0,0,0,0.0,0,0,122,153.2,10.7,28,46.9,0,64.0,,9519,0,9.1,20.1
251,young,4280,47,11,1554,0,17,1,1,82,1612,115,898,546031,17388.1,32076,2.3,31.1,300.0,199831,359.2,12.6,84.9,218.3,2569,0,210591,129132,0,0,0,0,0,0,0,0,0,0,0,0,0.0,0,0,122,145.1,10.7,28,46.9,0,64.0,,9554,0,9.1,20.1
252,young,3685,32,9,1022,0,16,2,0,71,1483,114,962,548441,17447.1,28658,2.8,33.9,300.0,200388,360.8,12.7,85.1,219.6,2583,0,211206,129552,0,0,0,0,0,0,0,0,0,0,0,0,0.0,0,0,122,137.8,10.7,28,46.1,0,64.0,,9594,0,9.2,20.2
253,young,4749,28,10,1848,0,25,1,1,89,1732,116,954,550785,17506.5,36516,2.7,36.6,300.0,200985,361.6,12.7,85.4,219.9,2583,0,211853,130044,0,0,0,0,0,0,0,0,0,0,0,0,0.0,0,0,122,130.1,10.7,28,46.1,0,64.0,,9625,0,9.2,20.2
254,young,5244,663,9,1707,0,16,1,0,60,1799,117,920,552178,17560.7,36099,2.7,39.4,300.0,201565,362.8,12.7,86.0,220.4,2585,0,212470,130499,0,0,0,0,0,0,0,0,0,0,0,0,0.0,0,0,122,123.4,10.7,28,46.0,0,64.0,,9659,0,9.2,20.3
255,full-cycle,14217,22,497,0,0,0,2,1,76,2135,114,84,555035,17636.4,165106,19.1,19.1,300.0,202258,364.4,12.8,86.8,220.9,2622,0,213287,131065,519,8333,3707,121554,28,1134,316,0,0,0,1526,1,0.0,0,11,111,209.3,0.0,28,48.1,0,64.0,starved,9745,0,9.2,20.4
256,young,3518,207,10,721,0,36,2,1,91,1809,117,498,561252,17801.4,32085,5.8,24.8,300.0,203181,366.7,12.8,87.1,222.7,2666,0,214234,131512,0,0,0,0,0,0,0,0,0,0,0,0,0.0,0,0,122,202.8,0.0,28,45.5,0,64.0,,9766,0,9.3,20.5
257,young,3913,279,13,965,0,36,2,1,84,1480,114,993,563592,17861.5,29259,3.2,28.1,300.0,204838,368.0,13.0,87.6,223.1,2688,0,215956,133141,0,0,0,0,0,0,0,0,0,0,0,0,0.0,0,0,122,180.7,0.0,28,44.2,0,64.0,,9812,0,9.4,20.6
258,young,3886,27,12,513,0,14,1,0,57,1991,112,1245,565109,17904.9,36476,2.7,30.8,300.0,205612,369.0,13.0,87.9,223.6,2688,0,216775,133798,0,0,0,0,0,0,0,0,0,0,0,0,0.0,0,0,122,169.0,0.0,28,44.2,0,64.0,,9840,0,9.4,20.7
259,young,3972,27,10,1165,0,34,1,0,56,1664,114,962,566580,17962.2,34689,2.5,33.3,300.0,206339,369.9,13.0,88.1,224.2,2688,0,217569,134407,0,0,0,0,0,0,0,0,0,0,0,0,0.0,0,0,122,159.1,0.0,28,44.2,0,64.0,,9874,0,9.4,20.8
260,young,4318,32,9,1764,0,16,1,1,64,1220,116,1099,568056,18019.9,22586,1.6,34.9,300.0,206912,371.1,13.0,88.3,224.8,2688,0,218186,134834,0,0,0,0,0,0,0,0,0,0,0,0,0.0,0,1,121,151.4,0.0,28,44.2,0,64.0,,9907,0,9.4,20.8
261,young,3586,25,9,1187,0,18,1,0,63,1253,116,969,569596,18079.6,21920,1.7,36.6,300.0,207521,372.1,13.1,88.5,225.5,2688,0,218845,135291,0,0,0,0,0,0,0,0,0,0,0,0,0.0,0,0,122,143.2,0.0,28,44.2,0,64.0,,9939,0,9.5,20.9
262,young,4178,76,9,1730,0,19,1,0,62,1490,116,700,571094,18144.0,33019,2.4,39.0,300.0,208144,372.9,13.1,88.7,226.0,2688,0,219525,135825,0,0,0,0,0,0,0,0,0,0,0,0,0.0,0,0,122,135.0,0.0,28,44.2,0,64.0,,9968,0,9.5,21.0
263,young,4052,91,8,1218,0,15,1,0,56,1743,116,869,572573,18201.6,34644,2.5,41.6,300.0,208716,373.8,13.1,88.9,226.4,2688,0,220146,136289,0,0,0,0,0,0,0,0,0,0,0,0,0.0,0,0,122,128.1,0.0,28,44.2,0,64.0,,10000,0,9.5,21.0
264,young,4184,31,8,1528,0,16,2,1,69,1608,118,878,573907,18259.5,33660,2.5,44.0,300.0,209258,374.8,13.1,89.1,227.0,2688,0,220739,136659,0,0,0,0,0,0,0,0,0,0,0,0,0.0,0,0,122,122.0,0.0,28,44.2,0,64.0,,10034,0,9.6,21.1
265,full-cycle,11914,85,1227,0,0,0,1,0,70,1558,112,80,575719,18332.8,153762,18.7,18.7,300.0,209946,376.5,13.2,90.0,227.7,2720,0,221511,137167,1312,5896,2612,123687,32,875,51,0,0,0,2044,0,0.0,1,10,111,209.4,1.9,28,47.4,0,64.0,starved,10109,0,9.6,21.1
266,young,2992,22,9,960,0,12,1,0,54,1583,111,308,580436,18505.8,32190,4.9,23.6,300.0,211092,378.1,13.2,90.4,228.6,2742,0,222668,137711,0,0,0,0,0,0,0,0,0,0,0,0,2.0,0,0,121,200.3,0.0,28,46.1,0,64.0,,10123,0,9.6,21.3
267,young,4321,25,8,1684,0,14,1,1,61,1597,109,848,582124,18567.7,29710,2.4,26.0,300.0,212914,379.1,13.2,90.9,228.9,2746,0,224549,139465,0,0,0,0,0,0,0,0,0,0,0,0,2.0,0,1,120,176.3,0.0,28,45.8,0,64.0,,10158,0,9.7,21.4
268,young,3426,117,10,1019,0,16,1,0,57,1373,110,789,583511,18615.4,28800,2.0,28.1,300.0,213673,380.3,13.3,91.1,229.6,2746,0,225354,140052,0,0,0,0,0,0,0,0,0,0,0,0,2.0,0,0,121,165.6,0.0,28,45.8,0,64.0,,10187,0,9.8,21.5
269,young,3183,26,7,1064,0,18,2,0,75,896,111,1025,586284,18670.7,19731,1.6,29.7,300.0,214259,381.8,13.3,91.3,230.6,2748,0,225983,140505,0,0,0,0,0,0,0,0,0,0,0,0,2.0,0,0,121,158.4,0.0,28,45.7,0,64.0,,10220,0,9.8,21.6
270,young,4195,26,10,1101,0,20,2,1,73,1331,112,1535,587506,18721.3,28745,2.1,31.8,300.0,214814,383.0,13.4,91.5,231.0,2748,0,226572,140933,0,0,0,0,0,0,0,0,0,0,0,0,2.0,0,0,121,152.3,0.0,28,45.7,0,64.0,,10252,0,9.8,21.6
271,young,3430,58,9,617,0,41,2,1,90,1350,114,1219,589264,18793.0,32934,2.4,34.2,300.0,215400,383.9,13.4,91.7,231.5,2748,0,227211,141397,0,0,0,0,0,0,0,0,0,0,0,0,2.0,0,0,121,145.0,0.0,28,45.7,0,64.0,,10286,0,9.8,21.7
272,young,4725,40,8,1122,0,16,2,0,71,1866,114,1537,590784,18856.8,36242,2.7,36.9,300.0,215933,384.7,13.4,91.9,232.0,2748,0,227794,141818,0,0,0,0,0,0,0,0,0,0,0,0,2.0,0,0,121,136.8,0.0,28,45.7,0,64.0,,10315,0,9.9,21.7
273,young,4237,309,8,674,0,14,1,0,57,2124,113,995,592140,18912.4,35264,2.8,39.7,300.0,216473,385.6,13.4,92.1,232.5,2752,0,228382,142234,0,0,0,0,0,0,0,0,0,0,0,0,2.0,0,0,121,129.4,0.0,28,45.5,0,64.0,,10345,0,9.9,21.8
274,young,4007,557,10,864,0,18,1,0,65,1467,113,961,594324,18973.9,33898,2.5,42.2,300.0,217099,386.5,13.5,92.4,233.0,2752,0,229063,142755,0,0,0,0,0,0,0,0,0,0,0,0,2.0,0,0,121,120.8,0.0,28,45.5,0,64.0,,10379,0,9.9,21.9
275,full-cycle,9632,279,556,0,0,0,1,1,68,1228,107,97,596257,19041.0,161333,17.8,17.8,300.0,217778,387.6,13.5,92.6,233.6,2788,0,229826,143257,835,5576,1760,136833,24,324,79,0,0,0,1382,0,4.0,4,12,103,197.4,7.5,29,51.0,0,64.0,starved,10453,0,9.9,21.9
276,young,3326,22,9,469,0,26,1,1,142,1701,107,888,600162,19189.5,35046,5.5,23.3,300.0,218976,389.3,13.5,92.9,234.8,2816,0,231021,143759,0,0,0,0,0,0,0,0,0,0,0,0,6.0,0,0,118,182.6,5.6,29,49.4,0,64.0,,10464,0,10.0,22.1
277,young,4030,25,9,1264,0,16,2,0,56,1602,111,998,601554,19247.3,33201,2.6,25.9,300.0,219998,390.5,13.6,93.2,235.6,2818,0,232085,144300,0,0,0,0,0,0,0,0,0,0,0,0,6.0,0,0,118,168.9,5.6,29,49.2,0,64.0,,10493,0,10.0,22.2
278,young,3695,19,7,955,0,14,1,0,56,1604,112,981,602780,19303.6,36194,2.7,28.6,300.0,220561,391.4,13.6,93.6,235.9,2820,0,232696,144745,0,0,0,0,0,0,0,0,0,0,0,0,6.0,0,0,118,162.4,5.6,29,49.1,0,64.0,,10526,0,10.1,22.2
279,young,3246,19,6,434,0,17,1,0,59,1829,110,823,604264,19364.9,35947,2.7,31.3,300.0,221416,392.8,13.6,93.9,236.8,2820,0,233593,145305,0,0,0,0,0,0,0,0,0,0,0,0,6.0,0,0,118,150.3,5.6,29,49.1,0,64.0,,10559,0,10.1,22.3
280,young,3919,29,10,899,0,21,1,0,59,1584,113,1247,606308,19431.0,39078,2.9,34.2,300.0,222263,393.6,13.7,94.2,237.1,2820,0,234493,146106,0,0,0,0,0,0,0,0,0,0,0,0,6.0,0,0,118,139.1,5.6,29,49.1,0,64.0,,10592,0,10.1,22.4
281,young,3602,57,8,784,0,14,1,1,55,1455,114,1155,607603,19486.6,25941,1.8,36.0,300.0,222832,394.7,13.7,94.3,237.8,2820,0,235098,146474,0,0,0,0,0,0,0,0,0,0,0,0,6.0,0,0,118,132.1,5.6,29,49.1,0,64.0,,10623,0,10.2,22.4
282,young,3126,31,9,470,0,60,2,0,104,1152,115,1251,609566,19544.5,16332,1.3,37.3,300.0,223410,395.8,13.7,94.6,238.6,2820,0,235741,146885,0,0,0,0,0,0,0,0,0,0,0,0,6.0,0,0,118,125.5,5.6,29,49.1,0,64.0,,10660,0,10.2,22.5
283,young,3845,65,8,1244,0,30,1,0,77,1557,114,769,611167,19603.6,28851,2.2,39.5,300.0,223949,397.1,13.7,95.0,239.3,2822,0,236332,147247,0,0,0,0,0,0,0,0,0,0,0,0,6.0,0,0,118,118.6,5.6,29,49.0,0,64.0,,10692,0,10.2,22.6
284,full-cycle,11274,24,1356,0,0,0,1,0,61,1179,108,67,613086,19670.6,161802,17.6,17.6,300.0,224647,399.0,13.8,95.5,240.3,2844,0,237121,147614,1380,6347,2252,137304,17,932,51,0,0,0,1255,1,0.0,4,12,106,202.9,7.5,28,49.8,0,64.0,starved,10769,0,10.3,22.6
285,young,2629,96,11,1096,0,14,1,0,55,1046,110,230,618405,19836.2,19364,4.4,22.1,300.0,225451,400.5,13.8,95.8,241.3,2884,0,237941,147958,0,0,0,0,0,0,0,0,0,0,0,0,2.0,0,0,121,196.2,5.6,28,47.4,0,64.0,,10780,0,10.3,22.7
286,young,3184,28,8,1304,0,17,2,0,61,1300,111,400,619937,19894.8,23159,1.8,23.9,300.0,226356,401.8,13.8,96.1,242.2,2884,0,238894,148639,0,0,0,0,0,0,0,0,0,0,0,0,2.0,0,0,121,185.1,5.6,28,47.4,0,64.0,,10811,0,10.3,22.8
287,young,3156,34,10,573,0,23,1,0,66,1518,109,869,621273,19954.4,36051,2.7,26.5,300.0,227210,403.0,13.8,96.3,243.0,2884,0,239790,149252,0,0,0,0,0,0,0,0,0,0,0,0,2.0,0,0,121,173.3,5.6,28,47.4,0,64.0,,10842,0,10.4,22.9
288,young,3578,34,10,954,0,10,1,0,69,1682,111,776,622683,20001.2,37954,2.8,29.3,300.0,228174,404.6,13.9,96.7,244.0,2884,0,240811,149963,0,0,0,0,0,0,0,0,0,0,0,0,2.0,0,0,121,159.8,5.6,28,47.4,0,64.0,,10875,0,10.4,23.0
289,young,4783,22,8,2050,0,11,1,0,49,1609,111,977,624135,20057.3,34695,2.6,31.9,300.0,229180,406.0,13.9,97.2,244.7,2886,0,241871,150727,0,0,0,0,0,0,0,0,0,0,0,0,2.0,0,0,121,146.8,5.6,28,47.3,0,64.0,,10908,0,10.5,23.1
290,young,3472,20,8,951,0,30,1,0,67,1451,111,888,625594,20115.7,26952,2.0,33.9,300.0,229734,407.1,13.9,97.3,245.5,2886,0,242475,151017,0,0,0,0,0,0,0,0,0,0,0,0,2.0,0,0,121,140.0,5.6,28,47.3,0,64.0,,10941,0,10.5,23.1
291,young,3736,336,8,908,0,15,1,1,55,1403,116,948,628119,20178.2,30439,2.3,36.2,300.0,230271,408.8,14.0,97.5,246.9,2886,0,243071,151402,0,0,0,0,0,0,0,0,0,0,0,0,2.0,0,0,121,133.9,5.6,28,47.3,0,64.0,,10973,0,10.5,23.2
292,young,3325,21,7,703,0,23,1,1,64,1360,114,1042,629932,20245.6,35544,2.6,38.8,300.0,230904,409.6,14.0,97.8,247.2,2886,0,243760,151957,0,0,0,0,0,0,0,0,0,0,0,0,2.0,0,0,121,124.8,5.6,28,47.3,0,64.0,,11009,0,10.5,23.3
293,full-cycle,10162,24,390,0,0,0,1,0,66,1613,106,72,631672,20311.1,168002,18.2,18.2,302.0,231601,410.8,14.0,98.1,247.9,2920,0,244543,152456,414,6141,2194,134770,25,411,66,0,0,0,1354,0,0.0,2,15,105,205.2,3.6,29,51.1,0,64.0,starved,11089,0,10.6,23.3
294,young,3078,25,10,1008,0,13,1,0,52,1692,109,243,635315,20456.1,38583,5.8,24.0,302.0,232543,412.4,14.0,98.4,249.0,2948,0,245481,152723,0,0,0,0,0,0,0,0,0,0,0,0,2.0,0,0,121,198.6,1.7,29,49.4,0,64.0,,11093,0,10.6,23.4
295,young,2879,35,9,644,0,10,1,0,50,1711,114,365,637531,20523.9,38454,3.0,27.0,302.0,233239,414.4,14.1,98.9,250.4,2952,0,246224,153115,0,0,0,0,0,0,0,0,0,0,0,0,2.0,0,0,121,187.3,1.7,29,49.2,0,64.0,,11124,0,10.6,23.5
296,young,3456,48,7,804,0,20,1,1,65,1769,116,679,638914,20585.1,36305,2.7,29.7,302.0,233886,415.5,14.1,99.2,251.1,2952,0,246924,153520,0,0,0,0,0,0,0,0,0,0,0,0,2.0,0,0,121,178.7,1.7,29,49.2,0,64.0,,11156,0,10.7,23.6
297,young,4287,538,9,1411,0,11,2,0,59,1514,117,705,641078,20654.3,33897,2.5,32.2,302.0,235206,416.6,14.1,99.5,251.6,2952,0,248297,154744,0,0,0,0,0,0,0,0,0,0,0,0,2.0,0,0,121,159.5,1.7,29,49.2,0,64.0,,11188,0,10.7,23.7
298,young,3456,98,8,1037,0,12,1,0,48,1414,109,789,642524,20699.8,33595,2.5,34.6,302.0,236350,417.7,14.2,99.8,252.2,2952,0,249485,155761,0,0,0,0,0,0,0,0,0,0,0,0,2.0,0,0,121,146.4,1.7,29,49.2,0,64.0,,11220,0,10.8,23.8
299,young,3596,27,7,419,1,21,1,0,65,1785,113,1162,643697,20753.2,35655,2.6,37.3,302.0,236929,418.6,14.2,100.0,252.7,2952,0,250123,156190,0,0,0,0,0,0,0,0,0,0,0,0,2.0,0,0,121,139.3,1.7,29,49.2,0,64.0,,11251,0,10.8,23.9
300,young,3331,28,10,353,0,25,1,1,76,1435,114,1329,645078,20816.1,39468,2.9,40.2,302.0,237505,419.3,14.2,100.3,252.9,2952,0,250739,156706,0,0,0,0,0,0,0,0,0,0,0,0,2.0,0,0,121,131.5,1.7,29,49.2,0,64.0,,11280,0,10.8,23.9
301,young,3457,21,8,660,0,23,1,1,67,1364,115,1247,646786,20876.1,34968,2.5,42.7,302.0,238066,420.3,14.2,100.5,253.6,2952,0,251349,157117,0,0,0,0,0,0,0,0,0,0,0,0,2.0,0,0,121,123.5,1.7,29,49.2,0,64.0,,11311,0,10.9,24.0
302,full-cycle,7905,30,550,0,0,0,1,0,59,1485,107,66,648905,20938.4,151968,17.6,17.6,302.0,238664,421.7,14.3,100.9,254.3,2975,0,252042,157469,580,3541,2587,130041,33,957,37,0,0,0,1140,0,0.0,2,12,108,210.5,3.7,29,51.8,0,64.0,starved,11396,0,10.9,24.0
303,young,2923,327,8,1023,0,19,2,1,65,1092,112,322,653559,21090.7,21872,4.6,22.3,302.0,239736,423.9,14.3,101.2,256.1,3029,0,253139,157650,0,0,0,0,0,0,0,0,0,0,0,0,0.0,0,0,122,199.3,3.7,29,48.7,0,64.0,,11416,0,10.9,24.2
304,young,4750,26,7,2485,0,15,1,0,58,1177,111,923,655262,21151.6,28043,2.5,24.8,302.0,241119,426.0,14.3,101.6,257.0,3039,0,254593,158652,0,0,0,0,0,0,0,0,0,0,0,0,0.0,0,0,122,179.6,3.7,29,48.1,0,64.0,,11455,0,11.0,24.3
305,young,5118,310,8,2459,0,20,2,1,65,1269,111,883,656735,21205.8,24317,1.8,26.6,302.0,242033,427.4,14.4,101.8,258.0,3039,0,255555,159262,0,0,0,0,0,0,0,0,0,0,0,0,0.0,0,0,122,168.8,3.7,29,48.1,0,64.0,,11488,0,11.0,24.4
306,young,3712,40,10,1164,0,14,1,0,61,1476,111,883,659400,21268.3,30984,2.3,28.9,302.0,242833,430.4,14.4,102.2,260.0,3039,0,256404,159867,0,0,0,0,0,0,0,0,0,0,0,0,0.0,0,0,122,158.4,3.7,29,48.1,0,64.0,,11520,0,11.1,24.5
307,young,4601,36,9,1261,0,25,2,0,82,1743,113,1358,662835,21329.3,31613,2.3,31.2,302.0,243417,431.6,14.4,102.5,260.8,3039,0,257040,160322,0,0,0,0,0,0,0,0,0,0,0,0,0.0,0,0,122,150.8,3.7,29,48.1,0,64.0,,11555,0,11.1,24.5
308,young,3408,73,8,1063,0,16,1,0,59,1225,113,897,664212,21385.0,25259,1.8,33.1,302.0,243972,432.7,14.5,102.7,261.2,3039,0,257642,160788,0,0,0,0,0,0,0,0,0,0,0,0,0.0,0,0,122,144.0,3.7,29,48.1,0,64.0,,11586,0,11.1,24.6
309,young,3439,81,8,1019,0,23,1,0,65,1345,116,795,665884,21449.8,28515,2.6,35.7,302.0,244508,433.7,14.5,102.8,261.9,3049,0,258241,161170,0,0,0,0,0,0,0,0,0,0,0,0,0.0,0,0,122,137.2,3.7,29,47.5,0,64.0,,11628,0,11.1,24.6
310,young,3616,233,8,1239,0,16,1,0,60,1292,116,710,667173,21503.1,30308,2.2,37.9,302.0,245037,434.6,14.5,103.1,262.5,3049,0,258829,161527,0,0,0,0,0,0,0,0,0,0,0,0,0.0,0,0,122,129.8,3.7,29,47.5,0,64.0,,11663,0,11.2,24.7
311,young,3504,24,9,815,0,19,1,0,93,1085,116,1374,668525,21561.6,23256,1.7,39.6,302.0,245633,436.2,14.5,103.8,263.1,3049,0,259477,161951,0,0,0,0,0,0,0,0,0,0,0,1,0.0,0,0,122,122.3,3.7,29,47.5,0,64.0,,11697,0,11.2,24.7
312,full-cycle,10551,27,1374,0,0,0,2,0,61,1576,110,70,671171,21637.4,165515,19.0,19.0,302.0,246313,437.6,14.6,104.3,263.7,3079,0,260237,162478,1401,5720,2192,130527,24,382,130,0,0,0,1166,0,0.0,2,10,110,207.3,3.7,29,50.1,0,64.0,starved,11769,0,11.2,24.8
313,young,2996,22,8,787,0,14,1,0,50,1721,110,323,675970,21815.7,39401,5.7,24.7,302.0,247237,438.9,14.7,104.6,264.5,3107,0,261166,163014,0,0,0,0,0,0,0,0,0,0,0,0,2.0,0,0,121,198.0,1.9,29,48.5,0,64.0,,11780,0,11.3,24.9
314,young,3378,299,72,1028,0,15,1,1,60,1489,113,322,677336,21864.7,29314,2.4,27.1,302.0,247898,440.3,14.8,104.8,265.3,3113,0,261886,163467,0,0,0,0,0,0,0,0,0,0,0,0,2.0,0,0,121,188.5,1.9,29,48.1,0,64.0,,11814,0,11.3,25.0
315,young,2782,190,9,1183,0,23,1,1,65,821,111,413,679044,21925.7,17302,1.4,28.5,302.0,248587,441.6,14.9,105.1,266.2,3115,0,262620,163947,0,0,0,0,0,0,0,0,0,0,0,0,2.0,0,0,121,178.8,1.9,29,48.0,0,64.0,,11845,0,11.3,25.1
316,young,2537,21,8,570,0,10,1,0,46,1203,112,618,680776,21984.2,26211,2.0,30.5,302.0,249369,442.8,14.9,105.3,267.0,3115,0,263448,164520,0,0,0,0,0,0,0,0,0,0,0,0,2.0,0,0,121,168.4,1.9,29,48.0,0,64.0,,11878,0,11.4,25.1
317,young,4567,32,9,1375,0,17,1,0,63,1799,113,1198,681971,22037.2,34905,2.6,33.0,302.0,250173,443.9,15.0,105.6,267.5,3115,0,264305,165159,0,0,0,0,0,0,0,0,0,0,0,0,2.0,0,0,121,155.4,1.9,29,48.0,0,64.0,,11909,0,11.4,25.2
318,young,4085,33,10,1033,0,17,1,0,76,1641,114,1200,683573,22100.2,30687,2.2,35.3,302.0,251057,444.9,15.0,105.8,268.1,3115,0,265232,165939,0,0,0,0,0,0,0,0,0,0,0,0,2.0,0,0,121,141.6,1.9,29,48.0,0,64.0,,11941,0,11.4,25.3
319,young,4758,130,12,2165,0,17,2,1,76,1031,112,1255,686442,22154.5,25953,1.9,37.1,302.0,251828,447.4,15.1,106.1,270.2,3115,0,266050,166510,0,0,0,0,0,0,0,0,0,0,0,0,2.0,0,0,121,132.4,1.9,29,48.0,0,64.0,,11974,0,11.5,25.4
320,young,3804,32,9,708,0,20,1,0,66,1745,113,1157,687820,22212.3,26069,2.0,39.1,302.0,252460,448.5,15.1,106.3,270.7,3115,0,266733,167008,0,0,0,0,0,0,0,0,0,0,0,1,2.0,0,0,121,125.8,1.9,29,48.0,0,64.0,,12005,0,11.5,25.4
321,full-cycle,10399,34,1070,0,0,0,1,0,69,1344,110,76,689315,22275.7,157628,17.6,17.6,302.0,253187,450.6,15.6,107.0,271.3,3131,0,267547,167561,1104,5712,2286,133637,29,748,79,0,0,0,1245,0,12.0,1,10,111,210.0,1.9,23,40.5,0,64.0,starved,12080,0,11.5,25.5
322,young,2626,25,10,1056,0,18,1,0,59,1195,115,202,693869,22434.4,23998,4.4,22.0,302.0,254132,452.2,15.6,107.5,272.2,3176,0,268517,167903,0,0,0,0,0,0,0,0,0,0,0,0,12.0,0,0,122,202.5,1.9,23,37.8,0,64.0,,12095,0,11.6,25.6
323,young,4584,30,10,2084,0,18,1,0,61,1676,114,660,696038,22486.2,34501,3.0,25.1,302.0,255314,453.2,15.7,107.8,272.7,3186,0,269749,168996,0,0,0,0,0,0,0,0,0,0,0,0,12.0,0,0,122,186.1,1.9,23,37.2,0,64.0,,12129,0,11.6,25.7
324,young,3184,41,10,956,0,8,1,1,46,1344,112,721,697485,22547.0,38010,3.8,28.9,302.0,256011,454.2,15.7,108.0,273.3,3208,0,270531,169578,0,0,0,0,0,0,0,0,0,0,0,0,12.0,0,0,122,175.3,1.9,23,35.9,0,64.0,,12176,0,11.7,25.8
325,young,3031,27,7,718,0,11,1,0,51,1281,112,872,698704,22602.8,29192,2.1,31.0,302.0,256552,455.1,15.7,108.2,273.9,3208,0,271127,169924,0,0,0,0,0,0,0,0,0,0,0,0,12.0,0,0,122,167.8,1.9,23,35.9,0,64.0,,12214,0,11.7,25.9
326,young,4087,34,9,1736,0,15,1,0,54,1290,111,877,700077,22663.3,26432,2.0,33.0,302.0,257626,456.2,15.8,108.6,274.4,3208,0,272260,170892,0,0,0,0,0,0,0,0,0,0,0,0,12.0,0,0,122,153.9,1.9,23,35.9,0,64.0,,12249,0,11.7,26.0
327,young,3153,29,8,464,0,16,1,0,81,1678,113,831,701329,22718.9,32522,2.4,35.4,302.0,258376,457.5,15.8,109.1,275.0,3208,0,273073,171455,0,0,0,0,0,0,0,0,0,0,0,0,12.0,0,0,122,144.4,1.9,23,35.9,0,64.0,,12281,0,11.8,26.1
328,young,3318,30,8,661,0,15,2,0,59,1486,112,1009,702684,22773.8,31759,2.4,37.8,302.0,259012,458.7,15.8,109.3,275.8,3208,0,273752,171833,0,0,0,0,0,0,0,0,0,0,0,0,12.0,0,0,122,135.1,1.9,23,35.9,0,64.0,,12312,0,11.8,26.1
329,young,3869,51,9,1020,0,17,1,0,54,1807,113,862,704365,22836.2,37090,2.7,40.5,302.0,259555,459.8,15.8,109.5,276.6,3208,0,274357,172215,0,0,0,0,0,0,0,0,0,0,0,0,12.0,0,1,121,127.7,1.9,23,35.9,0,64.0,,12351,0,11.8,26.2
330,young,4589,48,8,1660,0,20,1,0,62,1832,112,918,705792,22896.3,36090,2.7,43.1,302.0,260123,460.8,15.9,109.7,277.2,3208,0,274971,172616,0,0,0,0,0,0,0,0,0,0,0,0,12.0,0,0,122,120.8,1.9,23,35.9,0,64.0,,12383,0,11.8,26.2
331,young,4651,58,7,1832,0,18,1,0,61,1660,113,956,707228,22953.9,36501,2.7,45.8,302.0,260661,462.0,15.9,109.9,278.0,3208,0,275576,172924,0,0,0,0,0,0,0,0,0,0,0,0,12.0,0,0,122,113.1,1.9,23,35.9,0,64.0,,12416,0,11.9,26.3
332,full-cycle,12757,199,1422,0,0,0,1,0,68,2212,110,75,709097,23021.8,160726,18.8,18.8,302.0,261377,463.4,16.0,110.2,278.8,3245,0,276386,173390,1620,5493,3208,117204,23,840,49,0,0,0,2368,0,2.0,4,12,108,204.7,7.1,26,43.6,0,64.0,starved,12506,0,11.9,26.3
333,young,3328,276,8,672,0,18,1,0,86,1767,113,429,713732,23183.7,38268,6.3,25.1,302.0,262487,465.2,16.0,110.4,280.1,3281,0,277505,173661,0,0,0,0,0,0,0,0,0,0,0,0,2.0,0,0,124,198.0,7.1,26,41.5,0,64.0,,12518,0,12.0,26.5
334,young,3437,94,11,750,0,17,1,0,58,1588,113,864,715056,23237.4,32693,2.6,27.7,302.0,263930,467.1,16.0,111.0,281.1,3285,0,279004,174801,0,0,0,0,0,0,0,0,0,0,0,0,2.0,0,1,123,176.4,7.1,26,41.3,0,64.0,,12556,0,12.0,26.6
335,young,3372,31,8,1039,0,18,1,1,64,1115,113,1046,717050,23293.7,21272,1.5,29.2,302.0,264831,468.3,16.1,111.2,281.8,3285,0,279950,175476,0,0,0,0,0,0,0,0,0,0,0,0,2.0,0,0,124,163.5,7.1,26,41.3,0,64.0,,12587,0,12.1,26.7
336,young,3568,33,9,1593,0,13,1,0,61,962,114,819,718773,23348.6,17601,1.4,30.6,302.0,265386,469.8,16.1,111.6,282.8,3285,0,280548,175845,0,0,0,0,0,0,0,0,0,0,0,0,2.0,0,0,124,157.9,7.1,26,41.3,0,64.0,,12617,0,12.1,26.8
337,young,3770,26,9,1369,0,16,1,0,60,1412,117,841,720354,23411.4,31272,2.3,32.9,302.0,265979,471.0,16.2,111.8,283.6,3285,0,281191,176260,0,0,0,0,0,0,0,0,0,0,0,0,2.0,0,0,124,151.3,7.1,26,41.3,0,64.0,,12651,0,12.1,26.8
338,young,3962,22,8,1002,0,14,1,0,55,1820,119,1000,721695,23469.5,37912,2.8,35.7,302.0,266529,471.9,16.2,112.0,284.1,3285,0,281784,176671,0,0,0,0,0,0,0,0,0,0,0,0,2.0,0,0,124,143.9,7.1,26,41.3,0,64.0,,12683,0,12.1,26.9
339,young,3954,21,8,1109,0,18,1,1,61,1676,120,1016,723550,23533.2,38156,2.8,38.5,302.0,267118,473.0,16.3,112.3,284.7,3285,0,282420,177105,0,0,0,0,0,0,0,0,0,0,0,0,2.0,0,0,124,135.3,7.1,26,41.3,0,64.0,,12714,0,12.2,26.9
340,young,4447,296,10,1462,0,14,1,0,54,1659,119,887,725110,23589.5,37440,2.7,41.2,302.0,267672,474.0,16.3,112.6,285.2,3285,0,283026,177572,0,0,0,0,0,0,0,0,0,0,0,0,2.0,0,0,124,127.8,7.1,26,41.3,0,64.0,,12746,0,12.2,27.0
341,young,3681,30,7,1270,0,16,1,1,62,1322,121,899,727191,23650.5,27263,1.9,43.2,302.0,268215,474.6,16.3,112.9,285.5,3285,0,283623,178065,0,0,0,0,0,0,0,0,0,0,0,0,2.0,0,0,124,120.7,7.1,26,41.3,0,64.0,,12779,0,12.2,27.0
342,full-cycle,8128,20,540,0,0,0,1,0,55,1248,111,63,730894,23712.0,163766,18.4,18.4,302.0,268879,476.1,16.4,113.1,286.5,3285,0,284345,178562,560,5184,1566,135038,12,203,33,0,0,0,813,0,4.0,1,0,122,218.3,1.9,26,46.6,0,64.0,starved,12837,0,12.2,27.1
343,young,3205,293,8,732,0,19,1,1,67,1723,114,291,735187,23906.0,38398,5.6,24.0,302.0,269782,476.6,16.4,113.4,286.6,3343,0,285293,179386,0,0,0,0,0,0,0,0,0,0,0,0,6.0,0,0,122,204.5,0.0,26,43.2,0,64.0,,12866,0,12.3,27.2
344,young,3354,50,9,423,0,18,1,0,62,1853,108,885,736696,23957.9,37011,3.1,27.1,302.0,270937,477.8,16.4,113.8,287.0,3351,0,286509,180432,0,0,0,0,0,0,0,0,0,0,0,0,6.0,0,2,120,187.7,0.0,26,42.7,0,64.0,,12900,0,12.3,27.3
345,young,3990,26,6,1186,0,18,1,0,57,1775,112,878,738043,24003.4,38468,2.8,29.9,302.0,271540,479.0,16.5,114.1,287.8,3351,0,287165,180877,0,0,0,0,0,0,0,0,0,0,0,0,6.0,0,1,121,179.6,0.0,26,42.7,0,64.0,,12935,0,12.4,27.4
346,young,4250,44,7,1361,0,19,1,0,60,1792,112,902,739445,24057.9,36933,2.7,32.6,302.0,272109,480.9,16.5,115.2,288.5,3351,0,287780,181261,0,0,0,0,0,0,0,0,0,0,0,0,6.0,0,0,122,172.0,0.0,26,42.7,0,64.0,,12964,0,12.4,27.4
347,young,2432,21,7,415,0,8,2,0,49,910,113,962,740917,24118.0,27190,2.0,34.6,302.0,272682,482.2,16.5,115.6,289.2,3353,0,288401,181643,0,0,0,0,0,0,0,0,0,0,0,0,6.0,0,0,122,163.9,0.0,26,42.6,0,64.0,,12996,0,12.4,27.5
348,young,3967,155,8,1536,0,16,1,0,65,1219,113,902,742242,24179.3,23835,2.0,36.6,302.0,273235,483.1,16.5,115.9,289.7,3355,0,289003,182061,0,0,0,0,0,0,0,0,0,0,0,0,6.0,0,2,120,157.7,0.0,26,42.5,0,64.0,,13029,0,12.4,27.5
349,young,4505,28,7,1577,0,37,2,1,95,1374,111,1279,743737,24239.1,28530,2.5,39.1,302.0,273923,484.0,16.6,116.1,290.3,3365,0,289746,182580,0,0,0,0,0,0,0,0,0,0,0,0,6.0,0,0,122,148.0,0.0,26,41.9,0,64.0,,13063,0,12.5,27.6
350,young,3940,28,10,1648,0,17,2,0,79,988,112,1114,746347,24292.9,21436,1.6,40.7,302.0,274478,485.2,16.6,116.3,291.0,3365,0,290342,182936,0,0,0,0,0,0,0,0,0,0,0,1,6.0,0,0,122,142.3,0.0,26,41.9,0,64.0,,13086,0,12.5,27.7
351,young,4086,95,8,929,0,20,2,0,76,1335,113,1500,747932,24357.4,24308,1.8,42.5,302.0,275059,486.4,16.6,116.6,291.7,3365,0,290985,183309,0,0,0,0,0,0,0,0,0,0,0,0,6.0,0,0,122,133.5,0.0,26,41.9,0,64.0,,13119,0,12.5,27.7
352,young,3543,30,10,1227,0,18,1,0,58,1077,113,1080,750012,24418.9,20216,1.5,44.0,302.0,275778,488.4,16.6,116.9,293.2,3365,0,291770,183789,0,0,0,0,0,0,0,0,0,0,0,0,6.0,0,0,122,124.7,0.0,26,41.9,0,64.0,,13153,0,12.6,27.8
353,young,3644,135,22,983,0,18,1,0,62,1312,115,1052,751557,24478.8,24806,1.8,45.8,302.0,276405,489.4,16.7,117.1,293.8,3365,0,292449,184218,0,0,0,0,0,0,0,0,0,0,0,0,6.0,0,0,122,116.1,0.0,26,41.9,0,64.0,,13185,0,12.6,27.9
354,full-cycle,12748,31,2020,0,0,0,1,1,76,1269,107,83,753278,24544.7,157134,18.0,18.0,304.0,277121,491.0,17.0,117.7,294.3,3397,0,293246,184825,2051,6357,2870,137436,16,1449,44,0,0,0,1430,0,0.0,5,11,108,207.8,9.2,28,48.5,0,64.0,starved,13254,0,12.6,27.9
355,young,2954,48,9,562,0,20,1,0,59,1896,112,316,757720,24717.3,35748,5.3,23.3,304.0,277878,492.3,17.1,118.0,295.1,3421,0,294019,185209,0,0,0,0,0,0,0,0,0,0,0,0,2.0,0,0,123,200.2,7.4,28,47.1,0,64.0,,13267,0,12.7,28.0
356,young,2910,38,10,796,0,21,1,0,62,1584,120,338,759144,24774.1,33229,2.8,26.1,304.0,278598,493.4,17.1,118.2,295.7,3429,0,294782,185792,0,0,0,0,0,0,0,0,0,0,0,0,2.0,0,0,123,190.2,7.4,28,46.7,0,64.0,,13297,0,12.7,28.1
357,young,3062,139,10,682,0,14,1,0,58,1593,115,498,761156,24822.1,32947,2.4,28.5,304.0,279157,494.6,17.1,118.4,296.5,3429,0,295394,186120,0,0,0,0,0,0,0,0,0,0,0,0,2.0,0,0,123,182.7,7.4,28,46.7,0,64.0,,13331,0,12.7,28.1
358,young,3242,30,8,976,0,18,1,0,77,1596,114,480,763156,24890.3,37599,2.8,31.3,304.0,280287,495.9,17.2,118.8,297.1,3429,0,296571,187095,0,0,0,0,0,0,0,0,0,0,0,0,2.0,0,0,123,167.5,7.4,28,46.7,0,64.0,,13362,0,12.8,28.3
359,young,3738,28,9,1030,0,18,1,0,59,1894,112,627,764388,24945.1,38825,2.9,34.2,304.0,281173,497.4,17.2,119.5,297.7,3429,0,297512,187828,0,0,0,0,0,0,0,0,0,0,0,1,2.0,0,0,123,154.7,7.4,28,46.7,0,64.0,,13394,0,12.8,28.4
360,young,4112,25,9,917,0,14,1,0,54,2085,116,954,766107,25003.4,39046,2.9,37.0,304.0,281907,498.4,17.2,119.8,298.3,3429,0,298308,188407,0,0,0,0,0,0,0,0,0,0,0,0,2.0,0,0,123,144.6,7.4,28,46.7,0,64.0,,13425,0,12.8,28.4
361,young,4377,43,10,1313,0,19,1,0,61,1756,117,1108,767470,25055.4,36658,2.7,39.7,304.0,282929,499.5,17.3,120.1,298.9,3429,0,299375,189258,0,0,0,0,0,0,0,0,0,0,0,0,2.0,0,0,123,130.5,7.4,28,46.7,0,64.0,,13458,0,12.9,28.5
362,young,3621,45,8,568,0,18,1,0,59,1804,117,1050,770018,25111.3,36518,2.7,42.4,304.0,283475,500.6,17.3,120.3,299.5,3429,0,299972,189579,0,0,0,0,0,0,0,0,0,0,0,0,2.0,0,0,123,123.2,7.4,28,46.7,0,64.0,,13489,0,12.9,28.6
363,full-cycle,12383,37,787,0,0,0,1,0,66,1102,113,72,772209,25180.7,159170,17.4,17.4,304.0,284236,501.5,17.3,120.7,299.9,3469,0,300842,190206,824,6998,2253,133378,23,966,70,0,0,0,2226,0,0.0,2,13,109,208.4,3.7,28,48.9,0,64.0,starved,13576,0,12.9,28.7
364,young,4392,48,9,2272,0,16,2,1,62,1687,112,228,777321,25329.1,35975,5.6,23.1,304.0,285083,504.0,17.4,121.0,301.8,3491,0,301685,190389,0,0,0,0,0,0,0,0,0,0,0,0,2.0,0,0,123,203.3,1.9,28,47.6,0,64.0,,13583,0,13.0,28.8
365,young,4346,36,8,1863,0,12,1,1,52,1600,114,698,778989,25395.5,36559,2.7,25.8,304.0,286493,512.1,20.5,125.0,302.5,3491,0,303145,191500,0,0,0,0,0,0,0,0,0,0,0,0,2.0,0,0,123,185.1,1.9,28,47.6,0,64.0,,13614,0,13.1,28.9
366,young,4133,57,8,1474,0,15,1,0,55,1641,111,834,780821,25450.3,36826,2.9,28.7,304.0,287674,513.4,20.6,125.6,303.0,3495,0,304394,192559,0,0,0,0,0,0,0,0,0,0,0,0,2.0,0,0,123,167.9,1.9,28,47.4,0,64.0,,13652,0,13.1,29.0
367,young,4595,17,7,1898,0,15,1,0,56,1757,113,807,782004,25500.1,38322,3.1,31.8,304.0,288432,514.4,20.6,125.8,303.7,3501,0,305220,193131,0,0,0,0,0,0,0,0,0,0,0,0,2.0,0,0,123,155.9,1.9,28,47.0,0,64.0,,13689,0,13.1,29.1
368,young,4477,24,10,1626,0,20,1,0,56,1794,112,916,783500,25563.1,38224,2.8,34.6,304.0,288973,515.7,20.6,126.1,304.4,3501,0,305810,193449,0,0,0,0,0,0,0,0,0,0,0,0,2.0,0,0,123,149.2,1.9,28,47.0,0,64.0,,13719,0,13.2,29.2
369,young,3617,29,9,1224,0,12,1,1,54,1294,113,934,785745,25626.2,25973,1.8,36.4,304.0,289530,516.9,20.6,126.5,305.1,3501,0,306414,193856,0,0,0,0,0,0,0,0,0,0,0,0,2.0,0,0,123,142.0,1.9,28,47.0,0,64.0,,13753,0,13.2,29.2
370,young,3454,88,26,1103,0,17,1,1,60,908,114,1162,787452,25686.3,13347,1.0,37.4,304.0,290076,518.1,20.6,126.8,305.7,3501,0,307016,194272,0,0,0,0,0,0,0,0,0,0,0,0,2.0,0,0,123,136.3,1.9,28,47.0,0,64.0,,13787,0,13.2,29.3
371,young,3678,87,10,887,0,13,1,0,57,1528,114,1026,789442,25743.2,28529,2.2,39.6,304.0,290635,519.3,20.7,127.1,306.5,3501,0,307621,194616,0,0,0,0,0,0,0,0,0,0,0,0,2.0,0,0,123,129.4,1.9,28,47.0,0,64.0,,13820,0,13.2,29.3
372,young,3942,32,9,1046,0,18,1,0,55,1710,115,1018,791309,25804.6,38279,2.8,42.4,304.0,291224,520.2,20.7,127.3,307.0,3501,0,308258,195063,0,0,0,0,0,0,0,0,0,0,0,0,2.0,0,0,123,121.0,1.9,28,47.0,0,64.0,,13853,0,13.3,29.4
373,full-cycle,10663,22,779,0,0,0,1,0,61,1202,113,67,793116,25872.9,161766,18.1,18.1,304.0,291947,521.5,20.7,127.6,307.7,3532,0,309071,195572,801,6110,2372,139363,19,1019,57,0,0,0,1324,0,6.0,3,12,109,208.8,5.6,25,43.0,0,64.0,starved,13938,0,13.3,29.5
374,young,3036,21,7,642,0,16,1,0,56,1926,115,286,797639,26034.8,38567,5.7,23.9,304.0,293147,523.3,20.7,127.9,308.8,3562,0,310281,195920,0,0,0,0,0,0,0,0,0,0,0,0,8.0,0,0,123,197.3,3.7,25,41.2,0,64.0,,13947,0,13.4,29.6
375,young,4059,24,13,1130,0,15,1,0,58,1868,115,882,799574,26100.5,38255,2.8,26.7,304.0,294478,524.5,20.9,128.3,309.2,3562,0,311670,197178,0,0,0,0,0,0,0,0,0,0,0,0,8.0,0,0,123,176.3,3.7,25,41.2,0,64.0,,13979,0,13.4,29.7
376,young,3976,19,7,1066,0,14,1,0,57,1691,112,1075,800640,26146.0,38694,2.9,29.6,304.0,295465,525.3,20.9,128.6,309.5,3564,0,312696,198081,0,0,0,0,0,0,0,0,0,0,0,0,8.0,0,0,123,164.2,3.7,25,41.1,0,64.0,,14012,0,13.5,29.8
377,young,4507,29,8,1747,0,15,1,0,57,1669,115,930,802048,26203.6,38853,2.9,32.5,304.0,296046,526.2,21.0,128.8,310.0,3564,0,313313,198532,0,0,0,0,0,0,0,0,0,0,0,0,8.0,0,0,123,155.0,3.7,25,41.1,0,64.0,,14043,0,13.5,29.9
378,young,3071,32,45,434,0,13,1,0,51,1575,114,881,803800,26263.3,35781,2.6,35.1,304.0,296622,527.1,21.0,129.0,310.6,3564,0,313953,198976,0,0,0,0,0,0,0,0,0,0,0,0,8.0,0,0,123,146.0,3.7,25,41.1,0,64.0,,14077,0,13.5,29.9
379,young,4161,41,7,1513,0,16,1,0,62,1501,114,940,805020,26315.1,32415,2.5,37.6,304.0,297153,527.9,21.0,129.2,311.0,3566,0,314531,199391,0,0,0,0,0,0,0,0,0,0,0,0,8.0,0,0,123,138.8,3.7,25,41.0,0,64.0,,14111,0,13.5,30.0
380,young,3683,41,10,1265,0,13,1,1,55,1332,117,894,806908,26376.4,31860,2.4,39.9,304.0,297722,528.6,21.0,129.4,311.4,3566,0,315144,199876,0,0,0,0,0,0,0,0,0,0,0,0,8.0,0,0,123,132.1,3.7,25,41.0,0,64.0,,14142,0,13.6,30.0
381,young,3923,38,8,1044,0,16,1,1,57,1856,119,842,808380,26442.6,36605,2.7,42.6,304.0,298264,529.7,21.0,130.0,311.7,3566,0,315741,200368,0,0,0,0,0,0,0,0,0,0,0,0,8.0,0,0,123,124.0,3.7,25,41.0,0,64.0,,14174,0,13.6,30.1
382,young,3963,87,8,590,0,25,1,0,79,1872,117,1190,809814,26503.1,37670,2.8,45.4,304.0,298823,530.8,21.1,130.3,312.1,3566,0,316367,200820,0,0,0,0,0,0,0,0,0,0,0,0,8.0,0,2,121,116.3,3.7,25,41.0,0,64.0,,14209,0,13.6,30.1
383,full-cycle,11318,103,1055,0,0,0,1,0,70,1390,106,78,811884,26566.9,161436,17.7,17.7,306.0,299502,532.1,21.2,130.7,312.8,3596,0,317110,201297,1159,6050,2813,132854,21,1154,161,0,0,0,1247,0,0.0,6,12,109,211.1,11.2,26,45.5,0,64.0,starved,14271,0,13.6,30.2
384,young,2890,24,12,755,0,16,1,0,61,1726,114,228,816712,26742.8,37133,5.2,22.9,306.0,300350,533.8,21.2,130.9,314.0,3618,0,317970,201573,0,0,0,0,0,0,0,0,0,0,0,0,2.0,0,0,126,204.3,9.4,26,44.2,0,64.0,,14282,0,13.7,30.3
385,young,3292,21,7,912,0,16,1,0,57,1930,118,275,818086,26801.0,37845,3.8,26.8,306.0,300989,534.7,21.3,131.2,314.4,3640,0,318675,202138,0,0,0,0,0,0,0,0,0,0,0,0,2.0,0,0,126,194.5,9.4,26,42.9,0,64.0,,14319,0,13.7,30.4
386,young,5190,40,8,2305,0,14,1,0,53,1900,116,804,820282,26860.6,37232,2.7,29.5,306.0,302228,535.8,21.3,131.6,314.9,3640,0,319960,203233,0,0,0,0,0,0,0,0,0,0,0,0,2.0,0,0,126,175.6,9.4,26,42.9,0,64.0,,14350,0,13.8,30.5
387,young,4564,95,9,1752,0,13,1,0,52,1790,117,807,821501,26905.2,37273,2.7,32.3,306.0,303774,537.1,21.4,132.0,315.4,3640,0,321563,204695,0,0,0,0,0,0,0,0,0,0,0,0,2.0,0,1,125,157.4,9.4,26,42.9,0,64.0,,14385,0,13.8,30.7
388,young,4466,23,8,1436,0,15,1,1,57,1932,116,940,822768,26961.3,37017,2.7,35.0,306.0,304399,537.9,21.4,132.2,315.9,3640,0,322234,205181,0,0,0,0,0,0,0,0,0,0,0,0,2.0,0,0,126,150.3,9.4,26,42.9,0,64.0,,14413,0,13.9,30.7
389,young,3501,30,7,1022,0,16,1,0,59,1256,120,1065,824419,27023.8,27123,1.9,36.9,306.0,304942,539.1,21.6,132.4,316.6,3640,0,322828,205582,0,0,0,0,0,0,0,0,0,0,0,0,2.0,0,1,125,144.7,9.4,26,42.9,0,64.0,,14447,0,13.9,30.8
390,young,3258,60,9,804,0,12,2,0,58,1328,123,934,826117,27080.9,21996,1.7,38.6,306.0,305501,540.1,21.6,132.7,317.1,3640,0,323431,206002,0,0,0,0,0,0,0,0,0,0,0,0,2.0,0,0,126,139.1,9.4,26,42.9,0,64.0,,14477,0,13.9,30.8
391,young,4267,25,8,1304,0,28,2,0,63,1654,122,1128,827754,27148.9,32825,2.4,41.0,306.0,306106,540.8,21.6,132.9,317.4,3640,0,324083,206523,0,0,0,0,0,0,0,0,0,0,0,0,2.0,0,0,126,131.2,9.4,26,42.9,0,64.0,,14508,0,13.9,30.9
392,young,3908,240,8,928,0,20,1,0,80,1397,119,1148,829483,27207.6,32707,2.4,43.4,306.0,306682,542.2,21.7,133.2,318.4,3640,0,324708,206950,0,0,0,0,0,0,0,0,0,0,0,0,2.0,0,2,124,123.5,9.4,26,42.9,0,64.0,,14540,0,14.0,30.9
393,full-cycle,11491,22,891,0,0,0,1,0,64,1115,113,70,831128,27272.7,154229,17.5,17.5,306.0,307380,543.5,21.7,133.6,319.0,3658,0,325494,207476,912,6673,2326,128458,24,1047,60,0,0,0,1518,7,4.0,2,11,112,213.7,3.7,26,45.7,0,64.0,starved,14622,0,14.0,31.0
394,young,2601,380,29,755,0,22,1,0,63,1024,116,246,838162,27449.0,19016,4.3,21.7,306.0,308296,546.1,21.8,133.9,321.0,3698,0,326405,207749,0,0,0,0,0,0,0,0,0,0,0,0,8.0,0,0,123,205.7,0.0,26,43.3,0,64.0,,14629,0,14.0,31.1
395,young,3460,172,7,901,0,10,1,0,53,1420,112,819,839855,27502.2,32346,2.4,24.1,306.0,309429,547.6,21.8,134.2,322.0,3698,0,327586,208554,0,0,0,0,0,0,0,0,0,0,0,0,8.0,0,0,123,190.3,0.0,26,43.3,0,64.0,,14662,0,14.1,31.2
396,young,5123,283,10,2236,0,13,1,0,62,1640,112,834,842473,27558.9,35657,2.6,26.7,306.0,310418,549.5,21.8,134.6,323.3,3698,0,328634,209180,0,0,0,0,0,0,0,0,0,0,0,0,8.0,0,0,123,178.2,0.0,26,43.3,0,64.0,,14693,0,14.1,31.3
397,young,4371,301,9,1058,0,20,1,0,67,1690,113,1171,844884,27617.8,31316,2.3,29.0,306.0,311365,551.3,22.0,135.2,324.2,3698,0,329627,209963,0,0,0,0,0,0,0,0,0,0,0,0,8.0,0,0,123,166.1,0.0,26,43.3,0,64.0,,14726,0,14.2,31.4
398,young,3404,55,10,571,0,17,1,1,63,1549,113,1070,847650,27675.7,28246,2.2,31.2,306.0,312017,552.3,22.0,135.5,324.7,3700,0,330313,210462,0,0,0,0,0,0,0,0,0,0,0,0,8.0,0,0,123,157.8,0.0,26,43.2,0,64.0,,14758,0,14.2,31.5
399,young,3810,111,10,1218,0,22,1,0,60,1400,115,927,849170,27725.2,26768,1.9,33.1,306.0,312636,553.6,22.0,135.7,325.6,3700,0,330969,210848,0,0,0,0,0,0,0,0,0,0,0,0,8.0,0,0,123,148.9,0.0,26,43.2,0,64.0,,14790,0,14.2,31.5
400,young,3076,32,8,732,0,17,1,0,68,1256,115,879,851148,27789.0,26575,2.0,35.1,306.0,313223,554.6,22.1,135.9,326.3,3700,0,331600,211210,0,0,0,0,0,0,0,0,0,0,0,0,8.0,0,0,123,142.1,0.0,26,43.2,0,64.0,,14824,0,14.3,31.6
401,young,4056,26,8,1098,0,17,1,0,55,1724,116,1069,852615,27848.8,36351,2.7,37.8,306.0,313790,556.1,22.4,136.2,327.1,3700,0,332213,211532,0,0,0,0,0,0,0,0,0,0,0,0,8.0,0,0,123,134.3,0.0,26,43.2,0,64.0,,14856,0,14.3,31.7
402,young,4200,33,9,1439,0,18,1,0,64,1609,117,960,854081,27908.3,37002,3.0,40.8,306.0,314342,557.1,22.4,136.3,327.7,3706,0,332812,211895,0,0,0,0,0,0,0,0,0,0,0,0,8.0,0,0,123,126.1,0.0,26,42.9,0,64.0,,14891,0,14.3,31.7
403,young,3839,21,8,1046,0,20,2,0,54,1663,117,969,855562,27968.7,37384,2.7,43.6,306.0,314900,557.9,22.5,136.5,328.1,3706,0,333413,212336,0,0,0,0,0,0,0,0,0,0,0,0,8.0,0,0,123,119.7,0.0,26,42.9,0,64.0,,14924,0,14.3,31.8
404,full-cycle,9973,32,988,0,0,0,1,0,71,1524,116,77,857365,28040.1,155690,17.7,17.7,306.0,315604,559.1,22.5,136.9,328.8,3740,0,334204,212817,1020,5071,2576,120397,28,850,89,0,0,0,1265,0,0.0,5,13,107,207.5,9.1,28,49.0,0,64.0,starved,14999,0,14.4,31.8
405,young,2770,57,8,454,0,14,1,0,53,1762,116,377,861906,28199.2,38841,6.1,23.8,306.0,317056,560.9,22.6,137.2,330.0,3778,0,335660,213224,0,0,0,0,0,0,0,0,0,0,0,0,0.0,0,0,125,191.6,9.1,28,46.7,0,64.0,,15009,0,14.4,32.0
406,young,4110,49,8,1251,0,19,1,0,56,1861,113,810,863387,28260.5,37919,3.1,26.9,306.0,318229,561.8,22.6,137.5,330.4,3784,0,336899,214242,0,0,0,0,0,0,0,0,0,0,0,0,0.0,0,0,125,173.3,9.1,28,46.4,0,64.0,,15047,0,14.5,32.1
407,young,3856,26,10,1253,0,14,1,0,56,1546,113,900,864688,28310.8,28935,3.1,30.0,306.0,319016,563.6,22.6,138.5,330.9,3806,0,337750,214919,0,0,0,0,0,0,0,0,0,0,0,0,0.0,0,0,125,160.3,9.1,28,45.1,0,64.0,,15095,0,14.5,32.2
408,young,3585,33,10,1275,0,14,1,0,56,1325,116,829,866205,28366.6,26182,2.0,32.0,306.0,319582,564.4,22.7,138.7,331.4,3806,0,338373,215371,0,0,0,0,0,0,0,0,0,0,0,1,0.0,0,0,125,154.3,9.1,28,45.1,0,64.0,,15130,0,14.6,32.3
409,young,4205,108,8,1340,0,17,1,0,56,1776,115,832,868289,28424.7,38670,2.8,34.8,306.0,320136,565.5,22.7,139.0,332.0,3806,0,338969,215753,0,0,0,0,0,0,0,0,0,0,0,0,0.0,0,0,125,147.6,9.1,28,45.1,0,64.0,,15161,0,14.6,32.3
410,young,4104,90,7,1263,0,18,1,0,66,1580,115,980,869760,28488.8,33014,2.4,37.2,306.0,320712,566.6,22.7,139.2,332.6,3806,0,339603,216163,0,0,0,0,0,0,0,0,0,0,0,0,0.0,0,0,125,138.9,9.1,28,45.1,0,64.0,,15193,0,14.6,32.4
411,young,2668,27,8,376,0,23,1,0,72,1068,115,1040,871390,28546.8,23554,1.7,38.9,306.0,321264,567.6,22.7,139.5,333.2,3806,0,340207,216549,0,0,0,0,0,0,0,0,0,0,0,0,0.0,0,0,125,131.0,9.1,28,45.1,0,64.0,,15226,0,14.6,32.4
412,young,3236,35,8,396,0,24,2,0,75,1378,119,1269,872865,28606.7,28466,2.2,41.1,306.0,321828,568.5,22.8,139.7,333.7,3806,0,340827,216952,0,0,0,0,0,0,0,0,0,0,0,0,0.0,0,0,125,124.4,9.1,28,45.1,0,64.0,,15258,0,14.7,32.5
413,full-cycle,9855,33,368,0,0,0,1,0,61,1297,116,68,874451,28668.9,164359,19.4,19.4,308.0,322510,570.1,23.0,140.4,334.2,3821,0,341603,217494,401,6457,1781,139312,24,347,36,0,0,0,1148,0,0.0,2,12,112,213.1,3.7,28,48.5,0,64.0,starved,15333,0,14.7,32.5
414,young,3162,27,8,1108,0,17,1,0,56,1587,119,298,878231,28828.1,36655,5.2,24.6,308.0,323570,571.6,23.1,140.6,335.3,3859,0,342663,217893,0,0,0,0,0,0,0,0,0,0,0,0,0.0,0,0,126,205.1,3.7,28,46.4,0,64.0,,15342,0,14.7,32.7
415,young,4589,21,6,2254,0,14,1,1,58,1494,115,678,879920,28891.8,34946,3.1,27.6,308.0,324816,572.9,23.1,140.9,336.1,3869,0,343966,218766,0,0,0,0,0,0,0,0,0,0,0,0,0.0,0,0,126,186.7,3.7,28,45.8,0,64.0,,15377,0,14.8,32.8
416,young,3448,18,7,816,0,15,1,0,53,1629,111,832,881346,28949.1,37762,2.9,30.5,308.0,325724,574.0,23.1,141.2,336.8,3871,0,344921,219441,0,0,0,0,0,0,0,0,0,0,0,0,0.0,0,0,126,174.0,3.7,28,45.6,0,64.0,,15411,0,14.8,32.9
417,young,4369,23,8,1528,0,14,1,0,51,1704,110,993,882805,29009.3,39020,2.9,33.4,308.0,326578,575.1,23.2,141.4,337.3,3871,0,345836,220139,0,0,0,0,0,0,0,0,0,0,0,0,0.0,0,0,126,162.8,3.7,28,45.6,0,64.0,,15444,0,14.9,33.0
418,young,3702,17,7,1136,0,13,1,0,53,1552,112,887,884365,29062.3,39040,3.1,36.4,308.0,327189,575.9,23.3,141.6,337.7,3875,0,346513,220635,0,0,0,0,0,0,0,0,0,0,0,0,0.0,0,0,126,153.0,3.7,28,45.4,0,64.0,,15483,0,14.9,33.0
419,young,3924,30,10,921,0,18,1,1,57,1895,114,926,885836,29128.7,37162,3.0,39.4,308.0,327755,576.7,23.3,141.9,338.2,3881,0,347156,221110,0,0,0,0,0,0,0,0,0,0,0,0,0.0,0,0,126,145.0,3.7,28,45.1,0,64.0,,15523,0,14.9,33.1
420,young,3704,33,10,1100,0,15,1,0,54,1591,114,827,887554,29186.6,36126,2.7,42.1,308.0,328304,577.6,23.3,142.1,338.8,3881,0,347752,221509,0,0,0,0,0,0,0,0,0,0,0,0,0.0,0,0,126,137.6,3.7,28,45.1,0,64.0,,15552,0,15.0,33.1
421,young,3468,19,6,1008,0,16,1,0,59,1513,117,797,889136,29245.2,37986,2.9,45.0,308.0,328831,578.7,23.3,142.2,339.5,3883,0,348340,221844,0,0,0,0,0,0,0,0,0,0,0,0,0.0,0,0,126,131.1,3.7,28,44.9,0,64.0,,15589,0,15.0,33.2
422,young,4147,26,7,1357,0,14,1,0,67,1515,118,1104,890422,29305.4,29786,2.1,47.1,308.0,329400,579.7,23.3,142.4,340.1,3883,0,348957,222199,0,0,0,0,0,0,0,0,0,0,0,0,0.0,0,0,126,122.8,3.7,28,44.9,0,64.0,,15623,0,15.0,33.2
423,full-cycle,8770,28,883,0,0,0,1,0,62,1364,113,74,892303,29361.3,163501,18.7,18.7,308.0,330040,581.0,23.4,142.6,341.0,3883,0,349632,222577,911,5325,1670,133197,14,180,32,0,0,0,852,0,2.0,1,0,124,222.4,1.9,28,50.1,0,64.0,starved,15683,0,15.0,33.3
424,young,3285,63,9,1286,0,15,1,0,58,1576,112,214,896614,29559.2,32075,5.2,23.9,308.0,331072,581.7,23.4,142.9,341.2,3943,0,350713,223486,0,0,0,0,0,0,0,0,0,0,0,0,4.0,0,1,123,206.6,0.0,28,46.6,0,64.0,,15716,0,15.1,33.4
425,young,4023,44,7,1896,0,14,1,0,56,1298,104,622,898433,29600.5,27273,2.3,26.3,308.0,332036,582.6,23.4,143.1,341.6,3949,0,351737,224347,0,0,0,0,0,0,0,0,0,0,0,0,4.0,0,0,124,192.1,0.0,28,46.2,0,64.0,,15749,0,15.1,33.5
426,young,3091,29,7,771,0,20,1,1,62,1207,104,902,900050,29650.2,29195,2.2,28.5,308.0,332797,584.1,23.5,143.4,342.7,3951,0,352547,224856,0,0,0,0,0,0,0,0,0,0,0,0,4.0,0,0,124,180.1,0.0,28,46.1,0,64.0,,15780,0,15.2,33.6
427,young,3060,77,7,697,0,14,1,1,59,1285,105,866,901529,29706.2,25992,2.0,30.4,308.0,333778,585.0,23.5,143.6,343.1,3951,0,353582,225730,0,0,0,0,0,0,0,0,0,0,0,0,4.0,0,0,124,167.1,0.0,28,46.1,0,64.0,,15812,0,15.2,33.7
428,young,3644,188,7,1011,0,14,1,1,55,1416,110,892,902886,29768.1,32687,2.4,32.8,308.0,334549,585.9,23.5,143.9,343.6,3951,0,354403,226366,0,0,0,0,0,0,0,0,0,0,0,0,4.0,0,0,124,156.3,0.0,28,46.1,0,64.0,,15844,0,15.2,33.8
429,young,2811,51,8,344,0,19,2,1,59,1445,111,838,904275,29820.7,33362,2.5,35.3,308.0,335133,587.1,23.5,144.1,344.4,3951,0,355041,226717,0,0,0,0,0,0,0,0,0,0,0,0,4.0,0,0,124,148.1,0.0,28,46.1,0,64.0,,15877,0,15.3,33.8
430,young,3425,22,8,570,0,16,1,0,63,1717,112,956,905601,29879.1,35950,2.7,37.9,308.0,335689,588.2,23.6,144.3,345.1,3951,0,355645,227047,0,0,0,0,0,0,0,0,0,0,0,0,4.0,0,0,124,141.7,0.0,28,46.1,0,64.0,,15910,0,15.3,33.9
431,young,2637,26,8,366,0,22,1,0,66,1201,113,868,906921,29942.1,34696,2.5,40.4,308.0,336239,589.1,23.6,144.5,345.5,3951,0,356242,227474,0,0,0,0,0,0,0,0,0,0,0,0,4.0,0,0,124,133.6,0.0,28,46.1,0,64.0,,15941,0,15.3,33.9
432,young,3484,48,7,1069,0,17,1,1,54,1305,114,906,909422,30002.3,25216,1.8,42.3,308.0,336797,590.2,23.6,144.9,346.0,3951,0,356855,227907,0,0,0,0,0,0,0,0,0,0,0,0,4.0,0,0,124,126.5,0.0,28,46.1,0,64.0,,15975,0,15.3,34.0
433,young,3358,88,9,996,0,23,2,0,67,1291,114,838,910969,30061.6,25643,2.0,44.3,308.0,337456,591.4,23.6,145.2,346.7,3953,0,357546,228346,0,0,0,0,0,0,0,0,0,0,0,0,4.0,0,0,124,118.1,0.0,28,46.0,0,64.0,,16007,0,15.4,34.0
434,full-cycle,11368,26,1226,0,0,0,1,1,78,1413,112,85,912529,30123.9,160390,17.7,17.7,310.0,338186,593.0,23.8,145.8,347.4,3984,0,358360,228818,1251,6218,2424,135110,16,840,63,0,0,0,1438,0,0.0,3,11,111,212.3,5.4,30,53.2,0,64.0,starved,16094,0,15.4,34.1
435,young,3655,130,8,1182,0,12,1,0,53,1835,111,353,916727,30285.2,36064,5.4,23.2,310.0,339263,595.1,23.8,146.1,348.9,4012,0,359450,229049,0,0,0,0,0,0,0,0,0,0,0,0,0.0,0,0,125,200.0,5.4,30,51.5,0,64.0,,16103,0,15.5,34.3
436,young,5245,20,5,2667,0,16,1,1,56,1657,110,776,918316,30344.2,34407,2.6,25.7,310.0,340287,596.3,23.8,146.4,349.6,4012,0,360523,229660,0,0,0,0,0,0,0,0,0,0,0,0,0.0,0,0,125,185.8,5.4,30,51.5,0,64.0,,16135,0,15.5,34.4
437,young,3429,110,10,934,0,11,1,1,54,1512,112,757,919500,30384.0,32849,2.4,28.1,310.0,340995,597.6,23.9,146.8,350.3,4012,0,361280,230249,0,0,0,0,0,0,0,0,0,0,0,0,0.0,0,0,125,175.0,5.4,30,51.5,0,64.0,,16168,0,15.5,34.4
438,young,4367,527,9,1225,0,18,1,0,62,1528,114,942,921245,30450.2,30435,2.3,30.4,310.0,341534,598.9,23.9,147.0,351.2,4012,0,361859,230563,0,0,0,0,0,0,0,0,0,0,0,0,0.0,0,0,125,167.2,5.4,30,51.5,0,64.0,,16200,0,15.6,34.5
439,young,2961,38,9,532,0,12,1,0,54,1428,113,847,922760,30510.5,34034,2.9,33.2,310.0,342060,600.5,23.9,147.2,352.0,4020,0,362451,230884,0,0,0,0,0,0,0,0,0,0,0,0,0.0,0,0,125,159.3,5.4,30,51.1,0,64.0,,16236,0,15.6,34.5
440,young,3622,25,9,739,0,20,1,1,70,1710,114,1007,924496,30577.1,35177,2.6,35.9,310.0,342581,601.4,23.9,147.4,352.5,4020,0,363037,231271,0,0,0,0,0,0,0,0,0,0,0,0,0.0,0,0,125,152.9,5.4,30,51.1,0,64.0,,16270,0,15.6,34.6
441,young,4637,28,9,1681,0,23,2,0,88,1621,116,1111,925946,30629.3,37851,3.0,38.8,310.0,343145,602.4,23.9,147.7,353.1,4024,0,363644,231689,0,0,0,0,0,0,0,0,0,0,0,0,0.0,0,0,125,145.5,5.4,30,50.8,0,64.0,,16304,0,15.6,34.6
442,young,3427,32,15,854,0,35,2,0,78,1389,116,958,927579,30694.5,36347,2.7,41.5,310.0,343662,603.5,24.0,147.9,353.8,4024,0,364222,231999,0,0,0,0,0,0,0,0,0,0,0,0,0.0,0,0,125,139.0,5.4,30,50.8,0,64.0,,16334,0,15.7,34.7
443,young,3981,86,8,1174,0,14,1,0,55,1599,117,987,929578,30752.2,36782,2.8,44.3,310.0,344199,604.5,24.0,148.1,354.5,4026,0,364817,232332,0,0,0,0,0,0,0,0,0,0,0,0,0.0,0,1,124,130.6,5.4,30,50.7,0,64.0,,16369,0,15.7,34.7
444,young,4611,21,8,1660,0,18,1,1,62,1696,117,1079,931203,30817.8,34480,2.5,46.8,310.0,345029,605.3,24.0,148.4,354.9,4026,0,365690,233060,0,0,0,0,0,0,0,0,0,0,0,0,0.0,0,0,125,119.1,5.4,30,50.7,0,64.0,,16397,0,15.7,34.8
445,full-cycle,12340,87,1136,0,0,0,1,0,72,1725,110,78,936026,30880.9,159622,19.1,19.1,312.0,345798,609.3,24.0,148.9,358.2,4078,0,366587,233671,1223,6260,3334,121070,28,1442,51,0,0,0,1452,0,0.0,2,13,110,212.8,3.7,31,53.5,0,64.0,starved,16503,0,15.7,34.9
446,young,3591,24,20,999,0,31,1,0,78,1919,114,453,940746,31042.8,38895,5.8,24.9,312.0,346832,613.0,24.1,149.1,360.2,4108,0,367625,233966,0,0,0,0,0,0,0,0,0,0,0,0,2.0,0,0,124,203.6,1.9,31,51.7,0,64.0,,16511,0,15.8,35.0
447,young,3656,24,10,422,0,35,2,1,84,1660,111,1351,942544,31110.1,38465,2.8,27.8,312.0,348046,614.3,24.1,149.5,360.8,4108,0,368890,234930,0,0,0,0,0,0,0,0,0,0,0,0,2.0,0,0,124,186.0,1.9,31,51.7,0,64.0,,16541,0,15.9,35.1
448,young,7395,1193,14,2830,0,19,2,1,81,1916,113,1240,943709,31160.3,35402,2.7,30.4,312.0,348632,615.3,24.1,149.8,361.4,4110,0,369531,235366,0,0,0,0,0,0,0,0,0,0,0,1,2.0,0,0,124,177.0,1.9,31,51.6,0,64.0,,16572,0,15.9,35.2
449,young,5172,160,9,2039,0,19,1,0,75,1657,112,1126,945512,31212.3,30972,2.3,32.7,312.0,349173,616.0,24.2,150.0,361.7,4110,0,370127,235860,0,0,0,0,0,0,0,0,0,0,0,0,2.0,0,0,124,169.8,1.9,31,51.6,0,64.0,,16604,0,15.9,35.2
450,young,5418,36,11,1854,0,30,2,1,93,1730,112,1552,948561,31278.9,28257,2.0,34.8,312.0,349770,617.1,24.2,150.3,362.3,4110,0,370780,236347,0,0,0,0,0,0,0,0,0,0,0,0,2.0,0,1,123,161.7,1.9,31,51.6,0,64.0,,16638,0,15.9,35.3
451,young,5763,148,8,2098,0,28,2,1,93,1541,111,1700,952730,31338.1,24444,1.8,36.6,312.0,350500,618.5,24.2,150.6,363.2,4110,0,371556,236849,0,0,0,0,0,0,0,0,0,0,0,0,2.0,0,0,124,150.7,1.9,31,51.6,0,64.0,,16670,0,16.0,35.4
452,young,5512,179,11,1851,0,23,1,0,74,1788,114,1511,955384,31382.7,29769,3.4,39.9,312.0,351299,619.7,24.2,150.8,363.9,4134,0,372424,237445,0,0,0,0,0,0,0,0,0,0,0,0,2.0,0,0,124,140.4,1.9,31,50.2,0,64.0,,16716,0,16.0,35.5
453,young,3802,33,11,682,0,266,2,0,99,1284,114,1381,957976,31448.8,30104,2.3,42.2,312.0,351880,620.9,24.3,151.1,364.5,4134,0,373046,237878,0,0,0,0,0,0,0,0,0,0,0,0,2.0,0,0,124,132.2,1.9,31,50.2,0,64.0,,16752,0,16.0,35.5
454,young,4988,24,9,1481,0,63,2,1,106,1800,110,1434,959538,31513.2,35369,3.0,45.2,312.0,352439,621.8,24.3,151.4,365.1,4134,0,373662,238334,0,0,0,0,0,0,0,0,0,0,0,1,2.0,0,0,124,110.9,1.9,31,50.2,0,64.0,,16790,0,16.1,35.6
455,full-cycle,10855,42,1562,0,0,0,2,0,238,1001,109,248,962564,31562.8,149036,17.8,17.8,312.0,353172,623.1,24.3,151.6,365.9,4143,0,374465,238890,1604,5398,2532,127423,39,1172,63,0,0,0,1265,0,4.0,4,5,116,215.4,7.4,29,51.4,0,64.0,starved,16857,0,16.1,35.7
456,young,2914,32,9,487,0,30,2,1,79,1124,110,1091,972743,31750.0,18320,4.1,21.9,312.0,354874,625.5,24.4,152.2,367.3,4191,0,376198,239425,0,0,0,0,0,0,0,0,0,0,0,0,6.0,0,0,124,195.4,5.5,29,48.5,0,64.0,,16878,0,16.2,35.8
457,young,3337,92,9,1140,0,17,1,0,69,1129,109,820,974074,31799.6,21640,1.8,23.7,312.0,356426,627.2,24.4,152.6,367.9,4195,0,377821,240672,0,0,0,0,0,0,0,0,0,0,0,0,6.0,0,0,124,174.3,5.5,29,48.3,0,64.0,,16913,0,16.2,36.0
458,young,3217,37,9,599,0,22,1,0,63,1529,109,891,976090,31850.1,27662,2.1,25.8,312.0,357108,628.8,24.4,152.9,369.1,4195,0,378535,241196,0,0,0,0,0,0,0,0,0,0,0,0,6.0,0,0,124,165.2,5.5,29,48.3,0,64.0,,16942,0,16.3,36.1
459,young,4443,30,8,1496,0,22,1,1,70,1755,114,978,978253,31901.8,38118,2.8,28.6,312.0,357680,630.1,24.5,153.2,369.9,4195,0,379157,241592,0,0,0,0,0,0,0,0,0,0,0,0,6.0,0,0,124,158.4,5.5,29,48.3,0,64.0,,16974,0,16.3,36.1
460,young,3799,24,8,994,0,24,1,0,73,1603,117,1029,980726,31973.4,38516,2.8,31.4,312.0,358251,631.0,24.5,153.4,370.4,4195,0,379771,242050,0,0,0,0,0,0,0,0,0,0,0,0,6.0,0,0,124,150.9,5.5,29,48.3,0,64.0,,17006,0,16.3,36.2
461,young,3418,29,10,786,0,23,1,1,67,1589,116,858,982205,32033.8,38180,2.8,34.2,312.0,358856,633.5,25.2,154.7,370.8,4195,0,380427,242562,0,0,0,0,0,0,0,0,0,0,0,0,6.0,0,0,124,143.1,5.5,29,48.3,0,64.0,,17037,0,16.4,36.2
462,young,3291,159,8,731,0,20,1,0,63,1512,117,750,983511,32084.6,31815,2.4,36.6,312.0,359405,634.7,25.3,155.0,371.5,4197,0,381028,242888,0,0,0,0,0,0,0,0,0,0,0,0,6.0,0,0,124,135.0,5.5,29,48.2,0,64.0,,17072,0,16.4,36.3
463,young,2610,21,8,494,0,27,1,0,83,1076,119,816,986006,32144.7,24406,1.8,38.4,312.0,359980,635.9,25.3,155.2,372.3,4197,0,381638,243243,0,0,0,0,0,0,0,0,0,0,0,0,6.0,0,0,124,127.7,5.5,29,48.2,0,64.0,,17096,0,16.4,36.3
464,young,3965,29,8,1020,0,16,1,0,58,1508,117,1267,987477,32205.9,31879,2.4,40.8,312.0,360552,637.2,25.3,155.5,373.1,4197,0,382264,243642,0,0,0,0,0,0,0,0,0,0,0,0,6.0,0,0,124,120.0,5.5,29,48.2,0,64.0,,17129,0,16.4,36.4
465,full-cycle,8873,20,651,0,0,0,1,1,69,1018,108,77,990026,32275.6,158426,17.4,17.4,312.0,361261,639.2,25.3,155.8,374.6,4228,0,383078,244083,671,4618,2146,138927,89,836,119,0,0,0,1372,0,2.0,5,13,108,207.4,9.2,29,51.5,0,64.0,starved,17209,0,16.5,36.5
466,young,4192,36,9,2197,0,17,1,0,60,1414,109,386,994605,32428.7,30791,5.2,22.6,312.0,362473,641.6,25.4,156.1,376.5,4258,0,384294,244245,0,0,0,0,0,0,0,0,0,0,0,0,2.0,0,0,126,198.9,9.2,29,49.7,0,64.0,,17216,0,16.5,36.6
467,young,4487,66,7,1929,0,20,1,1,66,1523,114,807,996765,32494.8,31544,2.4,24.9,312.0,363411,643.2,25.4,156.3,377.5,4258,0,385272,244881,0,0,0,0,0,0,0,0,0,0,0,1,2.0,0,0,126,185.8,9.2,29,49.7,0,64.0,,17247,0,16.6,36.7
468,young,4936,434,36,1562,0,18,1,0,59,1848,114,941,998064,32553.1,32015,2.3,27.2,312.0,364122,644.2,25.4,156.6,378.1,4258,0,386023,245434,0,0,0,0,0,0,0,0,0,0,0,0,2.0,0,0,126,175.1,9.2,29,49.7,0,64.0,,17277,0,16.6,36.8
469,young,4093,25,8,1645,0,19,1,0,57,1416,116,862,999275,32602.6,30387,2.3,29.5,312.0,364737,645.0,25.4,156.8,378.6,4258,0,386697,245945,0,0,0,0,0,0,0,0,0,0,0,0,2.0,0,0,126,166.3,9.2,29,49.7,0,64.0,,17310,0,16.6,36.8
470,young,4967,27,9,1257,0,17,1,0,60,1989,119,1516,1001161,32677.1,36878,2.8,32.3,312.0,365262,645.9,25.5,157.0,379.0,4260,0,387271,246368,0,0,0,0,0,0,0,0,0,0,0,0,2.0,0,0,126,158.7,9.2,29,49.6,0,64.0,,17340,0,16.6,36.9
471,young,3614,24,8,454,0,33,2,0,83,1855,119,1086,1002935,32728.2,37096,2.7,35.0,312.0,365830,647.4,25.5,157.4,380.0,4260,0,387889,246791,0,0,0,0,0,0,0,0,0,0,0,0,2.0,0,0,126,151.6,9.2,29,49.6,0,64.0,,17372,0,16.7,36.9
472,young,4084,33,9,1118,0,13,2,0,55,1941,117,844,1004186,32785.1,38583,2.8,37.9,312.0,366415,648.3,25.5,157.6,380.5,4260,0,388521,247256,0,0,0,0,0,0,0,0,0,0,0,0,2.0,0,0,126,142.5,9.2,29,49.6,0,64.0,,17404,0,16.7,37.0
473,young,3754,42,9,1426,0,17,1,1,63,1413,118,720,1005772,32850.1,28026,2.0,39.9,312.0,366975,648.9,25.5,157.8,380.7,4260,0,389123,247772,0,0,0,0,0,0,0,0,0,0,0,0,2.0,0,1,125,135.2,9.2,29,49.6,0,64.0,,17440,0,16.7,37.1
474,young,3002,26,11,1203,0,12,2,0,51,802,116,850,1007502,32915.2,16127,1.2,41.1,312.0,367976,649.8,25.6,158.1,381.0,4260,0,390184,248720,0,0,0,0,0,0,0,0,0,0,0,0,2.0,0,0,126,123.4,9.2,29,49.6,0,64.0,,17469,0,16.8,37.2
475,full-cycle,8031,33,640,0,0,0,1,1,59,1354,111,66,1009010,32978.2,156571,17.3,17.3,312.0,368876,650.9,25.6,158.4,381.6,4290,0,391159,249471,672,3678,2338,130624,38,779,93,0,0,0,1288,0,4.0,6,12,109,210.8,11.1,27,47.5,0,64.0,starved,17545,0,16.8,37.3
476,young,2318,90,10,480,0,26,1,0,65,1284,112,271,1013133,33135.2,31320,4.7,22.0,312.0,369665,652.7,25.6,158.7,383.0,4312,0,391960,249604,0,0,0,0,0,0,0,0,0,0,0,0,6.0,0,0,126,203.9,9.2,27,46.2,0,64.0,,17555,0,16.8,37.3
477,young,4887,125,7,1934,0,14,1,0,92,1399,115,1217,1014931,33195.7,28751,3.7,25.7,312.0,370837,654.6,25.7,159.1,383.9,4344,0,393205,250310,0,0,0,0,0,0,0,0,0,0,0,0,6.0,0,0,126,184.6,9.2,27,44.4,0,64.0,,17599,0,16.9,37.4
478,young,4205,112,7,1732,0,21,1,0,59,1485,114,727,1016503,33258.9,23098,1.7,27.4,312.0,371757,655.7,25.7,159.5,384.3,4346,0,394192,251168,0,0,0,0,0,0,0,0,0,0,0,0,6.0,0,0,126,172.0,9.2,27,44.2,0,64.0,,17640,0,16.9,37.5
479,young,3429,88,11,1629,0,14,1,0,64,589,114,987,1018233,33321.9,8618,0.7,28.1,312.0,372723,656.7,25.7,159.8,384.6,4346,0,395206,252117,0,0,0,0,0,0,0,0,0,0,0,0,6.0,0,0,126,159.9,9.2,27,44.2,0,64.0,,17677,0,17.0,37.6
480,young,3424,31,9,1364,0,18,2,0,65,1044,115,824,1019449,33378.0,20444,1.6,29.7,312.0,373298,657.2,25.8,160.0,384.8,4346,0,395829,252691,0,0,0,0,0,0,0,0,0,0,0,0,6.0,0,0,126,153.6,9.2,27,44.2,0,64.0,,17716,0,17.0,37.7
481,young,4572,158,9,1591,0,21,1,1,62,1686,117,980,1020760,33433.3,31059,2.3,31.9,312.0,373857,658.1,25.8,160.3,385.3,4346,0,396432,253110,0,0,0,0,0,0,0,0,0,0,0,0,6.0,0,0,126,145.6,9.2,27,44.2,0,64.0,,17747,0,17.0,37.8
482,young,3538,89,10,890,0,18,1,0,56,1466,116,949,1022276,33498.3,30301,2.3,34.2,312.0,374416,659.0,25.8,160.5,385.7,4346,0,397040,253561,0,0,0,0,0,0,0,0,0,0,0,0,6.0,0,0,126,138.5,9.2,27,44.2,0,64.0,,17778,0,17.1,37.8
483,young,4292,25,8,1400,0,18,2,1,57,1835,117,894,1024168,33556.1,36377,2.7,36.9,312.0,374952,660.0,25.8,160.8,386.4,4346,0,397635,253928,0,0,0,0,0,0,0,0,0,0,0,0,6.0,0,0,126,131.1,9.2,27,44.2,0,64.0,,17812,0,17.1,37.9
484,young,3763,27,9,638,0,22,1,0,61,1906,118,1019,1026141,33619.4,34875,2.5,39.4,312.0,375517,661.0,25.9,161.0,387.0,4346,0,398260,254315,0,0,0,0,0,0,0,0,0,0,0,0,6.0,0,0,126,122.0,9.2,27,44.2,0,64.0,,17844,0,17.1,37.9
485,young,3502,112,10,590,0,16,1,0,64,1721,119,925,1027609,33677.5,35787,2.6,42.1,312.0,376059,661.9,25.9,161.2,387.5,4346,0,398853,254735,0,0,0,0,0,0,0,0,0,0,0,1,6.0,0,0,126,116.3,9.2,27,44.2,0,64.0,,17878,0,17.1,38.0
486,full-cycle,10828,108,748,0,0,0,1,0,61,1418,113,67,1029288,33745.4,155359,18.3,18.3,314.0,376717,663.0,26.0,161.5,388.0,4356,0,399604,255267,856,5609,3061,129252,21,1487,60,0,0,0,1251,0,0.0,2,10,116,219.2,3.7,29,51.3,0,64.0,starved,17951,0,17.2,38.0
487,young,2439,85,12,734,0,13,1,1,59,1318,112,170,1034757,33932.3,22704,4.7,23.0,314.0,377606,664.8,26.1,161.7,389.2,4408,0,400490,255738,0,0,0,0,0,0,0,0,0,0,0,0,2.0,0,0,127,213.5,1.9,29,48.2,0,64.0,,17963,0,17.2,38.1
488,young,4715,26,9,2168,0,19,2,0,66,1672,106,704,1036281,33985.5,32550,2.5,25.5,314.0,379514,665.8,26.2,162.2,389.3,4410,0,402445,257656,0,0,0,0,0,0,0,0,0,0,0,0,2.0,0,0,127,187.8,1.9,29,48.1,0,64.0,,17996,0,17.3,38.3
489,young,3728,32,9,1217,0,14,1,1,56,1558,109,791,1037590,34032.5,34727,2.6,28.0,314.0,380236,667.0,26.2,162.8,389.8,4410,0,403215,258319,0,0,0,0,0,0,0,0,0,0,0,0,2.0,0,0,127,177.2,1.9,29,48.1,0,64.0,,18026,0,17.3,38.4
490,young,3218,34,9,441,0,21,2,1,57,1573,114,1026,1039010,34084.5,37141,2.7,30.8,314.0,380902,668.1,26.2,163.2,390.3,4410,0,403929,258858,0,0,0,0,0,0,0,0,0,0,0,0,2.0,0,0,127,167.8,1.9,29,48.1,0,64.0,,18057,0,17.4,38.5
491,young,3978,25,10,1043,0,20,1,0,65,1757,117,988,1040387,34146.6,36960,2.7,33.5,314.0,381437,668.8,26.3,163.3,390.7,4410,0,404526,259292,0,0,0,0,0,0,0,0,0,0,0,0,2.0,0,0,127,159.6,1.9,29,48.1,0,64.0,,18092,0,17.4,38.5
492,young,4718,54,10,1719,0,21,1,0,66,1736,120,1043,1042091,34202.8,35553,2.6,36.1,314.0,381966,669.7,26.3,163.6,391.3,4410,0,405109,259640,0,0,0,0,0,0,0,0,0,0,0,0,2.0,0,0,127,153.3,1.9,29,48.1,0,64.0,,18124,0,17.4,38.6
493,young,3779,21,7,1135,0,16,1,1,59,1708,117,779,1043568,34265.6,38220,3.3,39.4,314.0,382536,670.9,26.3,163.8,392.0,4420,0,405724,259970,0,0,0,0,0,0,0,0,0,0,0,0,2.0,0,0,127,144.5,1.9,29,47.5,0,64.0,,18162,0,17.4,38.6
494,young,3743,22,8,824,0,18,2,0,60,1896,116,863,1045087,34328.3,38500,3.0,42.4,314.0,383173,671.9,26.3,164.0,392.6,4424,0,406433,260524,0,0,0,0,0,0,0,0,0,0,0,0,2.0,0,0,127,134.9,1.9,29,47.3,0,64.0,,18199,0,17.5,38.7
495,young,3398,20,8,990,0,14,1,1,57,1449,117,820,1046697,34384.4,33608,2.6,45.0,314.0,383745,672.9,26.4,164.2,393.3,4428,0,407062,260938,0,0,0,0,0,0,0,0,0,0,0,0,2.0,0,0,127,126.8,1.9,29,47.1,0,64.0,,18239,0,17.5,38.7
496,young,3736,23,8,918,0,27,2,0,63,1646,121,985,1048082,34438.4,32552,2.4,47.5,314.0,384292,673.7,26.4,164.4,393.7,4428,0,407655,261364,0,0,0,0,0,0,0,0,0,0,0,0,2.0,0,0,127,120.0,1.9,29,47.1,0,64.0,,18273,0,17.5,38.8
497,full-cycle,10422,22,1162,0,0,0,1,0,70,1247,115,76,1050439,34505.3,160836,18.4,18.4,314.0,384974,675.5,26.4,165.0,394.6,4464,0,408441,261764,1184,5976,1848,136249,16,439,62,0,0,0,1353,0,0.0,3,12,113,216.2,5.5,29,50.1,0,64.0,starved,18356,0,17.5,38.9
498,young,3891,57,9,1705,0,20,1,0,58,1660,118,306,1055559,34674.5,35803,6.4,24.9,314.0,385842,676.7,26.4,165.3,395.5,4508,0,409327,262278,0,0,0,0,0,0,0,0,0,0,0,0,2.0,0,0,127,210.2,3.6,29,47.5,0,64.0,,18377,0,17.6,38.9
499,young,3353,152,7,703,0,28,2,0,95,1386,114,900,1056982,34732.3,24908,2.2,27.1,314.0,386897,678.0,26.5,165.6,396.2,4516,0,410442,263024,0,0,0,0,0,0,0,0,0,0,0,0,2.0,0,0,127,194.3,3.6,29,47.1,0,64.0,,18418,0,17.6,39.1
500,young,3108,33,9,491,0,16,1,0,58,1475,118,921,1058480,34787.3,25007,2.2,29.3,314.0,387640,679.6,26.5,166.1,397.1,4522,0,411250,263577,0,0,0,0,0,0,0,0,0,0,0,0,2.0,0,0,127,183.4,3.6,29,46.7,0,64.0,,18462,0,17.7,39.1
501,young,3829,22,9,999,0,17,1,0,55,1678,114,994,1060215,34846.8,37089,2.7,32.0,314.0,388725,681.0,26.6,166.5,397.9,4522,0,412377,264475,0,0,0,0,0,0,0,0,0,0,0,0,2.0,0,0,127,167.5,3.6,29,46.7,0,64.0,,18494,0,17.7,39.2
502,young,3582,29,8,630,0,15,1,1,55,1839,116,939,1061774,34911.6,38216,2.8,34.8,314.0,389420,682.0,26.6,166.7,398.5,4522,0,413129,265013,0,0,0,0,0,0,0,0,0,0,0,0,2.0,0,0,127,157.5,3.6,29,46.7,0,64.0,,18528,0,17.7,39.3
503,young,3609,23,8,1102,0,12,1,0,53,1605,119,742,1063108,34965.4,37210,2.7,37.5,314.0,390016,682.9,26.6,166.9,399.0,4522,0,413766,265500,0,0,0,0,0,0,0,0,0,0,0,0,2.0,0,0,127,149.8,3.6,29,46.7,0,64.0,,18560,0,17.8,39.4
504,young,3917,46,10,681,0,20,1,1,60,2146,119,914,1064564,35027.0,36605,2.7,40.2,314.0,390583,683.8,26.7,167.1,399.5,4522,0,414385,265926,0,0,0,0,0,0,0,0,0,0,0,0,2.0,0,0,127,142.2,3.6,29,46.7,0,64.0,,18595,0,17.8,39.4
505,young,5411,552,10,1566,0,22,1,0,73,1885,117,1213,1065942,35085.2,36388,2.7,42.9,314.0,391243,685.1,26.7,167.3,400.0,4522,0,415086,266440,0,0,0,0,0,0,0,0,0,0,0,0,2.0,0,0,127,132.5,3.6,29,46.7,0,64.0,,18627,0,17.8,39.5
506,young,3855,26,9,993,0,31,1,0,61,1729,120,928,1067492,35143.6,32376,2.4,45.2,314.0,391789,686.1,26.8,167.8,400.4,4522,0,415702,266922,0,0,0,0,0,0,0,0,0,0,0,0,2.0,0,0,127,125.6,3.6,29,46.7,0,64.0,,18661,0,17.8,39.5
507,full-cycle,11119,43,1188,0,0,0,1,1,69,1400,112,76,1069758,35208.1,161644,19.0,19.0,316.0,392489,688.0,27.2,168.4,401.0,4552,0,416484,267452,1232,5646,3014,137443,18,1420,91,0,0,0,1182,0,0.0,3,12,113,216.4,5.6,30,51.9,0,64.0,starved,18737,0,17.9,39.6
508,young,2744,47,8,433,0,19,1,0,59,1818,118,285,1074840,35381.1,35894,4.9,23.9,316.0,393231,689.5,27.2,168.6,402.2,4570,0,417226,267662,0,0,0,0,0,0,0,0,0,0,0,0,2.0,0,0,127,214.0,3.7,30,50.8,0,64.0,,18746,0,17.9,39.7
509,young,2703,59,9,649,0,19,1,0,60,1080,115,770,1076747,35445.2,27104,2.4,26.3,316.0,394282,690.9,27.2,168.9,403.0,4580,0,418328,268470,0,0,0,0,0,0,0,0,0,0,0,0,2.0,0,0,127,198.2,3.7,30,50.2,0,64.0,,18777,0,18.0,39.8
510,young,3877,33,11,1686,0,16,2,0,60,1205,114,793,1078363,35506.8,26464,2.0,28.4,316.0,394979,692.0,27.3,169.1,403.7,4580,0,419066,268928,0,0,0,0,0,0,0,0,0,0,0,0,2.0,0,0,127,189.4,3.7,30,50.2,0,64.0,,18810,0,18.0,39.9
511,young,4015,51,8,1187,0,29,2,1,78,1450,116,1132,1079974,35565.0,31137,2.3,30.7,316.0,395745,693.3,27.3,169.4,404.4,4582,0,419884,269537,0,0,0,0,0,0,0,0,0,0,0,0,2.0,0,0,127,177.6,3.7,30,50.1,0,64.0,,18841,0,18.0,39.9
512,young,3494,47,8,1304,0,11,1,0,54,1138,116,851,1082629,35619.2,25805,1.9,32.6,316.0,396932,694.5,27.3,169.8,405.1,4582,0,421119,270556,0,0,0,0,0,0,0,0,0,0,0,0,2.0,0,0,127,163.9,3.7,30,50.1,0,64.0,,18873,0,18.1,40.1
513,young,3655,34,10,936,0,19,1,0,61,1470,117,1044,1084598,35678.3,26972,2.0,34.6,316.0,397570,696.0,27.4,170.1,406.1,4582,0,421810,271051,0,0,0,0,0,0,0,0,0,0,0,0,2.0,0,2,125,156.3,3.7,30,50.1,0,64.0,,18906,0,18.1,40.1
514,young,3991,68,10,1448,0,20,1,1,70,1258,117,1044,1086063,35736.1,27606,2.1,36.7,316.0,398109,697.0,27.4,170.3,406.7,4582,0,422401,271435,0,0,0,0,0,0,0,0,0,0,0,0,2.0,0,0,127,150.8,3.7,30,50.1,0,64.0,,18936,0,18.1,40.2
515,young,2745,31,9,444,0,13,1,0,60,1318,118,814,1087606,35791.2,36488,2.7,39.4,316.0,398652,698.1,27.5,170.5,407.4,4582,0,422997,271773,0,0,0,0,0,0,0,0,0,0,0,0,2.0,0,0,127,143.3,3.7,30,50.1,0,64.0,,18968,0,18.1,40.2
516,young,3563,29,9,801,0,15,1,0,55,1866,119,742,1089154,35855.9,38868,2.9,42.2,316.0,399224,698.9,27.5,170.7,407.9,4582,0,423620,272201,0,0,0,0,0,0,0,0,0,0,0,0,2.0,0,0,127,135.4,3.7,30,50.1,0,64.0,,19000,0,18.2,40.3
517,young,4428,38,8,2017,0,15,1,0,59,1366,119,874,1090564,35913.0,31035,2.2,44.4,316.0,399804,699.8,27.5,171.0,408.4,4582,0,424247,272634,0,0,0,0,0,0,0,0,0,0,0,0,2.0,0,0,127,127.0,3.7,30,50.1,0,64.0,,19031,0,18.2,40.3
518,young,4750,196,7,2140,0,17,2,0,60,1227,122,1021,1092270,35978.1,26016,2.1,46.5,316.0,400407,700.7,27.5,171.2,408.9,4584,0,424903,273138,0,0,0,0,0,0,0,0,0,0,0,0,2.0,0,0,127,120.3,3.7,30,50.0,0,64.0,,19065,0,18.2,40.4
519,full-cycle,12116,164,1783,0,0,0,1,0,67,1021,112,74,1093929,36040.8,158556,17.5,17.5,316.0,401127,701.8,27.6,171.4,409.5,4610,0,425684,273692,1947,6708,2118,139911,44,899,72,0,0,0,1299,0,6.0,3,8,117,219.5,5.6,27,47.7,0,64.0,starved,19134,0,18.3,40.5
520,young,3123,84,9,1220,0,19,1,0,59,1479,118,202,1099656,36235.6,36193,6.0,23.5,316.0,402082,703.8,27.6,172.3,410.5,4652,0,426687,274069,0,0,0,0,0,0,0,0,0,0,0,0,8.0,0,0,127,210.6,3.7,27,45.2,0,64.0,,19158,0,18.3,40.6
521,young,3914,22,8,792,0,16,1,0,59,2178,114,783,1100984,36287.7,38335,3.5,27.0,316.0,403189,705.0,27.6,172.6,411.1,4666,0,427857,274999,0,0,0,0,0,0,0,0,0,0,0,0,8.0,0,0,127,194.1,3.7,27,44.4,0,64.0,,19197,0,18.4,40.7
522,young,3968,25,9,1321,0,12,1,0,52,1627,113,863,1102231,36338.1,37763,2.9,29.9,316.0,404568,706.3,27.7,172.9,411.7,4668,0,429286,276201,0,0,0,0,0,0,0,0,0,0,0,0,8.0,0,0,127,173.9,3.7,27,44.3,0,64.0,,19232,0,18.4,40.8
523,young,4372,36,9,1581,0,14,1,0,53,1831,114,792,1103581,36385.6,36772,2.7,32.6,316.0,405136,707.1,27.7,173.1,412.3,4668,0,429902,276608,0,0,0,0,0,0,0,0,0,0,0,0,8.0,0,0,127,165.5,3.7,27,44.3,0,64.0,,19263,0,18.5,40.9
524,young,3883,44,8,1425,0,22,2,1,61,1259,118,1000,1105448,36440.0,27633,2.0,34.5,316.0,405713,708.5,27.8,173.4,412.9,4668,0,430523,277006,0,0,0,0,0,0,0,0,0,0,0,0,8.0,0,0,127,158.4,3.7,27,44.3,0,64.0,,19295,0,18.5,41.0
525,young,3159,31,8,676,0,19,1,0,60,1289,118,1021,1107382,36508.5,20579,1.6,36.1,316.0,406336,709.3,27.8,173.6,413.4,4668,0,431195,277550,0,0,0,0,0,0,0,0,0,0,0,1,8.0,0,0,127,151.3,3.7,27,44.3,0,64.0,,19326,0,18.5,41.0
526,young,4577,27,9,1740,0,28,2,1,84,1640,118,988,1109466,36573.3,32552,2.4,38.5,316.0,406903,710.1,27.8,173.8,413.8,4668,0,431804,278019,0,0,0,0,0,0,0,0,0,0,0,0,8.0,0,0,127,144.1,3.7,27,44.3,0,64.0,,19357,0,18.5,41.1
527,young,4136,298,10,889,0,17,1,1,59,1830,116,975,1111206,36629.2,35793,2.6,41.2,316.0,407501,711.1,27.8,174.0,414.3,4668,0,432454,278478,0,0,0,0,0,0,0,0,0,0,0,0,8.0,0,0,127,136.6,3.7,27,44.3,0,64.0,,19390,0,18.6,41.1
528,young,3486,37,8,818,0,17,1,0,62,1521,115,948,1112842,36691.9,26951,1.9,43.1,316.0,408052,712.4,27.8,174.2,415.1,4668,0,433054,278843,0,0,0,0,0,0,0,0,0,0,0,0,8.0,0,0,127,129.3,3.7,27,44.3,0,64.0,,19422,0,18.6,41.2
529,young,3848,26,8,1077,0,17,2,0,69,1516,121,1060,1114568,36749.3,24782,1.9,45.0,316.0,408610,713.6,27.9,174.5,416.0,4668,0,433667,279153,0,0,0,0,0,0,0,0,0,0,0,0,8.0,0,0,127,123.2,3.7,27,44.3,0,64.0,,19462,0,18.6,41.2
530,young,3802,27,9,568,0,18,2,0,76,1929,124,1121,1116793,36807.2,35639,2.6,47.6,316.0,409183,714.7,27.9,174.7,416.6,4668,0,434295,279566,0,0,0,0,0,0,0,0,0,0,0,0,8.0,0,0,127,115.9,3.7,27,44.3,0,64.0,,19503,0,18.6,41.3
531,full-cycle,14700,31,1270,0,0,0,1,0,74,982,114,81,1121727,36878.6,148257,17.6,17.6,316.0,409958,717.3,27.9,175.1,418.6,4692,0,435170,280144,1301,9153,2466,129526,35,1314,46,0,0,0,1712,0,8.0,4,10,113,213.3,7.5,27,46.7,0,64.0,starved,19586,0,18.7,41.4
532,young,1990,29,8,918,0,23,1,1,79,558,112,274,1126988,37053.3,10592,3.9,21.5,316.0,411157,719.3,28.1,175.4,419.9,4732,0,436369,280399,0,0,0,0,0,0,0,0,0,0,0,0,10.0,0,0,126,205.1,5.6,27,44.3,0,64.0,,19598,0,18.7,41.5
533,young,4514,20,8,2497,0,14,1,0,55,1104,110,732,1128747,37115.7,23629,1.8,23.4,316.0,412328,720.6,28.2,175.7,420.6,4732,0,437583,281369,0,0,0,0,0,0,0,0,0,0,0,0,10.0,0,0,126,188.5,5.6,27,44.3,0,64.0,,19631,0,18.8,41.6
534,young,3715,135,9,812,0,21,1,1,68,1689,115,866,1129921,37164.5,34014,2.5,25.8,316.0,412944,721.5,28.2,176.0,421.2,4732,0,438248,281844,0,0,0,0,0,0,0,0,0,0,0,0,10.0,0,2,124,179.6,5.6,27,44.3,0,64.0,,19665,0,18.8,41.7
535,young,4754,23,9,1764,0,15,1,1,62,1488,112,1305,1132442,37226.1,32175,3.7,29.6,316.0,414044,723.3,28.2,176.4,422.3,4760,0,439404,282773,0,0,0,0,0,0,0,0,0,0,0,0,10.0,0,3,123,163.8,5.6,27,42.7,0,64.0,,19714,0,18.9,41.8
536,young,3619,23,9,714,0,32,2,1,109,1262,110,1397,1133774,37276.7,23301,1.6,31.2,316.0,415048,724.4,28.3,176.7,422.9,4760,0,440458,283630,0,0,0,0,0,0,0,0,0,0,0,0,10.0,0,0,126,152.0,5.6,27,42.7,0,64.0,,19749,0,18.9,41.9
537,young,3186,26,9,1195,0,17,1,1,54,1041,109,801,1135331,37335.6,19911,1.6,32.8,316.0,415592,725.2,28.3,176.9,423.3,4760,0,441053,284085,0,0,0,0,0,0,0,0,0,0,0,0,10.0,0,0,126,145.4,5.6,27,42.7,0,64.0,,19779,0,18.9,42.0
538,young,4078,31,9,1121,0,22,1,0,63,1891,114,882,1136892,37392.5,36649,2.7,35.5,316.0,416142,726.4,28.3,177.2,424.1,4760,0,441645,284449,0,0,0,0,0,0,0,0,0,0,0,0,10.0,0,0,126,137.8,5.6,27,42.7,0,64.0,,19814,0,19.0,42.0
539,young,3991,46,8,1238,0,15,1,1,60,1791,117,769,1138364,37451.0,37927,2.8,38.2,316.0,416682,727.3,28.3,177.4,424.6,4760,0,442252,284874,0,0,0,0,0,0,0,0,0,0,0,0,10.0,0,0,126,131.3,5.6,27,42.7,0,64.0,,19850,0,19.0,42.1
540,young,3749,23,9,1330,0,15,1,0,54,1612,114,659,1140523,37510.6,36251,2.7,40.9,316.0,417241,728.7,28.3,177.6,425.6,4760,0,442849,285209,0,0,0,0,0,0,0,0,0,0,0,0,10.0,0,0,126,123.7,5.6,27,42.7,0,64.0,,19880,0,19.0,42.1
541,young,3438,61,8,1032,0,15,1,0,56,1409,117,801,1142382,37575.5,29244,2.1,43.0,316.0,417830,730.7,28.4,178.4,426.6,4760,0,443483,285617,0,0,0,0,0,0,0,0,0,0,0,0,10.0,0,0,126,116.8,5.6,27,42.7,0,64.0,,19913,0,19.0,42.2
542,full-cycle,11330,23,726,0,0,0,1,0,63,1739,112,70,1144229,37638.9,168029,19.6,19.6,324.0,418546,731.9,28.4,178.7,427.3,4786,0,444278,286124,749,6146,3106,136528,18,1241,29,0,0,0,1264,0,0.0,6,11,113,215.0,11.1,32,56.1,0,64.0,starved,19989,0,19.1,42.3
543,young,4829,318,14,2348,0,16,1,0,58,1647,116,292,1151113,37812.5,33417,5.1,24.7,324.0,419365,734.9,28.4,179.0,429.8,4818,0,445094,286430,0,0,0,0,0,0,0,0,0,0,0,1,0.0,0,0,130,209.4,11.1,32,54.2,0,64.0,,20000,0,19.1,42.4
544,young,3242,32,9,899,0,17,2,0,61,1634,113,526,1153258,37882.2,30280,2.4,27.1,324.0,420721,736.1,28.5,179.5,430.4,4820,0,446499,287648,0,0,0,0,0,0,0,0,0,0,0,0,0.0,0,0,130,189.7,11.1,32,54.1,0,64.0,,20035,0,19.2,42.5
545,young,3786,32,9,910,0,18,1,0,62,1716,110,986,1154356,37930.1,35987,2.6,29.7,324.0,422064,737.4,28.5,179.9,431.0,4820,0,447891,288795,0,0,0,0,0,0,0,0,0,0,0,0,0.0,0,0,130,169.9,11.1,32,54.1,0,64.0,,20068,0,19.2,42.6
546,young,4510,155,8,1685,0,14,1,0,61,1663,112,866,1155645,37975.9,34805,2.7,32.4,324.0,422680,738.6,28.5,180.2,431.7,4822,0,448553,289231,0,0,0,0,0,0,0,0,0,0,0,0,0.0,0,0,130,161.4,11.1,32,54.0,0,64.0,,20103,0,19.3,42.7
547,young,3783,36,7,1007,0,17,1,0,56,1658,115,958,1157117,38038.4,35303,2.6,35.0,324.0,423288,739.6,28.6,180.4,432.3,4822,0,449218,289670,0,0,0,0,0,0,0,0,0,0,0,0,0.0,0,0,130,153.1,11.1,32,54.0,0,64.0,,20135,0,19.3,42.8
548,young,3810,88,18,719,0,21,1,0,63,1730,116,1128,1158730,38093.6,34400,2.5,37.5,324.0,423850,740.5,28.6,180.6,432.8,4822,0,449827,290106,0,0,0,0,0,0,0,0,0,0,0,0,0.0,0,0,130,146.4,11.1,32,54.0,0,64.0,,20166,0,19.3,42.8
549,young,4359,149,9,1485,0,16,1,0,57,1633,118,931,1160224,38154.5,34949,2.6,40.1,324.0,424429,741.3,28.6,180.9,433.2,4822,0,450455,290573,0,0,0,0,0,0,0,0,0,0,0,0,0.0,0,0,130,139.0,11.1,32,54.0,0,64.0,,20199,0,19.3,42.9
550,young,4518,37,8,2007,0,15,1,1,63,1416,119,861,1162080,38219.1,29865,2.1,42.2,324.0,425011,742.3,28.6,181.2,433.7,4822,0,451090,291104,0,0,0,0,0,0,0,0,0,0,0,0,0.0,0,0,130,131.4,11.1,32,54.0,0,64.0,,20232,0,19.4,42.9
551,young,4188,120,8,1646,0,14,1,1,63,1091,122,1168,1163573,38283.2,19800,1.5,43.7,324.0,425548,744.1,28.7,182.4,434.1,4822,0,451683,291589,0,0,0,0,0,0,0,0,0,0,0,0,0.0,0,0,130,125.4,11.1,32,54.0,0,64.0,,20264,0,19.4,43.0
552,full-cycle,12287,187,668,0,0,0,2,0,82,2044,119,90,1165226,38350.6,161331,17.7,17.7,324.0,426274,745.3,28.7,182.9,434.6,4846,0,452504,292180,855,6462,3207,113070,91,883,90,0,0,0,1640,0,6.0,3,13,114,219.9,5.6,29,51.8,0,64.0,starved,20354,0,19.4,43.0
553,young,2518,25,8,359,0,15,1,0,61,1770,113,240,1170046,38519.8,35299,5.4,23.1,324.0,427431,748.9,28.7,183.3,437.6,4880,0,453661,292596,0,0,0,0,0,0,0,0,0,0,0,0,8.0,0,0,129,209.8,3.7,29,49.8,0,64.0,,20358,0,19.5,43.2
554,young,3637,95,146,824,0,20,1,0,63,1723,114,706,1171900,38585.1,36591,2.7,25.7,324.0,428794,750.3,28.8,183.7,438.4,4880,0,455085,293561,0,0,0,0,0,0,0,0,0,0,0,0,8.0,0,0,129,192.7,3.7,29,49.8,0,64.0,,20391,0,19.5,43.3
555,young,4280,26,9,1955,0,13,1,1,57,1412,113,758,1173115,38634.1,33662,2.5,28.2,324.0,429876,751.5,28.8,184.0,439.1,4880,0,456211,294440,0,0,0,0,0,0,0,0,0,0,0,0,8.0,0,0,129,176.5,3.7,29,49.8,0,64.0,,20421,0,19.6,43.4
556,young,3372,26,10,542,0,20,1,0,58,1701,114,972,1174526,38692.5,33969,2.5,30.7,324.0,430644,752.5,28.8,184.3,439.6,4880,0,457031,295073,0,0,0,0,0,0,0,0,0,0,0,0,8.0,0,0,129,166.8,3.7,29,49.8,0,64.0,,20454,0,19.6,43.5
557,young,4511,44,8,1337,0,18,1,1,57,1892,115,1108,1176114,38751.8,38597,2.9,33.7,324.0,431196,753.6,28.9,184.5,440.3,4882,0,457632,295472,0,0,0,0,0,0,0,0,0,0,0,0,8.0,0,0,129,159.2,3.7,29,49.7,0,64.0,,20483,0,19.6,43.5
558,young,4496,169,9,1614,0,18,1,0,59,1600,119,961,1177606,38814.4,34833,2.6,36.3,324.0,431792,754.7,28.9,184.8,441.0,4884,0,458295,295914,0,0,0,0,0,0,0,0,0,0,0,1,8.0,0,0,129,151.0,3.7,29,49.6,0,64.0,,20519,0,19.7,43.6
559,young,4477,23,9,1702,0,17,1,0,56,1494,124,1114,1179569,38871.5,32347,2.8,39.1,324.0,432333,755.5,28.9,185.0,441.4,4892,0,458896,296355,0,0,0,0,0,0,0,0,0,0,0,0,8.0,0,0,129,143.8,3.7,29,49.1,0,64.0,,20557,0,19.7,43.7
560,young,3891,326,8,1096,0,16,1,1,62,1489,125,800,1181265,38936.6,30181,2.5,41.6,324.0,432863,756.4,28.9,185.2,441.9,4900,0,459492,296805,0,0,0,0,0,0,0,0,0,0,0,0,8.0,0,0,129,135.5,3.7,29,48.6,0,64.0,,20598,0,19.7,43.7
561,young,4086,97,10,1753,0,11,1,0,50,1302,121,800,1182800,38991.3,24404,1.8,43.4,324.0,433388,757.4,28.9,185.4,442.6,4900,0,460082,297148,0,0,0,0,0,0,0,0,0,0,0,0,8.0,0,0,129,130.2,3.7,29,48.6,0,64.0,,20639,0,19.7,43.8
562,young,3561,29,11,822,0,17,1,0,62,1547,125,1009,1184656,39056.3,29441,2.6,46.0,324.0,433904,758.2,29.0,185.6,443.0,4908,0,460666,297586,0,0,0,0,0,0,0,0,0,0,0,0,8.0,0,0,129,123.5,3.7,29,48.1,0,64.0,,20683,0,19.8,43.8
563,young,3676,49,18,717,0,13,1,1,67,1702,123,1042,1185948,39111.8,32395,2.4,48.4,324.0,434461,759.2,29.0,185.8,443.7,4908,0,461260,297955,0,0,0,0,0,0,0,0,0,0,0,0,8.0,0,0,129,116.4,3.7,29,48.1,0,64.0,,20715,0,19.8,43.9
564,full-cycle,16884,36,1178,0,0,0,1,0,78,2046,116,86,1187720,39177.4,156338,18.5,18.5,324.0,435233,760.9,29.0,186.4,444.6,4936,0,462137,298485,1214,10020,3291,111770,56,962,131,0,0,0,2251,0,2.0,5,15,112,219.5,9.4,29,50.1,0,64.0,starved,20803,0,19.8,43.9
565,young,3466,48,8,1468,0,11,1,0,57,1505,115,303,1193109,39349.3,30468,5.2,23.6,324.0,436315,763.3,29.0,186.7,446.4,4968,0,463213,298527,0,0,0,0,0,0,0,0,0,0,0,0,4.0,0,0,131,213.2,7.5,29,48.3,0,64.0,,20809,0,19.9,44.1
566,young,5237,45,10,1758,0,37,2,1,89,1920,115,1280,1194782,39414.0,34272,2.5,26.1,324.0,437768,764.5,29.1,187.1,446.9,4968,0,464717,299888,0,0,0,0,0,0,0,0,0,0,0,0,4.0,0,0,131,192.7,7.5,29,48.3,0,64.0,,20841,0,19.9,44.2
567,young,2676,20,8,394,0,12,1,0,59,1279,110,850,1197987,39479.7,23868,1.7,27.8,324.0,438737,765.2,29.2,187.5,446.9,4968,0,465736,300891,0,0,0,0,0,0,0,0,0,0,0,0,4.0,0,0,131,177.5,7.5,29,48.3,0,64.0,,20870,0,20.0,44.3
568,young,3047,38,7,616,0,15,2,0,75,970,115,1208,1199157,39524.8,14207,1.1,29.0,324.0,439445,766.3,29.3,187.8,447.5,4970,0,466479,301431,0,0,0,0,0,0,0,0,0,0,0,0,4.0,0,0,131,169.4,7.5,29,48.1,0,64.0,,20905,0,20.0,44.4
569,young,4549,588,9,1617,0,14,1,1,63,1114,116,1065,1200663,39584.3,21080,1.7,30.6,324.0,440001,767.3,29.3,188.0,448.1,4970,0,467087,301793,0,0,0,0,0,0,0,0,0,0,0,0,4.0,0,0,131,162.8,7.5,29,48.1,0,64.0,,20937,0,20.0,44.4
570,young,4608,67,9,2134,0,17,1,0,59,1255,120,989,1202571,39647.5,24388,1.7,32.3,324.0,440581,768.8,29.3,188.3,449.1,4970,0,467719,302154,0,0,0,0,0,0,0,0,0,0,0,0,4.0,0,0,131,155.3,7.5,29,48.1,0,64.0,,20969,0,20.1,44.5
571,young,3520,27,9,432,0,27,2,0,84,1409,119,1450,1204235,39710.2,22438,1.8,34.1,324.0,441127,769.6,29.4,188.5,449.5,4970,0,468324,302619,0,0,0,0,0,0,0,0,0,0,0,0,4.0,0,0,131,149.4,7.5,29,48.1,0,64.0,,21000,0,20.1,44.5
572,young,3897,23,9,462,0,18,1,0,64,2023,121,1204,1205674,39772.6,37311,2.7,36.8,324.0,441791,770.2,29.4,188.8,449.8,4970,0,469030,303244,0,0,0,0,0,0,0,0,0,0,0,0,4.0,0,0,131,141.5,7.5,29,48.1,0,64.0,,21032,0,20.1,44.6
573,young,3672,23,8,833,0,18,1,1,59,1664,118,990,1207471,39828.2,34231,2.5,39.3,324.0,442378,771.1,29.4,189.0,450.2,4970,0,469644,303690,0,0,0,0,0,0,0,0,0,0,0,0,4.0,0,0,131,133.4,7.5,29,48.1,0,64.0,,21064,0,20.1,44.7
574,young,3873,32,8,1081,0,18,1,0,76,1588,122,1022,1209102,39892.1,33800,2.5,41.8,324.0,442920,772.1,29.4,189.2,450.9,4970,0,470250,304110,0,0,0,0,0,0,0,0,0,0,0,0,4.0,0,0,131,126.4,7.5,29,48.1,0,64.0,,21097,0,20.2,44.7
575,young,4896,26,9,1729,0,19,1,0,68,1961,123,1017,1210685,39947.6,38056,2.8,44.6,324.0,443490,773.2,29.4,189.4,451.6,4970,0,470883,304464,0,0,0,0,0,0,0,0,0,0,0,0,4.0,0,0,131,119.1,7.5,29,48.1,0,64.0,,21131,0,20.2,44.8
576,full-cycle,10102,30,1118,0,0,0,2,1,70,1851,117,78,1212641,40014.8,154881,17.3,17.3,328.0,444218,774.8,29.6,189.8,452.3,5006,0,471705,305059,1149,5117,2442,117152,18,462,25,0,0,0,1336,0,4.0,4,11,119,228.1,7.4,28,49.2,0,64.0,starved,21214,0,20.2,44.9
577,young,3494,28,18,1389,0,11,1,0,55,1762,117,203,1218817,40202.3,38177,5.8,23.1,328.0,445059,776.8,29.6,190.1,453.9,5034,0,472540,305436,0,0,0,0,0,0,0,0,0,0,0,0,6.0,0,0,133,221.1,5.5,28,47.6,0,64.0,,21224,0,20.3,44.9
578,young,3172,25,9,968,0,15,1,0,54,1712,121,323,1220479,40263.4,37905,3.7,26.8,328.0,445689,777.9,29.6,190.3,454.6,5054,0,473231,305794,0,0,0,0,0,0,0,0,0,0,0,0,6.0,0,0,133,210.7,5.5,28,46.4,0,64.0,,21266,0,20.3,45.0
579,young,3037,20,7,885,0,18,1,0,61,1522,123,462,1221934,40323.7,33726,2.5,29.3,328.0,446217,779.1,29.7,190.5,455.5,5054,0,473809,306092,0,0,0,0,0,0,0,0,0,0,0,0,6.0,0,0,133,203.4,5.5,28,46.4,0,64.0,,21295,0,20.3,45.1
580,young,3475,37,10,946,0,15,1,0,55,1826,120,532,1223476,40377.7,32365,2.4,31.7,328.0,446795,780.2,29.7,190.7,456.2,5054,0,474431,306431,0,0,0,0,0,0,0,0,0,0,0,0,6.0,0,0,133,196.7,5.5,28,46.4,0,64.0,,21327,0,20.3,45.1
581,young,4627,25,9,2132,0,15,1,1,55,1583,119,759,1224909,40432.3,30114,2.2,33.8,328.0,448192,781.6,29.7,191.1,457.0,5054,0,475879,307615,0,0,0,0,0,0,0,0,0,0,0,0,6.0,0,0,133,179.4,5.5,28,46.4,0,64.0,,21357,0,20.4,45.2
582,young,3937,69,8,1884,0,11,1,0,54,1049,123,805,1226501,40491.1,26724,2.0,35.8,328.0,448751,782.6,29.8,191.3,457.7,5054,0,476494,307994,0,0,0,0,0,0,0,0,0,0,0,0,6.0,0,0,133,173.3,5.5,28,46.4,0,64.0,,21387,0,20.4,45.3
583,young,3297,21,7,1042,0,17,1,1,57,1204,123,837,1228263,40551.9,23109,1.6,37.5,328.0,449305,784.0,29.8,191.5,458.6,5054,0,477089,308345,0,0,0,0,0,0,0,0,0,0,0,0,6.0,0,0,133,166.8,5.5,28,46.4,0,64.0,,21419,0,20.5,45.4
584,young,4229,31,8,2303,0,10,1,0,51,830,121,923,1230520,40614.6,19672,1.5,39.0,328.0,450520,785.1,29.8,192.0,459.0,5054,0,478358,309476,0,0,0,0,0,0,0,0,0,0,0,0,6.0,0,1,132,150.7,5.5,28,46.4,0,64.0,,21453,0,20.5,45.5
585,young,4318,24,9,1296,0,15,1,0,55,1858,124,1018,1231880,40666.8,34546,2.6,41.6,328.0,451211,786.1,29.8,192.2,459.6,5054,0,479100,310024,0,0,0,0,0,0,0,0,0,0,0,0,6.0,0,1,132,141.9,5.5,28,46.4,0,64.0,,21486,0,20.5,45.5
586,young,4706,27,9,1650,0,15,1,0,62,1702,128,1153,1233454,40724.0,35855,2.6,44.2,328.0,451786,787.0,29.9,192.4,460.1,5054,0,479709,310404,0,0,0,0,0,0,0,0,0,0,0,0,6.0,0,0,133,134.1,5.5,28,46.4,0,64.0,,21519,0,20.6,45.6
587,young,4754,24,8,1903,0,19,1,1,62,1687,128,990,1235239,40784.9,34240,2.5,46.7,328.0,452338,787.9,29.9,192.6,460.6,5054,0,480319,310870,0,0,0,0,0,0,0,0,0,0,0,0,6.0,0,0,133,127.1,5.5,28,46.4,0,64.0,,21552,0,20.6,45.7
588,young,4441,60,7,1552,0,15,1,0,55,1381,125,1300,1236925,40846.9,28870,2.1,48.8,328.0,452928,788.6,29.9,192.8,461.0,5054,0,480950,311362,0,0,0,0,0,0,0,0,0,0,0,0,6.0,0,0,133,120.5,5.5,28,46.4,0,64.0,,21584,0,20.6,45.7
589,full-cycle,10658,24,1292,0,0,0,1,0,61,1385,117,76,1239018,40913.9,159725,18.4,18.4,330.0,453623,789.8,29.9,193.1,461.6,5088,0,481729,311903,1316,5703,2301,128379,16,787,29,0,0,0,1292,0,0.0,6,12,117,225.6,10.9,30,52.2,0,64.0,starved,21664,0,20.6,45.8
590,young,2271,22,8,369,0,23,1,0,61,1405,116,333,1243600,41078.4,33619,6.0,24.3,330.0,454667,791.8,30.0,193.3,463.2,5128,0,482778,312089,0,0,0,0,0,0,0,0,0,0,0,0,2.0,0,0,134,215.4,9.0,30,49.9,0,64.0,,21680,0,20.7,45.9
591,young,3345,25,8,834,0,23,1,0,72,1531,119,780,1246025,41148.9,30876,2.7,27.0,330.0,456256,793.3,30.0,193.9,463.9,5136,0,484434,313210,0,0,0,0,0,0,0,0,0,0,0,0,2.0,0,0,134,192.1,9.0,30,49.4,0,64.0,,21721,0,20.8,46.1
592,young,4114,147,9,658,0,19,2,0,66,1705,119,1451,1247712,41208.0,36577,2.9,29.9,330.0,457142,794.4,30.1,194.2,464.4,5140,0,485372,313800,0,0,0,0,0,0,0,0,0,0,0,0,2.0,0,0,134,180.9,9.0,30,49.2,0,64.0,,21759,0,20.8,46.1
593,young,4132,22,9,1071,0,16,1,0,63,1916,118,971,1249604,41253.7,37078,3.1,33.0,330.0,457682,795.9,30.1,194.4,465.5,5148,0,485978,314115,0,0,0,0,0,0,0,0,0,0,0,0,2.0,0,0,134,172.1,9.0,30,48.7,0,64.0,,21800,0,20.8,46.2
594,young,3806,26,11,619,0,18,1,0,66,2072,123,944,1251286,41311.8,37331,2.7,35.8,330.0,458267,797.2,30.1,194.6,466.4,5148,0,486620,314485,0,0,0,0,0,0,0,0,0,0,0,0,2.0,0,0,134,164.8,9.0,30,48.7,0,64.0,,21840,0,20.8,46.3
595,young,4576,29,8,1845,0,16,1,1,57,1640,123,909,1252729,41364.6,34738,2.5,38.3,330.0,458832,798.6,30.1,194.8,467.4,5148,0,487234,314791,0,0,0,0,0,0,0,0,0,0,0,0,2.0,0,0,134,156.6,9.0,30,48.7,0,64.0,,21873,0,20.9,46.3
596,young,4180,156,10,1285,0,23,1,0,58,1820,121,773,1254353,41426.6,33399,2.5,40.8,330.0,459375,799.6,30.2,195.0,468.1,5148,0,487832,315116,0,0,0,0,0,0,0,0,0,0,0,0,2.0,0,0,134,149.9,9.0,30,48.7,0,64.0,,21909,0,20.9,46.4
597,young,3602,26,10,983,0,15,1,0,55,1734,122,736,1256059,41492.5,37428,2.8,43.5,330.0,459934,801.0,30.2,195.2,469.0,5148,0,488440,315482,0,0,0,0,0,0,0,0,0,0,0,0,2.0,0,0,134,141.6,9.0,30,48.7,0,64.0,,21939,0,20.9,46.4
598,young,3536,21,8,440,0,30,2,1,75,2016,122,895,1257503,41551.3,38077,2.8,46.3,330.0,460496,802.2,30.2,195.4,469.9,5148,0,489048,315749,0,0,0,0,0,0,0,0,0,0,0,0,2.0,0,0,134,133.7,9.0,30,48.7,0,64.0,,21969,0,20.9,46.5
599,young,3400,24,9,406,0,21,1,0,64,1809,127,1009,1259322,41612.0,38993,2.9,49.2,330.0,461049,803.7,30.2,195.6,471.0,5148,0,489647,316065,0,0,0,0,0,0,0,0,0,0,0,0,2.0,0,0,134,125.8,9.0,30,48.7,0,64.0,,21999,0,21.0,46.5
600,full-cycle,10629,22,760,0,0,0,2,0,56,944,115,63,1260922,41678.8,163170,19.1,19.1,332.0,461827,805.3,30.5,195.9,471.8,5178,0,490516,316553,782,6300,2207,139679,159,969,65,0,0,0,1284,0,4.0,4,13,117,227.5,7.4,30,51.8,0,64.0,starved,22077,0,21.0,46.6
601,young,3271,32,8,1196,0,17,1,0,60,1715,121,190,1265449,41854.7,38442,5.9,25.0,332.0,462555,807.0,30.6,196.1,473.2,5212,0,491247,316665,0,0,0,0,0,0,0,0,0,0,0,0,4.0,0,0,134,222.9,7.4,30,49.8,0,64.0,,22088,0,21.0,46.7
602,young,3531,74,41,1076,0,17,1,0,57,1932,125,296,1267327,41924.7,37565,2.8,27.8,332.0,463239,808.2,30.6,196.4,473.9,5212,0,491997,317114,0,0,0,0,0,0,0,0,0,0,0,0,4.0,0,0,134,212.0,7.4,30,49.8,0,64.0,,22123,0,21.1,46.8
603,young,3080,283,8,881,0,24,2,1,86,1310,124,424,1268650,41983.5,37287,2.8,30.6,332.0,463830,809.5,30.6,196.6,474.8,5214,0,492633,317455,0,0,0,0,0,0,0,0,0,0,0,0,4.0,0,0,134,203.6,7.4,30,49.7,0,64.0,,22154,0,21.1,46.8
604,young,3866,94,7,1212,0,17,1,1,60,1795,125,597,1270377,42035.2,35480,2.7,33.3,332.0,464605,811.3,30.6,196.9,476.2,5216,0,493460,317956,0,0,0,0,0,0,0,0,0,0,0,0,4.0,0,0,134,192.9,7.4,30,49.6,0,64.0,,22187,0,21.1,46.9
605,young,3284,158,7,975,0,21,1,0,62,1153,125,843,1272004,42091.4,32799,2.4,35.7,332.0,465297,812.6,30.7,197.1,477.1,5216,0,494204,318466,0,0,0,0,0,0,0,0,0,0,0,0,4.0,0,0,134,183.9,7.4,30,49.6,0,64.0,,22221,0,21.2,47.0
606,young,3538,162,8,664,0,13,2,0,54,1675,123,916,1274172,42148.7,35146,2.6,38.3,332.0,466363,816.1,32.3,197.7,478.2,5216,0,495326,319278,0,0,0,0,0,0,0,0,0,0,0,0,4.0,0,0,134,169.8,7.4,30,49.6,0,64.0,,22253,0,21.2,47.1
607,young,3977,32,9,1544,0,11,2,0,49,1481,123,791,1275980,42196.6,38302,2.8,41.1,332.0,467099,817.5,32.3,198.0,479.1,5216,0,496105,319723,0,0,0,0,0,0,0,0,0,0,0,0,4.0,0,0,134,159.6,7.4,30,49.6,0,64.0,,22284,0,21.2,47.1
608,young,5236,58,9,1922,0,16,1,0,58,1992,123,1126,1277888,42259.3,38637,2.8,43.9,332.0,467692,818.6,32.3,198.3,479.7,5216,0,496749,320162,0,0,0,0,0,0,0,0,0,0,0,0,4.0,0,0,134,151.6,7.4,30,49.6,0,64.0,,22315,0,21.3,47.2
609,young,4372,80,9,1254,0,17,1,0,60,1682,123,1183,1280109,42317.9,36290,2.6,46.6,332.0,468235,819.8,32.3,198.5,480.5,5216,0,497345,320562,0,0,0,0,0,0,0,0,0,0,0,0,4.0,0,0,134,143.9,7.4,30,49.6,0,64.0,,22347,0,21.3,47.3
610,young,4732,43,15,1326,0,23,1,0,62,1890,127,1325,1281525,42374.6,32879,2.9,49.5,332.0,468806,820.9,32.4,198.8,481.0,5226,0,497994,321039,0,0,0,0,0,0,0,0,0,0,0,0,4.0,0,0,134,136.8,7.4,30,49.0,0,64.0,,22387,0,21.3,47.3
611,young,5334,684,21,1661,0,18,2,0,66,1408,125,1384,1285953,42438.6,28480,2.1,51.6,332.0,469646,822.1,32.4,199.2,481.6,5228,0,498889,321780,0,0,0,0,0,0,0,0,0,0,0,0,4.0,0,0,134,125.6,7.4,30,48.9,0,64.0,,22419,0,21.4,47.4
612,young,3663,40,11,825,0,15,1,0,61,1188,128,1453,1287733,42495.8,24659,1.9,53.5,332.0,470215,822.9,32.4,199.4,482.0,5228,0,499506,322294,0,0,0,0,0,0,0,0,0,0,0,0,4.0,0,0,134,119.5,7.4,30,48.9,0,64.0,,22453,0,21.4,47.5
613,full-cycle,11454,39,854,0,0,0,1,0,69,1173,116,76,1289998,42562.8,157034,18.0,18.0,332.0,471064,824.5,32.5,199.8,483.0,5236,0,500433,322972,893,6521,2611,133370,100,1179,58,0,0,0,1367,0,0.0,4,13,119,231.9,7.5,30,53.8,0,64.0,starved,22524,0,21.4,47.5
614,young,2550,44,8,778,0,16,1,0,67,1291,117,255,1294633,42741.3,25248,4.4,22.4,332.0,471842,826.1,32.5,200.0,484.2,5280,0,501219,323078,0,0,0,0,0,0,0,0,0,0,0,0,2.0,0,0,135,227.2,5.6,30,51.2,0,64.0,,22536,0,21.5,47.6
615,young,3166,44,9,997,0,12,1,0,56,1616,116,386,1296296,42811.8,38678,3.1,25.6,332.0,472594,827.3,32.5,200.2,485.0,5286,0,502028,323507,0,0,0,0,0,0,0,0,0,0,0,0,2.0,0,0,135,214.2,5.6,30,50.9,0,64.0,,22567,0,21.5,47.7
616,young,3161,136,9,900,0,12,1,0,52,1520,116,488,1297761,42867.8,34401,2.5,28.1,332.0,473424,828.7,32.5,200.5,486.0,5286,0,502900,324012,0,0,0,0,0,0,0,0,0,0,0,0,2.0,0,0,135,202.1,5.6,30,50.9,0,64.0,,22599,0,21.5,47.8
617,young,3855,36,9,1914,0,9,1,0,46,1053,115,697,1299036,42917.3,27706,2.0,30.1,332.0,474371,830.7,32.6,200.8,487.0,5286,0,503888,324659,0,0,0,0,0,0,0,0,0,0,0,0,2.0,0,0,135,189.3,5.6,30,50.9,0,64.0,,22631,0,21.6,47.9
618,young,4245,22,9,1032,0,33,2,0,99,1680,117,1305,1300593,42980.2,31769,2.4,32.5,332.0,475193,832.1,32.6,201.0,487.9,5286,0,504771,325197,0,0,0,0,0,0,0,0,0,0,0,0,2.0,0,0,135,177.3,5.6,30,50.9,0,64.0,,22664,0,21.6,48.0
619,young,3297,30,11,416,0,20,1,1,65,1695,116,1013,1302360,43040.3,38658,2.8,35.3,332.0,475900,833.2,32.6,201.4,488.5,5286,0,505538,325748,0,0,0,0,0,0,0,0,0,0,0,0,2.0,0,0,135,167.7,5.6,30,50.9,0,64.0,,22696,0,21.6,48.0
620,young,4206,42,9,1391,0,18,1,1,73,1506,119,1080,1303917,43101.6,33051,2.5,37.8,332.0,476610,834.2,32.7,201.6,489.0,5288,0,506289,326321,0,0,0,0,0,0,0,0,0,0,0,0,2.0,0,0,135,157.4,5.6,30,50.8,0,64.0,,22728,0,21.7,48.1
621,young,3747,31,9,897,0,15,1,0,59,1406,122,1252,1305508,43161.9,29664,2.2,40.0,332.0,477196,835.1,32.7,201.9,489.4,5288,0,506937,326826,0,0,0,0,0,0,0,0,0,0,0,0,2.0,0,0,135,150.3,5.6,30,50.8,0,64.0,,22762,0,21.7,48.2
622,young,4645,40,18,1358,0,13,1,1,65,1832,120,1266,1307092,43221.7,36610,2.7,42.7,332.0,477740,836.2,32.7,202.1,490.1,5288,0,507529,327213,0,0,0,0,0,0,0,0,0,0,0,0,2.0,0,0,135,143.3,5.6,30,50.8,0,64.0,,22793,0,21.7,48.2
623,young,4447,283,9,1101,0,19,1,0,60,1739,123,1177,1308830,43287.0,35599,2.6,45.3,332.0,478296,837.3,32.7,202.6,490.6,5288,0,508143,327658,0,0,0,0,0,0,0,0,0,0,0,0,2.0,0,0,135,135.5,5.6,30,50.8,0,64.0,,22828,0,21.7,48.3
624,young,3709,29,7,954,0,14,1,0,57,1564,125,1033,1311264,43341.1,35778,2.6,47.9,332.0,478855,838.9,32.8,203.2,491.3,5288,0,508735,327948,0,0,0,0,0,0,0,0,0,0,0,0,2.0,0,0,135,128.0,5.6,30,50.8,0,64.0,,22859,0,21.8,48.3
625,young,3648,21,8,748,0,13,1,1,55,1776,125,983,1312922,43404.1,38580,2.8,50.8,332.0,479407,839.8,32.8,203.4,492.0,5288,0,509328,328340,0,0,0,0,0,0,0,0,0,0,0,0,2.0,0,0,135,120.9,5.6,30,50.8,0,64.0,,22890,0,21.8,48.4
626,full-cycle,10907,150,624,0,0,0,1,0,66,1292,115,74,1315216,43473.7,163210,18.5,18.5,332.0,480082,841.1,32.8,203.8,492.7,5324,0,510105,328803,774,6394,2420,134710,22,959,66,0,0,0,1271,0,0.0,5,11,118,224.8,9.4,32,56.9,0,64.0,starved,22987,0,21.8,48.4
627,young,2277,46,17,350,0,22,1,0,59,1215,117,462,1319777,43649.5,28588,5.7,24.2,332.0,481030,842.7,32.8,204.1,493.8,5376,0,511065,329066,0,0,0,0,0,0,0,0,0,0,0,0,2.0,0,0,133,215.0,7.5,32,53.9,0,64.0,,23006,0,21.9,48.5
628,young,4036,22,9,1586,0,14,1,0,54,1501,121,798,1321966,43719.3,32405,2.6,26.8,332.0,481844,843.7,32.9,204.5,494.3,5380,0,511944,329729,0,0,0,0,0,0,0,0,0,0,0,0,2.0,0,0,133,202.2,7.5,32,53.7,0,64.0,,23049,0,21.9,48.6
629,young,3091,33,8,561,0,16,1,0,58,1540,122,815,1323150,43773.8,37208,2.7,29.5,332.0,482494,844.8,32.9,204.8,494.8,5380,0,512664,330198,0,0,0,0,0,0,0,0,0,0,0,0,2.0,0,0,133,193.4,7.5,32,53.7,0,64.0,,23088,0,21.9,48.7
630,young,3731,19,8,649,0,17,2,0,59,1966,122,952,1324169,43810.6,36087,3.0,32.5,332.0,483024,846.0,32.9,205.0,495.7,5388,0,513255,330504,0,0,0,0,0,0,0,0,0,0,0,0,2.0,0,0,133,184.4,7.5,32,53.2,0,64.0,,23132,0,22.0,48.7
631,young,3066,48,9,765,0,18,1,0,58,1126,120,946,1326489,43884.5,29598,2.1,34.6,332.0,483567,847.4,32.9,205.2,496.8,5388,0,513856,330896,0,0,0,0,0,0,0,0,0,0,0,0,2.0,0,0,133,176.5,7.5,32,53.2,0,64.0,,23171,0,22.0,48.8
632,young,3082,18,9,1013,0,16,1,0,58,1208,119,685,1327906,43938.6,25966,2.0,36.6,332.0,484132,848.8,33.0,205.4,497.8,5388,0,514492,331159,0,0,0,0,0,0,0,0,0,0,0,0,2.0,0,0,133,169.7,7.5,32,53.2,0,64.0,,23215,0,22.0,48.9
633,young,3779,71,6,1208,0,16,1,0,58,1694,118,686,1330220,44006.1,35179,2.6,39.2,332.0,484963,850.0,33.0,205.6,498.7,5388,0,515375,331808,0,0,0,0,0,0,0,0,0,0,0,0,2.0,0,0,133,158.2,7.5,32,53.2,0,64.0,,23245,0,22.0,48.9
634,young,2798,26,7,538,0,22,1,1,63,1306,117,755,1332425,44067.2,27974,2.0,41.2,332.0,485708,851.0,33.0,205.9,499.2,5388,0,516166,332436,0,0,0,0,0,0,0,0,0,0,0,0,2.0,0,0,133,147.8,7.5,32,53.2,0,64.0,,23278,0,22.1,49.0
635,young,4200,42,9,1531,0,21,2,0,70,1378,118,1096,1335431,44123.7,22589,1.7,42.9,332.0,486444,851.8,33.0,206.1,499.5,5388,0,516968,333110,0,0,0,0,0,0,0,0,0,0,0,0,2.0,0,0,133,138.5,7.5,32,53.2,0,64.0,,23316,0,22.1,49.1
636,young,4066,50,9,758,0,27,2,0,70,1567,119,1474,1338759,44185.4,26113,1.9,44.8,332.0,487102,853.6,33.1,206.5,500.8,5388,0,517679,333651,0,0,0,0,0,0,0,0,0,0,0,0,2.0,0,0,133,130.0,7.5,32,53.2,0,64.0,,23348,0,22.1,49.1
637,young,4721,24,8,1958,0,16,1,0,64,1381,118,1206,1340443,44246.0,27865,2.1,46.9,332.0,487687,854.9,33.1,207.1,501.2,5388,0,518320,334151,0,0,0,0,0,0,0,0,0,0,0,0,2.0,0,0,133,123.6,7.5,32,53.2,0,64.0,,23379,0,22.2,49.2
638,full-cycle,7829,34,539,0,0,0,1,1,78,1280,109,89,1342719,44310.1,157842,18.5,18.5,332.0,488343,855.9,33.1,207.3,501.8,5402,0,519059,334678,573,3670,2457,136718,16,1016,47,0,0,0,1066,0,12.0,3,13,113,221.7,5.5,31,54.8,0,64.0,starved,23456,0,22.2,49.3
639,young,2349,597,5,798,0,9,1,0,51,631,114,162,1347346,44475.4,10182,3.8,22.3,332.0,489130,858.2,33.1,208.2,503.1,5450,0,519859,334879,0,0,0,0,0,0,0,0,0,0,0,1,14.0,0,0,128,215.3,3.6,31,52.0,0,64.0,,23473,0,22.2,49.3
640,young,2142,31,9,976,0,18,1,0,59,762,115,235,1350283,44550.6,18551,1.4,23.7,332.0,489779,859.2,33.2,208.4,503.7,5450,0,520556,335385,0,0,0,0,0,0,0,0,0,0,0,0,14.0,0,0,128,207.2,3.6,31,52.0,0,64.0,,23504,0,22.3,49.4
641,young,3106,52,8,695,0,13,1,0,56,1511,108,698,1351676,44620.1,32070,2.4,26.1,332.0,491247,860.3,33.2,208.8,504.1,5450,0,522071,336745,0,0,0,0,0,0,0,0,0,0,0,0,14.0,0,0,128,186.8,3.6,31,52.0,0,64.0,,23537,0,22.3,49.6
642,young,4589,42,10,2041,0,20,1,1,64,1502,110,856,1352661,44662.2,28560,2.0,28.1,332.0,492124,861.3,33.2,209.1,504.5,5450,0,522995,337506,0,0,0,0,0,0,0,0,0,0,0,0,14.0,0,0,128,174.4,3.6,31,52.0,0,64.0,,23568,0,22.4,49.6
643,young,3002,34,9,593,0,17,1,0,56,1333,110,907,1354973,44720.8,25350,2.0,30.2,332.0,493013,862.8,33.3,209.5,505.4,5452,0,523940,338282,0,0,0,0,0,0,0,0,0,0,0,0,14.0,0,0,128,163.0,3.6,31,51.9,0,64.0,,23602,0,22.4,49.7
644,young,4628,23,9,1660,0,17,1,1,67,1710,114,1088,1356090,44770.0,37515,3.0,33.1,332.0,493580,863.7,33.3,209.8,505.9,5456,0,524576,338721,0,0,0,0,0,0,0,0,0,0,0,0,14.0,0,1,127,154.9,3.6,31,51.7,0,64.0,,23636,0,22.4,49.8
645,young,3719,19,13,1238,0,12,1,0,52,1390,116,925,1357701,44834.5,36288,2.7,35.8,332.0,494131,864.7,33.4,210.0,506.4,5456,0,525171,339110,0,0,0,0,0,0,0,0,0,0,0,0,14.0,0,0,128,148.0,3.6,31,51.7,0,64.0,,23665,0,22.5,49.8
646,young,4008,22,8,1453,0,10,1,0,53,1251,117,1145,1359375,44899.8,26065,1.9,37.6,332.0,494688,865.4,33.4,210.2,506.8,5456,0,525782,339566,0,0,0,0,0,0,0,0,0,0,0,0,14.0,0,0,128,140.5,3.6,31,51.7,0,64.0,,23697,0,22.5,49.9
647,young,4025,28,8,1585,0,17,1,0,63,1263,116,1007,1361400,44963.2,24408,1.9,39.5,332.0,495238,866.2,33.4,210.4,507.1,5456,0,526374,340093,0,0,0,0,0,0,0,0,0,0,0,0,14.0,0,0,128,133.2,3.6,31,51.7,0,64.0,,23728,0,22.5,50.0
648,young,3986,165,8,958,0,45,2,1,52,1524,120,1131,1363439,45024.6,30912,2.2,41.7,332.0,495800,867.3,33.5,210.7,507.8,5456,0,526976,340530,0,0,0,0,0,0,0,0,0,0,0,0,14.0,0,0,128,125.9,3.6,31,51.7,0,64.0,,23761,0,22.5,50.0
649,young,3542,21,8,944,0,28,2,0,82,1402,120,987,1366614,45081.7,24675,1.8,43.6,332.0,496349,868.4,33.5,210.8,508.6,5456,0,527582,340880,0,0,0,0,0,0,0,0,0,0,0,0,14.0,0,0,128,118.7,3.6,31,51.7,0,64.0,,23794,0,22.6,50.1
650,young,3764,24,10,1297,0,20,1,0,62,1384,120,907,1368008,45141.4,32165,2.4,46.0,332.0,496911,869.3,33.5,211.0,509.1,5456,0,528190,341288,0,0,0,0,0,0,0,0,0,0,0,0,14.0,0,0,128,111.6,3.6,31,51.7,0,64.0,,23827,0,22.6,50.1
651,full-cycle,17832,29,1579,0,0,0,1,1,68,1513,118,77,1371549,45211.2,169091,18.5,18.5,332.0,497680,872.2,33.5,211.4,511.5,5480,0,529035,341856,1608,11670,3334,133687,36,1572,126,0,0,0,1141,0,4.0,6,11,114,218.6,11.1,33,59.4,0,64.0,starved,23908,0,22.6,50.2
652,young,2885,161,8,827,0,17,1,1,58,1352,115,394,1376902,45377.4,25676,4.4,22.9,332.0,498866,873.9,33.6,211.7,512.6,5510,0,530224,342552,0,0,0,0,0,0,0,0,0,0,0,0,6.0,0,0,130,205.0,9.2,33,57.6,0,64.0,,23920,0,22.7,50.3
653,young,4000,66,8,2216,0,11,1,0,50,909,111,646,1378789,45446.6,20462,1.7,24.6,332.0,500533,875.0,33.6,212.1,513.1,5512,0,531942,343975,0,0,0,0,0,0,0,0,0,0,0,0,6.0,0,0,130,183.3,9.2,33,57.5,0,64.0,,23954,0,22.7,50.5
654,young,3957,93,8,1542,0,15,1,1,64,1336,114,821,1379988,45493.4,29617,2.2,26.8,332.0,501419,876.2,33.7,212.6,513.5,5512,0,532877,344776,0,0,0,0,0,0,0,0,0,0,0,0,6.0,0,0,130,171.2,9.2,33,57.5,0,64.0,,23985,0,22.8,50.6
655,young,4155,20,8,1602,0,16,1,0,56,1590,112,821,1382022,45551.0,36119,2.7,29.4,332.0,501963,877.4,33.7,212.8,514.3,5512,0,533467,345049,0,0,0,0,0,0,0,0,0,0,0,0,6.0,0,0,130,164.0,9.2,33,57.5,0,64.0,,24017,0,22.8,50.6
656,young,3123,26,10,898,0,10,1,0,47,1256,114,838,1383406,45609.7,38673,2.8,32.3,332.0,502565,878.2,33.7,213.0,514.7,5512,0,534113,345527,0,0,0,0,0,0,0,0,0,0,0,0,6.0,0,0,130,155.1,9.2,33,57.5,0,64.0,,24049,0,22.8,50.7
657,young,5321,25,19,2405,0,14,1,1,65,1660,116,1056,1385141,45673.8,38851,2.8,35.1,332.0,503139,879.2,33.7,213.3,515.2,5512,0,534729,345975,0,0,0,0,0,0,0,0,0,0,0,0,6.0,0,0,130,147.2,9.2,33,57.5,0,64.0,,24080,0,22.9,50.8
658,young,3982,26,8,1173,0,16,1,1,60,1672,118,962,1387739,45725.0,37003,2.8,38.0,332.0,503682,880.0,33.8,213.5,515.8,5514,0,535325,346350,0,0,0,0,0,0,0,0,0,0,0,0,6.0,0,0,130,140.0,9.2,33,57.4,0,64.0,,24115,0,22.9,50.8
659,young,4215,21,7,1651,0,20,1,0,67,1434,120,960,1389200,45790.8,32344,2.3,40.3,332.0,504242,881.1,33.8,213.7,516.5,5514,0,535946,346672,0,0,0,0,0,0,0,0,0,0,0,0,6.0,0,0,130,131.9,9.2,33,57.4,0,64.0,,24147,0,22.9,50.9
660,young,3177,94,9,912,0,15,1,0,54,1263,123,787,1390635,45853.4,26240,1.9,42.2,332.0,504815,882.1,33.8,214.0,517.0,5514,0,536558,347115,0,0,0,0,0,0,0,0,0,0,0,0,6.0,0,0,130,124.7,9.2,33,57.4,0,64.0,,24178,0,22.9,50.9
661,young,3961,37,10,1446,0,15,1,0,54,1477,123,876,1392169,45907.7,31089,2.3,44.6,332.0,505364,883.2,33.8,214.2,517.7,5514,0,537165,347480,0,0,0,0,0,0,0,0,0,0,0,0,6.0,0,0,130,117.5,9.2,33,57.4,0,64.0,,24212,0,23.0,51.0
662,full-cycle,10872,60,1065,0,0,0,1,0,58,940,116,64,1394084,45975.6,158079,17.5,17.5,332.0,506095,884.7,34.0,214.5,518.6,5545,0,537985,347979,1124,6022,2455,138708,75,1326,42,0,0,0,1220,0,6.0,6,13,114,220.9,11.2,30,53.2,0,64.0,starved,24297,0,23.0,51.0
663,young,3095,88,8,1056,0,21,1,1,64,1453,119,318,1398984,46131.5,35078,5.5,23.0,332.0,507263,887.8,34.0,214.8,521.1,5575,0,539155,348024,0,0,0,0,0,0,0,0,0,0,0,0,8.0,0,0,132,210.3,9.4,30,51.5,0,64.0,,24305,0,23.1,51.2
664,young,3872,23,10,861,0,21,2,0,64,1634,121,1152,1400579,46194.7,33595,3.1,26.1,332.0,508896,889.2,34.0,215.4,521.7,5587,0,540839,349269,0,0,0,0,0,0,0,0,0,0,0,0,8.0,0,0,132,186.4,9.4,30,50.8,0,64.0,,24342,0,23.1,51.3
665,young,4451,19,8,1583,0,14,1,1,60,1827,112,893,1402420,46253.9,37028,2.8,28.9,332.0,509617,890.0,34.1,215.7,522.0,5589,0,541627,349940,0,0,0,0,0,0,0,0,0,0,0,0,8.0,0,0,132,176.3,9.4,30,50.6,0,64.0,,24380,0,23.2,51.4
666,young,4411,316,9,1113,0,14,1,0,56,1890,113,949,1403770,46307.1,37287,2.7,31.6,332.0,510337,891.2,34.1,215.9,522.8,5589,0,542397,350420,0,0,0,0,0,0,0,0,0,0,0,0,8.0,0,0,132,166.3,9.4,30,50.6,0,64.0,,24416,0,23.2,51.5
667,young,3629,273,9,782,0,17,1,0,58,1612,115,841,1405057,46366.6,33596,2.4,34.1,332.0,510878,892.0,34.1,216.1,523.3,5589,0,542986,350839,0,0,0,0,0,0,0,0,0,0,0,0,8.0,0,0,132,159.0,9.4,30,50.6,0,64.0,,24451,0,23.2,51.5
668,young,3680,94,9,1227,0,20,2,0,68,1429,114,791,1406366,46420.0,30287,2.7,36.8,332.0,511408,893.1,34.1,216.4,524.0,5599,0,543576,351185,0,0,0,0,0,0,0,0,0,0,0,0,8.0,0,0,132,152.0,9.4,30,50.1,0,64.0,,24497,0,23.2,51.6
669,young,3866,33,10,1452,0,16,2,0,67,1238,118,941,1408202,46489.4,28025,2.1,38.9,332.0,511931,894.2,34.2,216.6,524.4,5601,0,544154,351599,0,0,0,0,0,0,0,0,0,0,0,0,8.0,0,0,132,145.0,9.4,30,49.9,0,64.0,,24534,0,23.3,51.6
670,young,3065,20,8,1225,0,22,1,1,66,822,117,789,1410415,46551.4,19340,1.5,40.4,332.0,512461,895.4,34.5,216.8,524.9,5603,0,544754,351997,0,0,0,0,0,0,0,0,0,0,0,0,8.0,0,0,132,139.1,9.4,30,49.8,0,64.0,,24578,0,23.3,51.7
671,young,2986,22,9,455,0,25,1,1,67,1316,121,1046,1411802,46606.5,22398,1.8,42.2,332.0,513002,896.5,34.5,217.1,525.5,5603,0,545355,352405,0,0,0,0,0,0,0,0,0,0,0,0,8.0,0,0,132,133.9,9.4,30,49.8,0,64.0,,24616,0,23.3,51.7
672,young,3876,94,8,909,0,11,1,0,60,1688,118,1052,1413453,46670.2,35447,2.6,44.7,332.0,513548,897.9,34.6,217.5,526.4,5603,0,545954,352697,0,0,0,0,0,0,0,0,0,0,0,0,8.0,0,0,132,126.4,9.4,30,49.8,0,64.0,,24651,0,23.3,51.8
673,young,4809,26,9,1890,0,23,1,0,71,1508,120,1209,1414991,46731.9,29067,2.1,46.9,332.0,514093,899.0,34.6,217.7,527.1,5603,0,546560,353032,0,0,0,0,0,0,0,0,0,0,0,1,8.0,0,0,132,119.3,9.4,30,49.8,0,64.0,,24683,0,23.4,51.8
674,full-cycle,15319,45,1755,0,0,0,2,0,94,2016,115,104,1417268,46797.2,156541,18.5,18.5,332.0,514820,900.6,34.6,218.0,528.3,5631,0,547393,353492,1800,8588,3443,113629,17,1196,103,0,0,0,1371,0,0.0,6,14,115,225.5,11.2,31,54.0,0,64.0,starved,24777,0,23.4,51.9
675,young,2469,179,9,610,0,12,1,0,58,1193,110,313,1421911,46956.2,26286,5.3,23.8,332.0,515867,903.0,34.6,218.4,530.0,5675,0,548447,353627,0,0,0,0,0,0,0,0,0,0,0,0,2.0,0,0,134,213.9,9.4,31,51.4,0,64.0,,24791,0,23.4,52.0
676,young,5087,535,7,2396,0,11,1,0,57,984,108,903,1423976,47027.6,15232,1.5,25.3,332.0,517576,904.6,34.7,218.8,530.9,5683,0,550237,354999,0,0,0,0,0,0,0,0,0,0,0,0,2.0,0,0,134,190.1,9.4,31,51.0,0,64.0,,24834,0,23.5,52.2
677,young,3302,34,10,1063,0,18,1,0,66,921,113,1104,1425653,47092.0,14913,1.3,26.6,332.0,518382,905.6,34.7,219.1,531.2,5687,0,551122,355796,0,0,0,0,0,0,0,0,0,0,0,0,2.0,0,0,134,178.9,9.4,31,50.7,0,64.0,,24876,0,23.6,52.3
678,young,3613,39,10,477,0,42,2,1,115,1174,114,1672,1427263,47149.0,14785,1.1,27.7,332.0,518925,906.5,34.8,219.3,531.5,5687,0,551721,356266,0,0,0,0,0,0,0,0,0,0,0,0,2.0,0,0,134,174.4,9.4,31,50.7,0,64.0,,24907,0,23.6,52.3
679,young,3895,155,13,1309,0,20,2,0,83,1148,115,1071,1428889,47214.8,17665,1.3,29.1,332.0,519461,907.3,34.9,219.6,531.6,5687,0,552313,356826,0,0,0,0,0,0,0,0,0,0,0,0,2.0,0,0,134,168.5,9.4,31,50.7,0,64.0,,24939,0,23.6,52.4
680,young,4400,324,19,1294,0,14,1,1,62,1416,118,1195,1430408,47275.1,25849,2.0,31.0,332.0,520095,908.0,34.9,219.8,531.9,5687,0,552994,357421,0,0,0,0,0,0,0,0,0,0,0,0,2.0,0,0,134,161.0,9.4,31,50.7,0,64.0,,24972,0,23.6,52.5
681,young,3809,50,8,877,0,13,1,0,62,1725,115,993,1431985,47337.7,36922,2.7,33.7,332.0,520643,908.9,34.9,220.0,532.4,5687,0,553593,357830,0,0,0,0,0,0,0,0,0,0,0,0,2.0,0,0,134,152.9,9.4,31,50.7,0,64.0,,25004,0,23.7,52.5
682,young,3468,20,8,1167,0,14,1,0,57,1298,116,834,1434144,47394.3,26800,1.9,35.6,332.0,521214,909.9,34.9,220.3,532.9,5687,0,554225,358288,0,0,0,0,0,0,0,0,0,0,0,0,2.0,0,0,134,144.7,9.4,31,50.7,0,64.0,,25036,0,23.7,52.6
683,young,4648,319,11,1803,0,12,1,0,58,1394,119,999,1436138,47446.3,23120,1.8,37.4,332.0,521776,911.3,35.0,220.6,533.8,5687,0,554836,358643,0,0,0,0,0,0,0,0,0,0,0,0,2.0,0,0,134,138.6,9.4,31,50.7,0,64.0,,25070,0,23.7,52.6
684,young,3235,149,9,457,0,18,1,0,60,1562,121,911,1438238,47516.3,26064,1.8,39.2,332.0,522326,912.6,35.0,220.8,534.7,5687,0,555429,359033,0,0,0,0,0,0,0,0,0,0,0,0,2.0,0,0,134,131.9,9.4,31,50.7,0,64.0,,25100,0,23.7,52.7
685,young,3916,302,10,1506,0,16,1,1,58,1116,123,831,1439881,47578.8,21056,1.6,40.9,332.0,522890,914.0,35.0,221.3,535.5,5687,0,556038,359401,0,0,0,0,0,0,0,0,0,0,0,0,2.0,0,0,134,125.8,9.4,31,50.7,0,64.0,,25134,0,23.8,52.8
686,full-cycle,12496,67,747,0,0,0,8,0,78,1511,108,93,1442154,47648.8,160174,18.5,18.5,332.0,523599,916.5,35.1,221.6,536.2,5719,0,556823,359904,814,5742,2150,135416,44,224,270,0,0,0,3660,1,0.0,5,11,119,226.3,9.0,31,54.2,0,64.0,starved,25214,0,23.8,52.8
687,young,3143,27,8,1056,0,12,1,0,49,1507,114,406,1447875,47839.0,27324,4.6,23.1,332.0,524590,919.2,35.1,222.0,538.0,5745,0,557825,360211,0,0,0,0,0,0,0,0,0,0,0,0,0.0,0,0,135,217.8,9.0,31,52.7,0,64.0,,25222,0,23.8,52.9
688,young,2715,67,9,566,0,12,1,0,62,1124,110,837,1450076,47895.9,19174,1.6,24.7,332.0,525653,920.2,35.1,222.4,538.4,5747,0,558928,361087,0,0,0,0,0,0,0,0,0,0,0,0,0.0,0,0,135,204.0,9.0,31,52.6,0,64.0,,25255,0,23.9,53.0
689,young,5043,306,8,2429,0,17,1,0,54,1560,107,614,1451725,47956.9,29481,2.1,26.9,332.0,526347,921.5,35.3,222.8,539.0,5747,0,559673,361631,0,0,0,0,0,0,0,0,0,0,0,0,0.0,0,0,135,194.9,9.0,31,52.6,0,64.0,,25286,0,23.9,53.1
690,young,3545,54,9,853,0,23,1,0,74,1489,114,985,1453531,48014.0,28550,2.1,29.0,332.0,526919,922.9,35.3,223.0,540.0,5747,0,560295,362060,0,0,0,0,0,0,0,0,0,0,0,0,0.0,0,0,135,188.1,9.0,31,52.6,0,64.0,,25319,0,23.9,53.2
691,young,4748,70,29,1939,0,19,2,0,65,1673,117,902,1455286,48077.8,31978,2.3,31.3,332.0,527457,923.7,35.3,223.2,540.4,5747,0,560878,362525,0,0,0,0,0,0,0,0,0,0,0,0,0.0,0,0,135,182.1,9.0,31,52.6,0,64.0,,25346,0,24.0,53.2
692,young,4471,32,8,1698,0,17,1,1,68,1438,116,1144,1456858,48140.7,22367,1.6,32.9,332.0,528002,925.0,35.4,223.7,541.1,5747,0,561473,362980,0,0,0,0,0,0,0,0,0,0,0,0,0.0,0,0,135,175.9,9.0,31,52.6,0,64.0,,25378,0,24.0,53.3
693,young,3273,100,8,1111,0,16,1,1,70,952,115,939,1462912,48199.1,20651,1.6,34.5,332.0,528651,926.3,35.4,224.0,541.8,5747,0,562179,363556,0,0,0,0,0,0,0,0,0,0,0,0,0.0,0,0,135,167.7,9.0,31,52.6,0,64.0,,25411,0,24.0,53.3
694,young,3525,32,8,857,0,39,2,1,108,1297,111,1106,1464480,48262.6,28670,2.1,36.6,332.0,529601,927.3,35.4,224.3,542.3,5747,0,563186,364400,0,0,0,0,0,0,0,0,0,0,0,0,0.0,0,0,135,154.7,9.0,31,52.6,0,64.0,,25443,0,24.1,53.4
695,young,4066,25,10,1451,0,15,2,0,62,1494,118,953,1466214,48315.9,30773,2.3,38.9,332.0,530277,928.4,35.4,224.5,543.0,5747,0,563908,364916,0,0,0,0,0,0,0,0,0,0,0,0,0.0,0,0,135,147.3,9.0,31,52.6,0,64.0,,25475,0,24.1,53.5
696,young,4398,160,10,1432,0,18,1,0,62,1499,116,1154,1467778,48375.5,32690,2.7,41.6,332.0,530848,929.5,35.5,224.7,543.7,5753,0,564523,365323,0,0,0,0,0,0,0,0,0,0,0,0,0.0,0,0,135,140.1,9.0,31,52.2,0,64.0,,25513,0,24.1,53.5
697,young,3851,42,10,1202,0,18,1,0,68,1551,118,919,1471729,48431.5,31708,2.7,44.3,332.0,531390,931.4,35.5,225.3,544.8,5759,0,565109,365719,0,0,0,0,0,0,0,0,0,0,0,0,0.0,0,0,135,134.0,9.0,31,51.9,0,64.0,,25549,0,24.1,53.6
698,young,3920,30,8,1512,0,20,1,1,62,1217,118,971,1473362,48501.1,29802,2.2,46.5,332.0,531953,932.3,35.5,225.7,545.2,5761,0,565723,366201,0,0,0,0,0,0,0,0,0,0,0,0,0.0,0,0,135,126.7,9.0,31,51.7,0,64.0,,25584,0,24.2,53.7
699,full-cycle,10738,166,1714,0,0,0,1,0,69,1786,115,76,1475120,48562.4,160707,18.6,18.6,332.0,532628,934.0,35.5,226.2,546.1,5795,0,566502,366583,1879,5394,2150,122278,30,211,39,0,0,0,1256,0,8.0,2,11,120,229.3,3.7,29,50.4,0,64.0,starved,25688,0,24.2,53.7
700,young,4232,176,9,1658,0,15,1,0,59,1678,110,569,1483227,48733.4,36839,6.1,24.7,332.0,533762,938.1,35.6,226.5,549.7,5839,0,567658,366780,0,0,0,0,0,0,0,0,0,0,0,0,10.0,0,0,132,217.3,1.9,29,47.8,0,64.0,,25707,0,24.3,53.9
701,young,3927,58,9,1646,0,19,1,1,62,1423,102,655,1485434,48805.3,30417,2.2,26.9,332.0,535374,939.8,35.6,226.9,550.8,5839,0,569314,368061,0,0,0,0,0,0,0,0,0,0,0,0,10.0,0,0,132,196.4,1.9,29,47.8,0,64.0,,25737,0,24.3,54.0
702,young,3476,20,8,1114,0,15,1,0,52,1397,106,802,1486669,48849.9,31986,2.4,29.3,332.0,536259,940.8,35.7,227.1,551.3,5839,0,570255,368866,0,0,0,0,0,0,0,0,0,0,0,0,10.0,0,0,132,184.2,1.9,29,47.8,0,64.0,,25771,0,24.4,54.1
703,young,3479,29,8,709,0,18,1,0,59,1668,108,915,1488108,48905.1,37532,2.8,32.1,332.0,536897,941.7,35.7,227.3,551.9,5839,0,570935,369380,0,0,0,0,0,0,0,0,0,0,0,0,10.0,0,0,132,174.8,1.9,29,47.8,0,64.0,,25799,0,24.4,54.2
704,young,3916,28,7,801,0,22,1,1,62,1664,110,1256,1489489,48967.8,36320,2.7,34.7,332.0,537454,942.5,35.8,227.5,552.3,5839,0,571535,369816,0,0,0,0,0,0,0,0,0,0,0,0,10.0,0,0,132,167.4,1.9,29,47.8,0,64.0,,25833,0,24.4,54.2
705,young,3686,26,9,903,0,14,1,0,69,1601,112,989,1491292,49020.9,36953,2.7,37.5,332.0,537992,943.5,35.8,227.7,552.9,5839,0,572127,370169,0,0,0,0,0,0,0,0,0,0,0,0,10.0,0,0,132,160.3,1.9,29,47.8,0,64.0,,25864,0,24.4,54.3
706,young,3909,66,10,1362,0,14,1,0,54,1523,115,822,1493026,49085.0,36127,2.6,40.1,332.0,538547,944.6,35.8,227.9,553.6,5839,0,572733,370574,0,0,0,0,0,0,0,0,0,0,0,0,10.0,0,0,132,153.4,1.9,29,47.8,0,64.0,,25898,0,24.5,54.3
707,young,3457,20,7,709,0,15,1,1,58,1736,115,849,1494475,49146.3,34393,2.5,42.7,332.0,539115,945.5,35.9,228.1,554.1,5839,0,573350,370999,0,0,0,0,0,0,0,0,0,0,0,0,10.0,0,0,132,147.0,1.9,29,47.8,0,64.0,,25927,0,24.5,54.4
708,young,3738,77,7,1219,0,11,1,0,56,1596,115,716,1495809,49204.0,38270,2.8,45.5,332.0,539661,946.4,35.9,228.4,554.6,5839,0,573955,371409,0,0,0,0,0,0,0,0,0,0,0,0,10.0,0,0,132,139.9,1.9,29,47.8,0,64.0,,25960,0,24.5,54.4
709,young,4270,41,8,1201,0,17,1,0,59,1968,117,924,1497407,49269.7,38565,2.8,48.3,332.0,540235,947.3,35.9,228.6,555.1,5839,0,574572,371840,0,0,0,0,0,0,0,0,0,0,0,0,10.0,0,0,132,132.2,1.9,29,47.8,0,64.0,,25991,0,24.5,54.5
710,young,3622,20,7,667,0,20,1,0,63,1913,123,881,1498680,49325.8,37468,2.7,51.0,332.0,540793,949.1,35.9,229.6,555.8,5839,0,575190,372221,0,0,0,0,0,0,0,0,0,0,0,0,10.0,0,0,132,124.5,1.9,29,47.8,0,64.0,,26026,0,24.6,54.5
711,young,4610,20,7,1532,0,13,2,0,52,1899,124,1025,1500109,49386.3,36618,2.7,53.7,332.0,541345,950.0,36.0,229.8,556.4,5839,0,575780,372661,0,0,0,0,0,0,0,0,0,0,0,0,10.0,0,0,132,117.4,1.9,29,47.8,0,64.0,,26059,0,24.6,54.6
712,full-cycle,11838,37,817,0,0,0,1,0,74,1509,108,83,1501766,49456.2,166670,18.3,18.3,332.0,542113,951.4,36.0,230.1,557.0,5869,0,576640,373232,854,6996,2309,137516,24,644,40,0,0,0,1604,0,6.0,4,12,116,220.7,7.5,31,55.1,0,64.0,starved,26135,0,24.6,54.7
713,young,2991,41,11,708,0,21,1,1,65,1816,120,280,1506571,49631.1,35303,5.4,23.7,332.0,543017,953.3,36.0,230.4,558.4,5897,0,577540,373479,0,0,0,0,0,0,0,0,0,0,0,0,8.0,0,0,131,214.8,5.6,31,53.4,0,64.0,,26140,0,24.7,54.8
714,young,4137,596,6,614,0,14,1,0,58,1738,117,954,1508606,49694.5,27231,3.1,26.8,332.0,544167,955.3,36.1,230.8,559.7,5921,0,578755,373907,0,0,0,0,0,0,0,0,0,0,0,0,8.0,0,0,131,197.1,5.6,31,52.0,0,64.0,,26184,0,24.7,54.9
715,young,3849,278,7,1438,0,15,1,0,60,1163,115,826,1509949,49743.2,25373,2.1,28.9,332.0,545285,956.9,36.1,231.4,560.6,5925,0,579944,374807,0,0,0,0,0,0,0,0,0,0,0,0,8.0,0,0,131,181.9,5.6,31,51.8,0,64.0,,26228,0,24.8,55.0
716,young,4396,28,8,1550,0,17,1,0,59,1480,111,1195,1511332,49802.0,33017,2.5,31.4,332.0,546007,958.0,36.1,231.6,561.3,5925,0,580723,375349,0,0,0,0,0,0,0,0,0,0,0,0,8.0,0,0,131,172.8,5.6,31,51.8,0,64.0,,26265,0,24.8,55.1
717,young,4510,28,11,1382,0,18,1,1,63,1738,117,1216,1512781,49859.5,36879,2.7,34.1,332.0,546627,959.1,36.1,231.8,562.1,5925,0,581401,375748,0,0,0,0,0,0,0,0,0,0,0,0,8.0,0,0,131,164.0,5.6,31,51.8,0,64.0,,26300,0,24.8,55.1
718,young,4261,23,8,1567,0,15,1,1,54,1707,119,826,1514154,49913.8,36748,2.7,36.8,332.0,547175,960.2,36.1,232.1,562.8,5925,0,581994,376110,0,0,0,0,0,0,0,0,0,0,0,0,8.0,0,0,131,156.6,5.6,31,51.8,0,64.0,,26333,0,24.9,55.2
719,young,4052,101,7,1396,0,33,1,0,58,1538,119,870,1516333,49973.6,32865,2.4,39.1,332.0,547791,961.4,36.2,232.3,563.6,5925,0,582671,376544,0,0,0,0,0,0,0,0,0,0,0,0,8.0,0,0,131,147.3,5.6,31,51.8,0,64.0,,26365,0,24.9,55.2
720,young,3207,22,8,686,0,12,1,0,52,1559,120,804,1518659,50035.8,31864,2.4,41.5,332.0,548303,962.3,36.2,232.5,564.2,5925,0,583239,376916,0,0,0,0,0,0,0,0,0,0,0,0,8.0,0,0,131,140.6,5.6,31,51.8,0,64.0,,26395,0,24.9,55.3
721,young,4072,27,10,1481,0,20,1,0,67,1472,118,935,1520386,50095.0,30517,2.2,43.7,332.0,548867,963.4,36.2,232.7,564.8,5925,0,583849,377322,0,0,0,0,0,0,0,0,0,0,0,0,8.0,0,0,131,132.9,5.6,31,51.8,0,64.0,,26426,0,24.9,55.4
722,young,3434,27,11,805,0,30,1,0,70,1334,119,1106,1521771,50155.8,22491,1.7,45.4,332.0,549405,964.1,36.2,232.9,565.2,5925,0,584446,377764,0,0,0,0,0,0,0,0,0,0,0,0,8.0,0,0,131,127.0,5.6,31,51.8,0,64.0,,26459,0,25.0,55.4
723,young,3510,149,9,1114,0,16,1,1,58,1255,118,838,1523166,50216.9,24437,1.8,47.2,332.0,549999,965.3,36.3,233.2,566.0,5925,0,585091,378159,0,0,0,0,0,0,0,0,0,0,0,0,8.0,0,0,131,118.2,5.6,31,51.8,0,64.0,,26491,0,25.0,55.5
724,full-cycle,9653,28,959,0,0,0,1,1,71,1108,120,78,1524762,50282.8,155804,18.3,18.3,332.0,550688,966.6,36.3,233.5,566.8,5957,0,585876,378623,986,5158,2021,135320,52,735,40,0,0,0,1427,0,8.0,3,14,116,227.4,5.6,29,50.1,0,64.0,starved,26573,0,25.0,55.5
725,young,3474,21,8,1289,0,25,1,0,78,1793,122,190,1529224,50444.4,34396,5.1,23.4,332.0,551681,968.5,36.3,233.9,568.1,5979,0,586870,378834,0,0,0,0,0,0,0,0,0,0,0,0,10.0,0,0,132,221.3,3.7,29,48.8,0,64.0,,26581,0,25.1,55.6
726,young,5463,25,8,2914,0,17,1,0,55,1587,120,793,1531291,50535.9,34696,2.9,26.3,332.0,553293,969.4,36.4,234.3,568.2,5987,0,588537,380450,0,0,0,0,0,0,0,0,0,0,0,0,10.0,0,0,132,197.2,3.7,29,48.3,0,64.0,,26615,0,25.1,55.8
727,young,4230,20,8,1622,0,14,1,0,54,1599,116,859,1532249,50576.6,35618,3.0,29.3,332.0,554147,971.6,37.0,235.1,568.8,5995,0,589436,381096,0,0,0,0,0,0,0,0,0,0,0,0,10.0,0,0,132,184.7,3.7,29,47.8,0,64.0,,26651,0,25.2,55.9
728,young,3798,26,10,1233,0,15,1,0,56,1502,117,902,1533969,50637.2,35231,2.8,32.1,332.0,554730,972.6,37.0,235.3,569.5,5999,0,590076,381504,0,0,0,0,0,0,0,0,0,0,0,0,10.0,0,0,132,176.7,3.7,29,47.6,0,64.0,,26687,0,25.2,56.0
729,young,3665,291,8,859,0,15,1,0,60,1330,121,980,1535425,50694.4,27923,2.4,34.5,332.0,555289,973.6,37.0,235.5,570.1,6007,0,590699,381928,0,0,0,0,0,0,0,0,0,0,0,0,10.0,0,0,132,169.3,3.7,29,47.1,0,64.0,,26726,0,25.2,56.0
730,young,3064,170,8,636,0,14,1,0,58,1132,119,993,1537891,50754.4,21101,1.6,36.1,332.0,555821,974.5,37.1,235.7,570.6,6007,0,591280,382325,0,0,0,0,0,0,0,0,0,0,0,0,10.0,0,0,132,162.4,3.7,29,47.1,0,64.0,,26760,0,25.3,56.1
731,young,4025,34,9,1462,0,15,1,0,56,1379,121,1014,1539758,50819.1,29761,2.4,38.5,332.0,556345,975.7,37.1,235.9,571.4,6011,0,591872,382787,0,0,0,0,0,0,0,0,0,0,0,0,10.0,0,0,132,155.3,3.7,29,46.9,0,64.0,,26802,0,25.3,56.1
732,young,4162,41,7,935,0,19,1,0,63,2088,120,945,1541319,50878.1,38797,2.9,41.4,332.0,556884,976.7,37.1,236.1,572.0,6011,0,592472,383186,0,0,0,0,0,0,0,0,0,0,0,0,10.0,0,0,132,148.0,3.7,29,46.9,0,64.0,,26840,0,25.3,56.2
733,young,3732,46,16,1134,0,16,1,0,59,1579,121,833,1543174,50932.3,36325,2.6,44.0,332.0,557443,977.8,37.1,236.4,572.7,6011,0,593092,383591,0,0,0,0,0,0,0,0,0,0,0,0,10.0,0,0,132,139.0,3.7,29,46.9,0,64.0,,26873,0,25.3,56.2
734,young,3362,44,8,779,0,44,1,0,56,1493,123,878,1544743,50986.8,28891,2.1,46.1,332.0,557988,978.8,37.2,236.6,573.4,6011,0,593695,383949,0,0,0,0,0,0,0,0,0,0,0,0,10.0,0,0,132,132.8,3.7,29,46.9,0,64.0,,26904,0,25.3,56.3
735,young,3633,48,8,350,0,26,2,0,194,1786,124,1120,1546693,51053.3,31258,2.3,48.5,332.0,558534,979.9,37.2,236.8,573.9,6011,0,594293,384369,0,0,0,0,0,0,0,0,0,0,0,0,10.0,0,0,132,126.6,3.7,29,46.9,0,64.0,,26937,0,25.4,56.3
736,young,3744,22,9,1012,0,18,1,0,59,1656,125,917,1549837,51116.2,39053,2.9,51.3,332.0,559094,980.6,37.2,237.0,574.3,6011,0,594912,384876,0,0,0,0,0,0,0,0,0,0,0,0,10.0,0,0,132,118.5,3.7,29,46.9,0,64.0,,26973,0,25.4,56.4
737,young,3965,92,8,1263,0,18,2,1,63,1387,129,1072,1551297,51172.7,32093,2.3,53.6,332.0,559658,982.1,37.2,237.7,575.0,6011,0,595542,385239,0,0,0,0,0,0,0,0,0,0,0,0,10.0,0,0,132,110.7,3.7,29,46.9,0,64.0,,27012,0,25.4,56.4
738,full-cycle,10661,148,879,0,0,0,1,0,55,1703,119,61,1553524,51238.0,163460,18.8,18.8,332.0,560388,984.9,37.7,239.1,575.6,6041,0,596365,385813,1028,5762,2336,122915,14,456,93,0,0,0,1503,0,0.0,5,11,118,224.4,9.4,32,56.1,0,64.0,starved,27090,0,25.4,56.5
739,young,3364,34,8,1365,0,31,1,1,62,1503,116,281,1558219,51419.8,30656,5.3,24.1,332.0,561476,987.0,37.8,239.5,577.0,6075,0,597456,386092,0,0,0,0,0,0,0,0,0,0,0,0,2.0,0,0,133,216.0,7.5,32,54.1,0,64.0,,27100,0,25.5,56.6
740,young,5417,47,8,3226,0,16,1,0,58,1179,110,807,1560445,51478.1,21687,1.6,25.7,332.0,562595,989.0,37.8,239.9,577.9,6075,0,598625,386887,0,0,0,0,0,0,0,0,0,0,0,0,2.0,0,0,133,200.5,7.5,32,54.1,0,64.0,,27133,0,25.5,56.7
741,young,3607,34,65,1488,0,13,1,0,55,1166,115,738,1561793,51527.8,25501,1.9,27.6,332.0,563150,989.7,37.8,240.1,578.3,6075,0,599239,387360,0,0,0,0,0,0,0,0,0,0,0,0,2.0,0,0,133,194.1,7.5,32,54.1,0,64.0,,27164,0,25.6,56.8
742,young,3363,83,8,1087,0,16,1,0,61,1228,121,832,1563464,51592.7,26225,2.0,29.6,332.0,563673,990.9,37.9,240.3,579.1,6077,0,599831,387647,0,0,0,0,0,0,0,0,0,0,0,0,2.0,0,0,133,186.9,7.5,32,54.0,0,64.0,,27197,0,25.6,56.8
743,young,3358,98,8,1274,0,13,1,0,56,1113,120,752,1565071,51648.2,23736,1.7,31.4,332.0,564296,992.2,37.9,240.5,580.0,6077,0,600505,388070,0,0,0,0,0,0,0,0,0,0,0,0,2.0,0,0,133,178.7,7.5,32,54.0,0,64.0,,27229,0,25.6,56.9
744,young,2721,45,7,477,0,22,2,1,71,1034,119,971,1566634,51715.0,23268,1.7,33.1,332.0,564981,993.2,38.0,240.8,580.6,6077,0,601228,388596,0,0,0,0,0,0,0,0,0,0,0,0,2.0,0,0,133,167.8,7.5,32,54.0,0,64.0,,27260,0,25.7,57.0
745,young,4160,30,7,1759,0,13,1,1,72,1409,119,808,1568295,51772.3,32055,2.4,35.5,332.0,565838,994.2,38.0,241.0,581.1,6077,0,602131,389289,0,0,0,0,0,0,0,0,0,0,0,0,2.0,0,0,133,156.8,7.5,32,54.0,0,64.0,,27293,0,25.7,57.1
746,young,3594,20,8,632,0,14,2,0,59,1990,121,822,1569640,51830.0,37175,2.7,38.2,332.0,566451,995.2,38.0,241.3,581.6,6077,0,602795,389757,0,0,0,0,0,0,0,0,0,0,0,0,2.0,0,0,133,148.8,7.5,32,54.0,0,64.0,,27326,0,25.7,57.1
747,young,4060,31,8,1210,0,20,1,0,63,1681,124,1014,1570844,51884.6,35556,2.6,40.8,332.0,566986,996.1,38.0,241.6,582.1,6077,0,603388,390159,0,0,0,0,0,0,0,0,0,0,0,0,2.0,0,0,133,140.7,7.5,32,54.0,0,64.0,,27357,0,25.7,57.2
748,young,4090,85,7,1357,0,23,1,0,66,1424,121,1067,1572658,51947.2,33554,2.4,43.3,332.0,567546,997.3,38.1,241.9,583.0,6077,0,603998,390571,0,0,0,0,0,0,0,0,0,0,0,0,2.0,0,0,133,134.1,7.5,32,54.0,0,64.0,,27390,0,25.8,57.2
749,young,3743,24,9,1050,0,16,2,0,58,1434,124,1105,1575172,52013.0,27003,2.0,45.3,332.0,568130,998.3,38.1,242.1,583.5,6077,0,604628,391017,0,0,0,0,0,0,0,0,0,0,0,0,2.0,0,0,133,126.2,7.5,32,54.0,0,64.0,,27421,0,25.8,57.3
750,young,3012,89,8,542,0,20,1,1,62,1204,124,1013,1577414,52071.7,30051,2.3,47.5,332.0,568680,999.4,38.1,242.4,584.0,6077,0,605234,391491,0,0,0,0,0,0,0,0,0,0,0,0,2.0,0,0,133,119.2,7.5,32,54.0,0,64.0,,27453,0,25.8,57.3
751,full-cycle,12612,24,1396,0,0,0,1,0,82,1702,115,92,1579092,52131.8,160302,17.6,17.6,332.0,569383,1000.7,38.1,242.7,584.8,6109,0,606027,391982,1420,6318,2774,134983,17,797,158,0,0,0,2042,0,14.0,4,10,116,217.3,7.4,29,51.4,0,64.0,starved,27536,0,25.9,57.4
752,young,3788,28,9,1197,0,21,2,0,74,2032,117,367,1583867,52302.6,36799,5.6,23.2,332.0,570626,1002.9,38.3,243.0,586.3,6137,0,607250,392322,0,0,0,0,0,0,0,0,0,0,0,0,16.0,0,0,129,211.3,5.5,29,49.7,0,64.0,,27547,0,25.9,57.5
753,young,4281,31,9,1606,0,22,1,0,67,1861,116,623,1585294,52361.5,36270,2.7,25.8,332.0,571487,1004.4,38.3,243.3,587.2,6137,0,608177,392747,0,0,0,0,0,0,0,0,0,0,0,0,16.0,0,0,129,199.3,5.5,29,49.7,0,64.0,,27580,0,25.9,57.6
754,young,4689,32,9,1694,0,16,1,0,64,1657,116,1153,1587002,52423.5,37477,3.2,29.0,332.0,572308,1005.4,38.3,243.5,587.8,6145,0,609046,393465,0,0,0,0,0,0,0,0,0,0,0,0,16.0,0,0,129,187.0,5.5,29,49.2,0,64.0,,27614,0,26.0,57.7
755,young,3770,23,8,1078,0,19,1,1,61,1732,115,788,1589439,52478.5,38275,2.8,31.8,332.0,572927,1006.2,38.4,243.7,588.2,6145,0,609712,393981,0,0,0,0,0,0,0,0,0,0,0,0,16.0,0,0,129,177.8,5.5,29,49.2,0,64.0,,27647,0,26.0,57.8
756,young,3088,31,9,413,0,16,1,0,59,1736,117,778,1590735,52535.9,37177,2.7,34.5,332.0,573466,1007.4,38.4,243.9,589.0,6145,0,610303,394436,0,0,0,0,0,0,0,0,0,0,0,0,16.0,0,0,129,171.1,5.5,29,49.2,0,64.0,,27680,0,26.0,57.8
757,young,4230,22,9,1746,0,13,1,0,56,1443,118,895,1592257,52593.7,32240,2.4,36.9,332.0,574055,1008.5,38.4,244.2,589.7,6147,0,610940,394824,0,0,0,0,0,0,0,0,0,0,0,0,16.0,0,0,129,163.7,5.5,29,49.1,0,64.0,,27710,0,26.1,57.9
758,young,2966,25,9,353,0,21,1,0,65,1409,119,1033,1593672,52658.3,29702,2.2,39.2,332.0,574600,1009.2,38.5,244.4,590.0,6147,0,611544,395293,0,0,0,0,0,0,0,0,0,0,0,0,16.0,0,0,129,157.1,5.5,29,49.1,0,64.0,,27742,0,26.1,57.9
759,young,3576,23,8,743,0,15,1,0,64,1776,120,886,1595058,52714.5,38077,2.8,42.0,332.0,575177,1010.0,38.5,244.6,590.5,6147,0,612164,395760,0,0,0,0,0,0,0,0,0,0,0,0,16.0,0,0,129,147.9,5.5,29,49.1,0,64.0,,27773,0,26.1,58.0
760,young,6160,155,8,2725,0,266,1,1,65,1981,119,894,1597153,52775.7,52203,4.1,46.1,332.0,576424,1011.9,38.5,245.2,591.5,6147,0,613458,396928,0,0,0,0,0,0,0,0,0,0,0,0,16.0,0,0,129,119.5,5.5,29,49.1,0,64.0,,27808,0,26.2,58.1
761,young,3262,93,8,790,0,22,1,0,73,1238,116,981,1598263,52812.1,27376,2.4,48.5,332.0,577068,1012.6,38.5,245.4,591.8,6153,0,614170,397546,0,0,0,0,0,0,0,0,0,0,0,0,16.0,0,0,129,108.4,5.5,29,48.8,0,64.0,,27849,0,26.2,58.2
762,full-cycle,10575,22,849,0,0,0,1,0,167,1245,105,174,1599955,52876.2,154576,18.0,18.0,332.0,577781,1013.9,38.6,245.9,592.4,6179,0,614962,398092,871,4880,2802,128009,40,1263,71,0,0,0,1980,0,14.0,8,13,111,217.7,14.4,27,46.8,0,64.0,starved,27927,0,26.2,58.2
763,young,3641,504,9,1299,0,12,1,0,50,1352,110,314,1606747,53048.4,30230,5.5,23.5,332.0,579065,1017.0,38.6,246.9,594.3,6223,0,616266,398128,0,0,0,0,0,0,0,0,0,0,0,0,16.0,0,0,131,204.7,12.5,27,44.2,0,64.0,,27949,0,26.3,58.4
764,young,3707,48,9,1230,0,11,1,0,56,1678,112,617,1608688,53121.6,36906,3.3,26.8,332.0,580132,1018.7,38.6,247.6,594.9,6235,0,617409,398856,0,0,0,0,0,0,0,0,0,0,0,0,16.0,0,0,131,189.5,12.5,27,43.5,0,64.0,,27992,0,26.3,58.5
765,young,3994,21,7,1621,0,13,1,0,60,1309,116,898,1609849,53175.8,28652,2.0,28.8,332.0,580840,1019.9,38.7,247.9,595.3,6235,0,618177,399448,0,0,0,0,0,0,0,0,0,0,0,0,16.0,0,0,131,180.1,12.5,27,43.5,0,64.0,,28026,0,26.4,58.6
766,young,5138,42,24,2162,0,22,1,0,81,1336,115,1362,1612461,53236.3,22475,1.7,30.5,332.0,581971,1021.3,38.7,248.4,595.8,6235,0,619386,400482,0,0,0,0,0,0,0,0,0,0,0,0,16.0,0,0,131,166.4,12.5,27,43.5,0,64.0,,28068,0,26.4,58.7
767,young,3470,29,9,638,0,18,1,0,67,1605,115,1077,1614309,53285.4,32412,2.4,33.0,332.0,582556,1023.2,39.2,249.1,596.5,6235,0,620033,400905,0,0,0,0,0,0,0,0,0,0,0,0,16.0,0,0,131,158.7,12.5,27,43.5,0,64.0,,28105,0,26.5,58.7
768,young,3941,42,8,1212,0,19,1,1,55,1562,119,946,1615759,53347.1,34537,2.5,35.5,332.0,583098,1024.4,39.2,249.4,597.1,6235,0,620628,401276,0,0,0,0,0,0,0,0,0,0,0,0,16.0,0,0,131,151.9,12.5,27,43.5,0,64.0,,28140,0,26.5,58.8
769,young,3817,44,8,1027,0,19,1,1,65,1462,118,1119,1617380,53411.5,31845,2.4,37.9,332.0,583642,1025.0,39.2,249.6,597.4,6235,0,621213,401768,0,0,0,0,0,0,0,0,0,0,0,0,16.0,0,0,131,145.4,12.5,27,43.5,0,64.0,,28172,0,26.5,58.8
770,young,3729,30,7,953,0,20,1,1,65,1530,121,1071,1619482,53471.5,33309,2.4,40.3,332.0,584217,1026.3,39.2,250.1,598.1,6235,0,621822,402130,0,0,0,0,0,0,0,0,0,0,0,0,16.0,0,0,131,137.2,12.5,27,43.5,0,64.0,,28204,0,26.5,58.9
771,young,3062,106,16,1138,0,9,1,0,50,856,124,786,1620890,53529.2,20288,1.4,41.7,332.0,584816,1027.4,39.2,250.4,598.7,6235,0,622485,402592,0,0,0,0,0,0,0,0,0,0,0,0,16.0,0,0,131,129.1,12.5,27,43.5,0,64.0,,28246,0,26.6,59.0
772,young,4018,29,9,1715,0,20,2,0,74,1070,121,1035,1622834,53578.8,20921,1.6,43.3,332.0,585359,1028.4,39.3,250.6,599.4,6235,0,623091,402967,0,0,0,0,0,0,0,0,0,0,0,0,16.0,0,0,131,124.0,12.5,27,43.5,0,64.0,,28290,0,26.6,59.0
773,young,4158,41,8,1407,0,12,1,0,52,1688,119,899,1624851,53647.1,36176,2.7,46.0,332.0,585919,1029.8,39.3,250.9,600.4,6235,0,623700,403245,0,0,0,0,0,0,0,0,0,0,0,0,16.0,0,0,131,116.7,12.5,27,43.5,0,64.0,,28321,0,26.6,59.1
774,young,4225,151,8,1147,0,21,1,1,65,1686,123,1050,1626186,53707.6,32203,2.3,48.3,332.0,586476,1030.7,39.3,251.1,600.8,6235,0,624311,403675,0,0,0,0,0,0,0,0,0,0,0,0,16.0,0,3,128,109.2,12.5,27,43.5,0,64.0,,28352,0,26.6,59.1
775,full-cycle,10553,126,1406,0,0,0,1,0,59,1039,107,67,1627974,53775.0,161423,18.7,18.7,332.0,587153,1032.2,39.4,251.5,601.6,6271,0,625096,404205,1532,6304,1438,140404,33,255,36,0,0,0,1230,0,6.0,6,12,116,221.6,11.2,29,49.8,0,64.0,starved,28431,0,26.7,59.2
776,young,3027,70,8,1020,0,18,1,0,58,1604,114,209,1632568,53958.1,33495,5.5,24.2,332.0,587834,1033.3,39.4,251.7,602.3,6299,0,625771,404552,0,0,0,0,0,0,0,0,0,0,0,0,8.0,0,0,133,219.3,9.4,29,48.1,0,64.0,,28438,0,26.7,59.3
777,young,2494,42,8,906,0,16,2,0,56,1197,116,222,1633974,54022.1,26761,2.1,26.3,332.0,588387,1034.5,39.4,251.9,603.2,6301,0,626376,404800,0,0,0,0,0,0,0,0,0,0,0,0,8.0,0,1,132,212.3,9.4,29,48.0,0,64.0,,28471,0,26.7,59.3
778,young,2549,47,9,666,0,14,1,0,55,1398,119,308,1635396,54080.0,31225,2.3,28.6,332.0,588919,1035.9,39.4,252.1,604.3,6301,0,626949,405006,0,0,0,0,0,0,0,0,0,0,0,0,8.0,0,0,133,205.3,9.4,29,48.0,0,64.0,,28499,0,26.7,59.4
779,young,3520,56,9,1143,0,14,2,0,55,1768,120,410,1636772,54129.4,35161,3.0,31.6,332.0,589577,1037.3,39.4,252.4,605.2,6309,0,627671,405411,0,0,0,0,0,0,0,0,0,0,0,0,8.0,0,0,133,196.0,9.4,29,47.6,0,64.0,,28535,0,26.8,59.4
780,young,3197,37,12,802,0,15,1,0,64,1684,120,531,1639252,54191.1,35543,2.9,34.5,332.0,590657,1039.3,39.5,252.7,606.6,6315,0,628818,406222,0,0,0,0,0,0,0,0,0,0,0,0,8.0,0,0,133,181.0,9.4,29,47.2,0,64.0,,28576,0,26.8,59.5
781,young,3146,20,7,427,0,18,1,1,63,1703,119,842,1640498,54248.6,35082,2.6,37.1,332.0,591507,1040.5,39.5,253.0,607.4,6315,0,629722,406850,0,0,0,0,0,0,0,0,0,0,0,0,8.0,0,0,133,167.6,9.4,29,47.2,0,64.0,,28607,0,26.9,59.6
782,young,4168,23,8,984,0,24,1,0,72,1826,118,1160,1641734,54300.0,37287,2.8,39.9,332.0,592522,1041.5,39.5,253.3,607.9,6317,0,630797,407723,0,0,0,0,0,0,0,0,0,0,0,0,8.0,0,0,133,153.3,9.4,29,47.1,0,64.0,,28641,0,26.9,59.7
783,young,3767,36,9,909,0,16,1,0,53,1563,118,1075,1642826,54347.7,35179,2.7,42.5,332.0,593071,1042.4,39.6,253.5,608.3,6319,0,631402,408134,0,0,0,0,0,0,0,0,0,0,0,0,8.0,0,0,133,145.4,9.4,29,47.0,0,64.0,,28681,0,26.9,59.8
784,young,3844,42,7,1123,0,17,2,0,68,1486,121,1038,1644914,54417.3,33437,2.6,45.1,332.0,593623,1043.2,39.6,253.7,608.8,6321,0,632015,408562,0,0,0,0,0,0,0,0,0,0,0,1,8.0,0,1,132,139.0,9.4,29,46.9,0,64.0,,28724,0,26.9,59.8
785,young,5038,27,8,1306,0,14,1,0,56,1707,121,1825,1646853,54473.2,33821,2.5,47.6,332.0,594170,1044.1,39.6,253.9,609.4,6321,0,632625,408916,0,0,0,0,0,0,0,0,0,0,0,0,8.0,0,0,133,131.7,9.4,29,46.9,0,64.0,,28758,0,27.0,59.9
786,young,4998,25,9,1206,0,30,2,1,88,1954,123,1632,1649094,54530.2,33559,2.5,50.1,332.0,594737,1045.8,39.6,254.6,610.1,6321,0,633242,409295,0,0,0,0,0,0,0,0,0,0,0,0,8.0,0,0,133,125.0,9.4,29,46.9,0,64.0,,28798,0,27.0,59.9
787,young,4831,34,9,1181,0,27,1,0,95,1856,127,1577,1650722,54592.3,31066,2.3,52.3,332.0,595315,1046.8,39.7,254.9,610.6,6321,0,633855,409724,0,0,0,0,0,0,0,0,0,0,0,0,8.0,0,0,133,119.1,9.4,29,46.9,0,64.0,,28820,0,27.0,60.0
788,full-cycle,11894,26,1166,0,0,0,1,0,55,1316,112,62,1652574,54665.1,163213,18.7,18.7,332.0,596082,1048.0,39.7,255.2,611.2,6357,0,634709,410348,1192,6068,2566,133231,14,1124,43,0,0,0,2015,0,6.0,6,13,116,224.2,11.0,28,48.0,0,64.0,starved,28900,0,27.1,60.1
789,young,3133,173,8,996,0,14,1,1,63,1528,117,281,1657271,54833.4,32862,6.1,24.8,332.0,597181,1050.1,39.7,255.6,612.8,6399,0,635831,410678,0,0,0,0,0,0,0,0,0,0,0,0,6.0,0,0,135,214.9,11.0,28,45.5,0,64.0,,28922,0,27.1,60.2
790,young,3480,104,22,892,0,12,1,0,54,1522,118,817,1658988,54906.5,28996,2.4,27.2,332.0,598794,1051.1,39.8,256.0,613.0,6403,0,637523,412293,0,0,0,0,0,0,0,0,0,0,0,0,6.0,0,0,135,193.6,11.0,28,45.3,0,64.0,,28962,0,27.2,60.4
791,young,3945,47,10,1070,0,14,1,0,59,1785,115,928,1660629,54948.3,37214,2.7,30.0,332.0,599637,1052.3,39.8,256.3,613.7,6403,0,638411,412987,0,0,0,0,0,0,0,0,0,0,0,1,6.0,0,0,135,182.1,11.0,28,45.3,0,64.0,,28995,0,27.2,60.4
792,young,3864,56,8,1102,0,18,8,1,97,1495,116,985,1662071,55007.2,30882,2.2,32.2,332.0,600199,1053.3,39.8,256.5,614.4,6403,0,639022,413366,0,0,0,0,0,0,0,0,0,0,0,0,6.0,0,0,135,174.2,11.0,28,45.3,0,64.0,,29029,0,27.3,60.5
793,young,3595,479,8,780,0,15,1,0,64,1160,118,1004,1667220,55070.4,21964,1.6,33.8,332.0,600769,1054.7,39.9,256.9,615.1,6403,0,639641,413716,0,0,0,0,0,0,0,0,0,0,0,0,6.0,0,0,135,167.9,11.0,28,45.3,0,64.0,,29061,0,27.3,60.6
794,young,3155,90,9,1035,0,11,1,1,53,1160,117,737,1668662,55130.5,29820,2.2,36.0,332.0,601295,1055.6,39.9,257.1,615.6,6403,0,640212,414116,0,0,0,0,0,0,0,0,0,0,0,0,6.0,0,0,135,161.8,11.0,28,45.3,0,64.0,,29093,0,27.3,60.6
795,young,4062,30,9,1549,0,19,1,0,64,1372,119,930,1669820,55183.7,31453,2.3,38.3,332.0,601836,1056.3,39.9,257.3,616.1,6403,0,640802,414541,0,0,0,0,0,0,0,0,0,0,0,0,6.0,0,0,135,154.0,11.0,28,45.3,0,64.0,,29126,0,27.3,60.7
796,young,4202,26,9,1764,0,15,1,0,59,1407,119,871,1671451,55254.8,30507,2.3,40.6,332.0,602375,1057.2,39.9,257.5,616.6,6403,0,641389,414983,0,0,0,0,0,0,0,0,0,0,0,0,6.0,0,0,135,147.4,11.0,28,45.3,0,64.0,,29157,0,27.3,60.7
797,young,4246,28,9,1669,0,14,1,0,56,1614,120,803,1672704,55314.0,36920,2.7,43.3,332.0,602960,1058.1,39.9,257.7,617.1,6403,0,642012,415387,0,0,0,0,0,0,0,0,0,0,0,0,6.0,0,0,135,139.6,11.0,28,45.3,0,64.0,,29187,0,27.4,60.8
798,young,3466,94,9,1336,0,10,1,0,50,1106,122,813,1674872,55376.6,31207,2.3,45.6,332.0,603543,1059.0,40.0,258.0,617.5,6403,0,642645,415860,0,0,0,0,0,0,0,0,0,0,0,0,6.0,0,0,135,132.6,11.0,28,45.3,0,64.0,,29220,0,27.4,60.8
799,young,4371,274,11,1570,0,15,1,0,58,1407,122,963,1676645,55438.9,31266,2.3,47.9,332.0,604093,1060.6,40.0,258.9,618.2,6403,0,643248,416259,0,0,0,0,0,0,0,0,0,0,0,0,6.0,0,0,135,126.5,11.0,28,45.3,0,64.0,,29256,0,27.4,60.9
800,young,3476,21,7,673,0,17,1,0,54,1554,122,1094,1678111,55497.4,35772,2.6,50.5,332.0,604651,1061.8,40.0,259.1,619.0,6403,0,643845,416614,0,0,0,0,0,0,0,0,0,0,0,0,6.0,0,0,135,118.7,11.0,28,45.3,0,64.0,,29287,0,27.5,60.9
801,full-cycle,12496,24,892,0,0,0,2,1,71,1485,115,80,1679797,55567.6,165665,18.8,18.8,332.0,605356,1063.0,40.0,259.4,619.6,6439,0,644645,417125,916,6540,2986,137787,269,1087,56,0,0,0,1996,0,2.0,6,11,117,221.6,11.0,31,54.0,0,64.0,starved,29364,0,27.5,61.0
802,young,3921,60,10,1630,0,24,1,1,86,1806,119,252,1684580,55747.2,36337,5.6,24.4,332.0,606096,1064.8,40.1,259.6,621.1,6465,0,645392,417261,0,0,0,0,0,0,0,0,0,0,0,0,4.0,0,0,133,217.7,9.1,31,52.5,0,64.0,,29372,0,27.5,61.1
803,young,2336,22,9,710,0,15,1,1,59,1154,119,287,1688389,55812.0,22904,2.4,26.9,332.0,606747,1066.4,40.1,260.6,621.5,6483,0,646104,417789,0,0,0,0,0,0,0,0,0,0,0,0,4.0,0,0,133,208.1,9.1,31,51.5,0,64.0,,29411,0,27.5,61.2
804,young,1673,25,9,729,0,15,1,0,49,529,114,264,1689735,55864.8,9471,0.8,27.6,332.0,607363,1067.7,40.1,260.8,622.3,6483,0,646766,418202,0,0,0,0,0,0,0,0,0,0,0,0,4.0,0,0,133,202.1,9.1,31,51.5,0,64.0,,29445,0,27.6,61.2
805,young,2431,67,9,546,0,13,1,0,59,1179,117,502,1691195,55917.0,24505,1.9,29.5,332.0,608523,1069.0,40.2,261.1,623.0,6483,0,647977,419211,0,0,0,0,0,0,0,0,0,0,0,0,4.0,0,0,133,189.2,9.1,31,51.5,0,64.0,,29476,0,27.6,61.3
806,young,3894,22,11,1470,0,15,1,0,57,1670,117,605,1692696,55976.5,36401,2.7,32.2,332.0,609278,1070.1,40.2,261.3,623.7,6483,0,648794,419768,0,0,0,0,0,0,0,0,0,0,0,0,4.0,0,0,133,179.6,9.1,31,51.5,0,64.0,,29508,0,27.7,61.4
807,young,4174,34,9,1835,0,14,1,0,54,1403,113,767,1694468,56042.6,32274,2.3,34.5,332.0,610426,1071.0,40.2,261.6,624.1,6483,0,649992,420818,0,0,0,0,0,0,0,0,0,0,0,0,4.0,0,0,133,163.1,9.1,31,51.5,0,64.0,,29540,0,27.7,61.5
808,young,3603,27,7,1085,0,18,1,0,83,1367,117,946,1695622,56092.2,30528,2.5,37.0,332.0,611016,1071.8,40.2,261.8,624.5,6487,0,650657,421322,0,0,0,0,0,0,0,0,0,0,0,0,4.0,0,0,133,154.8,9.1,31,51.2,0,64.0,,29582,0,27.7,61.6
809,young,4460,25,10,1719,0,12,1,0,56,1557,120,1020,1696924,56153.8,37315,2.7,39.8,332.0,611692,1072.6,40.3,262.2,624.8,6487,0,651412,421948,0,0,0,0,0,0,0,0,0,0,0,0,4.0,0,0,133,144.7,9.1,31,51.2,0,64.0,,29624,0,27.8,61.7
810,young,3516,22,8,750,0,15,1,0,54,1522,117,1076,1698458,56212.4,36453,2.7,42.5,332.0,612236,1073.6,40.3,262.4,625.5,6487,0,652003,422346,0,0,0,0,0,0,0,0,0,0,0,0,4.0,0,0,133,137.4,9.1,31,51.2,0,64.0,,29654,0,27.8,61.7
811,young,3862,103,8,1202,0,17,1,0,60,1264,121,1123,1699988,56273.4,29703,2.1,44.6,332.0,612770,1074.4,40.3,262.6,625.8,6487,0,652595,422822,0,0,0,0,0,0,0,0,0,0,0,0,4.0,0,0,133,130.6,9.1,31,51.2,0,64.0,,29685,0,27.8,61.8
812,young,3588,34,10,1333,0,15,1,1,56,1258,125,840,1701447,56333.2,26092,2.0,46.6,332.0,613312,1075.2,40.3,262.9,626.2,6487,0,653197,423257,0,0,0,0,0,0,0,0,0,0,0,0,4.0,0,0,133,125.8,9.1,31,51.2,0,64.0,,29719,0,27.8,61.8
813,young,3832,54,9,1245,0,18,1,0,62,1434,122,955,1702971,56400.3,32040,2.3,48.9,332.0,613862,1076.1,40.3,263.1,626.8,6487,0,653809,423683,0,0,0,0,0,0,0,0,0,0,0,0,4.0,0,0,133,118.8,9.1,31,51.2,0,64.0,,29751,0,27.9,61.9
814,full-cycle,11504,24,1394,0,0,0,1,0,63,862,115,70,1704667,56465.9,157207,18.2,18.2,332.0,614521,1077.3,40.6,263.4,627.3,6511,0,654558,424196,1418,6594,2107,139025,24,1097,48,0,0,0,1343,0,4.0,5,13,117,225.9,9.4,29,50.7,0,64.0,starved,29824,0,27.9,61.9
815,young,2561,38,9,913,0,18,1,0,60,1325,115,133,1709986,56641.6,29019,4.9,23.0,332.0,615167,1079.3,40.6,263.6,628.9,6543,0,655208,424299,0,0,0,0,0,0,0,0,0,0,0,0,6.0,0,0,134,225.4,7.5,29,48.9,0,64.0,,29833,0,27.9,62.0
816,young,3251,35,12,614,0,15,1,1,58,1718,119,750,1711812,56725.9,35438,3.7,26.7,332.0,616448,1080.7,40.6,264.0,629.2,6565,0,656539,425528,0,0,0,0,0,0,0,0,0,0,0,0,6.0,0,0,134,205.2,7.5,29,47.6,0,64.0,,29872,0,28.0,62.1
817,young,5729,24,9,3200,0,14,1,1,56,1528,119,846,1712670,56766.2,36170,2.7,29.4,332.0,617314,1081.6,40.7,264.2,629.7,6567,0,657458,426294,0,0,0,0,0,0,0,0,0,0,0,0,6.0,0,0,134,194.4,7.5,29,47.4,0,64.0,,29911,0,28.0,62.2
818,young,4130,160,8,1172,0,17,1,1,68,1573,116,1039,1713959,56826.7,31943,2.4,31.9,332.0,617893,1082.5,40.7,264.5,630.1,6569,0,658099,426765,0,0,0,0,0,0,0,0,0,0,0,0,6.0,0,0,134,185.9,7.5,29,47.3,0,64.0,,29950,0,28.1,62.3
819,young,3671,24,10,660,0,15,1,0,88,1599,120,1224,1716378,56878.4,34309,2.6,34.4,332.0,618477,1083.6,40.7,264.7,630.8,6569,0,658755,427180,0,0,0,0,0,0,0,0,0,0,0,0,6.0,0,0,134,177.4,7.5,29,47.3,0,64.0,,29985,0,28.1,62.3
820,young,3669,146,8,480,0,16,1,0,66,1812,121,1076,1720989,56946.7,36254,2.6,37.1,332.0,619294,1084.8,40.8,265.0,631.5,6569,0,659632,427902,0,0,0,0,0,0,0,0,0,0,0,0,6.0,0,0,134,166.8,7.5,29,47.3,0,64.0,,30023,0,28.1,62.4
821,young,3595,68,6,1350,0,11,1,0,52,1164,121,896,1723076,57004.0,32809,2.4,39.5,332.0,619942,1085.9,40.8,265.2,632.2,6569,0,660343,428390,0,0,0,0,0,0,0,0,0,0,0,0,6.0,0,0,134,158.5,7.5,29,47.3,0,64.0,,30062,0,28.1,62.5
822,young,4061,28,8,1714,0,10,2,0,50,1252,120,914,1724805,57060.5,27752,2.0,41.5,332.0,620772,1086.8,40.8,265.4,632.8,6569,0,661227,429069,0,0,0,0,0,0,0,0,0,0,0,0,6.0,0,4,130,147.3,7.5,29,47.3,0,64.0,,30096,0,28.2,62.6
823,young,4119,90,7,1408,0,17,2,0,63,1533,122,960,1726292,57114.5,28720,2.2,43.6,332.0,621334,1088.6,40.8,266.0,633.8,6569,0,661828,429368,0,0,0,0,0,0,0,0,0,0,0,0,6.0,0,0,134,140.2,7.5,29,47.3,0,64.0,,30125,0,28.2,62.6
824,young,3948,292,10,631,0,16,1,0,62,1896,124,950,1727899,57174.8,36757,2.7,46.4,332.0,621878,1090.2,41.1,266.6,634.5,6569,0,662429,429730,0,0,0,0,0,0,0,0,0,0,0,0,6.0,0,0,134,133.4,7.5,29,47.3,0,64.0,,30158,0,28.2,62.7
825,young,3616,27,53,646,0,18,1,0,60,1629,122,1108,1729526,57234.5,34144,2.5,48.8,332.0,622433,1090.9,41.1,266.8,634.8,6569,0,663032,430252,0,0,0,0,0,0,0,0,0,0,0,0,6.0,0,0,134,127.0,7.5,29,47.3,0,64.0,,30189,0,28.3,62.8
826,young,3879,20,7,1077,0,15,1,0,56,1623,125,1021,1731412,57291.7,32549,2.4,51.3,332.0,622990,1092.0,41.2,267.0,635.5,6569,0,663640,430628,0,0,0,0,0,0,0,0,0,0,0,0,6.0,0,0,134,120.7,7.5,29,47.3,0,64.0,,30223,0,28.3,62.8
827,full-cycle,11018,33,1272,0,0,0,1,0,56,1460,117,64,1733162,57363.3,159266,18.3,18.3,332.0,623670,1093.2,41.2,267.4,636.2,6596,0,664394,431120,1304,6070,2198,129722,22,500,144,0,0,0,1400,0,2.0,5,10,121,230.2,9.2,29,50.5,0,64.0,starved,30301,0,28.3,62.9
828,young,2279,52,8,410,0,17,1,0,54,1406,123,277,1738102,57561.5,30680,5.0,23.4,332.0,624688,1094.7,41.2,267.7,637.2,6626,0,665421,431412,0,0,0,0,0,0,0,0,0,0,0,0,4.0,0,0,135,221.6,7.4,29,48.7,0,64.0,,30312,0,28.4,63.0
829,young,2462,32,11,497,0,17,1,0,53,1114,114,691,1739829,57613.3,30326,3.0,26.4,332.0,626212,1096.0,41.3,268.1,637.8,6642,0,667014,432536,0,0,0,0,0,0,0,0,0,0,0,0,4.0,0,0,135,198.6,7.4,29,47.8,0,64.0,,30354,0,28.4,63.1
830,young,4224,31,8,864,0,26,2,1,92,1683,112,1421,1740982,57663.7,33013,2.5,28.9,332.0,627068,1097.1,41.3,268.3,638.4,6644,0,667912,433121,0,0,0,0,0,0,0,0,0,0,0,0,4.0,0,0,135,187.3,7.4,29,47.6,0,64.0,,30388,0,28.5,63.2
831,young,4239,27,9,1743,0,20,1,0,61,1428,114,899,1742213,57716.5,32134,2.4,31.3,332.0,627625,1097.9,41.3,268.5,638.8,6644,0,668522,433586,0,0,0,0,0,0,0,0,0,0,0,0,4.0,0,0,135,180.3,7.4,29,47.6,0,64.0,,30420,0,28.5,63.3
832,young,3835,562,7,873,0,22,1,0,62,1362,115,860,1744481,57775.6,27573,2.0,33.3,332.0,628159,1098.8,41.3,268.7,639.4,6644,0,669104,433942,0,0,0,0,0,0,0,0,0,0,0,0,4.0,0,0,135,172.4,7.4,29,47.6,0,64.0,,30453,0,28.5,63.3
833,young,3644,35,10,1477,0,18,1,0,57,1187,116,794,1747199,57835.9,24159,1.9,35.1,332.0,628717,1099.8,41.3,268.9,640.0,6644,0,669708,434316,0,0,0,0,0,0,0,0,0,0,0,0,4.0,0,2,133,165.7,7.4,29,47.6,0,64.0,,30485,0,28.5,63.4
834,young,3530,38,8,1086,0,15,1,0,57,1596,119,669,1748940,57895.9,36716,2.7,37.8,332.0,629279,1100.9,41.4,269.1,640.7,6644,0,670316,434741,0,0,0,0,0,0,0,0,0,0,0,0,4.0,0,0,135,157.9,7.4,29,47.6,0,64.0,,30517,0,28.6,63.4
835,young,4081,24,10,1354,0,22,2,0,64,1778,120,760,1750394,57963.0,37885,3.0,40.8,332.0,629820,1101.8,41.4,269.3,641.2,6648,0,670897,435132,0,0,0,0,0,0,0,0,0,0,0,0,4.0,0,0,135,150.1,7.4,29,47.4,0,64.0,,30549,0,28.6,63.5
836,young,3918,89,10,1064,0,16,1,0,60,1699,127,854,1752104,58026.7,34449,2.6,43.4,332.0,630368,1102.7,41.4,269.6,641.6,6650,0,671524,435602,0,0,0,0,0,0,0,0,0,0,0,0,4.0,0,0,135,141.8,7.4,29,47.3,0,64.0,,30592,0,28.6,63.6
837,young,4081,562,10,1002,0,18,1,0,56,1329,128,987,1754601,58087.0,29063,2.1,45.5,332.0,630887,1103.4,41.4,269.8,642.0,6650,0,672112,436066,0,0,0,0,0,0,0,0,0,0,0,1,4.0,0,0,135,134.3,7.4,29,47.3,0,64.0,,30634,0,28.6,63.6
838,young,2843,23,9,431,0,35,2,1,92,1102,126,1084,1756098,58146.2,28786,2.1,47.7,332.0,631532,1104.3,41.5,270.0,642.4,6650,0,672805,436608,0,0,0,0,0,0,0,0,0,0,0,1,4.0,0,0,135,126.9,7.4,29,47.3,0,64.0,,30676,0,28.7,63.7
839,young,4550,26,8,1753,0,15,1,0,57,1542,125,1116,1757602,58204.0,35275,2.6,50.3,332.0,632082,1105.4,41.5,270.3,643.0,6650,0,673417,437019,0,0,0,0,0,0,0,0,0,0,0,0,4.0,0,0,135,119.3,7.4,29,47.3,0,64.0,,30713,0,28.7,63.7
840,full-cycle,12046,24,1506,0,0,0,1,0,69,1583,116,78,1759339,58276.1,165482,18.9,18.9,332.0,632784,1106.6,41.5,270.6,643.6,6684,0,674220,437538,1529,6626,2201,130960,23,422,85,0,0,0,1606,0,8.0,3,12,119,226.9,5.6,28,48.1,0,64.0,starved,30808,0,28.7,63.8
841,young,2626,67,9,793,0,14,1,1,53,1449,118,188,1764070,58457.8,33912,5.3,24.2,332.0,633521,1108.4,41.5,270.8,645.0,6710,0,674959,437675,0,0,0,0,0,0,0,0,0,0,0,0,10.0,0,1,132,224.2,3.7,28,46.5,0,64.0,,30817,0,28.8,63.9
842,young,2683,20,7,1026,0,20,1,0,61,1206,118,292,1765828,58530.0,27652,2.2,26.5,332.0,634184,1109.7,41.6,271.1,646.0,6714,0,675689,438073,0,0,0,0,0,0,0,0,0,0,0,0,10.0,0,0,133,213.9,3.7,28,46.3,0,64.0,,30851,0,28.8,63.9
843,young,2754,25,8,580,0,21,1,0,61,1602,118,411,1767324,58591.1,32551,2.4,28.9,332.0,634815,1110.6,41.6,271.3,646.4,6714,0,676365,438584,0,0,0,0,0,0,0,0,0,0,0,0,10.0,0,0,133,206.1,3.7,28,46.3,0,64.0,,30878,0,28.8,64.0
844,young,2881,95,7,598,0,16,1,1,58,1645,117,382,1768717,58649.0,37230,2.7,31.6,332.0,635521,1111.8,41.6,271.5,647.1,6714,0,677132,439099,0,0,0,0,0,0,0,0,0,0,0,0,10.0,0,0,133,196.0,3.7,28,46.3,0,64.0,,30913,0,28.8,64.1
845,young,2756,33,7,486,0,17,2,0,54,1408,115,693,1769939,58706.4,31607,2.3,33.9,332.0,636778,1113.0,41.6,272.0,647.7,6714,0,678430,440200,0,0,0,0,0,0,0,0,0,0,0,0,10.0,0,0,133,178.2,3.7,28,46.3,0,64.0,,30942,0,28.9,64.2
846,young,3969,29,6,1737,0,12,1,0,53,1270,116,774,1771209,58758.7,24655,1.8,35.7,332.0,637477,1114.3,41.7,272.2,648.6,6714,0,679193,440693,0,0,0,0,0,0,0,0,0,0,0,0,10.0,0,0,133,169.6,3.7,28,46.3,0,64.0,,30977,0,28.9,64.3
847,young,3625,27,7,1236,0,11,1,1,59,1348,117,858,1772669,58818.1,26281,2.0,37.7,332.0,638266,1115.3,41.7,272.5,649.1,6714,0,680027,441341,0,0,0,0,0,0,0,0,0,0,0,0,10.0,0,0,133,159.7,3.7,28,46.3,0,64.0,,31010,0,29.0,64.3
848,young,3951,23,8,533,0,20,1,0,65,1840,120,1390,1774031,58875.1,34225,2.5,40.2,332.0,638919,1116.4,41.7,272.8,649.7,6714,0,680732,441839,0,0,0,0,0,0,0,0,0,0,0,0,10.0,0,0,133,151.4,3.7,28,46.3,0,64.0,,31042,0,29.0,64.4
849,young,3482,107,10,846,0,18,1,0,60,1112,120,1272,1775466,58932.2,29277,2.2,42.4,332.0,639490,1117.1,41.7,273.0,650.0,6716,0,681353,442360,0,0,0,0,0,0,0,0,0,0,0,0,10.0,0,0,133,144.6,3.7,28,46.2,0,64.0,,31076,0,29.0,64.5
850,young,2812,21,7,241,0,16,1,1,60,1338,124,1068,1777794,58994.0,28855,2.7,45.1,332.0,640022,1118.0,41.8,273.2,650.5,6726,0,681955,442761,0,0,0,0,0,0,0,0,0,0,0,0,10.0,0,0,133,138.2,3.7,28,45.6,0,64.0,,31115,0,29.1,64.5
851,young,3340,24,8,278,0,24,1,0,65,1918,127,957,1779102,59054.0,39187,2.9,48.0,332.0,640605,1118.9,41.8,273.5,651.0,6726,0,682591,443221,0,0,0,0,0,0,0,0,0,0,0,0,10.0,0,0,133,129.5,3.7,28,45.6,0,64.0,,31150,0,29.1,64.6
852,young,3669,50,8,1188,0,20,1,0,60,1343,125,946,1780377,59111.1,38445,3.0,51.0,332.0,641146,1119.7,41.8,273.7,651.3,6730,0,683191,443703,0,0,0,0,0,0,0,0,0,0,0,0,10.0,0,0,133,122.7,3.7,28,45.4,0,64.0,,31192,0,29.1,64.6
853,young,4422,151,10,1337,0,15,1,0,59,1561,128,1241,1782178,59174.4,37177,2.7,53.7,332.0,641718,1121.6,41.8,274.8,651.7,6730,0,683822,444196,0,0,0,0,0,0,0,0,0,0,0,0,10.0,0,0,133,115.3,3.7,28,45.4,0,64.0,,31234,0,29.1,64.7
854,full-cycle,8621,283,978,0,0,0,1,0,60,1098,104,68,1783855,59237.0,152161,17.7,17.7,332.0,642371,1122.8,41.9,275.2,652.2,6744,0,684546,444726,1261,3838,2284,133175,44,875,179,0,0,0,1162,0,2.0,7,11,120,231.5,13.0,27,47.6,0,64.0,starved,31304,0,29.2,64.8
855,young,3267,92,7,1333,0,13,1,0,53,1380,119,309,1789356,59421.0,30880,4.8,22.5,332.0,643434,1125.9,41.9,275.7,654.5,6784,0,685627,445130,0,0,0,0,0,0,0,0,0,0,0,0,2.0,0,0,138,221.9,13.0,27,45.2,0,64.0,,31316,0,29.2,64.9
856,young,4458,51,8,2353,0,13,1,1,54,1284,117,636,1791526,59496.1,26500,2.3,24.8,332.0,644634,1126.6,42.0,276.0,654.8,6790,0,686872,446265,0,0,0,0,0,0,0,0,0,0,0,0,2.0,0,0,138,205.0,13.0,27,44.9,0,64.0,,31349,0,29.3,65.0
857,young,3865,43,8,856,0,17,2,0,72,1856,119,944,1792625,59541.4,35686,2.9,27.7,332.0,645756,1127.8,42.0,276.3,655.4,6796,0,688042,447240,0,0,0,0,0,0,0,0,0,0,0,0,2.0,0,0,138,190.6,13.0,27,44.5,0,64.0,,31384,0,29.3,65.1
858,young,3799,26,8,1413,0,15,2,1,62,1234,121,933,1794079,59591.3,24882,2.3,30.0,332.0,646296,1129.3,42.0,276.4,656.3,6808,0,688635,447589,0,0,0,0,0,0,0,0,0,0,0,0,2.0,0,0,138,182.0,13.0,27,43.8,0,64.0,,31425,0,29.3,65.2
859,young,2910,32,9,1036,0,11,1,0,50,988,119,737,1795771,59648.2,21407,1.8,31.8,332.0,646846,1131.9,42.1,276.7,657.5,6810,0,689233,447963,0,0,0,0,0,0,0,0,0,0,0,0,2.0,0,0,138,176.6,13.0,27,43.7,0,64.0,,31466,0,29.4,65.2
860,young,3525,155,10,806,0,14,1,0,53,1641,122,794,1797514,59711.5,35159,2.6,34.4,332.0,647402,1132.9,42.1,276.9,658.1,6810,0,689850,448377,0,0,0,0,0,0,0,0,0,0,0,0,2.0,0,0,138,169.1,13.0,27,43.7,0,64.0,,31507,0,29.4,65.3
861,young,2786,44,8,644,0,24,1,1,71,949,121,943,1798971,59770.2,32087,2.3,36.7,332.0,647966,1134.2,42.2,277.1,658.9,6810,0,690467,448725,0,0,0,0,0,0,0,0,0,0,0,0,2.0,0,0,138,160.9,13.0,27,43.7,0,64.0,,31546,0,29.4,65.3
862,young,3392,88,8,990,0,14,1,0,56,1456,121,706,1800585,59831.4,28164,2.1,38.8,332.0,648492,1135.4,42.3,277.3,659.7,6810,0,691051,449044,0,0,0,0,0,0,0,0,0,0,0,0,2.0,0,0,138,154.4,13.0,27,43.7,0,64.0,,31588,0,29.4,65.4
863,young,2730,25,10,514,0,17,1,0,61,1176,120,868,1801767,59881.6,31253,2.3,41.1,332.0,649037,1136.5,42.3,277.5,660.4,6810,0,691663,449390,0,0,0,0,0,0,0,0,0,0,0,0,2.0,0,0,138,147.1,13.0,27,43.7,0,64.0,,31626,0,29.5,65.4
864,young,3570,20,8,1022,0,17,1,0,56,1592,121,811,1803359,59947.3,37842,2.8,43.9,332.0,649637,1137.9,42.3,278.2,660.9,6810,0,692313,449841,0,0,0,0,0,0,0,0,0,0,0,0,2.0,0,0,138,139.0,13.0,27,43.7,0,64.0,,31662,0,29.5,65.5
865,young,4032,20,8,1065,0,18,1,0,62,1657,119,1153,1804701,60008.2,38293,2.8,46.7,332.0,650197,1138.7,42.3,278.4,661.4,6810,0,692935,450283,0,0,0,0,0,0,0,0,0,0,0,0,2.0,0,0,138,131.5,13.0,27,43.7,0,64.0,,31697,0,29.5,65.5
866,young,4379,407,5,1402,0,20,1,1,68,1432,121,955,1806315,60067.1,29606,2.1,48.8,332.0,650752,1139.8,42.4,278.6,662.1,6810,0,693544,450668,0,0,0,0,0,0,0,0,0,0,0,0,2.0,0,0,138,123.9,13.0,27,43.7,0,64.0,,31730,0,29.5,65.6
867,full-cycle,12051,25,1634,0,0,0,1,0,67,1360,112,74,1808014,60128.3,163141,18.6,18.6,332.0,651452,1141.2,42.4,279.0,662.9,6844,0,694332,451146,1659,6001,2993,133258,30,1311,211,0,0,0,1345,1,0.0,3,13,120,231.6,5.4,30,52.2,0,64.0,starved,31809,0,29.6,65.7
868,young,2856,30,6,744,0,18,1,1,60,1623,120,322,1813273,60308.4,36486,5.7,24.3,332.0,652109,1143.4,42.4,279.2,664.6,6872,0,694999,451356,0,0,0,0,0,0,0,0,0,0,0,0,0.0,0,0,136,229.5,5.4,30,50.5,0,64.0,,31818,0,29.6,65.7
869,young,3444,41,8,860,0,16,1,1,55,1531,122,892,1815370,60385.6,36365,2.8,27.1,332.0,653498,1144.7,42.5,279.6,665.1,6874,0,696436,452542,0,0,0,0,0,0,0,0,0,0,0,0,0.0,0,0,136,211.4,5.4,30,50.4,0,64.0,,31850,0,29.7,65.9
870,young,3166,43,8,921,0,18,2,0,57,1257,119,786,1816862,60441.4,26564,2.0,29.0,332.0,654638,1146.2,42.5,280.0,666.0,6876,0,697636,453480,0,0,0,0,0,0,0,0,0,0,0,0,0.0,0,0,136,195.6,5.4,30,50.3,0,64.0,,31887,0,29.7,66.0
871,young,2977,35,33,974,0,16,1,0,56,992,119,803,1818393,60492.7,24051,2.4,31.5,332.0,655555,1147.4,42.6,280.4,666.6,6888,0,698604,454249,0,0,0,0,0,0,0,0,0,0,0,0,0.0,0,0,136,184.5,5.4,30,49.6,0,64.0,,31925,0,29.8,66.1
872,young,2915,24,9,510,0,16,1,0,59,1337,118,904,1819693,60551.3,34867,2.6,34.0,332.0,656102,1148.3,42.6,280.6,667.1,6888,0,699200,454675,0,0,0,0,0,0,0,0,0,0,0,0,0.0,0,0,136,176.7,5.4,30,49.6,0,64.0,,31956,0,29.8,66.1
873,young,3376,25,9,802,0,12,1,0,49,1612,122,833,1820901,60603.8,37206,2.7,36.8,332.0,656642,1149.3,42.6,280.8,667.8,6888,0,699794,455036,0,0,0,0,0,0,0,0,0,0,0,0,0.0,0,0,136,170.6,5.4,30,49.6,0,64.0,,31992,0,29.8,66.2
874,young,3977,27,10,1282,0,20,1,0,67,1605,125,908,1822371,60664.0,39018,2.9,39.6,332.0,657187,1150.4,42.6,281.0,668.5,6888,0,700381,455413,0,0,0,0,0,0,0,0,0,0,0,0,0.0,0,0,136,163.8,5.4,30,49.6,0,64.0,,32024,0,29.8,66.2
875,young,3777,17,8,990,0,15,1,0,56,1735,125,914,1823975,60728.1,38466,2.8,42.5,332.0,657728,1151.4,42.7,281.2,669.1,6888,0,700973,455811,0,0,0,0,0,0,0,0,0,0,0,0,0.0,0,0,136,156.7,5.4,30,49.6,0,64.0,,32057,0,29.9,66.3
876,young,4046,42,6,1201,0,16,1,0,58,1836,123,835,1825300,60789.6,37842,2.8,45.3,332.0,658271,1152.4,42.7,281.4,669.7,6888,0,701573,456177,0,0,0,0,0,0,0,0,0,0,0,0,0.0,0,0,136,149.1,5.4,30,49.6,0,64.0,,32090,0,29.9,66.3
877,young,3008,28,7,431,0,16,1,0,53,1630,123,792,1827003,60851.8,35380,2.6,47.8,332.0,658809,1153.9,42.8,281.8,670.6,6888,0,702161,456520,0,0,0,0,0,0,0,0,0,0,0,0,0.0,0,0,136,142.0,5.4,30,49.6,0,64.0,,32123,0,29.9,66.4
878,young,3189,31,8,634,0,18,2,0,59,1518,124,870,1828216,60908.6,34325,2.5,50.4,332.0,659349,1154.8,42.8,282.0,671.2,6888,0,702758,456854,0,0,0,0,0,0,0,0,0,0,0,0,0.0,0,0,136,134.5,5.4,30,49.6,0,64.0,,32156,0,29.9,66.4
879,young,3849,20,7,1077,0,16,1,0,54,1753,127,865,1829484,60967.7,37423,2.8,53.1,332.0,659922,1155.8,42.8,282.2,671.8,6888,0,703383,457252,0,0,0,0,0,0,0,0,0,0,0,0,0.0,0,0,136,127.3,5.4,30,49.6,0,64.0,,32190,0,29.9,66.5
880,full-cycle,11071,49,1160,0,0,0,1,0,61,1205,110,67,1831960,61032.2,161060,18.2,18.2,334.0,660625,1157.8,42.8,282.6,673.2,6906,0,704190,457753,1210,6019,2443,133755,33,1068,62,0,0,0,1337,0,0.0,2,12,122,233.2,3.6,31,55.3,0,64.0,starved,32275,0,30.0,66.6
881,young,2215,25,8,752,0,26,2,1,82,869,114,396,1836764,61211.4,18651,4.0,22.2,334.0,661749,1159.9,42.9,283.0,674.6,6942,0,705309,458191,0,0,0,0,0,0,0,0,0,0,0,0,2.0,0,0,135,224.0,1.9,31,53.2,0,64.0,,32282,0,30.0,66.7
882,young,3882,26,9,1228,0,27,2,0,67,1442,109,1022,1838375,61277.5,27686,2.1,24.3,334.0,662918,1161.2,42.9,283.3,675.3,6942,0,706523,458928,0,0,0,0,0,0,0,0,0,0,0,0,2.0,0,0,135,208.1,1.9,31,53.2,0,64.0,,32315,0,30.1,66.8
883,young,4169,24,9,1203,0,15,1,0,57,1986,109,834,1839779,61334.9,38509,2.8,27.1,334.0,663987,1162.2,43.0,283.6,675.8,6942,0,707631,459876,0,0,0,0,0,0,0,0,0,0,0,0,2.0,0,0,135,195.6,1.9,31,53.2,0,64.0,,32343,0,30.1,66.9
884,young,3735,23,9,667,0,22,1,1,60,1948,114,949,1841286,61395.2,38154,2.8,29.9,334.0,664711,1163.0,43.0,283.9,676.2,6942,0,708415,460524,0,0,0,0,0,0,0,0,0,0,0,0,2.0,0,0,135,185.9,1.9,31,53.2,0,64.0,,32374,0,30.2,67.0
885,young,3631,29,8,1110,0,12,1,0,53,1632,111,738,1842765,61449.2,37026,3.3,33.2,334.0,665251,1164.2,43.0,284.1,677.0,6954,0,709011,460874,0,0,0,0,0,0,0,0,0,0,0,0,2.0,0,0,135,178.2,1.9,31,52.5,0,64.0,,32410,0,30.2,67.0
886,young,4028,37,10,1689,0,17,1,1,63,1334,111,821,1844349,61495.4,26666,2.2,35.4,334.0,665817,1165.6,43.0,284.3,678.1,6960,0,709652,461211,0,0,0,0,0,0,0,0,0,0,0,0,2.0,0,0,135,170.5,1.9,31,52.2,0,64.0,,32454,0,30.2,67.1
887,young,3055,57,8,780,0,23,2,0,79,1155,112,899,1845822,61562.5,24286,1.9,37.3,334.0,666420,1166.6,43.1,284.5,678.7,6960,0,710291,461633,0,0,0,0,0,0,0,0,0,0,0,0,2.0,0,0,135,164.3,1.9,31,52.2,0,64.0,,32483,0,30.2,67.1
888,young,4192,20,8,1434,0,15,1,0,57,1645,113,981,1847225,61622.7,39274,2.9,40.1,334.0,666947,1167.5,43.1,284.7,679.1,6960,0,710881,462055,0,0,0,0,0,0,0,0,0,0,0,0,2.0,0,0,135,157.9,1.9,31,52.2,0,64.0,,32518,0,30.3,67.2
889,young,3784,34,10,1075,0,17,1,0,59,1397,119,1126,1848549,61684.1,38463,2.8,43.0,334.0,667504,1168.2,43.1,284.9,679.5,6960,0,711497,462527,0,0,0,0,0,0,0,0,0,0,0,0,2.0,0,0,135,149.8,1.9,31,52.2,0,64.0,,32557,0,30.3,67.3
890,young,3889,43,8,1159,0,14,1,0,53,1622,121,883,1849885,61745.5,37558,2.8,45.7,334.0,668054,1169.0,43.1,285.2,679.9,6960,0,712118,462991,0,0,0,0,0,0,0,0,0,0,0,1,2.0,0,0,135,142.9,1.9,31,52.2,0,64.0,,32597,0,30.3,67.3
891,young,3834,64,10,1136,0,18,1,0,55,1572,123,925,1854137,61807.3,37548,2.8,48.5,334.0,668582,1169.7,43.2,285.4,680.2,6960,0,712706,463456,0,0,0,0,0,0,0,0,0,0,0,0,2.0,0,0,135,136.6,1.9,31,52.2,0,64.0,,32631,0,30.3,67.4
892,young,4237,41,9,1180,0,14,1,0,62,1663,124,1208,1855630,61870.6,36340,2.7,51.1,334.0,669126,1170.6,43.2,285.6,680.8,6960,0,713293,463878,0,0,0,0,0,0,0,0,0,0,0,0,2.0,0,0,135,129.0,1.9,31,52.2,0,64.0,,32663,0,30.4,67.4
893,young,4449,34,10,1590,0,19,1,0,61,1582,125,1100,1857274,61932.3,35795,2.7,53.8,334.0,669734,1171.6,43.2,285.8,681.4,6960,0,713940,464356,0,0,0,0,0,0,0,0,0,0,0,1,2.0,0,0,135,121.7,1.9,31,52.2,0,64.0,,32692,0,30.4,67.5
894,full-cycle,11160,42,1454,0,0,0,1,0,57,1154,109,64,1858780,61998.9,158945,18.3,18.3,336.0,670452,1172.5,43.2,286.0,681.8,6991,0,714747,464977,1496,5906,2437,132647,22,1158,34,0,0,0,1296,0,2.0,6,12,117,223.3,11.0,32,56.3,0,64.0,starved,32767,0,30.4,67.5
895,young,3194,26,9,1140,0,17,1,0,55,1713,117,156,1863257,62175.7,39238,6.2,24.5,336.0,671084,1174.0,43.3,286.4,682.9,7029,0,715382,465135,0,0,0,0,0,0,0,0,0,0,0,0,4.0,0,0,134,222.2,9.1,32,54.1,0,64.0,,32783,0,30.4,67.6
896,young,2666,48,9,486,0,20,1,1,59,1709,118,273,1865094,62250.5,34212,2.8,27.3,336.0,671870,1175.9,43.3,286.7,684.0,7035,0,716227,465522,0,0,0,0,0,0,0,0,0,0,0,0,4.0,0,0,134,209.5,9.1,32,53.7,0,64.0,,32820,0,30.5,67.7
897,young,3327,25,9,960,0,18,1,0,60,1398,111,796,1866275,62308.9,31163,2.3,29.6,336.0,673703,1177.0,43.4,287.3,684.3,7035,0,718116,467294,0,0,0,0,0,0,0,0,0,0,0,0,4.0,0,0,134,186.4,9.1,32,53.7,0,64.0,,32854,0,30.6,67.9
898,young,3711,24,10,782,0,15,1,1,58,1761,114,1014,1867550,62356.3,35363,2.6,32.2,336.0,674443,1178.2,43.4,287.5,684.8,7035,0,718923,467965,0,0,0,0,0,0,0,0,0,0,0,0,4.0,0,0,134,176.4,9.1,32,53.7,0,64.0,,32894,0,30.6,67.9
899,young,3759,44,9,596,0,26,1,1,71,1819,116,1157,1869262,62411.2,36750,2.8,35.0,336.0,674985,1179.3,43.4,287.7,685.6,7037,0,719506,468263,0,0,0,0,0,0,0,0,0,0,0,0,4.0,0,0,134,169.7,9.1,32,53.6,0,64.0,,32923,0,30.6,68.0
900,young,4122,59,9,1344,0,13,1,0,65,1598,117,971,1871423,62472.2,34316,2.5,37.5,336.0,675544,1180.5,43.4,287.9,686.4,7037,0,720122,468619,0,0,0,0,0,0,0,0,0,0,0,0,4.0,0,0,134,162.6,9.1,32,53.6,0,64.0,,32957,0,30.7,68.1
901,young,4222,141,8,1466,0,17,1,1,60,1503,117,934,1873236,62535.5,31314,2.3,39.8,336.0,676086,1182.3,43.4,288.6,687.2,7037,0,720721,469016,0,0,0,0,0,0,0,0,0,0,0,0,4.0,0,0,134,154.6,9.1,32,53.6,0,64.0,,32988,0,30.7,68.1
902,young,4407,24,9,1240,0,39,2,1,101,1470,116,1482,1874790,62598.3,30720,2.2,42.0,336.0,676707,1183.5,43.5,289.2,687.7,7037,0,721395,469549,0,0,0,0,0,0,0,0,0,0,0,0,4.0,0,0,134,146.9,9.1,32,53.6,0,64.0,,33021,0,30.7,68.2
903,young,4233,89,9,1356,0,12,1,0,58,1248,119,1379,1876264,62662.7,24775,1.8,43.8,336.0,677242,1184.2,43.5,289.6,687.8,7037,0,721969,470076,0,0,0,0,0,0,0,0,0,0,0,0,4.0,0,0,134,141.2,9.1,32,53.6,0,64.0,,33047,0,30.7,68.2
904,young,4289,26,8,1533,0,14,1,0,60,1332,120,1225,1878407,62722.1,28577,2.2,46.0,336.0,677856,1185.3,43.5,289.8,688.5,7037,0,722636,470507,0,0,0,0,0,0,0,0,0,0,0,0,4.0,0,0,134,133.9,9.1,32,53.6,0,64.0,,33079,0,30.8,68.3
905,young,4893,220,10,1242,0,20,2,0,105,1973,122,1248,1879992,62783.8,37681,2.8,48.8,336.0,678407,1186.3,43.5,290.0,689.1,7037,0,723228,470930,0,0,0,0,0,0,0,0,0,0,0,0,4.0,0,2,132,126.1,9.1,32,53.6,0,64.0,,33111,0,30.8,68.3
906,young,4402,23,8,1330,0,15,1,0,59,1812,127,1108,1881633,62846.4,37387,2.8,51.5,336.0,678956,1187.4,43.6,290.2,689.6,7037,0,723839,471313,0,0,0,0,0,0,0,0,0,0,0,0,4.0,0,0,134,120.0,9.1,32,53.6,0,64.0,,33145,0,30.8,68.4
907,full-cycle,10473,90,1273,0,0,0,1,0,75,1708,118,83,1883403,62915.6,160948,18.4,18.4,336.0,679638,1188.8,43.6,290.5,690.5,7070,0,724600,471723,1363,5352,2048,123828,25,196,28,0,0,0,1689,0,0.0,4,10,122,232.4,7.4,32,56.3,0,64.0,starved,33224,0,30.8,68.5
908,young,2813,43,7,619,0,17,1,0,58,1624,118,388,1888887,63097.1,37161,6.3,24.7,336.0,680693,1191.6,43.7,290.9,692.5,7112,0,725682,471902,0,0,0,0,0,0,0,0,0,0,0,0,2.0,0,0,135,220.6,5.5,32,53.8,0,64.0,,33243,0,30.9,68.6
909,young,4180,48,8,1633,0,14,1,0,56,1504,111,866,1890477,63165.0,31510,2.4,27.1,336.0,682221,1192.9,43.7,291.3,693.1,7114,0,727259,473078,0,0,0,0,0,0,0,0,0,0,0,0,2.0,0,2,133,200.1,5.5,32,53.7,0,64.0,,33274,0,31.0,68.7
910,young,3668,22,9,1234,0,20,1,0,56,1383,115,885,1891862,63217.1,33453,2.5,29.6,336.0,682882,1193.9,43.8,291.6,693.7,7114,0,727962,473539,0,0,0,0,0,0,0,0,0,0,0,0,2.0,0,0,135,191.0,5.5,32,53.7,0,64.0,,33306,0,31.0,68.8
911,young,4398,36,9,1471,0,19,1,1,63,1796,116,937,1893217,63283.8,37020,2.7,32.3,336.0,683584,1194.7,43.8,291.8,693.9,7114,0,728710,474207,0,0,0,0,0,0,0,0,0,0,0,0,2.0,0,0,135,181.1,5.5,32,53.7,0,64.0,,33338,0,31.0,68.9
912,young,4477,55,7,1934,0,11,1,0,54,1569,119,800,1894324,63332.9,35735,2.6,35.0,336.0,684143,1195.6,43.8,292.0,694.5,7114,0,729313,474588,0,0,0,0,0,0,0,0,0,0,0,0,2.0,0,0,135,175.3,5.5,32,53.7,0,64.0,,33370,0,31.0,68.9
913,young,3736,157,38,847,0,18,1,0,59,1716,120,835,1895710,63395.8,36162,2.7,37.6,336.0,684692,1196.6,43.8,292.3,695.0,7114,0,729914,475009,0,0,0,0,0,0,0,0,0,0,0,0,2.0,0,0,135,168.0,5.5,32,53.7,0,64.0,,33404,0,31.1,69.0
914,young,3990,59,9,1156,0,18,1,0,65,1620,123,989,1898081,63455.3,32290,2.3,40.0,336.0,685322,1198.0,43.9,292.5,696.0,7114,0,730592,475402,0,0,0,0,0,0,0,0,0,0,0,0,2.0,0,0,135,158.2,5.5,32,53.7,0,64.0,,33436,0,31.1,69.0
915,young,3644,28,10,1117,0,17,1,0,57,1524,124,836,1899381,63504.6,20903,1.6,41.5,336.0,685869,1199.6,43.9,292.7,697.0,7116,0,731198,475707,0,0,0,0,0,0,0,0,0,0,0,0,2.0,0,0,135,152.3,5.5,32,53.6,0,64.0,,33475,0,31.1,69.1
916,young,2836,19,8,1129,0,16,1,0,63,775,121,757,1901498,63576.0,18778,1.5,43.0,336.0,686423,1200.5,43.9,293.0,697.5,7116,0,731803,476149,0,0,0,0,0,0,0,0,0,0,0,0,2.0,0,0,135,146.5,5.5,32,53.6,0,64.0,,33507,0,31.1,69.2
917,young,2914,20,7,410,0,22,1,0,61,1338,123,976,1902913,63634.3,30764,2.3,45.3,336.0,686967,1201.5,43.9,293.2,698.1,7116,0,732406,476506,0,0,0,0,0,0,0,0,0,0,0,0,2.0,0,0,135,139.2,5.5,32,53.6,0,64.0,,33539,0,31.2,69.2
918,young,3244,68,8,750,0,18,1,0,68,1442,127,820,1904270,63693.5,33469,2.5,47.7,336.0,687514,1202.5,44.0,293.4,698.7,7116,0,733006,476861,0,0,0,0,0,0,0,0,0,0,0,0,2.0,0,0,135,132.4,5.5,32,53.6,0,64.0,,33574,0,31.2,69.3
919,young,3764,28,10,744,0,17,1,0,54,1753,126,1092,1905696,63751.2,36865,2.8,50.6,336.0,688048,1203.5,44.0,293.6,699.3,7118,0,733599,477208,0,0,0,0,0,0,0,0,0,0,0,0,2.0,0,0,135,125.1,5.5,32,53.5,0,64.0,,33611,0,31.2,69.3
920,full-cycle,11948,30,1364,0,0,0,1,0,62,1241,109,70,1907744,63811.9,160550,18.3,18.3,336.0,688753,1205.0,44.2,293.9,700.2,7140,0,734402,477726,1395,6336,2810,136979,27,1404,62,0,0,0,1363,0,6.0,3,11,122,231.6,5.5,29,51.2,0,64.0,starved,33693,0,31.2,69.4
921,young,2803,26,9,482,0,14,1,0,60,1900,116,266,1913129,64031.0,37395,5.0,23.3,336.0,689617,1206.5,44.2,294.1,701.3,7166,0,735271,477996,0,0,0,0,0,0,0,0,0,0,0,0,6.0,0,0,136,227.0,5.5,29,49.6,0,64.0,,33701,0,31.3,69.5
922,young,4611,250,8,1679,0,18,1,1,66,1774,114,731,1914470,64087.8,38188,2.9,26.2,336.0,690889,1207.5,44.3,294.5,701.6,7168,0,736597,478977,0,0,0,0,0,0,0,0,0,0,0,1,6.0,0,0,136,210.3,5.5,29,49.5,0,64.0,,33736,0,31.3,69.6
923,young,4394,28,9,1699,0,14,1,0,58,1714,112,794,1915774,64137.5,37461,2.9,29.2,336.0,692201,1209.0,44.3,295.1,702.2,7172,0,737946,480131,0,0,0,0,0,0,0,0,0,0,0,1,6.0,0,0,136,191.9,5.5,29,49.3,0,64.0,,33767,0,31.4,69.7
924,young,5195,29,7,2278,0,13,1,0,55,1709,114,1059,1916918,64188.1,36185,2.9,32.1,336.0,692905,1209.9,44.3,295.4,702.7,7178,0,738712,480741,0,0,0,0,0,0,0,0,0,0,0,0,6.0,0,0,136,182.4,5.5,29,48.9,0,64.0,,33803,0,31.4,69.8
925,young,4373,186,14,1265,0,17,1,0,65,1579,118,1139,1918202,64244.8,32918,2.7,34.8,336.0,693415,1210.8,44.3,295.6,703.2,7184,0,739277,481102,0,0,0,0,0,0,0,0,0,0,0,0,6.0,0,0,136,176.1,5.5,29,48.6,0,64.0,,33842,0,31.5,69.8
926,young,3925,43,9,1297,0,12,1,0,55,1454,122,1004,1920309,64305.5,33139,2.6,37.3,336.0,693947,1211.6,44.4,295.8,703.7,7186,0,739879,481499,0,0,0,0,0,0,0,0,0,0,0,0,6.0,0,0,136,170.0,5.5,29,48.5,0,64.0,,33885,0,31.5,69.9
927,young,4178,67,7,1468,0,16,1,0,62,1594,120,878,1921775,64368.0,35937,2.6,40.0,336.0,694469,1212.6,44.4,296.0,704.3,7186,0,740455,481843,0,0,0,0,0,0,0,0,0,0,0,0,6.0,0,0,136,162.5,5.5,29,48.5,0,64.0,,33919,0,31.5,69.9
928,young,3444,28,7,734,0,17,1,0,60,1553,122,954,1923652,64427.6,32505,2.4,42.4,336.0,695013,1213.5,44.4,296.2,704.8,7186,0,741055,482292,0,0,0,0,0,0,0,0,0,0,0,0,6.0,0,0,136,155.2,5.5,29,48.5,0,64.0,,33955,0,31.5,70.0
929,young,3182,42,8,819,0,10,1,0,56,1435,126,747,1924703,64472.4,34406,2.6,45.0,336.0,695554,1214.4,44.4,296.4,705.4,7188,0,741671,482691,0,0,0,0,0,0,0,0,0,0,0,0,6.0,0,0,136,147.6,5.5,29,48.3,0,64.0,,33997,0,31.6,70.1
930,young,3868,24,9,1414,0,12,1,0,56,1507,122,804,1926766,64541.2,35130,2.6,47.6,336.0,696086,1215.9,44.4,296.7,706.4,7188,0,742265,483077,0,0,0,0,0,0,0,0,0,0,0,0,6.0,0,0,136,139.6,5.5,29,48.3,0,64.0,,34031,0,31.6,70.1
931,young,3926,28,8,1218,0,17,1,0,60,1534,125,1006,1928234,64606.0,33676,2.5,50.0,336.0,696634,1216.9,44.5,296.9,707.0,7188,0,742866,483459,0,0,0,0,0,0,0,0,0,0,0,0,6.0,0,0,136,132.9,5.5,29,48.3,0,64.0,,34069,0,31.6,70.2
932,young,3915,305,6,1323,0,12,1,0,52,1231,125,915,1929482,64663.0,28664,2.1,52.1,336.0,697222,1217.7,44.5,297.1,707.5,7188,0,743512,483909,0,0,0,0,0,0,0,0,0,0,0,0,6.0,0,0,136,125.9,5.5,29,48.3,0,64.0,,34107,0,31.6,70.2
933,young,3618,28,7,1467,0,12,1,0,50,1013,125,996,1931005,64721.2,29007,2.2,54.3,336.0,697765,1218.6,44.5,297.3,708.1,7188,0,744109,484310,0,0,0,0,0,0,0,0,0,0,0,0,6.0,0,0,136,119.8,5.5,29,48.3,0,64.0,,34144,0,31.6,70.3
934,full-cycle,12087,21,1665,0,0,0,1,0,56,890,118,63,1932922,64790.0,157145,18.1,18.1,336.0,698438,1220.0,44.5,297.7,708.8,7223,0,744877,484779,1685,6270,2702,138524,37,1663,43,0,0,0,1388,0,6.0,4,13,120,232.2,7.2,28,48.3,0,64.0,starved,34222,0,31.7,70.3
935,young,5096,21,8,2599,0,13,1,0,57,1835,120,526,1937715,64968.8,37433,5.8,23.9,336.0,699560,1221.9,44.6,298.0,710.2,7251,0,745994,484954,0,0,0,0,0,0,0,0,0,0,0,0,6.0,0,0,137,223.3,7.2,28,46.7,0,64.0,,34231,0,31.7,70.5
936,young,4406,156,10,1519,0,11,1,0,62,1776,126,830,1939862,65052.6,38622,2.8,26.7,336.0,700541,1223.9,45.3,298.3,711.0,7251,0,747030,485484,0,0,0,0,0,0,0,0,0,0,0,0,6.0,0,0,137,209.8,7.2,28,46.7,0,64.0,,34263,0,31.8,70.6
937,young,3568,42,10,1000,0,16,1,0,69,1497,126,889,1941124,65099.4,34386,2.5,29.2,336.0,701439,1225.3,45.3,298.6,711.8,7251,0,747979,486214,0,0,0,0,0,0,0,0,0,0,0,0,6.0,0,0,137,197.4,7.2,28,46.7,0,64.0,,34293,0,31.8,70.6
938,young,3826,43,8,1099,0,17,2,0,58,1590,128,951,1942558,65156.4,32714,2.5,31.7,336.0,702095,1226.4,45.4,298.8,712.4,7253,0,748694,486708,0,0,0,0,0,0,0,0,0,0,0,0,6.0,0,0,137,188.0,7.2,28,46.5,0,64.0,,34324,0,31.8,70.7
939,young,4453,151,8,1773,0,17,1,0,55,1686,126,717,1944055,65214.4,37678,2.8,34.5,336.0,702830,1227.5,45.4,299.1,713.1,7253,0,749482,487254,0,0,0,0,0,0,0,0,0,0,0,0,6.0,0,0,137,178.8,7.2,28,46.5,0,64.0,,34354,0,31.9,70.8
940,young,2985,382,9,746,0,19,1,0,63,1029,119,673,1945390,65271.6,29318,2.1,36.6,336.0,703564,1228.5,45.4,299.3,713.5,7253,0,750261,487867,0,0,0,0,0,0,0,0,0,0,0,0,6.0,0,0,137,170.5,7.2,28,46.5,0,64.0,,34387,0,31.9,70.9
941,young,3409,37,6,1108,0,16,1,0,63,1224,122,876,1948265,65334.2,26492,2.0,38.6,336.0,704090,1230.8,46.1,299.9,714.2,7253,0,750837,488244,0,0,0,0,0,0,0,0,0,0,0,0,6.0,0,0,137,164.9,7.2,28,46.5,0,64.0,,34419,0,31.9,70.9
942,young,3221,17,10,814,0,15,1,0,55,1420,122,821,1950334,65395.6,29494,2.1,40.7,336.0,704619,1231.8,46.2,300.1,714.8,7253,0,751416,488651,0,0,0,0,0,0,0,0,0,0,0,0,6.0,0,0,137,158.1,7.2,28,46.5,0,64.0,,34451,0,31.9,71.0
943,young,3429,35,9,1496,0,13,1,1,53,1128,122,624,1951528,65448.8,24558,1.9,42.6,336.0,705150,1232.6,46.2,300.3,715.3,7253,0,752010,489035,0,0,0,0,0,0,0,0,0,0,0,0,6.0,0,0,137,151.9,7.2,28,46.5,0,64.0,,34484,0,32.0,71.0
944,young,3830,32,9,1373,0,23,1,1,60,1443,125,828,1953512,65511.0,33271,3.0,45.6,336.0,705692,1234.2,46.2,300.5,715.9,7265,0,752613,489391,0,0,0,0,0,0,0,0,0,0,0,0,6.0,0,0,137,143.9,7.2,28,45.8,0,64.0,,34521,0,32.0,71.1
945,young,3580,28,7,475,0,25,1,0,72,1675,126,1231,1955289,65573.9,35150,2.6,48.2,336.0,706210,1235.5,46.2,300.7,716.7,7265,0,753204,489642,0,0,0,0,0,0,0,0,0,0,0,0,6.0,0,0,137,137.3,7.2,28,45.8,0,64.0,,34559,0,32.0,71.1
946,young,4579,23,9,1460,0,17,1,0,58,1558,128,1400,1957118,65633.9,36867,2.7,50.9,336.0,706753,1237.2,46.2,301.0,717.9,7265,0,753797,489931,0,0,0,0,0,0,0,0,0,0,0,0,6.0,0,0,137,130.0,7.2,28,45.8,0,64.0,,34593,0,32.0,71.2
947,young,4211,27,7,1173,0,14,1,0,51,1769,129,1117,1958521,65696.5,38578,2.8,53.7,336.0,707280,1238.2,46.3,301.2,718.5,7265,0,754392,490294,0,0,0,0,0,0,0,0,0,0,0,0,6.0,0,0,137,122.4,7.2,28,45.8,0,64.0,,34628,0,32.1,71.2
948,young,4097,27,9,1054,0,21,1,0,60,1752,128,1104,1960219,65756.5,38249,2.8,56.5,336.0,707931,1239.4,46.3,301.4,719.3,7265,0,755096,490838,0,0,0,0,0,0,0,0,0,0,0,0,6.0,0,0,137,114.0,7.2,28,45.8,0,64.0,,34659,0,32.1,71.3
949,full-cycle,10537,25,1031,0,0,0,1,0,59,1208,112,66,1961929,65822.1,158890,18.0,18.0,336.0,708639,1240.9,46.3,301.9,720.1,7295,0,755891,491312,1056,5981,2100,134569,281,470,64,0,0,0,1331,0,0.0,7,13,120,232.6,13.1,28,48.8,0,64.0,starved,34737,0,32.1,71.3
950,young,3148,241,8,754,0,20,1,0,61,1724,113,238,1967615,66011.5,38088,5.5,23.5,336.0,709613,1242.7,46.4,302.2,721.4,7321,0,756874,491557,0,0,0,0,0,0,0,0,0,0,0,0,2.0,0,0,139,225.6,11.2,28,47.2,0,64.0,,34745,0,32.2,71.4
951,young,4602,24,9,1803,0,18,1,0,64,1779,114,814,1969843,66076.5,35896,2.8,26.4,336.0,710736,1244.0,46.4,302.5,722.0,7325,0,758050,492398,0,0,0,0,0,0,0,0,0,0,0,0,2.0,0,0,139,210.5,11.2,28,47.0,0,64.0,,34776,0,32.2,71.6
952,young,4184,172,9,1618,0,16,1,0,54,1424,116,842,1971166,66125.7,35436,2.7,29.1,336.0,711475,1245.2,46.4,302.7,722.8,7327,0,758831,492984,0,0,0,0,0,0,0,0,0,0,0,0,2.0,0,0,139,199.4,11.2,28,46.9,0,64.0,,34809,0,32.2,71.6
953,young,3245,34,9,751,0,16,1,0,57,1396,118,933,1973719,66181.6,30797,2.4,31.5,336.0,711976,1246.4,46.4,302.9,723.6,7331,0,759391,493242,0,0,0,0,0,0,0,0,0,0,0,0,2.0,0,0,139,193.1,11.2,28,46.7,0,64.0,,34841,0,32.3,71.7
954,young,3544,161,9,1056,0,15,1,0,57,1302,122,886,1975285,66244.4,28977,2.5,34.0,336.0,712528,1247.6,46.5,303.1,724.4,7337,0,760013,493612,0,0,0,0,0,0,0,0,0,0,0,0,2.0,0,0,139,186.1,11.2,28,46.3,0,64.0,,34880,0,32.3,71.7
955,young,4428,66,8,1697,0,14,1,0,56,1570,120,941,1976834,66306.1,37350,2.8,36.7,336.0,713652,1249.1,46.7,303.4,725.2,7337,0,761195,494579,0,0,0,0,0,0,0,0,0,0,0,0,2.0,0,0,139,171.0,11.2,28,46.3,0,64.0,,34917,0,32.3,71.9
956,young,3948,32,9,1395,0,13,1,0,52,1653,119,740,1978248,66366.7,37577,2.8,39.5,336.0,714300,1250.0,46.7,303.7,725.7,7337,0,761894,495108,0,0,0,0,0,0,0,0,0,0,0,0,2.0,0,0,139,162.5,11.2,28,46.3,0,64.0,,34947,0,32.4,71.9
957,young,4236,34,8,1425,0,17,1,0,62,1515,120,1115,1980679,66422.8,33499,2.4,41.9,336.0,714909,1250.8,46.8,303.9,726.1,7337,0,762562,495682,0,0,0,0,0,0,0,0,0,0,0,0,2.0,0,0,139,154.2,11.2,28,46.3,0,64.0,,34979,0,32.4,72.0
958,young,3219,45,16,987,0,16,1,1,62,1107,121,928,1982343,66483.8,27428,2.0,43.9,336.0,715459,1251.6,46.8,304.1,726.5,7337,0,763159,496099,0,0,0,0,0,0,0,0,0,0,0,0,2.0,0,0,139,148.3,11.2,28,46.3,0,64.0,,35011,0,32.4,72.0
959,young,4106,45,8,1349,0,14,1,0,58,1465,121,1086,1983834,66545.9,29353,2.2,46.1,336.0,715996,1252.5,46.8,304.4,727.0,7337,0,763749,496522,0,0,0,0,0,0,0,0,0,0,0,0,2.0,0,0,139,141.5,11.2,28,46.3,0,64.0,,35043,0,32.5,72.1
960,young,4048,25,8,1310,0,12,1,0,52,1623,123,980,1985089,66606.2,36642,2.7,48.8,336.0,716560,1253.4,46.8,304.6,727.6,7337,0,764358,496945,0,0,0,0,0,0,0,0,0,0,0,0,2.0,0,0,139,133.9,11.2,28,46.3,0,64.0,,35077,0,32.5,72.2
961,young,3920,18,8,897,0,15,1,1,52,1616,126,1239,1986370,66662.5,38316,2.8,51.6,336.0,717113,1254.4,46.9,304.8,728.2,7337,0,764971,497359,0,0,0,0,0,0,0,0,0,0,0,0,2.0,0,0,139,127.2,11.2,28,46.3,0,64.0,,35109,0,32.5,72.2
962,young,3388,30,9,360,0,21,1,0,67,1668,127,1178,1988394,66726.1,38092,2.8,54.4,336.0,717660,1255.1,46.9,305.0,728.5,7337,0,765574,497833,0,0,0,0,0,0,0,0,0,0,0,0,2.0,0,0,139,121.0,11.2,28,46.3,0,64.0,,35144,0,32.5,72.3
963,full-cycle,15297,91,1815,0,0,0,1,0,55,1838,123,72,1990223,66798.4,154743,17.6,17.6,336.0,718405,1256.1,46.9,305.4,729.0,7376,0,766453,498481,1906,6839,3863,114149,67,1762,116,0,0,0,2599,0,2.0,6,13,121,231.0,11.0,27,46.3,0,64.0,starved,35248,0,32.6,72.3
964,young,2793,27,6,1124,0,15,2,0,63,1222,119,290,1995274,66972.7,26043,5.4,23.0,336.0,719476,1258.6,47.0,305.8,730.9,7408,0,767522,498560,0,0,0,0,0,0,0,0,0,0,0,0,2.0,0,0,140,227.3,11.0,27,44.4,0,64.0,,35257,0,32.6,72.4
965,young,4148,34,7,1946,0,10,1,1,51,1208,115,842,1998038,67050.0,31904,2.4,25.4,336.0,720836,1260.2,47.1,306.2,731.7,7410,0,768932,499407,0,0,0,0,0,0,0,0,0,0,0,0,2.0,0,0,140,210.1,11.0,27,44.3,0,64.0,,35295,0,32.7,72.6
966,young,2509,23,9,363,0,17,1,0,67,1211,117,762,1999497,67104.2,31090,2.3,27.7,336.0,721948,1261.7,47.2,306.6,732.5,7410,0,770110,500322,0,0,0,0,0,0,0,0,0,0,0,0,2.0,0,0,140,198.0,11.0,27,44.3,0,64.0,,35334,0,32.7,72.7
967,young,3965,26,10,1281,0,14,1,0,60,1731,119,780,2001427,67157.8,39095,2.9,30.6,336.0,722821,1262.8,47.2,306.8,733.1,7410,0,771035,501002,0,0,0,0,0,0,0,0,0,0,0,0,2.0,0,1,139,186.3,11.0,27,44.3,0,64.0,,35373,0,32.8,72.8
968,young,3420,289,8,690,0,12,2,0,56,1328,120,968,2003002,67222.5,31977,2.3,32.9,336.0,723364,1263.9,47.5,307.2,733.5,7410,0,771641,501477,0,0,0,0,0,0,0,0,0,0,0,0,2.0,0,0,140,179.1,11.0,27,44.3,0,64.0,,35411,0,32.8,72.8
969,young,3622,49,10,1383,0,12,1,0,53,1336,124,729,2004762,67277.6,29462,2.2,35.1,336.0,723887,1265.5,47.5,307.4,734.7,7410,0,772226,501820,0,0,0,0,0,0,0,0,0,0,0,0,2.0,0,0,140,172.9,11.0,27,44.3,0,64.0,,35453,0,32.8,72.9
970,young,3796,289,8,922,0,17,1,0,57,1648,120,758,2006204,67339.9,32960,2.4,37.5,336.0,724453,1266.7,47.6,307.6,735.4,7410,0,772842,502140,0,0,0,0,0,0,0,0,0,0,0,0,2.0,0,0,140,166.0,11.0,27,44.3,0,64.0,,35485,0,32.8,72.9
971,young,3142,91,7,844,0,12,1,0,56,1195,120,842,2011672,67404.0,24820,1.8,39.3,336.0,725001,1268.3,47.6,308.1,736.3,7410,0,773440,502436,0,0,0,0,0,0,0,0,0,0,0,0,2.0,0,0,140,159.2,11.0,27,44.3,0,64.0,,35520,0,32.9,73.0
972,young,3806,285,10,1080,0,15,1,0,74,1428,123,840,2013364,67460.4,29703,2.2,41.6,336.0,725561,1269.2,47.6,308.3,736.9,7410,0,774044,502823,0,0,0,0,0,0,0,0,0,0,0,0,2.0,0,0,140,152.0,11.0,27,44.3,0,64.0,,35552,0,32.9,73.0
973,young,4191,25,9,231,0,33,2,0,86,2008,129,1728,2014829,67521.6,38185,2.8,44.4,336.0,726188,1270.1,47.6,308.5,737.4,7410,0,774719,503311,0,0,0,0,0,0,0,0,0,0,0,0,2.0,0,0,140,143.4,11.0,27,44.3,0,64.0,,35582,0,32.9,73.1
974,young,3605,37,10,840,0,17,1,0,53,1657,130,930,2018410,67585.0,37876,2.8,47.2,336.0,726761,1271.0,47.7,308.8,737.8,7410,0,775348,503806,0,0,0,0,0,0,0,0,0,0,0,0,2.0,0,0,140,135.0,11.0,27,44.3,0,64.0,,35622,0,32.9,73.2
975,young,4030,42,8,1075,0,17,1,0,62,1756,128,1034,2019882,67640.8,36501,2.7,49.9,336.0,727291,1271.9,47.7,309.0,738.4,7410,0,775937,504240,0,0,0,0,0,0,0,0,0,0,0,0,2.0,0,0,140,129.2,11.0,27,44.3,0,64.0,,35659,0,33.0,73.2
976,young,4322,88,7,1200,0,13,1,0,61,1683,128,1181,2021929,67705.8,36703,2.7,52.5,336.0,727852,1273.0,47.7,309.3,739.0,7410,0,776552,504720,0,0,0,0,0,0,0,0,0,0,0,1,2.0,0,2,138,121.1,11.0,27,44.3,0,64.0,,35697,0,33.0,73.3
977,full-cycle,13035,27,1610,0,0,0,2,0,65,1624,115,72,2025189,67767.6,167938,18.8,18.8,338.0,728526,1274.7,47.8,309.7,739.7,7438,0,777321,505233,1636,6770,3157,133700,93,1272,78,0,0,0,1419,0,0.0,5,10,126,236.8,9.4,28,48.9,0,64.0,starved,35782,0,33.0,73.3
978,young,2741,27,9,863,0,19,1,0,61,1377,120,341,2031171,67960.2,30158,5.1,23.9,338.0,729462,1276.6,47.8,309.9,741.3,7472,0,778269,505367,0,0,0,0,0,0,0,0,0,0,0,0,0.0,0,0,141,230.4,9.4,28,46.9,0,64.0,,35796,0,33.1,73.4
979,young,4903,66,10,2558,0,13,1,0,55,1274,123,856,2032835,68033.3,26869,2.4,26.3,338.0,730471,1277.4,47.8,310.3,741.5,7480,0,779347,506288,0,0,0,0,0,0,0,0,0,0,0,0,0.0,0,0,141,215.5,9.4,28,46.4,0,64.0,,35834,0,33.1,73.5
980,young,3507,24,8,1333,0,13,1,0,54,1250,118,753,2034885,68090.7,27600,2.0,28.3,338.0,731092,1278.9,47.9,310.7,742.4,7480,0,780009,506623,0,0,0,0,0,0,0,0,0,0,0,0,0.0,0,0,141,207.3,9.4,28,46.4,0,64.0,,35865,0,33.1,73.6
981,young,3759,25,21,1669,0,15,1,0,55,1203,120,714,2036548,68147.6,25860,1.9,30.2,338.0,731670,1279.9,47.9,310.9,743.0,7480,0,780626,506983,0,0,0,0,0,0,0,0,0,0,0,0,0.0,0,0,141,200.0,9.4,28,46.4,0,64.0,,35898,0,33.2,73.7
982,young,3428,21,7,1256,0,14,1,1,56,1384,120,641,2037915,68203.6,30428,2.3,32.5,338.0,732205,1281.0,47.9,311.1,743.8,7480,0,781218,507293,0,0,0,0,0,0,0,0,0,0,0,0,0.0,0,0,141,192.8,9.4,28,46.4,0,64.0,,35930,0,33.2,73.7
983,young,2961,23,9,469,0,15,1,0,56,1615,125,731,2039589,68255.5,36239,2.7,35.1,338.0,732748,1282.6,47.9,311.3,745.0,7480,0,781810,507563,0,0,0,0,0,0,0,0,0,0,0,0,0.0,0,0,141,186.2,9.4,28,46.4,0,64.0,,35963,0,33.2,73.8
984,young,2744,26,8,702,0,26,1,0,74,903,123,943,2041149,68323.9,29499,2.1,37.2,338.0,733371,1284.3,48.0,311.5,745.7,7480,0,782483,507991,0,0,0,0,0,0,0,0,0,0,0,0,0.0,0,0,141,177.3,9.4,28,46.4,0,64.0,,35996,0,33.2,73.8
985,young,4002,21,7,1429,0,19,2,0,64,1335,125,1060,2042552,68387.0,25669,2.0,39.2,338.0,733933,1285.2,48.0,311.8,746.1,7480,0,783094,508453,0,0,0,0,0,0,0,0,0,0,0,0,0.0,0,0,141,170.7,9.4,28,46.4,0,64.0,,36029,0,33.3,73.9
986,young,3172,18,7,418,0,15,1,0,60,1800,126,810,2043950,68447.6,38281,2.8,42.0,338.0,734559,1286.1,48.0,312.0,746.7,7480,0,783768,508916,0,0,0,0,0,0,0,0,0,0,0,0,0.0,0,0,141,161.8,9.4,28,46.4,0,64.0,,36062,0,33.3,73.9
987,young,3912,24,8,1255,0,13,1,0,53,1508,123,1007,2045234,68510.8,37563,2.8,44.8,338.0,735109,1286.7,48.0,312.2,747.0,7480,0,784358,509405,0,0,0,0,0,0,0,0,0,0,0,0,0.0,0,0,141,153.5,9.4,28,46.4,0,64.0,,36090,0,33.3,74.0
988,young,3939,24,8,1276,0,15,1,0,57,1519,123,1006,2046889,68571.8,35057,2.6,47.3,338.0,735945,1287.4,48.1,312.4,747.2,7480,0,785251,510209,0,0,0,0,0,0,0,0,0,0,0,0,0.0,0,0,141,142.2,9.4,28,46.4,0,64.0,,36125,0,33.3,74.1
989,young,4535,33,8,1372,0,14,1,0,58,1560,123,1420,2048352,68630.8,36348,2.8,50.1,338.0,736660,1288.2,48.1,312.6,747.6,7482,0,786028,510862,0,0,0,0,0,0,0,0,0,0,0,0,0.0,0,0,141,132.5,9.4,28,46.3,0,64.0,,36162,0,33.4,74.2
990,young,4637,28,7,1446,0,15,1,0,62,1730,126,1303,2049711,68688.8,38128,2.8,52.9,338.0,737263,1288.8,48.1,312.8,747.8,7482,0,786692,511438,0,0,0,0,0,0,0,0,0,0,0,0,0.0,0,0,141,123.6,9.4,28,46.3,0,64.0,,36200,0,33.4,74.2
991,full-cycle,9969,28,840,0,0,0,1,0,58,1205,113,65,2051522,68754.0,162007,18.3,18.3,338.0,738045,1289.9,48.2,313.1,748.4,7516,0,787578,512106,868,5090,2590,137183,16,1228,69,0,0,0,1340,0,8.0,5,13,119,228.7,9.4,28,48.5,0,64.0,starved,36280,0,33.4,74.3
992,young,2637,18,6,519,0,18,1,0,66,1662,114,296,2055664,68912.7,34826,5.5,23.8,338.0,739061,1292.5,48.4,313.7,750.1,7542,0,788588,512249,0,0,0,0,0,0,0,0,0,0,0,0,10.0,0,0,136,222.2,7.5,28,46.9,0,64.0,,36285,0,33.5,74.4
993,young,5688,20,78,2540,0,18,2,1,66,1918,114,998,2057720,68999.6,38755,2.9,26.7,338.0,740204,1293.9,48.4,314.0,751.0,7544,0,789782,512978,0,0,0,0,0,0,0,0,0,0,0,0,10.0,0,0,136,205.0,7.5,28,46.8,0,64.0,,36317,0,33.5,74.5
994,young,3805,24,9,1257,0,20,1,0,63,1475,116,901,2059597,69056.8,31391,2.3,29.1,338.0,741036,1295.2,48.5,314.3,751.7,7546,0,790665,513715,0,0,0,0,0,0,0,0,0,0,0,0,10.0,0,0,136,192.7,7.5,28,46.7,0,64.0,,36349,0,33.6,74.6
995,young,3641,21,7,1278,0,16,1,0,59,1294,112,894,2060769,69107.6,28012,2.2,31.3,338.0,742036,1296.2,48.5,314.6,752.2,7548,0,791718,514622,0,0,0,0,0,0,0,0,0,0,0,0,10.0,0,0,136,181.1,7.5,28,46.6,0,64.0,,36381,0,33.6,74.7
996,young,3158,20,8,786,0,12,1,0,51,1476,116,776,2061989,69164.5,37584,2.8,34.1,338.0,742567,1297.1,48.5,314.8,752.7,7548,0,792306,515002,0,0,0,0,0,0,0,0,0,0,0,0,10.0,0,0,136,173.4,7.5,28,46.6,0,64.0,,36413,0,33.6,74.8
997,young,3076,28,9,727,0,22,1,0,61,1356,115,820,2063478,69223.5,37435,2.7,36.8,338.0,743128,1298.3,48.5,315.0,753.6,7548,0,792916,515293,0,0,0,0,0,0,0,0,0,0,0,0,10.0,0,0,136,167.2,7.5,28,46.6,0,64.0,,36446,0,33.7,74.8
998,young,4260,34,9,1693,0,14,1,0,56,1603,115,793,2064960,69276.8,36819,2.7,39.5,338.0,743658,1299.4,48.6,315.2,754.3,7548,0,793501,515653,0,0,0,0,0,0,0,0,0,0,0,0,10.0,0,0,136,159.5,7.5,28,46.6,0,64.0,,36478,0,33.7,74.9
999,young,4588,27,8,1726,0,18,1,1,63,1738,117,933,2066365,69335.8,35982,2.6,42.2,338.0,744201,1300.3,48.6,315.4,754.8,7548,0,794097,516023,0,0,0,0,0,0,0,0,0,0,0,0,10.0,0,0,136,151.6,7.5,28,46.6,0,64.0,,36511,0,33.7,74.9
1000,young,3460,20,7,942,0,15,1,1,58,1494,119,863,2067843,69396.4,33293,2.7,44.9,338.0,744775,1301.3,48.6,315.6,755.5,7554,0,794731,516404,0,0,0,0,0,0,0,0,0,0,0,0,10.0,0,0,136,143.5,7.5,28,46.2,0,64.0,,36550,0,33.7,75.0
1001,young,3469,51,7,943,0,13,1,0,55,1512,117,831,2069048,69450.2,34526,2.6,47.4,338.0,745340,1302.2,48.6,315.9,756.0,7554,0,795341,516796,0,0,0,0,0,0,0,0,0,0,0,0,10.0,0,0,136,135.7,7.5,28,46.2,0,64.0,,36580,0,33.8,75.0
1002,young,4538,147,7,1750,0,19,1,0,66,1535,120,911,2070646,69510.5,34814,2.6,50.1,338.0,745877,1303.6,48.7,316.1,757.0,7556,0,795937,517040,0,0,0,0,0,0,0,0,0,0,0,0,10.0,0,0,136,128.4,7.5,28,46.1,0,64.0,,36618,0,33.8,75.1
1003,young,3939,40,10,1459,0,12,1,0,55,1350,123,964,2072420,69569.9,32450,2.5,52.5,338.0,746411,1304.9,48.7,316.5,757.9,7558,0,796533,517341,0,0,0,0,0,0,0,0,0,0,0,0,10.0,0,0,136,121.5,7.5,28,46.0,0,64.0,,36656,0,33.8,75.1
1004,young,3975,29,7,1287,0,13,1,0,54,1478,126,1061,2073892,69632.0,36061,2.7,55.2,338.0,746963,1306.0,48.7,316.7,758.6,7558,0,797141,517666,0,0,0,0,0,0,0,0,0,0,0,0,10.0,0,0,136,115.4,7.5,28,46.0,0,64.0,,36695,0,33.8,75.2
1005,full-cycle,10498,28,1155,0,0,0,1,0,62,1161,117,68,2075575,69701.1,163131,18.3,18.3,338.0,747650,1307.4,48.7,317.0,759.5,7592,0,797919,518122,1183,6293,1907,137724,52,563,55,0,0,0,1066,0,0.0,5,14,120,233.1,9.4,30,52.5,0,64.0,starved,36777,0,33.9,75.3
1006,young,3124,20,7,1077,0,16,1,0,55,1722,114,175,2080465,69883.4,38375,5.9,24.2,338.0,748305,1309.3,48.7,317.2,761.0,7622,0,798576,518241,0,0,0,0,0,0,0,0,0,0,0,0,2.0,0,0,138,229.5,7.5,30,50.8,0,64.0,,36789,0,33.9,75.3
1007,young,3640,81,7,1408,0,12,1,0,54,1541,124,461,2082588,69960.9,36594,2.8,27.0,338.0,749306,1310.2,48.8,317.4,761.4,7624,0,799621,519127,0,0,0,0,0,0,0,0,0,0,0,0,2.0,0,0,138,215.4,7.5,30,50.6,0,64.0,,36820,0,33.9,75.4
1008,young,4355,18,5,1996,0,9,1,0,51,1450,119,785,2083765,70018.4,35975,2.7,29.7,338.0,750954,1311.2,48.8,317.8,761.7,7624,0,801308,520702,0,0,0,0,0,0,0,0,0,0,0,0,2.0,0,0,138,193.8,7.5,30,50.6,0,64.0,,36851,0,34.0,75.6
1009,young,4235,47,19,1494,0,13,1,0,52,1730,117,825,2084815,70066.4,38095,3.1,32.7,338.0,751718,1312.1,48.9,318.1,762.2,7630,0,802136,521357,0,0,0,0,0,0,0,0,0,0,0,0,2.0,0,0,138,182.9,7.5,30,50.3,0,64.0,,36889,0,34.0,75.7
1010,young,4062,52,8,1446,0,11,1,1,52,1494,115,941,2086021,70119.0,37351,2.7,35.5,338.0,752283,1312.9,48.9,318.2,762.7,7630,0,802754,521782,0,0,0,0,0,0,0,0,0,0,0,0,2.0,0,0,138,174.2,7.5,30,50.3,0,64.0,,36922,0,34.1,75.7
1011,young,3003,24,9,356,0,16,1,0,69,1594,119,890,2087662,70178.8,37174,2.7,38.2,338.0,752824,1313.8,48.9,318.5,763.2,7630,0,803337,522157,0,0,0,0,0,0,0,0,0,0,0,0,2.0,0,0,138,167.2,7.5,30,50.3,0,64.0,,36952,0,34.1,75.8
1012,young,3912,19,6,975,0,14,1,0,58,1810,122,980,2089154,70238.5,38278,3.0,41.2,338.0,753359,1314.6,48.9,318.7,763.7,7634,0,803929,522620,0,0,0,0,0,0,0,0,0,0,0,0,2.0,0,0,138,159.3,7.5,30,50.1,0,64.0,,36989,0,34.1,75.8
1013,young,4478,107,7,1514,0,22,1,0,67,1693,127,1011,2090551,70302.9,37799,2.9,44.1,338.0,753892,1315.4,49.0,318.9,764.2,7636,0,804521,523023,0,0,0,0,0,0,0,0,0,0,0,0,2.0,0,0,138,152.0,7.5,30,49.9,0,64.0,,37024,0,34.1,75.9
1014,young,3547,24,9,332,0,16,1,0,59,1899,127,1150,2092666,70355.7,38625,2.8,46.9,338.0,754435,1317.0,49.0,319.1,765.3,7636,0,805117,523403,0,0,0,0,0,0,0,0,0,0,0,0,2.0,0,0,138,144.9,7.5,30,49.9,0,64.0,,37056,0,34.2,75.9
1015,young,4233,37,8,1030,0,15,2,0,66,1719,125,1282,2094347,70421.4,39024,2.9,49.8,338.0,754985,1317.9,49.0,319.3,765.8,7636,0,805713,523812,0,0,0,0,0,0,0,0,0,0,0,1,2.0,0,0,138,137.7,7.5,30,49.9,0,64.0,,37087,0,34.2,76.0
1016,young,5952,36,10,2279,0,16,2,1,63,1983,127,1514,2095938,70473.1,38453,2.8,52.6,338.0,755548,1319.0,49.0,319.5,766.5,7636,0,806325,524235,0,0,0,0,0,0,0,0,0,0,0,0,2.0,0,0,138,130.6,7.5,30,49.9,0,64.0,,37118,0,34.2,76.0
1017,young,4505,24,8,1517,0,17,1,0,65,1714,128,1102,2097875,70538.4,36889,2.7,55.3,338.0,756112,1320.0,49.0,319.8,767.1,7636,0,806926,524624,0,0,0,0,0,0,0,0,0,0,0,0,2.0,0,0,138,123.0,7.5,30,49.9,0,64.0,,37148,0,34.2,76.1
1018,full-cycle,11573,93,1304,0,0,0,1,0,66,1357,120,73,2099509,70605.6,160856,18.2,18.2,338.0,756952,1321.1,49.1,320.1,767.6,7666,0,807850,525299,1398,5961,2740,132986,18,1256,28,0,0,0,1417,0,2.0,1,13,124,241.5,1.9,30,52.8,0,64.0,starved,37224,0,34.3,76.2
1019,young,3417,162,7,1275,0,16,2,0,67,1630,116,198,2109286,70789.9,36948,6.3,24.4,338.0,757735,1323.0,49.1,320.5,769.0,7710,0,808648,525421,0,0,0,0,0,0,0,0,0,0,0,0,2.0,0,0,138,233.4,1.9,30,50.2,0,64.0,,37241,0,34.3,76.3
1020,young,2944,25,13,972,0,14,2,0,54,1588,120,233,2110926,70858.5,34992,2.6,27.0,338.0,758395,1324.1,49.1,320.7,769.7,7710,0,809370,525878,0,0,0,0,0,0,0,0,0,0,0,0,2.0,0,1,137,223.8,1.9,30,50.2,0,64.0,,37279,0,34.3,76.3
1021,young,3325,162,9,1134,0,17,1,0,64,1422,119,410,2112528,70920.9,29923,2.3,29.3,338.0,759048,1325.0,49.1,321.1,770.0,7712,0,810076,526466,0,0,0,0,0,0,0,0,0,0,0,0,2.0,0,0,138,215.5,1.9,30,50.1,0,64.0,,37314,0,34.4,76.4
1022,young,2910,100,8,834,0,17,1,0,63,1449,120,374,2114236,70975.4,29306,2.2,31.5,338.0,759560,1326.3,49.2,321.3,771.0,7712,0,810641,526721,0,0,0,0,0,0,0,0,0,0,0,0,2.0,0,0,138,209.7,1.9,30,50.1,0,64.0,,37353,0,34.4,76.4
1023,young,2864,49,11,572,0,11,2,0,49,1641,119,468,2115878,71038.2,36797,2.7,34.2,338.0,760352,1327.9,49.2,321.6,772.1,7712,0,811480,527153,0,0,0,0,0,0,0,0,0,0,0,0,2.0,0,1,137,197.5,1.9,30,50.1,0,64.0,,37385,0,34.4,76.5
1024,young,3340,28,18,706,0,12,1,0,54,1790,116,656,2117268,71101.8,38666,2.8,37.0,338.0,761058,1328.7,49.2,321.8,772.5,7712,0,812232,527767,0,0,0,0,0,0,0,0,0,0,0,0,2.0,0,0,138,186.2,1.9,30,50.1,0,64.0,,37414,0,34.5,76.6
1025,young,3407,35,7,803,0,12,1,0,48,1766,117,669,2119085,71156.1,38189,2.8,39.8,338.0,761671,1330.1,49.3,322.2,773.3,7712,0,812898,528201,0,0,0,0,0,0,0,0,0,0,0,0,2.0,0,0,138,177.0,1.9,30,50.1,0,64.0,,37449,0,34.5,76.6
1026,young,4929,40,7,2063,0,10,1,0,56,1812,118,863,2122207,71218.2,35964,2.6,42.5,338.0,762768,1331.2,49.3,322.5,773.9,7712,0,814055,529153,0,0,0,0,0,0,0,0,0,0,0,0,2.0,0,0,138,161.5,1.9,30,50.1,0,64.0,,37484,0,34.5,76.8
1027,young,3896,29,8,1160,0,22,3,0,76,1491,119,1039,2129163,71268.2,28526,2.1,44.5,338.0,763461,1333.3,49.3,322.7,775.5,7712,0,814805,529635,0,0,0,0,0,0,0,0,0,0,0,0,2.0,0,0,138,153.0,1.9,30,50.1,0,64.0,,37523,0,34.6,76.8
1028,young,3832,44,7,1419,0,22,1,1,67,1047,117,1168,2131327,71325.3,26035,2.0,46.5,338.0,764014,1334.7,49.3,322.9,776.6,7712,0,815407,529950,0,0,0,0,0,0,0,0,0,0,0,0,2.0,0,0,138,146.5,1.9,30,50.1,0,64.0,,37555,0,34.6,76.9
1029,young,4462,71,87,1879,0,16,1,0,60,1150,120,1118,2132904,71390.2,23696,1.7,48.1,338.0,764580,1335.8,49.5,323.2,777.1,7712,0,816015,530370,0,0,0,0,0,0,0,0,0,0,0,0,2.0,0,0,138,140.1,1.9,30,50.1,0,64.0,,37587,0,34.6,76.9
1030,young,3576,220,8,743,0,13,1,0,56,1023,120,1420,2134750,71451.3,22896,1.8,49.9,338.0,765155,1336.7,49.6,323.4,777.6,7712,0,816637,530850,0,0,0,0,0,0,0,0,0,0,0,0,2.0,0,0,138,134.3,1.9,30,50.1,0,64.0,,37620,0,34.6,77.0
1031,young,4455,22,8,1212,0,19,1,1,66,1788,121,1270,2137013,71514.3,36596,2.7,52.6,338.0,765720,1337.7,49.6,323.6,778.2,7712,0,817251,531274,0,0,0,0,0,0,0,0,0,0,0,0,2.0,0,0,138,127.4,1.9,30,50.1,0,64.0,,37651,0,34.7,77.0
1032,young,4123,28,7,1362,0,17,1,0,58,1539,119,1063,2138321,71574.4,29603,2.1,54.7,338.0,766286,1338.5,49.8,323.9,778.6,7712,0,817864,531764,0,0,0,0,0,0,0,0,0,0,0,0,2.0,0,0,138,120.2,1.9,30,50.1,0,64.0,,37683,0,34.7,77.1
1033,full-cycle,9091,52,569,0,0,0,1,1,63,628,109,70,2139971,71642.6,152061,17.5,17.5,338.0,766965,1339.6,49.8,324.1,779.1,7746,0,818623,532328,621,5226,1726,140569,28,934,59,0,0,0,1456,0,4.0,7,13,116,226.9,13.0,31,54.5,0,64.0,starved,37765,0,34.7,77.2
1034,young,2430,50,6,400,0,11,1,0,54,1521,113,322,2144145,71811.5,38679,5.8,23.4,338.0,767971,1341.5,49.8,324.4,780.5,7774,0,819644,532531,0,0,0,0,0,0,0,0,0,0,0,0,6.0,0,0,135,219.5,11.1,31,52.8,0,64.0,,37774,0,34.8,77.3
1035,young,4220,152,8,1699,0,13,1,0,54,1673,113,569,2146092,71883.0,37436,2.9,26.3,338.0,768879,1342.7,49.9,324.7,781.2,7778,0,820605,533071,0,0,0,0,0,0,0,0,0,0,0,0,6.0,0,0,135,206.8,11.1,31,52.6,0,64.0,,37806,0,34.8,77.4
1036,young,3998,26,10,1447,0,14,1,0,67,1551,111,823,2147279,71934.3,31855,2.3,28.6,338.0,769647,1343.8,49.9,325.0,781.9,7778,0,821413,533594,0,0,0,0,0,0,0,0,0,0,0,0,6.0,0,0,135,194.6,11.1,31,52.6,0,64.0,,37836,0,34.9,77.5
1037,young,2975,26,8,738,0,18,1,1,61,1215,107,860,2148684,71998.5,29177,2.2,30.8,338.0,770890,1344.7,49.9,325.3,782.2,7778,0,822702,534756,0,0,0,0,0,0,0,0,0,0,0,0,6.0,0,0,135,177.5,11.1,31,52.6,0,64.0,,37867,0,34.9,77.6
1038,young,4405,290,7,1523,0,16,1,0,56,1452,110,1005,2149805,72048.6,34650,2.6,33.3,338.0,771451,1345.5,49.9,325.5,782.6,7778,0,823327,535244,0,0,0,0,0,0,0,0,0,0,0,0,6.0,0,0,135,170.0,11.1,31,52.6,0,64.0,,37901,0,34.9,77.6
1039,young,4314,54,9,1991,0,11,1,1,54,1236,112,905,2151294,72108.3,35818,2.6,36.0,338.0,772047,1346.5,50.0,325.7,783.3,7778,0,823966,535643,0,0,0,0,0,0,0,0,0,0,0,1,6.0,0,0,135,162.5,11.1,31,52.6,0,64.0,,37934,0,35.0,77.7
1040,young,4038,46,19,1470,0,13,1,1,57,1528,115,828,2153277,72161.2,35028,2.6,38.5,338.0,772602,1347.8,50.0,325.9,784.2,7778,0,824562,535946,0,0,0,0,0,0,0,0,0,0,0,0,6.0,0,2,133,155.7,11.1,31,52.6,0,64.0,,37966,0,35.0,77.7
1041,young,3998,25,7,1431,0,16,1,1,57,1564,115,833,2154972,72229.8,37103,2.7,41.3,338.0,773199,1349.0,50.0,326.2,785.0,7778,0,825198,536390,0,0,0,0,0,0,0,0,0,0,0,0,6.0,0,0,135,148.6,11.1,31,52.6,0,64.0,,37996,0,35.0,77.8
1042,young,3714,288,7,562,0,19,2,0,65,1663,120,1040,2156317,72289.2,34873,2.6,43.9,338.0,773788,1350.1,50.0,326.5,785.6,7780,0,825835,536792,0,0,0,0,0,0,0,0,0,0,0,0,6.0,0,0,135,140.1,11.1,31,52.5,0,64.0,,38031,0,35.0,77.9
1043,young,3934,164,5,1156,0,19,1,0,65,1454,121,1001,2158039,72349.7,29595,2.2,46.1,338.0,774327,1351.1,50.1,326.7,786.3,7780,0,826423,537154,0,0,0,0,0,0,0,0,0,0,0,0,6.0,0,0,135,133.8,11.1,31,52.5,0,64.0,,38062,0,35.1,77.9
1044,young,3620,22,16,1241,0,13,1,0,62,1058,122,1138,2159506,72410.2,25474,1.9,47.9,338.0,774872,1352.1,50.1,326.8,786.8,7780,0,827016,537590,0,0,0,0,0,0,0,0,0,0,0,0,6.0,0,0,135,128.8,11.1,31,52.5,0,64.0,,38095,0,35.1,78.0
1045,young,2735,18,7,339,1,22,1,1,64,1231,127,976,2162290,72470.9,26767,2.0,49.9,338.0,775442,1353.1,50.1,327.0,787.4,7780,0,827636,538039,0,0,0,0,0,0,0,0,0,0,0,0,6.0,0,0,135,122.9,11.1,31,52.5,0,64.0,,38127,0,35.1,78.0
1046,young,3073,26,9,262,0,21,1,0,58,1632,126,1024,2163740,72532.5,33117,2.4,52.4,338.0,776031,1353.8,50.1,327.3,787.8,7780,0,828266,538522,0,0,0,0,0,0,0,0,0,0,0,0,6.0,0,0,135,114.0,11.1,31,52.5,0,64.0,,38158,0,35.1,78.1
1047,full-cycle,11480,34,1548,0,0,0,2,1,58,1242,120,66,2165774,72599.5,162122,17.8,17.8,338.0,776779,1355.0,50.2,327.5,788.5,7813,0,829121,539085,1582,6102,2344,134732,59,920,49,0,0,0,1391,0,18.0,3,10,118,222.1,5.5,29,51.2,0,64.0,starved,38245,0,35.2,78.2
1048,young,2485,14,4,194,0,17,1,0,60,1891,113,279,2171974,72812.5,36867,5.7,23.4,338.0,777793,1356.4,50.2,327.8,789.4,7841,0,830135,539696,0,0,0,0,0,0,0,0,0,0,0,0,20.0,0,0,130,215.7,3.6,29,49.5,0,64.0,,38252,0,35.2,78.3
1049,young,3266,24,9,768,0,11,1,0,50,1777,107,553,2173895,72875.0,39246,3.2,26.6,338.0,778813,1358.2,50.2,328.1,790.6,7847,0,831213,540451,0,0,0,0,0,0,0,0,0,0,0,0,20.0,0,0,130,201.7,3.6,29,49.2,0,64.0,,38287,0,35.3,78.4
1050,young,3730,25,8,1223,0,16,1,0,72,1580,106,761,2175083,72922.8,36592,2.8,29.4,338.0,780001,1359.3,50.3,328.5,791.0,7849,0,832452,541532,0,0,0,0,0,0,0,0,0,0,0,0,20.0,0,0,130,184.7,3.6,29,49.0,0,64.0,,38320,0,35.3,78.5
1051,young,4242,154,8,1507,0,10,1,0,52,1564,108,883,2176533,72975.2,35722,2.8,32.2,338.0,780815,1360.6,50.3,328.8,791.9,7853,0,833319,542177,0,0,0,0,0,0,0,0,0,0,0,0,20.0,0,0,130,172.8,3.6,29,48.8,0,64.0,,38355,0,35.4,78.6
1052,young,3873,21,9,905,0,20,1,0,66,1793,106,1010,2177850,73032.9,37860,2.9,35.1,338.0,781430,1361.7,50.4,328.9,792.6,7855,0,833991,542556,0,0,0,0,0,0,0,0,0,0,0,0,20.0,0,0,130,165.6,3.6,29,48.7,0,64.0,,38393,0,35.4,78.6
1053,young,3698,29,8,624,0,19,1,0,61,1857,108,1036,2179660,73091.5,38466,2.8,37.9,338.0,781965,1362.9,50.4,329.1,793.5,7855,0,834587,542928,0,0,0,0,0,0,0,0,0,0,0,0,20.0,0,0,130,157.8,3.6,29,48.7,0,64.0,,38426,0,35.4,78.7
1054,young,3734,24,8,961,0,13,1,0,54,1639,111,982,2181495,73152.5,37061,2.7,40.6,338.0,782526,1363.9,50.4,329.3,794.1,7855,0,835183,543285,0,0,0,0,0,0,0,0,0,0,0,0,20.0,0,0,130,150.3,3.6,29,48.7,0,64.0,,38457,0,35.4,78.7
1055,young,4063,25,9,1678,0,19,1,0,64,1411,111,781,2183770,73215.1,31853,2.3,42.9,338.0,783080,1365.6,50.4,329.6,795.3,7855,0,835783,543644,0,0,0,0,0,0,0,0,0,0,0,0,20.0,0,0,130,143.3,3.6,29,48.7,0,64.0,,38489,0,35.5,78.8
1056,young,4115,26,8,1736,0,26,2,0,61,1403,112,808,2185380,73270.6,31802,2.4,45.3,338.0,783621,1366.5,50.5,329.8,795.9,7855,0,836379,544047,0,0,0,0,0,0,0,0,0,0,0,0,20.0,0,0,130,136.6,3.6,29,48.7,0,64.0,,38523,0,35.5,78.8
1057,young,4254,22,8,1088,0,18,1,1,68,1578,116,1406,2187644,73333.8,36279,2.6,47.9,338.0,784177,1367.4,50.5,330.0,796.5,7855,0,836984,544426,0,0,0,0,0,0,0,0,0,0,0,0,20.0,0,0,130,128.8,3.6,29,48.7,0,64.0,,38559,0,35.5,78.9
1058,young,3273,19,7,491,0,17,1,0,58,1580,118,1044,2189034,73392.4,35312,2.6,50.6,338.0,784722,1368.5,50.5,330.2,797.2,7855,0,837584,544778,0,0,0,0,0,0,0,0,0,0,0,0,20.0,0,0,130,121.0,3.6,29,48.7,0,64.0,,38591,0,35.5,78.9
1059,young,4693,94,9,1688,0,15,1,0,62,1735,122,1043,2190891,73451.4,37570,2.8,53.3,338.0,785292,1369.3,50.5,330.4,797.6,7855,0,838195,545230,0,0,0,0,0,0,0,0,0,0,0,0,20.0,0,0,130,113.8,3.6,29,48.7,0,64.0,,38622,0,35.5,79.0
1060,young,3450,23,8,572,0,15,1,0,54,1798,123,921,2192726,73512.7,37540,2.7,56.1,338.0,785867,1370.5,50.6,330.6,798.4,7855,0,838812,545533,0,0,0,0,0,0,0,0,0,0,0,0,20.0,0,0,130,106.7,3.6,29,48.7,0,64.0,,38654,0,35.6,79.1
1061,full-cycle,11772,22,1586,0,0,0,2,1,60,1393,116,68,2194605,73579.8,164072,18.3,18.3,338.0,786529,1371.5,50.6,330.9,798.9,7885,0,839547,546046,1608,6162,2572,129302,18,1016,71,0,0,0,1362,0,8.0,9,10,117,222.2,16.6,29,50.8,0,64.0,starved,38748,0,35.6,79.1
1062,young,3337,29,8,1426,0,12,1,0,54,1348,114,405,2199416,73759.6,35529,5.3,23.5,338.0,787513,1373.2,50.7,331.3,800.0,7909,0,840543,546295,0,0,0,0,0,0,0,0,0,0,0,0,10.0,0,0,135,213.4,14.7,29,49.4,0,64.0,,38756,0,35.6,79.2
1063,young,3614,27,7,1123,0,14,1,1,55,1548,121,793,2201242,73828.6,32645,2.7,26.2,338.0,789190,1374.4,50.7,331.7,800.5,7915,0,842283,547848,0,0,0,0,0,0,0,0,0,0,0,0,10.0,0,0,135,190.8,14.7,29,49.0,0,64.0,,38791,0,35.7,79.4
1064,young,4172,35,8,1431,0,16,1,0,56,1764,117,815,2202260,73870.5,36382,2.8,29.0,338.0,790074,1375.6,50.8,332.0,801.2,7917,0,843210,548542,0,0,0,0,0,0,0,0,0,0,0,0,10.0,0,0,135,179.6,14.7,29,48.9,0,64.0,,38822,0,35.8,79.5
1065,young,3861,20,7,1165,0,20,2,0,60,1607,120,937,2203612,73928.0,37329,2.7,31.8,338.0,790604,1376.8,50.8,332.2,802.0,7917,0,843786,548824,0,0,0,0,0,0,0,0,0,0,0,0,10.0,0,0,135,172.7,14.7,29,48.9,0,64.0,,38852,0,35.8,79.5
1066,young,4119,314,8,1214,0,15,1,0,57,1433,120,993,2205008,73983.1,31299,2.5,34.3,338.0,791151,1378.0,50.8,332.4,802.8,7923,0,844377,549126,0,0,0,0,0,0,0,0,0,0,0,0,10.0,0,0,135,166.1,14.7,29,48.6,0,64.0,,38890,0,35.8,79.6
1067,young,3242,28,9,848,0,15,1,0,56,1373,124,875,2207015,74041.2,30593,2.4,36.7,338.0,791679,1379.5,50.8,332.6,804.0,7925,0,844963,549432,0,0,0,0,0,0,0,0,0,0,0,0,10.0,0,0,135,159.4,14.7,29,48.5,0,64.0,,38930,0,35.8,79.7
1068,young,3418,80,9,932,0,14,1,0,55,1464,123,816,2208436,74101.7,37141,2.7,39.4,338.0,792280,1380.5,50.9,332.8,804.6,7925,0,845626,549864,0,0,0,0,0,0,0,0,0,0,0,0,10.0,0,0,135,152.2,14.7,29,48.5,0,64.0,,38966,0,35.9,79.7
1069,young,3544,23,8,652,0,11,1,0,54,1769,123,971,2210076,74167.0,34259,2.5,41.9,338.0,792857,1381.7,50.9,333.1,805.4,7925,0,846252,550252,0,0,0,0,0,0,0,0,0,0,0,0,10.0,0,0,135,144.3,14.7,29,48.5,0,64.0,,38996,0,35.9,79.8
1070,young,3755,19,7,1446,0,13,1,0,66,1054,125,1088,2211555,74224.8,27628,2.0,43.9,338.0,793417,1382.7,50.9,333.3,806.0,7925,0,846849,550621,0,0,0,0,0,0,0,0,0,0,0,0,10.0,0,0,135,136.9,14.7,29,48.5,0,64.0,,39028,0,35.9,79.8
1071,young,2951,20,8,551,0,14,1,0,60,1226,126,1020,2212959,74286.1,27999,2.1,46.1,338.0,793969,1383.7,50.9,333.5,806.7,7925,0,847447,550972,0,0,0,0,0,0,0,0,0,0,0,0,10.0,0,0,135,131.0,14.7,29,48.5,0,64.0,,39060,0,35.9,79.9
1072,young,4257,195,19,1544,0,21,1,1,64,1325,128,1012,2216982,74346.5,29804,2.1,48.2,338.0,794617,1384.8,51.0,333.8,807.3,7925,0,848149,551484,0,0,0,0,0,0,0,0,0,0,0,0,10.0,0,0,135,122.5,14.7,29,48.5,0,64.0,,39091,0,36.0,79.9
1073,young,3442,28,7,1003,0,13,1,1,60,1104,127,1150,2218357,74408.1,25160,1.9,50.1,338.0,795184,1385.9,51.0,334.3,807.8,7925,0,848770,551926,0,0,0,0,0,0,0,0,0,0,0,0,10.0,0,0,135,116.4,14.7,29,48.5,0,64.0,,39127,0,36.0,80.0
1074,full-cycle,13029,48,1639,0,0,0,1,0,66,2030,120,74,2220506,74474.5,160964,18.2,18.2,338.0,795948,1387.4,51.0,334.6,808.7,7959,0,849614,552444,1688,6243,3186,114389,156,848,68,0,0,0,1832,0,6.0,4,14,120,234.1,7.4,28,48.6,0,64.0,starved,39212,0,36.0,80.1
